This is LuaHBTeX, Version 1.24.0 (TeX Live 2026)  (format=lualatex 2026.3.12)  2 SEP 2026 14:16
 restricted system commands enabled.
**general.tex
(./general.tex
LaTeX2e <2025-11-01>
L3 programming layer <2026-01-19>
Lua module: luaotfload 2024-12-03 v3.29 Lua based OpenType font support
Lua module: lualibs 2023-07-13 v2.76 ConTeXt Lua standard libraries.
Lua module: lualibs-extended 2023-07-13 v2.76 ConTeXt Lua libraries -- extended 
collection.
luaotfload | conf : Root cache directory is "C:/Users/d.sharygin/.texlive2026/te
xmf-var/luatex-cache/generic/names".
luaotfload | init : Loading fontloader "fontloader-2023-12-28.lua" from kpse-res
olved path "c:/texlive/2026/texmf-dist/tex/luatex/luaotfload/fontloader-2023-12-
28.lua".
Lua-only attribute luaotfload@noligature = 1
luaotfload | init : Context OpenType loader version 3.134
Inserting `luaotfload.node_processor' in `pre_linebreak_filter'.
Inserting `luaotfload.node_processor' in `hpack_filter'.
Inserting `luaotfload.glyph_stream' in `glyph_stream_provider'.
Inserting `luaotfload.define_font' in `define_font'.
Lua-only attribute luaotfload_color_attribute = 2
luaotfload | conf : Root cache directory is "C:/Users/d.sharygin/.texlive2026/te
xmf-var/luatex-cache/generic/names".
Inserting `luaotfload.harf.strip_prefix' in `find_opentype_file'.
Inserting `luaotfload.harf.strip_prefix' in `find_truetype_file'.
Removing  `luaotfload.glyph_stream' from `glyph_stream_provider'.
Inserting `luaotfload.harf.glyphstream' in `glyph_stream_provider'.
Inserting `luaotfload.harf.finalize_vlist' in `post_linebreak_filter'.
Inserting `luaotfload.harf.finalize_hlist' in `hpack_filter'.
Inserting `luaotfload.cleanup_files' in `wrapup_run'.
Inserting `luaotfload.harf.finalize_unicode' in `finish_pdffile'.
Inserting `luaotfload.glyphinfo' in `glyph_info'.
Lua-only attribute luaotfload.letterspace_done = 3
Inserting `luaotfload.aux.set_sscale_dimens' in `luaotfload.patch_font'.
Inserting `luaotfload.aux.set_font_index' in `luaotfload.patch_font'.
Inserting `luaotfload.aux.patch_cambria_domh' in `luaotfload.patch_font'.
Inserting `luaotfload.aux.fixup_fontdata' in `luaotfload.patch_font_unsafe'.
Inserting `luaotfload.aux.set_capheight' in `luaotfload.patch_font'.
Inserting `luaotfload.aux.set_xheight' in `luaotfload.patch_font'.
Inserting `luaotfload.rewrite_fontname' in `luaotfload.patch_font'.
Inserting `tracingstacklevels' in `input_level_string'.
("//192.168.11.240/Ivanovo/Документация ЮНИТ М300/Разра
ботка/Схемы ФБ ЮНИТ-М300/Проект/РЭ500/99. Общие 
разделы РЭ/preamble.tex"
(c:/texlive/2026/texmf-dist/tex/latex/extsizes/extarticle.cls
Document Class: extarticle 1996/10/08 v1.0 Non Standard LaTeX document class
(c:/texlive/2026/texmf-dist/tex/latex/base/size12.clo
File: size12.clo 2025/01/22 v1.4n Standard LaTeX file (size option)
luaotfload | db : Font names database loaded from C:/Users/d.sharygin/.texlive20
26/texmf-var/luatex-cache/generic/names/luaotfload-names.luc.gz)
(c:/texlive/2026/texmf-dist/tex/latex/base/exscale.sty
Package: exscale 2025/06/05 v2.1i Standard LaTeX package exscale
LaTeX Font Info:    Redeclaring symbol font `largesymbols' on input line 57.
LaTeX Font Info:    Overwriting symbol font `largesymbols' in version `normal'
(Font)                  OMX/cmex/m/n --> OMX/cmex/m/n on input line 57.
LaTeX Font Info:    Overwriting symbol font `largesymbols' in version `bold'
(Font)                  OMX/cmex/m/n --> OMX/cmex/m/n on input line 57.
\big@size=\dimen147
)
\c@part=\count273
\c@section=\count274
\c@subsection=\count275
\c@subsubsection=\count276
\c@paragraph=\count277
\c@subparagraph=\count278
\c@figure=\count279
\c@table=\count280
\abovecaptionskip=\skip49
\belowcaptionskip=\skip50
\bibindent=\dimen148
)
(c:/texlive/2026/texmf-dist/tex/latex/fontspec/fontspec.sty
(c:/texlive/2026/texmf-dist/tex/latex/l3packages/xparse/xparse.sty
(c:/texlive/2026/texmf-dist/tex/latex/l3kernel/expl3.sty
Package: expl3 2026-01-19 L3 programming layer (loader) 

(c:/texlive/2026/texmf-dist/tex/latex/l3backend/l3backend-luatex.def
File: l3backend-luatex.def 2025-10-09 L3 backend support: PDF output (LuaTeX)
\l__color_backend_stack_int=\count281
Inserting `l3color' in `luaotfload.parse_color'.))
Package: xparse 2025-10-09 L3 Experimental document command parser
)
Package: fontspec 2025/09/29 v2.9g Font selection for XeLaTeX and LuaLaTeX
Lua module: fontspec 2025/09/29 v2.9g Font selection for XeLaTeX and LuaLaTeX
(c:/texlive/2026/texmf-dist/tex/latex/fontspec/fontspec-luatex.sty
Package: fontspec-luatex 2025/09/29 v2.9g Font selection for XeLaTeX and LuaLaT
eX
\l__fontspec_script_int=\count282
\l__fontspec_language_int=\count283
\l__fontspec_strnum_int=\count284
\l__fontspec_tmp_int=\count285
\l__fontspec_tmpa_int=\count286
\l__fontspec_tmpb_int=\count287
\l__fontspec_tmpc_int=\count288
\l__fontspec_em_int=\count289
\l__fontspec_emdef_int=\count290
\l__fontspec_strong_int=\count291
\l__fontspec_strongdef_int=\count292
\l__fontspec_tmpa_dim=\dimen149
\l__fontspec_tmpb_dim=\dimen150
\l__fontspec_tmpc_dim=\dimen151

(c:/texlive/2026/texmf-dist/tex/latex/base/fontenc.sty
Package: fontenc 2025/07/18 v2.1d Standard LaTeX package
)
(c:/texlive/2026/texmf-dist/tex/latex/fontspec/fontspec.cfg)))
luaotfload | cache : Lookup cache loaded from C:/Users/d.sharygin/.texlive2026/t
exmf-var/luatex-cache/generic/names/luaotfload-lookup-cache.luc.

Package fontspec Info: 
(fontspec)             Font family 'ArialNarrow(0)' created for font 'Arial
(fontspec)             Narrow' with options
(fontspec)             [Ligatures=TeX,Ligatures=TeX,BoldFont={Arial Narrow
(fontspec)             Bold},ItalicFont={Arial Narrow
(fontspec)             Italic},BoldItalicFont={Arial Narrow Bold Italic}].
(fontspec)              
(fontspec)              This font family consists of the following NFSS
(fontspec)             series/shapes:
(fontspec)              
(fontspec)             - 'normal' (m/n) with NFSS spec.: <->"name:Arial
(fontspec)             Narrow:mode=node;language=dflt;+tlig;"
(fontspec)             - 'bold' (b/n) with NFSS spec.: <->"name:Arial Narrow
(fontspec)             Bold:mode=node;language=dflt;+tlig;"
(fontspec)             - 'italic' (m/it) with NFSS spec.: <->"name:Arial
(fontspec)             Narrow Italic:mode=node;language=dflt;+tlig;"
(fontspec)             - 'bold italic' (b/it) with NFSS spec.: <->"name:Arial
(fontspec)             Narrow Bold Italic:mode=node;language=dflt;+tlig;"


(c:/texlive/2026/texmf-dist/tex/latex/unicode-math/unicode-math.sty
Package: unicode-math 2023/08/13 v0.8r Unicode maths in XeLaTeX and LuaLaTeX

(c:/texlive/2026/texmf-dist/tex/latex/unicode-math/unicode-math-luatex.sty
Package: unicode-math-luatex 2023/08/13 v0.8r Unicode maths in XeLaTeX and LuaL
aTeX

(c:/texlive/2026/texmf-dist/tex/latex/l3packages/l3keys2e/l3keys2e.sty
Package: l3keys2e 2025-10-09 LaTeX2e option processing using LaTeX3 keys
)
(c:/texlive/2026/texmf-dist/tex/latex/base/fix-cm.sty
Package: fix-cm 2020/11/24 v1.1t fixes to LaTeX

(c:/texlive/2026/texmf-dist/tex/latex/base/ts1enc.def
File: ts1enc.def 2001/06/05 v3.0e (jk/car/fm) Standard LaTeX file
LaTeX Font Info:    Redeclaring font encoding TS1 on input line 47.
LaTeX Encoding Info:    Redeclaring text command \capitalcedilla (encoding TS1)
 on input line 49.
LaTeX Encoding Info:    Redeclaring text command \capitalogonek (encoding TS1) 
on input line 52.
LaTeX Encoding Info:    Redeclaring text command \capitalgrave (encoding TS1) o
n input line 55.
LaTeX Encoding Info:    Redeclaring text command \capitalacute (encoding TS1) o
n input line 56.
LaTeX Encoding Info:    Redeclaring text command \capitalcircumflex (encoding T
S1) on input line 57.
LaTeX Encoding Info:    Redeclaring text command \capitaltilde (encoding TS1) o
n input line 58.
LaTeX Encoding Info:    Redeclaring text command \capitaldieresis (encoding TS1
) on input line 59.
LaTeX Encoding Info:    Redeclaring text command \capitalhungarumlaut (encoding
 TS1) on input line 60.
LaTeX Encoding Info:    Redeclaring text command \capitalring (encoding TS1) on
 input line 61.
LaTeX Encoding Info:    Redeclaring text command \capitalcaron (encoding TS1) o
n input line 62.
LaTeX Encoding Info:    Redeclaring text command \capitalbreve (encoding TS1) o
n input line 63.
LaTeX Encoding Info:    Redeclaring text command \capitalmacron (encoding TS1) 
on input line 64.
LaTeX Encoding Info:    Redeclaring text command \capitaldotaccent (encoding TS
1) on input line 65.
LaTeX Encoding Info:    Redeclaring text command \t (encoding TS1) on input lin
e 66.
LaTeX Encoding Info:    Redeclaring text command \capitaltie (encoding TS1) on 
input line 67.
LaTeX Encoding Info:    Redeclaring text command \newtie (encoding TS1) on inpu
t line 68.
LaTeX Encoding Info:    Redeclaring text command \capitalnewtie (encoding TS1) 
on input line 69.
LaTeX Encoding Info:    Redeclaring text symbol \textcapitalcompwordmark (encod
ing TS1) on input line 70.
LaTeX Encoding Info:    Redeclaring text symbol \textascendercompwordmark (enco
ding TS1) on input line 71.
LaTeX Encoding Info:    Redeclaring text symbol \textquotestraightbase (encodin
g TS1) on input line 72.
LaTeX Encoding Info:    Redeclaring text symbol \textquotestraightdblbase (enco
ding TS1) on input line 73.
LaTeX Encoding Info:    Redeclaring text symbol \texttwelveudash (encoding TS1)
 on input line 74.
LaTeX Encoding Info:    Redeclaring text symbol \textthreequartersemdash (encod
ing TS1) on input line 75.
LaTeX Encoding Info:    Redeclaring text symbol \textleftarrow (encoding TS1) o
n input line 76.
LaTeX Encoding Info:    Redeclaring text symbol \textrightarrow (encoding TS1) 
on input line 77.
LaTeX Encoding Info:    Redeclaring text symbol \textblank (encoding TS1) on in
put line 78.
LaTeX Encoding Info:    Redeclaring text symbol \textdollar (encoding TS1) on i
nput line 79.
LaTeX Encoding Info:    Redeclaring text symbol \textquotesingle (encoding TS1)
 on input line 80.
LaTeX Encoding Info:    Redeclaring text command \textasteriskcentered (encodin
g TS1) on input line 81.
LaTeX Encoding Info:    Redeclaring text symbol \textdblhyphen (encoding TS1) o
n input line 92.
LaTeX Encoding Info:    Redeclaring text symbol \textfractionsolidus (encoding 
TS1) on input line 93.
LaTeX Encoding Info:    Redeclaring text symbol \textzerooldstyle (encoding TS1
) on input line 94.
LaTeX Encoding Info:    Redeclaring text symbol \textoneoldstyle (encoding TS1)
 on input line 95.
LaTeX Encoding Info:    Redeclaring text symbol \texttwooldstyle (encoding TS1)
 on input line 96.
LaTeX Encoding Info:    Redeclaring text symbol \textthreeoldstyle (encoding TS
1) on input line 97.
LaTeX Encoding Info:    Redeclaring text symbol \textfouroldstyle (encoding TS1
) on input line 98.
LaTeX Encoding Info:    Redeclaring text symbol \textfiveoldstyle (encoding TS1
) on input line 99.
LaTeX Encoding Info:    Redeclaring text symbol \textsixoldstyle (encoding TS1)
 on input line 100.
LaTeX Encoding Info:    Redeclaring text symbol \textsevenoldstyle (encoding TS
1) on input line 101.
LaTeX Encoding Info:    Redeclaring text symbol \texteightoldstyle (encoding TS
1) on input line 102.
LaTeX Encoding Info:    Redeclaring text symbol \textnineoldstyle (encoding TS1
) on input line 103.
LaTeX Encoding Info:    Redeclaring text symbol \textlangle (encoding TS1) on i
nput line 104.
LaTeX Encoding Info:    Redeclaring text symbol \textminus (encoding TS1) on in
put line 105.
LaTeX Encoding Info:    Redeclaring text symbol \textrangle (encoding TS1) on i
nput line 106.
LaTeX Encoding Info:    Redeclaring text symbol \textmho (encoding TS1) on inpu
t line 107.
LaTeX Encoding Info:    Redeclaring text symbol \textbigcircle (encoding TS1) o
n input line 108.
LaTeX Encoding Info:    Redeclaring text command \textcircled (encoding TS1) on
 input line 109.
LaTeX Encoding Info:    Redeclaring text symbol \textohm (encoding TS1) on inpu
t line 115.
LaTeX Encoding Info:    Redeclaring text symbol \textlbrackdbl (encoding TS1) o
n input line 116.
LaTeX Encoding Info:    Redeclaring text symbol \textrbrackdbl (encoding TS1) o
n input line 117.
LaTeX Encoding Info:    Redeclaring text symbol \textuparrow (encoding TS1) on 
input line 118.
LaTeX Encoding Info:    Redeclaring text symbol \textdownarrow (encoding TS1) o
n input line 119.
LaTeX Encoding Info:    Redeclaring text symbol \textasciigrave (encoding TS1) 
on input line 120.
LaTeX Encoding Info:    Redeclaring text symbol \textborn (encoding TS1) on inp
ut line 121.
LaTeX Encoding Info:    Redeclaring text symbol \textdivorced (encoding TS1) on
 input line 122.
LaTeX Encoding Info:    Redeclaring text symbol \textdied (encoding TS1) on inp
ut line 123.
LaTeX Encoding Info:    Redeclaring text symbol \textleaf (encoding TS1) on inp
ut line 124.
LaTeX Encoding Info:    Redeclaring text symbol \textmarried (encoding TS1) on 
input line 125.
LaTeX Encoding Info:    Redeclaring text symbol \textmusicalnote (encoding TS1)
 on input line 126.
LaTeX Encoding Info:    Redeclaring text symbol \texttildelow (encoding TS1) on
 input line 127.
LaTeX Encoding Info:    Redeclaring text symbol \textdblhyphenchar (encoding TS
1) on input line 128.
LaTeX Encoding Info:    Redeclaring text symbol \textasciibreve (encoding TS1) 
on input line 129.
LaTeX Encoding Info:    Redeclaring text symbol \textasciicaron (encoding TS1) 
on input line 130.
LaTeX Encoding Info:    Redeclaring text symbol \textacutedbl (encoding TS1) on
 input line 131.
LaTeX Encoding Info:    Redeclaring text symbol \textgravedbl (encoding TS1) on
 input line 132.
LaTeX Encoding Info:    Redeclaring text symbol \textdagger (encoding TS1) on i
nput line 133.
LaTeX Encoding Info:    Redeclaring text symbol \textdaggerdbl (encoding TS1) o
n input line 134.
LaTeX Encoding Info:    Redeclaring text symbol \textbardbl (encoding TS1) on i
nput line 135.
LaTeX Encoding Info:    Redeclaring text symbol \textperthousand (encoding TS1)
 on input line 136.
LaTeX Encoding Info:    Redeclaring text symbol \textbullet (encoding TS1) on i
nput line 137.
LaTeX Encoding Info:    Redeclaring text symbol \textcelsius (encoding TS1) on 
input line 138.
LaTeX Encoding Info:    Redeclaring text symbol \textdollaroldstyle (encoding T
S1) on input line 139.
LaTeX Encoding Info:    Redeclaring text symbol \textcentoldstyle (encoding TS1
) on input line 140.
LaTeX Encoding Info:    Redeclaring text symbol \textflorin (encoding TS1) on i
nput line 141.
LaTeX Encoding Info:    Redeclaring text symbol \textcolonmonetary (encoding TS
1) on input line 142.
LaTeX Encoding Info:    Redeclaring text symbol \textwon (encoding TS1) on inpu
t line 143.
LaTeX Encoding Info:    Redeclaring text symbol \textnaira (encoding TS1) on in
put line 144.
LaTeX Encoding Info:    Redeclaring text symbol \textguarani (encoding TS1) on 
input line 145.
LaTeX Encoding Info:    Redeclaring text symbol \textpeso (encoding TS1) on inp
ut line 146.
LaTeX Encoding Info:    Redeclaring text symbol \textlira (encoding TS1) on inp
ut line 147.
LaTeX Encoding Info:    Redeclaring text symbol \textrecipe (encoding TS1) on i
nput line 148.
LaTeX Encoding Info:    Redeclaring text symbol \textinterrobang (encoding TS1)
 on input line 149.
LaTeX Encoding Info:    Redeclaring text symbol \textinterrobangdown (encoding 
TS1) on input line 150.
LaTeX Encoding Info:    Redeclaring text symbol \textdong (encoding TS1) on inp
ut line 151.
LaTeX Encoding Info:    Redeclaring text symbol \texttrademark (encoding TS1) o
n input line 152.
LaTeX Encoding Info:    Redeclaring text symbol \textpertenthousand (encoding T
S1) on input line 153.
LaTeX Encoding Info:    Redeclaring text symbol \textpilcrow (encoding TS1) on 
input line 154.
LaTeX Encoding Info:    Redeclaring text symbol \textbaht (encoding TS1) on inp
ut line 155.
LaTeX Encoding Info:    Redeclaring text symbol \textnumero (encoding TS1) on i
nput line 156.
LaTeX Encoding Info:    Redeclaring text symbol \textdiscount (encoding TS1) on
 input line 157.
LaTeX Encoding Info:    Redeclaring text symbol \textestimated (encoding TS1) o
n input line 158.
LaTeX Encoding Info:    Redeclaring text symbol \textopenbullet (encoding TS1) 
on input line 159.
LaTeX Encoding Info:    Redeclaring text symbol \textservicemark (encoding TS1)
 on input line 160.
LaTeX Encoding Info:    Redeclaring text symbol \textlquill (encoding TS1) on i
nput line 161.
LaTeX Encoding Info:    Redeclaring text symbol \textrquill (encoding TS1) on i
nput line 162.
LaTeX Encoding Info:    Redeclaring text symbol \textcent (encoding TS1) on inp
ut line 163.
LaTeX Encoding Info:    Redeclaring text symbol \textsterling (encoding TS1) on
 input line 164.
LaTeX Encoding Info:    Redeclaring text symbol \textcurrency (encoding TS1) on
 input line 165.
LaTeX Encoding Info:    Redeclaring text symbol \textyen (encoding TS1) on inpu
t line 166.
LaTeX Encoding Info:    Redeclaring text symbol \textbrokenbar (encoding TS1) o
n input line 167.
LaTeX Encoding Info:    Redeclaring text symbol \textsection (encoding TS1) on 
input line 168.
LaTeX Encoding Info:    Redeclaring text symbol \textasciidieresis (encoding TS
1) on input line 169.
LaTeX Encoding Info:    Redeclaring text symbol \textcopyright (encoding TS1) o
n input line 170.
LaTeX Encoding Info:    Redeclaring text symbol \textordfeminine (encoding TS1)
 on input line 171.
LaTeX Encoding Info:    Redeclaring text symbol \textcopyleft (encoding TS1) on
 input line 172.
LaTeX Encoding Info:    Redeclaring text symbol \textlnot (encoding TS1) on inp
ut line 173.
LaTeX Encoding Info:    Redeclaring text symbol \textcircledP (encoding TS1) on
 input line 174.
LaTeX Encoding Info:    Redeclaring text symbol \textregistered (encoding TS1) 
on input line 175.
LaTeX Encoding Info:    Redeclaring text symbol \textasciimacron (encoding TS1)
 on input line 176.
LaTeX Encoding Info:    Redeclaring text symbol \textdegree (encoding TS1) on i
nput line 177.
LaTeX Encoding Info:    Redeclaring text symbol \textpm (encoding TS1) on input
 line 178.
LaTeX Encoding Info:    Redeclaring text symbol \texttwosuperior (encoding TS1)
 on input line 179.
LaTeX Encoding Info:    Redeclaring text symbol \textthreesuperior (encoding TS
1) on input line 180.
LaTeX Encoding Info:    Redeclaring text symbol \textasciiacute (encoding TS1) 
on input line 181.
LaTeX Encoding Info:    Redeclaring text symbol \textmu (encoding TS1) on input
 line 182.
LaTeX Encoding Info:    Redeclaring text symbol \textparagraph (encoding TS1) o
n input line 183.
LaTeX Encoding Info:    Redeclaring text symbol \textperiodcentered (encoding T
S1) on input line 184.
LaTeX Encoding Info:    Redeclaring text symbol \textreferencemark (encoding TS
1) on input line 185.
LaTeX Encoding Info:    Redeclaring text symbol \textonesuperior (encoding TS1)
 on input line 186.
LaTeX Encoding Info:    Redeclaring text symbol \textordmasculine (encoding TS1
) on input line 187.
LaTeX Encoding Info:    Redeclaring text symbol \textsurd (encoding TS1) on inp
ut line 188.
LaTeX Encoding Info:    Redeclaring text symbol \textonequarter (encoding TS1) 
on input line 189.
LaTeX Encoding Info:    Redeclaring text symbol \textonehalf (encoding TS1) on 
input line 190.
LaTeX Encoding Info:    Redeclaring text symbol \textthreequarters (encoding TS
1) on input line 191.
LaTeX Encoding Info:    Redeclaring text symbol \texteuro (encoding TS1) on inp
ut line 192.
LaTeX Encoding Info:    Redeclaring text symbol \texttimes (encoding TS1) on in
put line 193.
LaTeX Encoding Info:    Redeclaring text symbol \textdiv (encoding TS1) on inpu
t line 194.
))
(c:/texlive/2026/texmf-dist/tex/latex/amsmath/amsmath.sty
Package: amsmath 2025/07/09 v2.17z AMS math features
\@mathmargin=\skip51

For additional information on amsmath, use the `?' option.
(c:/texlive/2026/texmf-dist/tex/latex/amsmath/amstext.sty
Package: amstext 2024/11/17 v2.01 AMS text

(c:/texlive/2026/texmf-dist/tex/latex/amsmath/amsgen.sty
File: amsgen.sty 1999/11/30 v2.0 generic functions
\@emptytoks=\toks17
\ex@=\dimen152
))
(c:/texlive/2026/texmf-dist/tex/latex/amsmath/amsbsy.sty
Package: amsbsy 1999/11/29 v1.2d Bold Symbols
\pmbraise@=\dimen153
)
(c:/texlive/2026/texmf-dist/tex/latex/amsmath/amsopn.sty
Package: amsopn 2022/04/08 v2.04 operator names
)
\inf@bad=\count293
LaTeX Info: Redefining \frac on input line 235.
\uproot@=\count294
\leftroot@=\count295
LaTeX Info: Redefining \overline on input line 398.
LaTeX Info: Redefining \colon on input line 409.
\classnum@=\count296
\DOTSCASE@=\count297
LaTeX Info: Redefining \ldots on input line 495.
LaTeX Info: Redefining \dots on input line 498.
LaTeX Info: Redefining \cdots on input line 619.
\Mathstrutbox@=\box53
\strutbox@=\box54
LaTeX Info: Redefining \big on input line 721.
LaTeX Info: Redefining \Big on input line 722.
LaTeX Info: Redefining \bigg on input line 723.
LaTeX Info: Redefining \Bigg on input line 724.
\big@size=\dimen154
LaTeX Font Info:    Redeclaring font encoding OML on input line 742.
LaTeX Font Info:    Redeclaring font encoding OMS on input line 743.
\macc@depth=\count298
LaTeX Info: Redefining \bmod on input line 904.
LaTeX Info: Redefining \pmod on input line 909.
LaTeX Info: Redefining \smash on input line 939.
LaTeX Info: Redefining \relbar on input line 969.
LaTeX Info: Redefining \Relbar on input line 970.
\c@MaxMatrixCols=\count299
\dotsspace@=\muskip17
\c@parentequation=\count300
\dspbrk@lvl=\count301
\tag@help=\toks18
\row@=\count302
\column@=\count303
\maxfields@=\count304
\andhelp@=\toks19
\eqnshift@=\dimen155
\alignsep@=\dimen156
\tagshift@=\dimen157
\tagwidth@=\dimen158
\totwidth@=\dimen159
\lineht@=\dimen160
\@envbody=\toks20
\multlinegap=\skip52
\multlinetaggap=\skip53
\mathdisplay@stack=\toks21
LaTeX Info: Redefining \[ on input line 2950.
LaTeX Info: Redefining \] on input line 2951.
)
(c:/texlive/2026/texmf-dist/tex/lualatex/lualatex-math/lualatex-math.sty
Package: lualatex-math 2022/01/01 v1.12 Patches for mathematics typesetting wit
h LuaLaTeX

(c:/texlive/2026/texmf-dist/tex/latex/etoolbox/etoolbox.sty
Package: etoolbox 2025/10/02 v2.5m e-TeX tools for LaTeX (JAW)
\etb@tempcnta=\count305
)
Lua module: lualatex-math 2013/08/03 v1.3 Patches for mathematics typesetting wi
th LuaLaTeX)
\g__um_fam_int=\count306
\g__um_fonts_used_int=\count307
\l__um_primecount_int=\count308
\g__um_primekern_muskip=\muskip18

(c:/texlive/2026/texmf-dist/tex/latex/unicode-math/unicode-math-table.tex)))

Package fontspec Info: 
(fontspec)             Could not resolve font "Stix Two Math/B" (it probably
(fontspec)             doesn't exist).


Package fontspec Info: 
(fontspec)             Font family 'StixTwoMath(0)' created for font 'Stix Two
(fontspec)             Math' with options
(fontspec)             [Renderer=Basic,BoldItalicFont={},ItalicFont={},SmallCap
sFont={},Script=Math,RawFeature={mathfontdimen=xetex}].
(fontspec)              
(fontspec)              This font family consists of the following NFSS
(fontspec)             series/shapes:
(fontspec)              
(fontspec)             - 'normal' (m/n) with NFSS spec.: <->"name:Stix Two
(fontspec)             Math:mode=base;script=math;language=dflt;mathfontdimen=x
etex;"


Package fontspec Info: 
(fontspec)             Could not resolve font "Stix Two Math/B" (it probably
(fontspec)             doesn't exist).


Package fontspec Info: 
(fontspec)             Font family 'StixTwoMath(1)' created for font 'Stix Two
(fontspec)             Math' with options
(fontspec)             [Renderer=Basic,BoldItalicFont={},ItalicFont={},SmallCap
sFont={},Script=Math,SizeFeatures={{Size=10.2-},{Size=7.5-10.2,Font=Stix
(fontspec)             Two Math,Style=MathScript},{Size=-7.5,Font=Stix Two
(fontspec)             Math,Style=MathScriptScript}},RawFeature={mathfontdimen=
xetex}].
(fontspec)              
(fontspec)              This font family consists of the following NFSS
(fontspec)             series/shapes:
(fontspec)              
(fontspec)             - 'normal' (m/n) with NFSS spec.: <10.2->"name:Stix Two
(fontspec)             Math:mode=base;script=math;language=dflt;mathfontdimen=x
etex;"<7.5-10.2>"name:Stix
(fontspec)             Two
(fontspec)             Math:mode=base;script=math;language=dflt;mathfontdimen=x
etex;+ssty=0;"<-7.5>"name:Stix
(fontspec)             Two
(fontspec)             Math:mode=base;script=math;language=dflt;mathfontdimen=x
etex;+ssty=1;"

LaTeX Font Info:    Encoding `OT1' has changed to `TU' for symbol font
(Font)              `operators' in the math version `normal' on input line 16.
LaTeX Font Info:    Overwriting symbol font `operators' in version `normal'
(Font)                  OT1/cmr/m/n --> TU/StixTwoMath(1)/m/n on input line 16.

LaTeX Font Info:    Encoding `OT1' has changed to `TU' for symbol font
(Font)              `operators' in the math version `bold' on input line 16.
LaTeX Font Info:    Overwriting symbol font `operators' in version `bold'
(Font)                  OT1/cmr/bx/n --> TU/StixTwoMath(1)/b/n on input line 16
.

Package fontspec Info: 
(fontspec)             Could not resolve font "Stix Two Math/B" (it probably
(fontspec)             doesn't exist).


Package fontspec Info: 
(fontspec)             Font family 'StixTwoMath(2)' created for font 'Stix Two
(fontspec)             Math' with options
(fontspec)             [Renderer=Basic,BoldItalicFont={},ItalicFont={},SmallCap
sFont={},Script=Math,SizeFeatures={{Size=10.2-},{Size=7.5-10.2,Font=Stix
(fontspec)             Two Math,Style=MathScript},{Size=-7.5,Font=Stix Two
(fontspec)             Math,Style=MathScriptScript}},RawFeature={mathfontdimen=
xetex},RawFeature={mathfontdimen=tex2}].
(fontspec)              
(fontspec)              This font family consists of the following NFSS
(fontspec)             series/shapes:
(fontspec)              
(fontspec)             - 'normal' (m/n) with NFSS spec.: <10.2->"name:Stix Two
(fontspec)             Math:mode=base;script=math;language=dflt;mathfontdimen=x
etex;mathfontdimen=tex2;"<7.5-10.2>"name:Stix
(fontspec)             Two
(fontspec)             Math:mode=base;script=math;language=dflt;mathfontdimen=x
etex;mathfontdimen=tex2;+ssty=0;"<-7.5>"name:Stix
(fontspec)             Two
(fontspec)             Math:mode=base;script=math;language=dflt;mathfontdimen=x
etex;mathfontdimen=tex2;+ssty=1;"

LaTeX Font Info:    Encoding `OMS' has changed to `TU' for symbol font
(Font)              `symbols' in the math version `normal' on input line 16.
LaTeX Font Info:    Overwriting symbol font `symbols' in version `normal'
(Font)                  OMS/cmsy/m/n --> TU/StixTwoMath(2)/m/n on input line 16
.
LaTeX Font Info:    Encoding `OMS' has changed to `TU' for symbol font
(Font)              `symbols' in the math version `bold' on input line 16.
LaTeX Font Info:    Overwriting symbol font `symbols' in version `bold'
(Font)                  OMS/cmsy/b/n --> TU/StixTwoMath(2)/b/n on input line 16
.

Package fontspec Info: 
(fontspec)             Could not resolve font "Stix Two Math/B" (it probably
(fontspec)             doesn't exist).


Package fontspec Info: 
(fontspec)             Font family 'StixTwoMath(3)' created for font 'Stix Two
(fontspec)             Math' with options
(fontspec)             [Renderer=Basic,BoldItalicFont={},ItalicFont={},SmallCap
sFont={},Script=Math,SizeFeatures={{Size=10.2-},{Size=7.5-10.2,Font=Stix
(fontspec)             Two Math,Style=MathScript},{Size=-7.5,Font=Stix Two
(fontspec)             Math,Style=MathScriptScript}},RawFeature={mathfontdimen=
xetex},RawFeature={mathfontdimen=tex3}].
(fontspec)              
(fontspec)              This font family consists of the following NFSS
(fontspec)             series/shapes:
(fontspec)              
(fontspec)             - 'normal' (m/n) with NFSS spec.: <10.2->"name:Stix Two
(fontspec)             Math:mode=base;script=math;language=dflt;mathfontdimen=x
etex;mathfontdimen=tex3;"<7.5-10.2>"name:Stix
(fontspec)             Two
(fontspec)             Math:mode=base;script=math;language=dflt;mathfontdimen=x
etex;mathfontdimen=tex3;+ssty=0;"<-7.5>"name:Stix
(fontspec)             Two
(fontspec)             Math:mode=base;script=math;language=dflt;mathfontdimen=x
etex;mathfontdimen=tex3;+ssty=1;"

LaTeX Font Info:    Encoding `OMX' has changed to `TU' for symbol font
(Font)              `largesymbols' in the math version `normal' on input line 1
6.
LaTeX Font Info:    Overwriting symbol font `largesymbols' in version `normal'
(Font)                  OMX/cmex/m/n --> TU/StixTwoMath(3)/m/n on input line 16
.
LaTeX Font Info:    Encoding `OMX' has changed to `TU' for symbol font
(Font)              `largesymbols' in the math version `bold' on input line 16.

LaTeX Font Info:    Overwriting symbol font `largesymbols' in version `bold'
(Font)                  OMX/cmex/m/n --> TU/StixTwoMath(3)/b/n on input line 16
.

(c:/texlive/2026/texmf-dist/tex/generic/babel/babel.sty
Package: babel 2026/03/08 v26.4 The multilingual framework for LuaLaTeX, pdfLaT
eX and XeLaTeX

(c:/texlive/2026/texmf-dist/tex/generic/babel/luababel.def
\bbl@readstream=\read2
\l@dumylang=\language2
Package babel Info: Non-standard hyphenation setup on input line 118.
\l@nohyphenation=\language3
\l@german-x-2024-02-28=\language4
\l@ngerman-x-2024-02-28=\language5
\l@afrikaans=\language6
\l@albanian=\language7
\l@ancientgreek=\language8
\l@ibycus=\language9
\l@arabic=\language10
\l@armenian=\language11
\l@basque=\language12
\l@belarusian=\language13
\l@bulgarian=\language14
\l@catalan=\language15
\l@pinyin=\language16
\l@churchslavonic=\language17
\l@coptic=\language18
\l@croatian=\language19
\l@czech=\language20
\l@danish=\language21
\l@dutch=\language22
\l@ukenglish=\language23
\l@usenglishmax=\language24
\l@esperanto=\language25
\l@estonian=\language26
\l@ethiopic=\language27
\l@farsi=\language28
\l@finnish=\language29
\l@schoolfinnish=\language30
\l@french=\language31
\l@friulan=\language32
\l@galician=\language33
\l@georgian=\language34
\l@german=\language35
\l@ngerman=\language36
\l@swissgerman=\language37
\l@greek=\language38
\l@monogreek=\language39
\l@hebrew=\language40
\l@hungarian=\language41
\l@icelandic=\language42
\l@assamese=\language43
\l@bengali=\language44
\l@gujarati=\language45
\l@hindi=\language46
\l@kannada=\language47
\l@malayalam=\language48
\l@marathi=\language49
\l@oriya=\language50
\l@pali=\language51
\l@panjabi=\language52
\l@tamil=\language53
\l@telugu=\language54
\l@indonesian=\language55
\l@interlingua=\language56
\l@irish=\language57
\l@italian=\language58
\l@kazakh=\language59
\l@kurmanji=\language60
\l@classiclatin=\language61
\l@latin=\language62
\l@liturgicallatin=\language63
\l@latvian=\language64
\l@lithuanian=\language65
\l@macedonian=\language66
\l@mongolian=\language67
\l@mongolianlmc=\language68
\l@bokmal=\language69
\l@nynorsk=\language70
\l@occitan=\language71
\l@piedmontese=\language72
\l@polish=\language73
\l@portuguese=\language74
\l@romanian=\language75
\l@romansh=\language76
\l@russian=\language77
\l@sanskrit=\language78
\l@serbian=\language79
\l@serbianc=\language80
\l@slovak=\language81
\l@slovenian=\language82
\l@spanish=\language83
\l@swedish=\language84
\l@thai=\language85
\l@turkish=\language86
\l@turkmen=\language87
\l@ukrainian=\language88
\l@uppersorbian=\language89
\l@vietnamese=\language90
\l@welsh=\language91
\babelcatcodetablenum=\catcodetable14
\bbl@pattcodes=\catcodetable15
)
\babel@savecnt=\count309
LaTeX Encoding Info:    Redeclaring text command \ij (encoding OT1) on input li
ne 2078.
LaTeX Encoding Info:    Redeclaring text command \IJ (encoding OT1) on input li
ne 2080.
LaTeX Encoding Info:    Redeclaring text command \ij (encoding T1) on input lin
e 2082.
LaTeX Encoding Info:    Redeclaring text command \IJ (encoding T1) on input lin
e 2083.
LaTeX Encoding Info:    Ignoring declaration for text command \ij (encoding ?) 
on input line 2084.
LaTeX Encoding Info:    Ignoring declaration for text command \IJ (encoding ?) 
on input line 2086.
LaTeX Encoding Info:    Ignoring declaration for text command \SS (encoding ?) 
on input line 2111.
\U@D=\dimen161
\l@unhyphenated=\language92

(c:/texlive/2026/texmf-dist/tex/generic/babel/luababel.def
\bbl@attr@locale=\attribute4
)
(c:/texlive/2026/texmf-dist/tex/generic/babel/locale/en/babel-english.tex)
(c:/texlive/2026/texmf-dist/tex/generic/babel/locale/ru/babel-russian.tex)
Package babel Info: Importing font and identification data for english
(babel)             from babel-en.ini. Reported on input line 4330.

(c:/texlive/2026/texmf-dist/tex/generic/babel-english/english.ldf
Language: english 2017/06/06 v3.3r English support from the babel system
Package babel Info: Hyphen rules for 'canadian' set to \l@english
(babel)             (\language0). Reported on input line 102.
Package babel Info: Hyphen rules for 'australian' set to \l@ukenglish
(babel)             (\language23). Reported on input line 105.
Package babel Info: Hyphen rules for 'newzealand' set to \l@ukenglish
(babel)             (\language23). Reported on input line 108.
)
Package babel Info: Importing font and identification data for russian
(babel)             from babel-ru.ini. Reported on input line 4330.

(c:/texlive/2026/texmf-dist/tex/generic/babel-russian/russianb.ldf
File: russianb.ldf 2021/01/10 1.3m Russian support for the Babel system
Language: russian 2020/09/09 1.3k Russian support for the Babel system
Package babel Info: Making " an active character on input line 124.
Package babel Info: Default for \cyrdash is provided on input line 163.

(c:/texlive/2026/texmf-dist/tex/generic/hyph-utf8/loadhyph/loadhyph-ru.tex
UTF-8 Russian hyphenation patterns
(c:/texlive/2026/texmf-dist/tex/generic/hyph-utf8/patterns/tex/hyph-ru.tex))))
(c:/texlive/2026/texmf-dist/tex/latex/graphics/graphicx.sty
Package: graphicx 2024/12/31 v1.2e Enhanced LaTeX Graphics (DPC,SPQR)

(c:/texlive/2026/texmf-dist/tex/latex/graphics/keyval.sty
Package: keyval 2022/05/29 v1.15 key=value parser (DPC)
\KV@toks@=\toks22
)
(c:/texlive/2026/texmf-dist/tex/latex/graphics/graphics.sty
Package: graphics 2024/08/06 v1.4g Standard LaTeX Graphics (DPC,SPQR)

(c:/texlive/2026/texmf-dist/tex/latex/graphics/trig.sty
Package: trig 2023/12/02 v1.11 sin cos tan (DPC)
)
(c:/texlive/2026/texmf-dist/tex/latex/graphics-cfg/graphics.cfg
File: graphics.cfg 2016/06/04 v1.11 sample graphics configuration
)
Package graphics Info: Driver file: luatex.def on input line 106.

(c:/texlive/2026/texmf-dist/tex/latex/graphics-def/luatex.def
File: luatex.def 2025/09/29 v1.2f Graphics/color driver for luatex
))
\Gin@req@height=\dimen162
\Gin@req@width=\dimen163
)
(c:/texlive/2026/texmf-dist/tex/latex/xcolor/xcolor.sty
Package: xcolor 2024/09/29 v3.02 LaTeX color extensions (UK)

(c:/texlive/2026/texmf-dist/tex/latex/graphics-cfg/color.cfg
File: color.cfg 2016/01/02 v1.6 sample color configuration
)
Package xcolor Info: Driver file: luatex.def on input line 274.

(c:/texlive/2026/texmf-dist/tex/latex/graphics/mathcolor.ltx)
Package xcolor Info: Model `cmy' substituted by `cmy0' on input line 1349.
Package xcolor Info: Model `hsb' substituted by `rgb' on input line 1353.
Package xcolor Info: Model `RGB' extended on input line 1365.
Package xcolor Info: Model `HTML' substituted by `rgb' on input line 1367.
Package xcolor Info: Model `Hsb' substituted by `hsb' on input line 1368.
Package xcolor Info: Model `tHsb' substituted by `hsb' on input line 1369.
Package xcolor Info: Model `HSB' substituted by `hsb' on input line 1370.
Package xcolor Info: Model `Gray' substituted by `gray' on input line 1371.
Package xcolor Info: Model `wave' substituted by `hsb' on input line 1372.
)
(c:/texlive/2026/texmf-dist/tex/latex/colortbl/colortbl.sty
Package: colortbl 2024/10/29 v1.0k Color table columns (DPC)

(c:/texlive/2026/texmf-dist/tex/latex/tools/array.sty
Package: array 2025/09/25 v2.6n Tabular extension package (FMi)
\col@sep=\dimen164
\ar@mcellbox=\box55
\extrarowheight=\dimen165
\NC@list=\toks23
\extratabsurround=\skip54
\backup@length=\skip55
\ar@cellbox=\box56
)
\everycr=\toks24
\minrowclearance=\skip56
\rownum=\count310
)
(c:/texlive/2026/texmf-dist/tex/latex/koma-script/typearea.sty
Package: typearea 2026/02/02 v3.49.2 KOMA-Script package (type area)

(c:/texlive/2026/texmf-dist/tex/latex/koma-script/scrkbase.sty
Package: scrkbase 2026/02/02 v3.49.2 KOMA-Script package (KOMA-Script-dependent
 basics and keyval usage)

(c:/texlive/2026/texmf-dist/tex/latex/koma-script/scrbase.sty
Package: scrbase 2026/02/02 v3.49.2 KOMA-Script package (KOMA-Script-independen
t basics and keyval usage)

(c:/texlive/2026/texmf-dist/tex/latex/koma-script/scrlfile.sty
Package: scrlfile 2026/02/02 v3.49.2 KOMA-Script package (file load hooks)

(c:/texlive/2026/texmf-dist/tex/latex/koma-script/scrlfile-hook.sty
Package: scrlfile-hook 2026/02/02 v3.49.2 KOMA-Script package (using LaTeX hook
s)

(c:/texlive/2026/texmf-dist/tex/latex/koma-script/scrlogo.sty
Package: scrlogo 2026/02/02 v3.49.2 KOMA-Script package (logo)
)))
Applying: [2021/05/01] Usage of raw or classic option list on input line 254.
Already applied: [0000/00/00] Usage of raw or classic option list on input line
 370.
))
\ta@bcor=\skip57
\ta@div=\count311
Package typearea Info: You've used standard option `a4paper'.
(typearea)             This is correct!
(typearea)             Internally I'm using `paper=a4'.
(typearea)             If you'd like to set the option with \KOMAoptions,
(typearea)             you'd have to use `paper=a4' there
(typearea)             instead of `a4paper', too.
\ta@hblk=\skip58
\ta@vblk=\skip59
\ta@temp=\skip60
\footheight=\skip61


Package typearea Info: DIV calculation for classic typearea. on input line 1810
.

Package typearea Info: These are the values describing the layout:
(typearea)             DIV  = 6
(typearea)             BCOR = 0.0pt
(typearea)             \paperwidth      = 597.50793pt
(typearea)              \textwidth      = 298.75397pt
(typearea)              DIV departure   = 7%
(typearea)              \evensidemargin = 77.107pt
(typearea)              \oddsidemargin  = 77.107pt
(typearea)             \paperheight     = 845.04694pt
(typearea)              \textheight     = 428.0pt
(typearea)              \topmargin      = 28.69617pt
(typearea)              \headheight     = 18.125pt
(typearea)              \headsep        = 21.75pt
(typearea)              \topskip        = 22.0pt
(typearea)              \footskip       = 50.75pt
(typearea)              \baselineskip   = 14.5pt
(typearea)              on input line 1810.
) (c:/texlive/2026/texmf-dist/tex/latex/geometry/geometry.sty
Package: geometry 2026/03/07 v6.0 Page Geometry

(c:/texlive/2026/texmf-dist/tex/generic/iftex/ifvtex.sty
Package: ifvtex 2019/10/25 v1.7 ifvtex legacy package. Use iftex instead.

(c:/texlive/2026/texmf-dist/tex/generic/iftex/iftex.sty
Package: iftex 2024/12/12 v1.0g TeX engine tests
))
\Gm@cnth=\count312
\Gm@cntv=\count313
\c@Gm@tempcnt=\count314
\Gm@bindingoffset=\dimen166
\Gm@wd@mp=\dimen167
\Gm@odd@mp=\dimen168
\Gm@even@mp=\dimen169
\Gm@layoutwidth=\dimen170
\Gm@layoutheight=\dimen171
\Gm@layouthoffset=\dimen172
\Gm@layoutvoffset=\dimen173
\Gm@dimlist=\toks25
)
(c:/texlive/2026/texmf-dist/tex/latex/parskip/parskip.sty
Package: parskip 2021-03-14 v2.0h non-zero parskip adjustments

(c:/texlive/2026/texmf-dist/tex/latex/kvoptions/kvoptions.sty
Package: kvoptions 2022-06-15 v3.15 Key value format for package options (HO)

(c:/texlive/2026/texmf-dist/tex/generic/ltxcmds/ltxcmds.sty
Package: ltxcmds 2023-12-04 v1.26 LaTeX kernel commands for general use (HO)
)
(c:/texlive/2026/texmf-dist/tex/latex/kvsetkeys/kvsetkeys.sty
Package: kvsetkeys 2022-10-05 v1.19 Key value parser (HO)
)))
(c:/texlive/2026/texmf-dist/tex/latex/tools/indentfirst.sty
Package: indentfirst 2023/07/02 v1.03 Indent first paragraph (DPC)
)
(c:/texlive/2026/texmf-dist/tex/latex/fancyhdr/fancyhdr.sty
Package: fancyhdr 2025/02/07 v5.2 Extensive control of page headers and footers

\f@nch@headwidth=\skip62
\f@nch@offset@elh=\skip63
\f@nch@offset@erh=\skip64
\f@nch@offset@olh=\skip65
\f@nch@offset@orh=\skip66
\f@nch@offset@elf=\skip67
\f@nch@offset@erf=\skip68
\f@nch@offset@olf=\skip69
\f@nch@offset@orf=\skip70
\f@nch@height=\skip71
\f@nch@footalignment=\skip72
\f@nch@widthL=\skip73
\f@nch@widthC=\skip74
\f@nch@widthR=\skip75
\@temptokenb=\toks26
)
(c:/texlive/2026/texmf-dist/tex/latex/tools/longtable.sty
Package: longtable 2025-10-13 v4.24 Multi-page Table package (DPC)
\LTleft=\skip76
\LTright=\skip77
\LTpre=\skip78
\LTpost=\skip79
\LTchunksize=\count315
\LTcapwidth=\dimen174
\LT@head=\box57
\LT@firsthead=\box58
\LT@foot=\box59
\LT@lastfoot=\box60
\LT@gbox=\box61
\LT@cols=\count316
\LT@rows=\count317
\c@LT@tables=\count318
\c@LT@chunks=\count319
\LT@p@ftn=\toks27
)
(c:/texlive/2026/texmf-dist/tex/latex/booktabs/booktabs.sty
Package: booktabs 2020/01/12 v1.61803398 Publication quality tables
\heavyrulewidth=\dimen175
\lightrulewidth=\dimen176
\cmidrulewidth=\dimen177
\belowrulesep=\dimen178
\belowbottomsep=\dimen179
\aboverulesep=\dimen180
\abovetopsep=\dimen181
\cmidrulesep=\dimen182
\cmidrulekern=\dimen183
\defaultaddspace=\dimen184
\@cmidla=\count320
\@cmidlb=\count321
\@aboverulesep=\dimen185
\@belowrulesep=\dimen186
\@thisruleclass=\count322
\@lastruleclass=\count323
\@thisrulewidth=\dimen187
)
(c:/texlive/2026/texmf-dist/tex/latex/tools/calc.sty
Package: calc 2025/03/01 v4.3b Infix arithmetic (KKT,FJ)
\calc@Acount=\count324
\calc@Bcount=\count325
\calc@Adimen=\dimen188
\calc@Bdimen=\dimen189
\calc@Askip=\skip80
\calc@Bskip=\skip81
LaTeX Info: Redefining \setlength on input line 86.
LaTeX Info: Redefining \addtolength on input line 87.
\calc@Ccount=\count326
\calc@Cskip=\skip82
)
(c:/texlive/2026/texmf-dist/tex/latex/tools/tabularx.sty
Package: tabularx 2023/12/11 v2.12a `tabularx' package (DPC)
\TX@col@width=\dimen190
\TX@old@table=\dimen191
\TX@old@col=\dimen192
\TX@target=\dimen193
\TX@delta=\dimen194
\TX@cols=\count327
\TX@ftn=\toks28
)
(c:/texlive/2026/texmf-dist/tex/latex/multirow/multirow.sty
Package: multirow 2024/11/12 v2.9 Span multiple rows of a table
\multirow@colwidth=\skip83
\multirow@cntb=\count328
\multirow@dima=\skip84
\bigstrutjot=\dimen195
)
(c:/texlive/2026/texmf-dist/tex/latex/tabularray/tabularray.sty
Package: tabularray 2025-11-27 v2025C Typeset tabulars and arrays with LaTeX3

(c:/texlive/2026/texmf-dist/tex/latex/ninecolors/ninecolors.sty
Package: ninecolors 2022-02-13 v2022D Select colors with proper color contrast
)
\g__tblr_nohyper_int=\count329
\l__tblr_a_int=\count330
\l__tblr_c_int=\count331
\l__tblr_r_int=\count332
\l__tblr_d_dim=\dimen196
\l__tblr_h_dim=\dimen197
\l__tblr_o_dim=\dimen198
\l__tblr_p_dim=\dimen199
\l__tblr_q_dim=\dimen256
\l__tblr_r_dim=\dimen257
\l__tblr_s_dim=\dimen258
\l__tblr_t_dim=\dimen259
\l__tblr_v_dim=\dimen260
\l__tblr_w_dim=\dimen261
\l__tblr_a_box=\box62
\l__tblr_b_box=\box63
\l__tblr_c_box=\box64
\l__tblr_d_box=\box65
\c@tblrcount=\count333
\c@colnum=\count334
\c@rowcount=\count335
\c@colcount=\count336
\abovesep=\dimen262
\belowsep=\dimen263
\leftsep=\dimen264
\rightsep=\dimen265
\gTblrLevelInt=\count337
\g__tblr_data_row_key_count_int=\count338
\g__tblr_data_column_key_count_int=\count339
\g__tblr_data_cell_key_count_int=\count340
\g__tblr_array_int=\count341
\l__tblr_key_count_int=\count342
\l__tblr_key_quotient_int=\count343
\l__tblr_key_quotient_two_int=\count344
\l__tblr_key_remainder_int=\count345
\g__tblr_data_str_value_count_int=\count346
\lTblrChildTotalInt=\count347
\lTblrChildHtotalInt=\count348
\lTblrChildVtotalInt=\count349
\l__child_diff_h_int=\count350
\l__child_diff_v_int=\count351
\l__child_sign_h_int=\count352
\l__child_sign_v_int=\count353
\l__child_step_int=\count354
\lTblrDefaultHruleWidthDim=\dimen266
\lTblrDefaultVruleWidthDim=\dimen267
\l__tblr_split_balance_int=\count355
\l__tblr_strut_dp_dim=\dimen268
\l__tblr_strut_ht_dim=\dimen269
\g__tblr_cell_wd_dim=\dimen270
\g__tblr_cell_ht_dim=\dimen271
\g__tblr_cell_head_dim=\dimen272
\g__tblr_cell_foot_dim=\dimen273
\l__tblr_measured_cell_box=\box66
\g__tblr_last_box=\box67
\l__tblr_temp_box=\box68
\l__tblr_column_target_dim=\dimen274
\l__tblr_hfuzz_dim=\dimen275
\l__tblr_caption_box=\box69
\l__tblr_caption_left_box=\box70
\lTblrRowHeadInt=\count356
\lTblrRowFootInt=\count357
\l__tblr_row_head_box=\box71
\l__tblr_row_foot_box=\box72
\l__tblr_row_head_foot_dim=\dimen276
\lTblrTableWidthDim=\dimen277
\l__tblr_table_firsthead_box=\box73
\l__tblr_table_middlehead_box=\box74
\l__tblr_table_lasthead_box=\box75
\l__tblr_table_firstfoot_box=\box76
\l__tblr_table_middlefoot_box=\box77
\l__tblr_table_lastfoot_box=\box78
\l__tblr_remain_height_dim=\dimen278
\l__tblr_next_rows_dim=\dimen279
\l__tblr_page_overfill_dim=\dimen280
\l__tblr_long_from_int=\count358
\l__tblr_long_to_int=\count359
\l__tblr_curr_i_int=\count360
\l__tblr_prev_i_int=\count361
\lTblrTablePageInt=\count362
\l__tblr_table_head_box=\box79
\l__tblr_table_foot_box=\box80
\l__tblr_table_head_foot_dim=\dimen281
\l__tblr_table_head_body_foot_dim=\dimen282
\l__tblr_table_box=\box81
\lTblrRowFirstInt=\count363
\lTblrRowLastInt=\count364
\l__tblr_cover_box_a_dim=\dimen283
\l__tblr_cover_box_b_dim=\dimen284
\l__tblr_table_hlines_box=\box82
\l__tblr_hline_box=\box83
\l__tblr_row_box=\box84
\l__tblr_col_o_wd_dim=\dimen285
\l__tblr_col_b_wd_dim=\dimen286
\l__tblr_hline_leftskip_dim=\dimen287
\l__tblr_hline_rightskip_dim=\dimen288
\l__tblr_row_ht_dim=\dimen289
\l__tblr_row_dp_dim=\dimen290
\l__tblr_row_abovesep_dim=\dimen291
\l__tblr_row_belowsep_dim=\dimen292
\l__tblr_row_vlines_box=\box85
\l__tblr_vline_box=\box86
\l__tblr_cell_box=\box87
\l__tblr_row_upper_dim=\dimen293
\l__tblr_row_lower_dim=\dimen294
\l__tblr_row_vpace_dim=\dimen295
\l__tblr_vline_aboveskip_dim=\dimen296
\l__tblr_vline_belowskip_dim=\dimen297
\lTblrCellRowSpanInt=\count365
\lTblrCellColSpanInt=\count366
\l__tblr_cell_wd_dim=\dimen298
\l__tblr_cell_ht_dim=\dimen299
\lTblrCellAboveBorderWidthDim=\dimen300
\lTblrCellBelowBorderWidthDim=\dimen301
\lTblrCellLeftBorderWidthDim=\dimen302
\lTblrCellRightBorderWidthDim=\dimen303
\l__tblr_diag_box=\box88
\l__tblr_cell_inner_wd_dim=\dimen304
\l__tblr_cell_inner_dp_dim=\dimen305
\l__tblr_cell_hanchor_dim=\dimen306
\l__tblr_last_cell_table_ht_dim=\dimen307
\l__tblr_last_cell_table_dp_dim=\dimen308
\l__tblr_last_vline_wd_dim=\dimen309
\l__tblr_tikz_node_box=\box89
)
(c:/texlive/2026/texmf-dist/tex/latex/tools/hhline.sty
Package: hhline 2020/01/04 v2.04 Table rule package (DPC)
)
(c:/texlive/2026/texmf-dist/tex/latex/makecell/makecell.sty
Package: makecell 2009/08/03 V0.1e Managing of Tab Column Heads and Cells
\rotheadsize=\dimen310
\c@nlinenum=\count367
\TeXr@lab=\toks29
)
(c:/texlive/2026/texmf-dist/tex/latex/caption/caption.sty
Package: caption 2023/08/05 v3.6o Customizing captions (AR)

(c:/texlive/2026/texmf-dist/tex/latex/caption/caption3.sty
Package: caption3 2023/07/31 v2.4d caption3 kernel (AR)
\caption@tempdima=\dimen311
\captionmargin=\dimen312
\caption@leftmargin=\dimen313
\caption@rightmargin=\dimen314
\caption@width=\dimen315
\caption@indent=\dimen316
\caption@parindent=\dimen317
\caption@hangindent=\dimen318
Package caption Info: Standard document class detected.
)
\c@caption@flags=\count368
\c@continuedfloat=\count369
Package caption Info: longtable package is loaded.

(c:/texlive/2026/texmf-dist/tex/latex/caption/ltcaption.sty
Package: ltcaption 2021/01/08 v1.4c longtable captions (AR)
))
(c:/texlive/2026/texmf-dist/tex/latex/eqexpl/eqexpl.sty
Package: eqexpl 2022/06/17 v. 1.1.1
\eqexplSpaceWidth=\skip85
\itemWidth=\skip86
\leftSideWidth=\skip87
)
(c:/texlive/2026/texmf-dist/tex/latex/titlesec/titlesec.sty
Package: titlesec 2025/01/04 v2.17 Sectioning titles
\ttl@box=\box90
\beforetitleunit=\skip88
\aftertitleunit=\skip89
\ttl@plus=\dimen319
\ttl@minus=\dimen320
\ttl@toksa=\toks30
\titlewidth=\dimen321
\titlewidthlast=\dimen322
\titlewidthfirst=\dimen323
)
(c:/texlive/2026/texmf-dist/tex/latex/appendix/appendix.sty
Package: appendix 2020/02/08 v1.2c extra appendix facilities
\c@@pps=\count370
\c@@ppsavesec=\count371
\c@@ppsaveapp=\count372
)
(c:/texlive/2026/texmf-dist/tex/latex/enumitem/enumitem.sty
Package: enumitem 2025/02/06 v3.11 Customized lists
\labelindent=\skip90
\enit@outerparindent=\dimen324
\enit@toks=\toks31
\enit@inbox=\box91
\enit@count@id=\count373
\enitdp@description=\count374
)
(c:/texlive/2026/texmf-dist/tex/latex/float/float.sty
Package: float 2001/11/08 v1.3d Float enhancements (AL)
\c@float@type=\count375
\float@exts=\toks32
\float@box=\box92
\@float@everytoks=\toks33
\@floatcapt=\box93
)
(c:/texlive/2026/texmf-dist/tex/latex/needspace/needspace.sty
Package: needspace 2025/03/13 v1.3e reserve vertical space
)
(c:/texlive/2026/texmf-dist/tex/latex/placeins/placeins.sty
Package: placeins 2005/04/18  v 2.2
)
(c:/texlive/2026/texmf-dist/tex/latex/tocloft/tocloft.sty
Package: tocloft 2017/08/31 v2.3i parameterised ToC, etc., typesetting
Package tocloft Info: The document has section divisions on input line 51.
\cftparskip=\skip91
\cftbeforetoctitleskip=\skip92
\cftaftertoctitleskip=\skip93
\cftbeforepartskip=\skip94
\cftpartnumwidth=\skip95
\cftpartindent=\skip96
\cftbeforesecskip=\skip97
\cftsecindent=\skip98
\cftsecnumwidth=\skip99
\cftbeforesubsecskip=\skip100
\cftsubsecindent=\skip101
\cftsubsecnumwidth=\skip102
\cftbeforesubsubsecskip=\skip103
\cftsubsubsecindent=\skip104
\cftsubsubsecnumwidth=\skip105
\cftbeforeparaskip=\skip106
\cftparaindent=\skip107
\cftparanumwidth=\skip108
\cftbeforesubparaskip=\skip109
\cftsubparaindent=\skip110
\cftsubparanumwidth=\skip111
\cftbeforeloftitleskip=\skip112
\cftafterloftitleskip=\skip113
\cftbeforefigskip=\skip114
\cftfigindent=\skip115
\cftfignumwidth=\skip116
\c@lofdepth=\count376
\c@lotdepth=\count377
\cftbeforelottitleskip=\skip117
\cftafterlottitleskip=\skip118
\cftbeforetabskip=\skip119
\cfttabindent=\skip120
\cfttabnumwidth=\skip121


Package tocloft Warning: \@starttoc has already been redefined; tocloft bailing
 out. on input line 1156.

) (c:/texlive/2026/texmf-dist/tex/latex/tocvsec2/tocvsec2.sty
Package: tocvsec2 2014/03/10 v1.3a variable ToC section entries

(c:/texlive/2026/texmf-dist/tex/latex/base/ifthen.sty
Package: ifthen 2024/03/16 v1.1e Standard LaTeX ifthen package (DPC)
)
\c@max@tocdepth=\count378
\c@max@secnumdepth=\count379
)
(c:/texlive/2026/texmf-dist/tex/latex/hyperref/hyperref.sty
Package: hyperref 2026-01-29 v7.01p Hypertext links for LaTeX

(c:/texlive/2026/texmf-dist/tex/generic/kvdefinekeys/kvdefinekeys.sty
Package: kvdefinekeys 2019-12-19 v1.6 Define keys (HO)
)
(c:/texlive/2026/texmf-dist/tex/generic/pdfescape/pdfescape.sty
Package: pdfescape 2019/12/09 v1.15 Implements pdfTeX's escape features (HO)

(c:/texlive/2026/texmf-dist/tex/generic/pdftexcmds/pdftexcmds.sty
Package: pdftexcmds 2020-06-27 v0.33 Utility functions of pdfTeX for LuaTeX (HO
)

(c:/texlive/2026/texmf-dist/tex/generic/infwarerr/infwarerr.sty
Package: infwarerr 2019/12/03 v1.5 Providing info/warning/error messages (HO)
)
Package pdftexcmds Info: \pdf@primitive is available.
Package pdftexcmds Info: \pdf@ifprimitive is available.
Package pdftexcmds Info: \pdfdraftmode found.
\pdftexcmds@toks=\toks34
))
(c:/texlive/2026/texmf-dist/tex/latex/hycolor/hycolor.sty
Package: hycolor 2020-01-27 v1.10 Color options for hyperref/bookmark (HO)
)
(c:/texlive/2026/texmf-dist/tex/latex/hyperref/nameref.sty
Package: nameref 2026-01-29 v2.58 Cross-referencing by name of section

(c:/texlive/2026/texmf-dist/tex/latex/refcount/refcount.sty
Package: refcount 2019/12/15 v3.6 Data extraction from label references (HO)
)
(c:/texlive/2026/texmf-dist/tex/generic/gettitlestring/gettitlestring.sty
Package: gettitlestring 2019/12/15 v1.6 Cleanup title references (HO)
)
\c@section@level=\count380
)
(c:/texlive/2026/texmf-dist/tex/generic/stringenc/stringenc.sty
Package: stringenc 2019/11/29 v1.12 Convert strings between diff. encodings (HO
)
)
\@linkdim=\dimen325
\Hy@linkcounter=\count381
\Hy@pagecounter=\count382

(c:/texlive/2026/texmf-dist/tex/latex/hyperref/pd1enc.def
File: pd1enc.def 2026-01-29 v7.01p Hyperref: PDFDocEncoding definition (HO)
)
(c:/texlive/2026/texmf-dist/tex/generic/intcalc/intcalc.sty
Package: intcalc 2019/12/15 v1.3 Expandable calculations with integers (HO)
)
\Hy@SavedSpaceFactor=\count383

(c:/texlive/2026/texmf-dist/tex/latex/hyperref/puenc.def
File: puenc.def 2026-01-29 v7.01p Hyperref: PDF Unicode definition (HO)
)
Package hyperref Info: Option `unicode' set `true' on input line 3166.
Package hyperref Info: Hyper figures OFF on input line 4201.
Package hyperref Info: Link nesting OFF on input line 4206.
Package hyperref Info: Hyper index ON on input line 4209.
Package hyperref Info: Plain pages OFF on input line 4216.
Package hyperref Info: Backreferencing OFF on input line 4221.
Package hyperref Info: Implicit mode ON; LaTeX internals redefined.
Package hyperref Info: Bookmarks ON on input line 4468.
\c@Hy@tempcnt=\count384

(c:/texlive/2026/texmf-dist/tex/latex/url/url.sty
\Urlmuskip=\muskip19
Package: url 2013/09/16  ver 3.4  Verb mode for urls, etc.
)
LaTeX Info: Redefining \url on input line 4807.
\XeTeXLinkMargin=\dimen326

(c:/texlive/2026/texmf-dist/tex/generic/bitset/bitset.sty
Package: bitset 2019/12/09 v1.3 Handle bit-vector datatype (HO)

(c:/texlive/2026/texmf-dist/tex/generic/bigintcalc/bigintcalc.sty
Package: bigintcalc 2019/12/15 v1.5 Expandable calculations on big integers (HO
)
))
\Fld@menulength=\count385
\Field@Width=\dimen327
\Fld@charsize=\dimen328
Package hyperref Info: Hyper figures OFF on input line 6084.
Package hyperref Info: Link nesting OFF on input line 6089.
Package hyperref Info: Hyper index ON on input line 6092.
Package hyperref Info: backreferencing OFF on input line 6099.
Package hyperref Info: Link coloring OFF on input line 6104.
Package hyperref Info: Link coloring with OCG OFF on input line 6109.
Package hyperref Info: PDF/A mode OFF on input line 6114.
\Hy@abspage=\count386
\c@Item=\count387
\c@Hfootnote=\count388
)
Package hyperref Info: Driver (autodetected): hluatex.

(c:/texlive/2026/texmf-dist/tex/latex/hyperref/hluatex.def
File: hluatex.def 2026-01-29 v7.01p Hyperref driver for luaTeX
\Fld@listcount=\count389
\c@bookmark@seq@number=\count390

(c:/texlive/2026/texmf-dist/tex/latex/rerunfilecheck/rerunfilecheck.sty
Package: rerunfilecheck 2025-06-21 v1.11 Rerun checks for auxiliary files (HO)

(c:/texlive/2026/texmf-dist/tex/generic/uniquecounter/uniquecounter.sty
Package: uniquecounter 2019/12/15 v1.4 Provide unlimited unique counter (HO)
)
Package uniquecounter Info: New unique counter `rerunfilecheck' on input line 2
84.
)
\Hy@SectionHShift=\skip122
)
(c:/texlive/2026/texmf-dist/tex/latex/pdflscape/pdflscape.sty
Package: pdflscape 2025-06-23 v0.14 Display of landscape pages in PDF

(c:/texlive/2026/texmf-dist/tex/latex/pdflscape/pdflscape-nometadata.sty
Package: pdflscape-nometadata 2025-06-23 v0.14 Display of landscape pages in PD
F (HO)

(c:/texlive/2026/texmf-dist/tex/latex/graphics/lscape.sty
Package: lscape 2020/05/28 v3.02 Landscape Pages (DPC)
)
Package pdflscape Info: Auto-detected driver: pdftex on input line 81.
))
(c:/texlive/2026/texmf-dist/tex/latex/pdfpages/pdfpages.sty
Package: pdfpages 2025/07/23 v0.6g Insert pages of external PDF documents (AM)

(c:/texlive/2026/texmf-dist/tex/latex/eso-pic/eso-pic.sty
Package: eso-pic 2025/12/10 v3.0d eso-pic (RN)
\ESO@tempdima=\dimen329
\ESO@tempdimb=\dimen330
)
\AM@pagewidth=\dimen331
\AM@pageheight=\dimen332
\AM@fboxrule=\dimen333

(c:/texlive/2026/texmf-dist/tex/latex/pdfpages/ppluatex.def
File: ppluatex.def 2025/07/23 v0.6g Pdfpages driver for LuaTeX (AM)
)
\pdfpages@includegraphics@status=\count391
\AM@pagebox=\box94
\AM@global@opts=\toks35
\AM@pagecnt=\count392
\AM@toc@title=\toks36
\AM@lof@heading=\toks37
\c@AM@survey=\count393
\AM@templatesizebox=\box95
)
(c:/texlive/2026/texmf-dist/tex/latex/textpos/textpos.sty
Package: textpos 2022/07/23 v1.10.1
Package textpos Info: choosing support for LaTeX3 on input line 60.
\TP@textbox=\box96
\TP@holdbox=\box97
\TPHorizModule=\dimen334
\TPVertModule=\dimen335
\TP@margin=\dimen336
\TP@absmargin=\dimen337

Grid set 16 x 16 = 37.34424pt x 52.81541pt
\TPboxrulesize=\dimen338
\TP@ox=\dimen339
\TP@oy=\dimen340
\TP@tbargs=\toks38
TextBlockOrigin set to 0pt x 0pt
) (c:/texlive/2026/texmf-dist/tex/latex/fontawesome7/fontawesome7.sty
Package: fontawesome7 2025/11/02 v7.1.0-1 Font Awesome 7

(c:/texlive/2026/texmf-dist/tex/latex/fontawesome7/fontawesome7-utex-helper.sty
Package: fontawesome7-utex-helper 2025/11/02 v7.1.0-1 uTeX helper for fontaweso
me7
(c:/texlive/2026/texmf-dist/tex/luatex/luatexbase/luatexbase.sty
Package: luatexbase 2015/10/04 v1.3 luatexbase interface to LuaTeX 

(c:/texlive/2026/texmf-dist/tex/luatex/ctablestack/ctablestack.sty
Package: ctablestack 2015/10/01 v1.0 Catcode table stable support
\@catcodetablestackcnt=\count394
)
\CatcodeTableOther=\catcodetable16
\CatcodeTableExpl=\catcodetable17
)
LaTeX Font Info:    Trying to load font information for TU+fontawesome7free on 
input line 63.

(c:/texlive/2026/texmf-dist/tex/latex/fontawesome7/tufontawesome7free.fd)
LaTeX Font Info:    Trying to load font information for TU+fontawesome7brands o
n input line 64.

(c:/texlive/2026/texmf-dist/tex/latex/fontawesome7/tufontawesome7brands.fd)))
(c:/texlive/2026/texmf-dist/tex/latex/microtype/microtype.sty
Package: microtype 2026/03/01 v3.2d Micro-typographical refinements (RS)
\MT@toks=\toks39
\MT@tempbox=\box98
\MT@count=\count395
LaTeX Info: Redefining \noprotrusionifhmode on input line 1084.
LaTeX Info: Redefining \leftprotrusion on input line 1085.
\MT@prot@toks=\toks40
LaTeX Info: Redefining \rightprotrusion on input line 1104.
LaTeX Info: Redefining \textls on input line 1449.
\MT@outer@kern=\dimen341
LaTeX Info: Redefining \microtypecontext on input line 2053.
LaTeX Info: Redefining \textmicrotypecontext on input line 2070.
\MT@listname@count=\count396

(c:/texlive/2026/texmf-dist/tex/latex/microtype/microtype-luatex.def
File: microtype-luatex.def 2026/03/01 v3.2d Definitions specific to luatex (RS)

Lua module: microtype 2026/03/01 v3.2d microtype module.
Module microtype Info: overwriting function `keepligature' on input line 63
LaTeX Info: Redefining \lsstyle on input line 779.
LaTeX Info: Redefining \lslig on input line 779.
\MT@outer@space=\skip123
)
Package microtype Info: Loading configuration file microtype.cfg.

(c:/texlive/2026/texmf-dist/tex/latex/microtype/microtype.cfg
File: microtype.cfg 2026/03/01 v3.2d microtype main configuration file (RS)
)
LaTeX Info: Redefining \microtypesetup on input line 3065.
)
(c:/texlive/2026/texmf-dist/tex/generic/ulem/ulem.sty
\UL@box=\box99
\UL@hyphenbox=\box100
\UL@skip=\skip124
\UL@hook=\toks41
\UL@height=\dimen342
\UL@pe=\count397
\UL@pixel=\dimen343
\ULC@box=\box101
Package: ulem 2019/11/18
\ULdepth=\dimen344
)
(c:/texlive/2026/texmf-dist/tex/latex/caption/subcaption.sty
Package: subcaption 2023/07/28 v1.6b Sub-captions (AR)
Package caption Info: New subtype `subfigure' on input line 238.
\c@subfigure=\count398
Package caption Info: New subtype `subtable' on input line 238.
\c@subtable=\count399
)
(c:/texlive/2026/texmf-dist/tex/generic/xstring/xstring.sty
(c:/texlive/2026/texmf-dist/tex/generic/xstring/xstring.tex
\xs_counta=\count400
\xs_countb=\count401
)
Package: xstring 2023/08/22 v1.86 String manipulations (CT)
)
(c:/texlive/2026/texmf-dist/tex/latex/footmisc/footmisc.sty
Package: footmisc 2025/05/09 v7.0b a miscellany of footnote facilities
\FN@temptoken=\toks42
\footnotemargin=\dimen345

(c:/texlive/2026/texmf-dist/tex/latex/bigfoot/perpage.sty
Package: perpage 2014/10/25 2.0 Reset/sort counters per page
\c@abspage=\count402
)
\c@pp@a@footnote=\count403
Package footmisc Info: Declaring symbol style bringhurst on input line 549.
Package footmisc Info: Declaring symbol style chicago on input line 557.
Package footmisc Info: Declaring symbol style wiley on input line 566.
Package footmisc Info: Declaring symbol style lamport-robust on input line 577.

Package footmisc Info: Declaring symbol style lamport* on input line 597.
Package footmisc Info: Declaring symbol style lamport*-robust on input line 618
.
)
(c:/texlive/2026/texmf-dist/tex/latex/pgf/frontendlayer/tikz.sty
(c:/texlive/2026/texmf-dist/tex/latex/pgf/basiclayer/pgf.sty
(c:/texlive/2026/texmf-dist/tex/latex/pgf/utilities/pgfrcs.sty
(c:/texlive/2026/texmf-dist/tex/generic/pgf/utilities/pgfutil-common.tex
\pgfutil@everybye=\toks43
\pgfutil@tempdima=\dimen346
\pgfutil@tempdimb=\dimen347
)
(c:/texlive/2026/texmf-dist/tex/generic/pgf/utilities/pgfutil-latex.def
\pgfutil@abb=\box102
)
(c:/texlive/2026/texmf-dist/tex/generic/pgf/utilities/pgfrcs.code.tex
(c:/texlive/2026/texmf-dist/tex/generic/pgf/pgf.revision.tex)
Package: pgfrcs 2025-08-29 v3.1.11a (3.1.11a)
))
Package: pgf 2025-08-29 v3.1.11a (3.1.11a)

(c:/texlive/2026/texmf-dist/tex/latex/pgf/basiclayer/pgfcore.sty
(c:/texlive/2026/texmf-dist/tex/latex/pgf/systemlayer/pgfsys.sty
(c:/texlive/2026/texmf-dist/tex/generic/pgf/systemlayer/pgfsys.code.tex
Package: pgfsys 2025-08-29 v3.1.11a (3.1.11a)

(c:/texlive/2026/texmf-dist/tex/generic/pgf/utilities/pgfkeys.code.tex
\pgfkeys@pathtoks=\toks44
\pgfkeys@temptoks=\toks45

(c:/texlive/2026/texmf-dist/tex/generic/pgf/utilities/pgfkeyslibraryfiltered.co
de.tex
\pgfkeys@tmptoks=\toks46
))
\pgf@x=\dimen348
\pgf@y=\dimen349
\pgf@xa=\dimen350
\pgf@ya=\dimen351
\pgf@xb=\dimen352
\pgf@yb=\dimen353
\pgf@xc=\dimen354
\pgf@yc=\dimen355
\pgf@xd=\dimen356
\pgf@yd=\dimen357
\w@pgf@writea=\write3
\r@pgf@reada=\read3
\c@pgf@counta=\count404
\c@pgf@countb=\count405
\c@pgf@countc=\count406
\c@pgf@countd=\count407
\t@pgf@toka=\toks47
\t@pgf@tokb=\toks48
\t@pgf@tokc=\toks49
\pgf@sys@id@count=\count408
 (c:/texlive/2026/texmf-dist/tex/generic/pgf/systemlayer/pgf.cfg
File: pgf.cfg 2025-08-29 v3.1.11a (3.1.11a)
)
Driver file for pgf: pgfsys-luatex.def

(c:/texlive/2026/texmf-dist/tex/generic/pgf/systemlayer/pgfsys-luatex.def
File: pgfsys-luatex.def 2025-08-29 v3.1.11a (3.1.11a)

(c:/texlive/2026/texmf-dist/tex/generic/pgf/systemlayer/pgfsys-common-pdf.def
File: pgfsys-common-pdf.def 2025-08-29 v3.1.11a (3.1.11a)
)))
(c:/texlive/2026/texmf-dist/tex/generic/pgf/systemlayer/pgfsyssoftpath.code.tex
File: pgfsyssoftpath.code.tex 2025-08-29 v3.1.11a (3.1.11a)
\pgfsyssoftpath@smallbuffer@items=\count409
\pgfsyssoftpath@bigbuffer@items=\count410
)
(c:/texlive/2026/texmf-dist/tex/generic/pgf/systemlayer/pgfsysprotocol.code.tex
File: pgfsysprotocol.code.tex 2025-08-29 v3.1.11a (3.1.11a)
)) (c:/texlive/2026/texmf-dist/tex/generic/pgf/basiclayer/pgfcore.code.tex
Package: pgfcore 2025-08-29 v3.1.11a (3.1.11a)

(c:/texlive/2026/texmf-dist/tex/generic/pgf/math/pgfmath.code.tex
(c:/texlive/2026/texmf-dist/tex/generic/pgf/math/pgfmathutil.code.tex)
(c:/texlive/2026/texmf-dist/tex/generic/pgf/math/pgfmathparser.code.tex
\pgfmath@dimen=\dimen358
\pgfmath@count=\count411
\pgfmath@box=\box103
\pgfmath@toks=\toks50
\pgfmath@stack@operand=\toks51
\pgfmath@stack@operation=\toks52
)
(c:/texlive/2026/texmf-dist/tex/generic/pgf/math/pgfmathfunctions.code.tex)
(c:/texlive/2026/texmf-dist/tex/generic/pgf/math/pgfmathfunctions.basic.code.te
x)
(c:/texlive/2026/texmf-dist/tex/generic/pgf/math/pgfmathfunctions.trigonometric
.code.tex)
(c:/texlive/2026/texmf-dist/tex/generic/pgf/math/pgfmathfunctions.random.code.t
ex)
(c:/texlive/2026/texmf-dist/tex/generic/pgf/math/pgfmathfunctions.comparison.co
de.tex)
(c:/texlive/2026/texmf-dist/tex/generic/pgf/math/pgfmathfunctions.base.code.tex
)
(c:/texlive/2026/texmf-dist/tex/generic/pgf/math/pgfmathfunctions.round.code.te
x)
(c:/texlive/2026/texmf-dist/tex/generic/pgf/math/pgfmathfunctions.misc.code.tex
)
(c:/texlive/2026/texmf-dist/tex/generic/pgf/math/pgfmathfunctions.integerarithm
etics.code.tex)
(c:/texlive/2026/texmf-dist/tex/generic/pgf/math/pgfmathcalc.code.tex)
(c:/texlive/2026/texmf-dist/tex/generic/pgf/math/pgfmathfloat.code.tex
\c@pgfmathroundto@lastzeros=\count412
))
(c:/texlive/2026/texmf-dist/tex/generic/pgf/math/pgfint.code.tex)
(c:/texlive/2026/texmf-dist/tex/generic/pgf/basiclayer/pgfcorepoints.code.tex
File: pgfcorepoints.code.tex 2025-08-29 v3.1.11a (3.1.11a)
\pgf@picminx=\dimen359
\pgf@picmaxx=\dimen360
\pgf@picminy=\dimen361
\pgf@picmaxy=\dimen362
\pgf@pathminx=\dimen363
\pgf@pathmaxx=\dimen364
\pgf@pathminy=\dimen365
\pgf@pathmaxy=\dimen366
\pgf@xx=\dimen367
\pgf@xy=\dimen368
\pgf@yx=\dimen369
\pgf@yy=\dimen370
\pgf@zx=\dimen371
\pgf@zy=\dimen372
)
(c:/texlive/2026/texmf-dist/tex/generic/pgf/basiclayer/pgfcorepathconstruct.cod
e.tex
File: pgfcorepathconstruct.code.tex 2025-08-29 v3.1.11a (3.1.11a)
\pgf@path@lastx=\dimen373
\pgf@path@lasty=\dimen374
)
(c:/texlive/2026/texmf-dist/tex/generic/pgf/basiclayer/pgfcorepathusage.code.te
x
File: pgfcorepathusage.code.tex 2025-08-29 v3.1.11a (3.1.11a)
\pgf@shorten@end@additional=\dimen375
\pgf@shorten@start@additional=\dimen376
)
(c:/texlive/2026/texmf-dist/tex/generic/pgf/basiclayer/pgfcorescopes.code.tex
File: pgfcorescopes.code.tex 2025-08-29 v3.1.11a (3.1.11a)
\pgfpic=\box104
\pgf@hbox=\box105
\pgf@layerbox@main=\box106
\pgf@picture@serial@count=\count413
)
(c:/texlive/2026/texmf-dist/tex/generic/pgf/basiclayer/pgfcoregraphicstate.code
.tex
File: pgfcoregraphicstate.code.tex 2025-08-29 v3.1.11a (3.1.11a)
\pgflinewidth=\dimen377
)
(c:/texlive/2026/texmf-dist/tex/generic/pgf/basiclayer/pgfcoretransformations.c
ode.tex
File: pgfcoretransformations.code.tex 2025-08-29 v3.1.11a (3.1.11a)
\pgf@pt@x=\dimen378
\pgf@pt@y=\dimen379
\pgf@pt@temp=\dimen380
)
(c:/texlive/2026/texmf-dist/tex/generic/pgf/basiclayer/pgfcorequick.code.tex
File: pgfcorequick.code.tex 2025-08-29 v3.1.11a (3.1.11a)
)
(c:/texlive/2026/texmf-dist/tex/generic/pgf/basiclayer/pgfcoreobjects.code.tex
File: pgfcoreobjects.code.tex 2025-08-29 v3.1.11a (3.1.11a)
)
(c:/texlive/2026/texmf-dist/tex/generic/pgf/basiclayer/pgfcorepathprocessing.co
de.tex
File: pgfcorepathprocessing.code.tex 2025-08-29 v3.1.11a (3.1.11a)
)
(c:/texlive/2026/texmf-dist/tex/generic/pgf/basiclayer/pgfcorearrows.code.tex
File: pgfcorearrows.code.tex 2025-08-29 v3.1.11a (3.1.11a)
\pgfarrowsep=\dimen381
)
(c:/texlive/2026/texmf-dist/tex/generic/pgf/basiclayer/pgfcoreshade.code.tex
File: pgfcoreshade.code.tex 2025-08-29 v3.1.11a (3.1.11a)
\pgf@max=\dimen382
\pgf@sys@shading@range@num=\count414
\pgf@shadingcount=\count415
)
(c:/texlive/2026/texmf-dist/tex/generic/pgf/basiclayer/pgfcoreimage.code.tex
File: pgfcoreimage.code.tex 2025-08-29 v3.1.11a (3.1.11a)
)
(c:/texlive/2026/texmf-dist/tex/generic/pgf/basiclayer/pgfcoreexternal.code.tex
File: pgfcoreexternal.code.tex 2025-08-29 v3.1.11a (3.1.11a)
\pgfexternal@startupbox=\box107
) (c:/texlive/2026/texmf-dist/tex/generic/pgf/basiclayer/pgfcorelayers.code.tex
File: pgfcorelayers.code.tex 2025-08-29 v3.1.11a (3.1.11a)
)
(c:/texlive/2026/texmf-dist/tex/generic/pgf/basiclayer/pgfcoretransparency.code
.tex
File: pgfcoretransparency.code.tex 2025-08-29 v3.1.11a (3.1.11a)
)
(c:/texlive/2026/texmf-dist/tex/generic/pgf/basiclayer/pgfcorepatterns.code.tex
File: pgfcorepatterns.code.tex 2025-08-29 v3.1.11a (3.1.11a)
) (c:/texlive/2026/texmf-dist/tex/generic/pgf/basiclayer/pgfcorerdf.code.tex
File: pgfcorerdf.code.tex 2025-08-29 v3.1.11a (3.1.11a)
))) (c:/texlive/2026/texmf-dist/tex/generic/pgf/modules/pgfmoduleshapes.code.te
x
File: pgfmoduleshapes.code.tex 2025-08-29 v3.1.11a (3.1.11a)
\pgfnodeparttextbox=\box108
)
(c:/texlive/2026/texmf-dist/tex/generic/pgf/modules/pgfmoduleplot.code.tex
File: pgfmoduleplot.code.tex 2025-08-29 v3.1.11a (3.1.11a)
)
(c:/texlive/2026/texmf-dist/tex/latex/pgf/compatibility/pgfcomp-version-0-65.st
y
Package: pgfcomp-version-0-65 2025-08-29 v3.1.11a (3.1.11a)
\pgf@nodesepstart=\dimen383
\pgf@nodesepend=\dimen384
)
(c:/texlive/2026/texmf-dist/tex/latex/pgf/compatibility/pgfcomp-version-1-18.st
y
Package: pgfcomp-version-1-18 2025-08-29 v3.1.11a (3.1.11a)
)) (c:/texlive/2026/texmf-dist/tex/latex/pgf/utilities/pgffor.sty
(c:/texlive/2026/texmf-dist/tex/latex/pgf/utilities/pgfkeys.sty
(c:/texlive/2026/texmf-dist/tex/generic/pgf/utilities/pgfkeys.code.tex))
(c:/texlive/2026/texmf-dist/tex/latex/pgf/math/pgfmath.sty
(c:/texlive/2026/texmf-dist/tex/generic/pgf/math/pgfmath.code.tex))
(c:/texlive/2026/texmf-dist/tex/generic/pgf/utilities/pgffor.code.tex
Package: pgffor 2025-08-29 v3.1.11a (3.1.11a)
\pgffor@iter=\dimen385
\pgffor@skip=\dimen386
\pgffor@stack=\toks53
\pgffor@toks=\toks54
))
(c:/texlive/2026/texmf-dist/tex/generic/pgf/frontendlayer/tikz/tikz.code.tex
Package: tikz 2025-08-29 v3.1.11a (3.1.11a)

(c:/texlive/2026/texmf-dist/tex/generic/pgf/libraries/pgflibraryplothandlers.co
de.tex
File: pgflibraryplothandlers.code.tex 2025-08-29 v3.1.11a (3.1.11a)
\pgf@plot@mark@count=\count416
\pgfplotmarksize=\dimen387
)
\tikz@lastx=\dimen388
\tikz@lasty=\dimen389
\tikz@lastxsaved=\dimen390
\tikz@lastysaved=\dimen391
\tikz@lastmovetox=\dimen392
\tikz@lastmovetoy=\dimen393
\tikzleveldistance=\dimen394
\tikzsiblingdistance=\dimen395
\tikz@figbox=\box109
\tikz@figbox@bg=\box110
\tikz@tempbox=\box111
\tikz@tempbox@bg=\box112
\tikztreelevel=\count417
\tikznumberofchildren=\count418
\tikznumberofcurrentchild=\count419
\tikz@fig@count=\count420

(c:/texlive/2026/texmf-dist/tex/generic/pgf/modules/pgfmodulematrix.code.tex
File: pgfmodulematrix.code.tex 2025-08-29 v3.1.11a (3.1.11a)
\pgfmatrixcurrentrow=\count421
\pgfmatrixcurrentcolumn=\count422
\pgf@matrix@numberofcolumns=\count423
)
\tikz@expandcount=\count424

(c:/texlive/2026/texmf-dist/tex/generic/pgf/frontendlayer/tikz/libraries/tikzli
brarytopaths.code.tex
File: tikzlibrarytopaths.code.tex 2025-08-29 v3.1.11a (3.1.11a)
)))) (./general.aux
Package babel Info: 'russian' activates 'russian' shorthands.
(babel)             Reported on input line 9.


LaTeX Warning: Label `pic:LD_VN' multiply defined.

)
\openout1 = general.aux

LaTeX Font Info:    Checking defaults for OML/cmm/m/it on input line 31.
LaTeX Font Info:    ... okay on input line 31.
LaTeX Font Info:    Checking defaults for OMS/cmsy/m/n on input line 31.
LaTeX Font Info:    ... okay on input line 31.
LaTeX Font Info:    Checking defaults for OT1/cmr/m/n on input line 31.
LaTeX Font Info:    ... okay on input line 31.
LaTeX Font Info:    Checking defaults for T1/cmr/m/n on input line 31.
LaTeX Font Info:    ... okay on input line 31.
LaTeX Font Info:    Checking defaults for TS1/cmr/m/n on input line 31.
LaTeX Font Info:    ... okay on input line 31.
LaTeX Font Info:    Checking defaults for TU/lmr/m/n on input line 31.
LaTeX Font Info:    ... okay on input line 31.
LaTeX Font Info:    Checking defaults for OMX/cmex/m/n on input line 31.
LaTeX Font Info:    ... okay on input line 31.
LaTeX Font Info:    Checking defaults for U/cmr/m/n on input line 31.
LaTeX Font Info:    ... okay on input line 31.
LaTeX Font Info:    Checking defaults for PD1/pdf/m/n on input line 31.
LaTeX Font Info:    ... okay on input line 31.
LaTeX Font Info:    Checking defaults for PU/pdf/m/n on input line 31.
LaTeX Font Info:    ... okay on input line 31.
LaTeX Font Info:    Overwriting math alphabet `\mathrm' in version `normal'
(Font)                  TU/StixTwoMath(1)/m/n --> TU/lmr/m/n on input line 31.
LaTeX Font Info:    Overwriting math alphabet `\mathit' in version `normal'
(Font)                  OT1/cmr/m/it --> TU/lmr/m/it on input line 31.
LaTeX Font Info:    Overwriting math alphabet `\mathbf' in version `normal'
(Font)                  OT1/cmr/bx/n --> TU/lmr/bx/n on input line 31.
LaTeX Font Info:    Overwriting math alphabet `\mathsf' in version `normal'
(Font)                  OT1/cmss/m/n --> TU/ArialNarrow(0)/m/n on input line 31
.
LaTeX Font Info:    Overwriting math alphabet `\mathsf' in version `bold'
(Font)                  OT1/cmss/bx/n --> TU/ArialNarrow(0)/bx/n on input line 
31.
LaTeX Font Info:    Overwriting math alphabet `\mathtt' in version `normal'
(Font)                  OT1/cmtt/m/n --> TU/lmtt/m/n on input line 31.
LaTeX Font Info:    Overwriting math alphabet `\mathtt' in version `bold'
(Font)                  OT1/cmtt/m/n --> TU/lmtt/bx/n on input line 31.
LaTeX Info: Redefining \th on input line 31.
 (c:/texlive/2026/texmf-dist/tex/context/base/mkii/supp-pdf.mkii
[Loading MPS to PDF converter (version 2006.09.02).]
\scratchcounter=\count425
\scratchdimen=\dimen396
\scratchbox=\box113
\nofMPsegments=\count426
\nofMParguments=\count427
\everyMPshowfont=\toks55
\MPscratchCnt=\count428
\MPscratchDim=\dimen397
\MPnumerator=\count429
\makeMPintoPDFobject=\count430
\everyMPtoPDFconversion=\toks56
) (c:/texlive/2026/texmf-dist/tex/latex/epstopdf-pkg/epstopdf-base.sty
Package: epstopdf-base 2020-01-24 v2.11 Base part for package epstopdf
Package epstopdf-base Info: Redefining graphics rule for `.eps' on input line 4
85.

(c:/texlive/2026/texmf-dist/tex/latex/latexconfig/epstopdf-sys.cfg
File: epstopdf-sys.cfg 2010/07/13 v1.3 Configuration of (r)epstopdf for TeX Liv
e
))
*geometry* driver: auto-detecting
*geometry* detected driver: luatex
*geometry* verbose mode - [ preamble ] result:
* driver: luatex
* paper: a4paper
* layout: <same size as paper>
* layoutoffset:(h,v)=(0.0pt,0.0pt)
* modes: includehead includefoot 
* h-part:(L,W,R)=(62.59605pt, 506.45908pt, 28.45274pt)
* v-part:(T,H,B)=(17.07164pt, 810.90356pt, 17.07164pt)
* \paperwidth=597.50787pt
* \paperheight=845.04684pt
* \textwidth=506.45908pt
* \textheight=767.95084pt
* \oddsidemargin=-9.67393pt
* \evensidemargin=-9.67393pt
* \topmargin=-55.19835pt
* \headheight=14.5pt
* \headsep=8.53581pt
* \topskip=22.0pt
* \footskip=19.91692pt
* \marginparwidth=0.0pt
* \marginparsep=0.0pt
* \columnsep=10.0pt
* \skip\footins=10.8pt plus 4.0pt minus 2.0pt
* \hoffset=0.0pt
* \voffset=0.0pt
* \mag=1000
* \@twocolumnfalse
* \@twosidefalse
* \@mparswitchfalse
* \@reversemarginfalse
* (1in=72.27pt=25.4mm, 1cm=28.453pt)

Package caption Info: Begin \AtBeginDocument code.
Package caption Info: float package is loaded.
Package caption Info: hyperref package is loaded.
Package caption Info: End \AtBeginDocument code.
Package hyperref Info: Link coloring OFF on input line 31.
(./general.out) (./general.out)
\@outlinefile=\write4

\openout4 = general.out
LaTeX Info: Redefining \microtypecontext on input line 31.
Package microtype Info: Applying patch `item' on input line 31.
Package microtype Info: Applying patch `toc' on input line 31.
Package microtype Info: Applying patch `eqnum' on input line 31.
Package microtype Info: Applying patch `footnote' on input line 31.
Package microtype Info: Applying patch `verbatim' on input line 31.
LaTeX Info: Redefining \microtypesetup on input line 31.
Package microtype Info: Generating PDF output.
Package microtype Info: Character protrusion enabled (level 2).
Package microtype Info: Using default protrusion set `alltext'.
Package microtype Info: Automatic font expansion enabled (level 2),
(microtype)             stretch: 20, shrink: 20, step: 1, non-selected.
Package microtype Info: Using default expansion set `alltext-nott'.
Package microtype Info: Patching command `\showhyphens'.
Package microtype Info: No adjustment of tracking.
Package microtype Info: No adjustment of spacing.
Package microtype Info: No adjustment of kerning.
Package microtype Info: Loading generic protrusion settings for font family
(microtype)             `ArialNarrow' (encoding: TU).
(microtype)             For optimal results, create family-specific settings.
(microtype)             See the microtype manual for details.

("//uni-eng.ru/unit/Ivanovo/Документация ЮНИТ М300/Разра
ботка/Схемы ФБ ЮНИТ-М300/Проект/РЭ500/99. Общие 
разделы РЭ//title0.tex")
<//uni-eng.ru/unit/Ivanovo/Документация ЮНИТ М300/Разра
ботка/Схемы ФБ ЮНИТ-М300/Проект/РЭ500/99. Общие 
разделы РЭ//img/uni_old2.pdf, id=67, 1160.33183pt x 235.87335pt>
File: //uni-eng.ru/unit/Ivanovo/Документация ЮНИТ М300/Раз
работка/Схемы ФБ ЮНИТ-М300/Проект/РЭ500/99. Общ
ие разделы РЭ//img/uni_old2.pdf Graphic file (type pdf)
<use //uni-eng.ru/unit/Ivanovo/Документация ЮНИТ М300/Раз
работка/Схемы ФБ ЮНИТ-М300/Проект/РЭ500/99. Общ
ие разделы РЭ//img/uni_old2.pdf>
Package luatex.def Info: //uni-eng.ru/unit/Ivanovo/Документация Ю
НИТ М300/Разработка/Схемы ФБ ЮНИТ-М300/Проект/
РЭ500/99. Общие разделы РЭ//img/uni_old2.pdf  used on input lin
e 35.
(luatex.def)             Requested size: 232.06226pt x 47.17383pt.


Package fancyhdr Warning: \headheight is too small (14.5pt): 
(fancyhdr)                Make it at least 58.6224pt, for example:
(fancyhdr)                \setlength{\headheight}{58.6224pt}.
(fancyhdr)                You might also make \topmargin smaller:
(fancyhdr)                \addtolength{\topmargin}{-44.1224pt}.

[1{c:/texlive/2026/texmf-var/fonts/map/pdftex/updmap/pdftex.map}

<//uni-eng.ru/unit/Ivanovo/Документация ЮНИТ М300/Разра
ботка/Схемы ФБ ЮНИТ-М300/Проект/РЭ500/99. Общие 
разделы РЭ//img/uni_old2.pdf>]
("//uni-eng.ru/unit/Ivanovo/Документация ЮНИТ М300/Разра
ботка/Схемы ФБ ЮНИТ-М300/Проект/РЭ500/99. Общие 
разделы РЭ//title1.tex"
Package microtype Info: Loading generic protrusion settings for font family
(microtype)             `StixTwoMath' (encoding: TU).
(microtype)             For optimal results, create family-specific settings.
(microtype)             See the microtype manual for details.


Package enumitem Warning: Negative labelwidth. This does not make much
(enumitem)                sense, on input line 25.


Overfull \hbox (2.33063pt too wide) in paragraph at lines 31--32
[]\TU/ArialNarrow(0)/m/n/12 СТО 34.01-6.2-002-2024 «Контроллеры 
при-со-еди-не-ния, пре-об-ра-зо-ва-те-ли дис-к
рет-ных сиг-на-лов. Типовые
 []


Package fancyhdr Warning: \headheight is too small (14.5pt): 
(fancyhdr)                Make it at least 15.99998pt, for example:
(fancyhdr)                \setlength{\headheight}{15.99998pt}.
(fancyhdr)                You might also make \topmargin smaller:
(fancyhdr)                \addtolength{\topmargin}{-1.49998pt}.

[2

]

Package enumitem Warning: Negative labelwidth. This does not make much
(enumitem)                sense, on input line 101.

)

Package fancyhdr Warning: \headheight is too small (14.5pt): 
(fancyhdr)                Make it at least 15.99998pt, for example:
(fancyhdr)                \setlength{\headheight}{15.99998pt}.
(fancyhdr)                You might also make \topmargin smaller:
(fancyhdr)                \addtolength{\topmargin}{-1.49998pt}.

[3]
("//uni-eng.ru/unit/Ivanovo/Документация ЮНИТ М300/Разра
ботка/Схемы ФБ ЮНИТ-М300/Проект/РЭ500/99. Общие 
разделы РЭ//toc.tex" (./general.toc

Package fancyhdr Warning: \headheight is too small (14.5pt): 
(fancyhdr)                Make it at least 15.99998pt, for example:
(fancyhdr)                \setlength{\headheight}{15.99998pt}.
(fancyhdr)                You might also make \topmargin smaller:
(fancyhdr)                \addtolength{\topmargin}{-1.49998pt}.

[4

])
\tf@toc=\write5

\openout5 = general.toc
)

Package fancyhdr Warning: \headheight is too small (14.5pt): 
(fancyhdr)                Make it at least 15.99998pt, for example:
(fancyhdr)                \setlength{\headheight}{15.99998pt}.
(fancyhdr)                You might also make \topmargin smaller:
(fancyhdr)                \addtolength{\topmargin}{-1.49998pt}.

[5] (./toa_general.tex
\abbrgap=\skip125
\abbrwidth=\skip126

Underfull \hbox (badness 10000) detected at line 28
[]\TU/ArialNarrow(0)/m/n/12 GOOSE -- []
 []


Underfull \hbox (badness 10000) detected at line 29
[]\TU/ArialNarrow(0)/m/n/12 IRF -- []
 []


Underfull \hbox (badness 10000) detected at line 30
[]\TU/ArialNarrow(0)/m/n/12 PPS -- []
 []


Underfull \hbox (badness 10000) detected at line 31
[]\TU/ArialNarrow(0)/m/n/12 PTP -- []
 []


Underfull \hbox (badness 10000) detected at line 32
[]\TU/ArialNarrow(0)/m/n/12 SNTP -- []
 []


Underfull \hbox (badness 10000) detected at line 33
[]\TU/ArialNarrow(0)/m/n/12 АВР -- []
 []


Underfull \hbox (badness 10000) detected at line 34
[]\TU/ArialNarrow(0)/m/n/12 АОТ -- []
 []


Underfull \hbox (badness 10000) detected at line 35
[]\TU/ArialNarrow(0)/m/n/12 АПВ -- []
 []


Underfull \hbox (badness 10000) detected at line 36
[]\TU/ArialNarrow(0)/m/n/12 АПТ -- []
 []


Underfull \hbox (badness 10000) detected at line 37
[]\TU/ArialNarrow(0)/m/n/12 АСУ ТП -- []
 []


Underfull \hbox (badness 10000) detected at line 38
[]\TU/ArialNarrow(0)/m/n/12 АУВ -- []
 []


Underfull \hbox (badness 10000) detected at line 39
[]\TU/ArialNarrow(0)/m/n/12 АЦП -- []
 []


Underfull \hbox (badness 10000) detected at line 40
[]\TU/ArialNarrow(0)/m/n/12 БИ -- []
 []


Underfull \hbox (badness 10000) detected at line 41
[]\TU/ArialNarrow(0)/m/n/12 БКУ -- []
 []


Underfull \hbox (badness 10000) detected at line 42
[]\TU/ArialNarrow(0)/m/n/12 БНН -- []
 []


Underfull \hbox (badness 10000) detected at line 43
[]\TU/ArialNarrow(0)/m/n/12 БНТ -- []
 []


Underfull \hbox (badness 10000) detected at line 44
[]\TU/ArialNarrow(0)/m/n/12 БУ -- []
 []


Underfull \hbox (badness 10000) detected at line 45
[]\TU/ArialNarrow(0)/m/n/12 ВВ -- []
 []


Underfull \hbox (badness 10000) detected at line 46
[]\TU/ArialNarrow(0)/m/n/12 ВН -- []
 []


Underfull \hbox (badness 10000) detected at line 47
[]\TU/ArialNarrow(0)/m/n/12 ВЧ -- []
 []


Underfull \hbox (badness 10000) detected at line 48
[]\TU/ArialNarrow(0)/m/n/12 ВЧПП -- []
 []


Underfull \hbox (badness 10000) detected at line 49
[]\TU/ArialNarrow(0)/m/n/12 ГЗ -- []
 []


Underfull \hbox (badness 10000) detected at line 50
[]\TU/ArialNarrow(0)/m/n/12 ДЗ -- []
 []


Underfull \hbox (badness 10000) detected at line 51
[]\TU/ArialNarrow(0)/m/n/12 ДЗО -- []
 []


Underfull \hbox (badness 10000) detected at line 52
[]\TU/ArialNarrow(0)/m/n/12 ДЗТ -- []
 []


Underfull \hbox (badness 10000) detected at line 53
[]\TU/ArialNarrow(0)/m/n/12 ДЗШ -- []
 []


Underfull \hbox (badness 10000) detected at line 54
[]\TU/ArialNarrow(0)/m/n/12 ДО -- []
 []


Underfull \hbox (badness 10000) detected at line 55
[]\TU/ArialNarrow(0)/m/n/12 ДОТХ -- []
 []


Underfull \hbox (badness 10000) detected at line 56
[]\TU/ArialNarrow(0)/m/n/12 ДТЗ -- []
 []


Underfull \hbox (badness 10000) detected at line 57
[]\TU/ArialNarrow(0)/m/n/12 ДТЗт -- []
 []


Underfull \hbox (badness 10000) detected at line 58
[]\TU/ArialNarrow(0)/m/n/12 ДТО -- []
 []


Underfull \hbox (badness 10000) detected at line 59
[]\TU/ArialNarrow(0)/m/n/12 ДТм -- []
 []


Underfull \hbox (badness 10000) detected at line 60
[]\TU/ArialNarrow(0)/m/n/12 ДТо -- []
 []


Underfull \hbox (badness 10000) detected at line 61
[]\TU/ArialNarrow(0)/m/n/12 ДФЗ -- []
 []


Underfull \hbox (badness 10000) detected at line 62
[]\TU/ArialNarrow(0)/m/n/12 ЕЭС -- []
 []


Underfull \hbox (badness 10000) detected at line 63
[]\TU/ArialNarrow(0)/m/n/12 ЗАПВ -- []
 []


Underfull \hbox (badness 10000) detected at line 64
[]\TU/ArialNarrow(0)/m/n/12 ЗДЗ -- []
 []


Underfull \hbox (badness 10000) detected at line 65
[]\TU/ArialNarrow(0)/m/n/12 ЗИП -- []
 []


Underfull \hbox (badness 10000) detected at line 66
[]\TU/ArialNarrow(0)/m/n/12 ЗНР -- []
 []


Underfull \hbox (badness 10000) detected at line 67
[]\TU/ArialNarrow(0)/m/n/12 ЗНФ -- []
 []


Underfull \hbox (badness 10000) detected at line 68
[]\TU/ArialNarrow(0)/m/n/12 ЗП -- []
 []


Underfull \hbox (badness 10000) detected at line 69
[]\TU/ArialNarrow(0)/m/n/12 ЗПН -- []
 []


Underfull \hbox (badness 10000) detected at line 70
[]\TU/ArialNarrow(0)/m/n/12 ЗПО -- []
 []


Underfull \hbox (badness 10000) detected at line 71
[]\TU/ArialNarrow(0)/m/n/12 ИО -- []
 []


Underfull \hbox (badness 10000) detected at line 72
[]\TU/ArialNarrow(0)/m/n/12 ИЧМ -- []
 []


Underfull \hbox (badness 10000) detected at line 73
[]\TU/ArialNarrow(0)/m/n/12 КЗ -- []
 []


Underfull \hbox (badness 10000) detected at line 74
[]\TU/ArialNarrow(0)/m/n/12 КИ -- []
 []


Underfull \hbox (badness 10000) detected at line 75
[]\TU/ArialNarrow(0)/m/n/12 КОН -- []
 []


Underfull \hbox (badness 10000) detected at line 76
[]\TU/ArialNarrow(0)/m/n/12 КПОВ -- []
 []


Underfull \hbox (badness 10000) detected at line 77
[]\TU/ArialNarrow(0)/m/n/12 КПОН -- []
 []


Underfull \hbox (badness 10000) detected at line 78
[]\TU/ArialNarrow(0)/m/n/12 КС -- []
 []


Package fancyhdr Warning: \headheight is too small (14.5pt): 
(fancyhdr)                Make it at least 15.99998pt, for example:
(fancyhdr)                \setlength{\headheight}{15.99998pt}.
(fancyhdr)                You might also make \topmargin smaller:
(fancyhdr)                \addtolength{\topmargin}{-1.49998pt}.

[6

]
Underfull \hbox (badness 10000) detected at line 79
[]\TU/ArialNarrow(0)/m/n/12 КСВ -- []
 []


Underfull \hbox (badness 10000) detected at line 80
[]\TU/ArialNarrow(0)/m/n/12 КСН -- []
 []


Underfull \hbox (badness 10000) detected at line 81
[]\TU/ArialNarrow(0)/m/n/12 КЦН -- []
 []


Underfull \hbox (badness 10000) detected at line 82
[]\TU/ArialNarrow(0)/m/n/12 КЦТ -- []
 []


Underfull \hbox (badness 10000) detected at line 83
[]\TU/ArialNarrow(0)/m/n/12 ЛВ -- []
 []


Underfull \hbox (badness 10000) detected at line 84
[]\TU/ArialNarrow(0)/m/n/12 ЛД -- []
 []


Underfull \hbox (badness 10000) detected at line 85
[]\TU/ArialNarrow(0)/m/n/12 ЛО -- []
 []


Underfull \hbox (badness 10000) detected at line 86
[]\TU/ArialNarrow(0)/m/n/12 ЛППТ -- []
 []


Underfull \hbox (badness 10000) detected at line 87
[]\TU/ArialNarrow(0)/m/n/12 ЛРТ -- []
 []


Underfull \hbox (badness 10000) detected at line 88
[]\TU/ArialNarrow(0)/m/n/12 МТЗ -- []
 []


Underfull \hbox (badness 10000) detected at line 89
[]\TU/ArialNarrow(0)/m/n/12 МЭК -- []
 []


Underfull \hbox (badness 10000) detected at line 90
[]\TU/ArialNarrow(0)/m/n/12 НВЧЗ -- []
 []


Underfull \hbox (badness 10000) detected at line 91
[]\TU/ArialNarrow(0)/m/n/12 НН -- []
 []


Underfull \hbox (badness 10000) detected at line 92
[]\TU/ArialNarrow(0)/m/n/12 ОВ -- []
 []


Underfull \hbox (badness 10000) detected at line 93
[]\TU/ArialNarrow(0)/m/n/12 ОЗ -- []
 []


Underfull \hbox (badness 10000) detected at line 94
[]\TU/ArialNarrow(0)/m/n/12 ОЗУ -- []
 []


Underfull \hbox (badness 10000) detected at line 95
[]\TU/ArialNarrow(0)/m/n/12 ОК -- []
 []


Underfull \hbox (badness 10000) detected at line 96
[]\TU/ArialNarrow(0)/m/n/12 ОНМ -- []
 []


Underfull \hbox (badness 10000) detected at line 97
[]\TU/ArialNarrow(0)/m/n/12 ОР -- []
 []


Underfull \hbox (badness 10000) detected at line 98
[]\TU/ArialNarrow(0)/m/n/12 ОТ -- []
 []


Underfull \hbox (badness 10000) detected at line 99
[]\TU/ArialNarrow(0)/m/n/12 ПА -- []
 []


Underfull \hbox (badness 10000) detected at line 100
[]\TU/ArialNarrow(0)/m/n/12 ПДС -- []
 []


Underfull \hbox (badness 10000) detected at line 101
[]\TU/ArialNarrow(0)/m/n/12 ПЗУ -- []
 []


Underfull \hbox (badness 10000) detected at line 102
[]\TU/ArialNarrow(0)/m/n/12 ПК -- []
 []


Underfull \hbox (badness 10000) detected at line 103
[]\TU/ArialNarrow(0)/m/n/12 ПО -- []
 []


Underfull \hbox (badness 10000) detected at line 104
[]\TU/ArialNarrow(0)/m/n/12 ПРД -- []
 []


Underfull \hbox (badness 10000) detected at line 105
[]\TU/ArialNarrow(0)/m/n/12 ПРМ -- []
 []


Underfull \hbox (badness 10000) detected at line 106
[]\TU/ArialNarrow(0)/m/n/12 ПТ -- []
 []


Underfull \hbox (badness 10000) detected at line 107
[]\TU/ArialNarrow(0)/m/n/12 РД -- []
 []


Underfull \hbox (badness 10000) detected at line 108
[]\TU/ArialNarrow(0)/m/n/12 РЗ -- []
 []


Underfull \hbox (badness 10000) detected at line 109
[]\TU/ArialNarrow(0)/m/n/12 РЗА -- []
 []


Underfull \hbox (badness 10000) detected at line 110
[]\TU/ArialNarrow(0)/m/n/12 РЗН -- []
 []


Underfull \hbox (badness 10000) detected at line 111
[]\TU/ArialNarrow(0)/m/n/12 РКВ -- []
 []


Underfull \hbox (badness 10000) detected at line 112
[]\TU/ArialNarrow(0)/m/n/12 РКИ -- []
 []


Underfull \hbox (badness 10000) detected at line 113
[]\TU/ArialNarrow(0)/m/n/12 РКО -- []
 []


Underfull \hbox (badness 10000) detected at line 114
[]\TU/ArialNarrow(0)/m/n/12 РН -- []
 []


Underfull \hbox (badness 10000) detected at line 115
[]\TU/ArialNarrow(0)/m/n/12 РНМ -- []
 []


Underfull \hbox (badness 10000) detected at line 116
[]\TU/ArialNarrow(0)/m/n/12 РПВ -- []
 []


Underfull \hbox (badness 10000) detected at line 117
[]\TU/ArialNarrow(0)/m/n/12 РПН -- []
 []


Underfull \hbox (badness 10000) detected at line 118
[]\TU/ArialNarrow(0)/m/n/12 РС -- []
 []


Underfull \hbox (badness 10000) detected at line 119
[]\TU/ArialNarrow(0)/m/n/12 РТ -- []
 []


Underfull \hbox (badness 10000) detected at line 120
[]\TU/ArialNarrow(0)/m/n/12 РТПО -- []
 []


Underfull \hbox (badness 10000) detected at line 121
[]\TU/ArialNarrow(0)/m/n/12 РУ -- []
 []


Underfull \hbox (badness 10000) detected at line 122
[]\TU/ArialNarrow(0)/m/n/12 РФ -- []
 []


Underfull \hbox (badness 10000) detected at line 123
[]\TU/ArialNarrow(0)/m/n/12 РФК -- []
 []


Underfull \hbox (badness 10000) detected at line 124
[]\TU/ArialNarrow(0)/m/n/12 РФП -- []
 []


Underfull \hbox (badness 10000) detected at line 125
[]\TU/ArialNarrow(0)/m/n/12 РЭ -- []
 []


Underfull \hbox (badness 10000) detected at line 126
[]\TU/ArialNarrow(0)/m/n/12 СВ -- []
 []


Underfull \hbox (badness 10000) detected at line 127
[]\TU/ArialNarrow(0)/m/n/12 СН -- []
 []


Underfull \hbox (badness 10000) detected at line 128
[]\TU/ArialNarrow(0)/m/n/12 СО -- []
 []


Underfull \hbox (badness 10000) detected at line 129
[]\TU/ArialNarrow(0)/m/n/12 ССПИ -- []
 []


Underfull \hbox (badness 10000) detected at line 130
[]\TU/ArialNarrow(0)/m/n/12 СШ -- []
 []


Package fancyhdr Warning: \headheight is too small (14.5pt): 
(fancyhdr)                Make it at least 15.99998pt, for example:
(fancyhdr)                \setlength{\headheight}{15.99998pt}.
(fancyhdr)                You might also make \topmargin smaller:
(fancyhdr)                \addtolength{\topmargin}{-1.49998pt}.

[7]
Underfull \hbox (badness 10000) detected at line 131
[]\TU/ArialNarrow(0)/m/n/12 ТЗ -- []
 []


Underfull \hbox (badness 10000) detected at line 132
[]\TU/ArialNarrow(0)/m/n/12 ТЗНП -- []
 []


Underfull \hbox (badness 10000) detected at line 133
[]\TU/ArialNarrow(0)/m/n/12 ТК -- []
 []


Underfull \hbox (badness 10000) detected at line 134
[]\TU/ArialNarrow(0)/m/n/12 ТН -- []
 []


Underfull \hbox (badness 10000) detected at line 135
[]\TU/ArialNarrow(0)/m/n/12 ТО -- []
 []


Underfull \hbox (badness 10000) detected at line 136
[]\TU/ArialNarrow(0)/m/n/12 ТР -- []
 []


Underfull \hbox (badness 10000) detected at line 137
[]\TU/ArialNarrow(0)/m/n/12 ТС -- []
 []


Underfull \hbox (badness 10000) detected at line 138
[]\TU/ArialNarrow(0)/m/n/12 ТТ -- []
 []


Underfull \hbox (badness 10000) detected at line 139
[]\TU/ArialNarrow(0)/m/n/12 ТУ -- []
 []


Underfull \hbox (badness 10000) detected at line 140
[]\TU/ArialNarrow(0)/m/n/12 УВ -- []
 []


Underfull \hbox (badness 10000) detected at line 141
[]\TU/ArialNarrow(0)/m/n/12 УРОВ -- []
 []


Underfull \hbox (badness 10000) detected at line 142
[]\TU/ArialNarrow(0)/m/n/12 УС -- []
 []


Underfull \hbox (badness 10000) detected at line 143
[]\TU/ArialNarrow(0)/m/n/12 ФБ -- []
 []


Underfull \hbox (badness 10000) detected at line 144
[]\TU/ArialNarrow(0)/m/n/12 ФПВ -- []
 []


Underfull \hbox (badness 10000) detected at line 145
[]\TU/ArialNarrow(0)/m/n/12 ФСУ -- []
 []


Underfull \hbox (badness 10000) detected at line 146
[]\TU/ArialNarrow(0)/m/n/12 ЦВ -- []
 []


Underfull \hbox (badness 10000) detected at line 147
[]\TU/ArialNarrow(0)/m/n/12 ЦО -- []
 []


Underfull \hbox (badness 10000) detected at line 148
[]\TU/ArialNarrow(0)/m/n/12 ЦОС -- []
 []


Underfull \hbox (badness 10000) detected at line 149
[]\TU/ArialNarrow(0)/m/n/12 ЦП -- []
 []


Underfull \hbox (badness 10000) detected at line 150
[]\TU/ArialNarrow(0)/m/n/12 ЦПС -- []
 []


Underfull \hbox (badness 10000) detected at line 151
[]\TU/ArialNarrow(0)/m/n/12 ЦУ -- []
 []


Underfull \hbox (badness 10000) detected at line 152
[]\TU/ArialNarrow(0)/m/n/12 ШАОТ -- []
 []


Underfull \hbox (badness 10000) detected at line 153
[]\TU/ArialNarrow(0)/m/n/12 ШП -- []
 []


Underfull \hbox (badness 10000) detected at line 154
[]\TU/ArialNarrow(0)/m/n/12 ШСВ -- []
 []


Underfull \hbox (badness 10000) detected at line 155
[]\TU/ArialNarrow(0)/m/n/12 ШЭТ -- []
 []


Underfull \hbox (badness 10000) detected at line 156
[]\TU/ArialNarrow(0)/m/n/12 ЭМВ -- []
 []


Underfull \hbox (badness 10000) detected at line 157
[]\TU/ArialNarrow(0)/m/n/12 ЭМО -- []
 []


Underfull \hbox (badness 10000) detected at line 158
[]\TU/ArialNarrow(0)/m/n/12 ЭМУ -- []
 []

)

Package fancyhdr Warning: \headheight is too small (14.5pt): 
(fancyhdr)                Make it at least 15.99998pt, for example:
(fancyhdr)                \setlength{\headheight}{15.99998pt}.
(fancyhdr)                You might also make \topmargin smaller:
(fancyhdr)                \addtolength{\topmargin}{-1.49998pt}.

[8]
("//uni-eng.ru/unit/Ivanovo/Документация ЮНИТ М300/Разра
ботка/Схемы ФБ ЮНИТ-М300/Проект/РЭ500/99. Общие 
разделы РЭ//section1.tex"
Inserting `luaotfload.letterspace' in `pre_linebreak_filter'.
Inserting `luaotfload.letterspace' in `hpack_filter'.

Package enumitem Warning: Negative labelwidth. This does not make much
(enumitem)                sense, on input line 135.


Package fancyhdr Warning: \headheight is too small (14.5pt): 
(fancyhdr)                Make it at least 15.99998pt, for example:
(fancyhdr)                \setlength{\headheight}{15.99998pt}.
(fancyhdr)                You might also make \topmargin smaller:
(fancyhdr)                \addtolength{\topmargin}{-1.49998pt}.

[9

]

LaTeX Warning: Reference `app:set' on page 10 undefined on input line 154.


Package enumitem Warning: Negative labelwidth. This does not make much
(enumitem)                sense, on input line 198.


Package fancyhdr Warning: \headheight is too small (14.5pt): 
(fancyhdr)                Make it at least 15.99998pt, for example:
(fancyhdr)                \setlength{\headheight}{15.99998pt}.
(fancyhdr)                You might also make \topmargin smaller:
(fancyhdr)                \addtolength{\topmargin}{-1.49998pt}.

[10]

Package enumitem Warning: Negative labelwidth. This does not make much
(enumitem)                sense, on input line 236.


Package enumitem Warning: Negative labelwidth. This does not make much
(enumitem)                sense, on input line 265.


Package fancyhdr Warning: \headheight is too small (14.5pt): 
(fancyhdr)                Make it at least 15.99998pt, for example:
(fancyhdr)                \setlength{\headheight}{15.99998pt}.
(fancyhdr)                You might also make \topmargin smaller:
(fancyhdr)                \addtolength{\topmargin}{-1.49998pt}.

[11]

Package enumitem Warning: Negative labelwidth. This does not make much
(enumitem)                sense, on input line 281.


Package enumitem Warning: Negative labelwidth. This does not make much
(enumitem)                sense, on input line 305.


Package enumitem Warning: Negative labelwidth. This does not make much
(enumitem)                sense, on input line 322.


Package fancyhdr Warning: \headheight is too small (14.5pt): 
(fancyhdr)                Make it at least 15.99998pt, for example:
(fancyhdr)                \setlength{\headheight}{15.99998pt}.
(fancyhdr)                You might also make \topmargin smaller:
(fancyhdr)                \addtolength{\topmargin}{-1.49998pt}.

[12]

Package enumitem Warning: Negative labelwidth. This does not make much
(enumitem)                sense, on input line 333.


Package enumitem Warning: Negative labelwidth. This does not make much
(enumitem)                sense, on input line 340.


Overfull \hbox (2.95848pt too wide) in paragraph at lines 343--344
[]\TU/ArialNarrow(0)/m/n/12 Пользователь мо-жет быть за-
бло-ки-ро-ван при-ну-ди-тель-но поль-зо-ва-те-
лем с ро-лью Администратор.
 []


Overfull \hbox (0.88pt too wide) in paragraph at lines 354--354
 [][]\TU/fontawesome7free/solid/n/24.88 [] 
 []


Package fancyhdr Warning: \headheight is too small (14.5pt): 
(fancyhdr)                Make it at least 15.99998pt, for example:
(fancyhdr)                \setlength{\headheight}{15.99998pt}.
(fancyhdr)                You might also make \topmargin smaller:
(fancyhdr)                \addtolength{\topmargin}{-1.49998pt}.

[13]

Package enumitem Warning: Negative labelwidth. This does not make much
(enumitem)                sense, on input line 384.

)

Package fancyhdr Warning: \headheight is too small (14.5pt): 
(fancyhdr)                Make it at least 15.99998pt, for example:
(fancyhdr)                \setlength{\headheight}{15.99998pt}.
(fancyhdr)                You might also make \topmargin smaller:
(fancyhdr)                \addtolength{\topmargin}{-1.49998pt}.

[14]
("//uni-eng.ru/unit/Ivanovo/Документация ЮНИТ М300/Разра
ботка/Схемы ФБ ЮНИТ-М300/Проект/РЭ500/99. Общие 
разделы РЭ//section2.tex"

Package enumitem Warning: Negative labelwidth. This does not make much
(enumitem)                sense, on input line 27.

)

Package fancyhdr Warning: \headheight is too small (14.5pt): 
(fancyhdr)                Make it at least 15.99998pt, for example:
(fancyhdr)                \setlength{\headheight}{15.99998pt}.
(fancyhdr)                You might also make \topmargin smaller:
(fancyhdr)                \addtolength{\topmargin}{-1.49998pt}.

[15

]
("//uni-eng.ru/unit/Ivanovo/Документация ЮНИТ М300/Разра
ботка/Схемы ФБ ЮНИТ-М300/Проект/БД500/desc//06.02 Д
ЗАТ/041.0611 ДТЗ/dtz.tex"
LaTeX Font Info:    Font shape `TU/ArialNarrow(0)/m/sl' in size <12> not availa
ble
(Font)              Font shape `TU/ArialNarrow(0)/m/it' tried instead on input 
line 30.

(c:/texlive/2026/texmf-dist/tex/latex/microtype/mt-LatinModernRoman.cfg
File: mt-LatinModernRoman.cfg 2026/02/26 v1.2 microtype config. file: Latin Mod
ern Roman (RS)
)

Package fancyhdr Warning: \headheight is too small (14.5pt): 
(fancyhdr)                Make it at least 15.99998pt, for example:
(fancyhdr)                \setlength{\headheight}{15.99998pt}.
(fancyhdr)                You might also make \topmargin smaller:
(fancyhdr)                \addtolength{\topmargin}{-1.49998pt}.

[16

]
Overfull \hbox (1.10786pt too wide) in alignment at lines 88--95
 [][][][][][] 
 []


Overfull \hbox (1.10786pt too wide) in alignment at lines 95--102
 [][][][][][] 
 []


Overfull \hbox (1.10786pt too wide) in alignment at lines 102--104
 [][][][][][] 
 []


Overfull \hbox (1.10786pt too wide) in alignment at lines 104--105
 [][][][][][] 
 []


Overfull \hbox (1.10786pt too wide) in alignment at lines 105--155
 [][][][][][] 
 []

<//uni-eng.ru/unit/Ivanovo/Документация ЮНИТ М300/Разра
ботка/Схемы ФБ ЮНИТ-М300/Проект/БД500/desc//06.02 Д
ЗАТ/041.0611 ДТЗ/img/DTO.pdf, id=402, 514.50917pt x 176.91093pt>
File: //uni-eng.ru/unit/Ivanovo/Документация ЮНИТ М300/Раз
работка/Схемы ФБ ЮНИТ-М300/Проект/БД500/desc//06.02 
ДЗАТ/041.0611 ДТЗ/img/DTO.pdf Graphic file (type pdf)
<use //uni-eng.ru/unit/Ivanovo/Документация ЮНИТ М300/Раз
работка/Схемы ФБ ЮНИТ-М300/Проект/БД500/desc//06.02 
ДЗАТ/041.0611 ДТЗ/img/DTO.pdf>
Package luatex.def Info: //uni-eng.ru/unit/Ivanovo/Документация Ю
НИТ М300/Разработка/Схемы ФБ ЮНИТ-М300/Проект/
БД500/desc//06.02 ДЗАТ/041.0611 ДТЗ/img/DTO.pdf  used on input line 17
0.
(luatex.def)             Requested size: 506.46088pt x 174.14355pt.
<//uni-eng.ru/unit/Ivanovo/Документация ЮНИТ М300/Разра
ботка/Схемы ФБ ЮНИТ-М300/Проект/БД500/desc//06.02 Д
ЗАТ/041.0611 ДТЗ/img/dz_har.pdf, id=404, 294.26073pt x 196.43512pt>
File: //uni-eng.ru/unit/Ivanovo/Документация ЮНИТ М300/Раз
работка/Схемы ФБ ЮНИТ-М300/Проект/БД500/desc//06.02 
ДЗАТ/041.0611 ДТЗ/img/dz_har.pdf Graphic file (type pdf)
<use //uni-eng.ru/unit/Ivanovo/Документация ЮНИТ М300/Раз
работка/Схемы ФБ ЮНИТ-М300/Проект/БД500/desc//06.02 
ДЗАТ/041.0611 ДТЗ/img/dz_har.pdf>
Package luatex.def Info: //uni-eng.ru/unit/Ivanovo/Документация Ю
НИТ М300/Разработка/Схемы ФБ ЮНИТ-М300/Проект/
БД500/desc//06.02 ДЗАТ/041.0611 ДТЗ/img/dz_har.pdf  used on input line
 179.
(luatex.def)             Requested size: 253.2344pt x 169.04779pt.

Package fancyhdr Warning: \headheight is too small (14.5pt): 
(fancyhdr)                Make it at least 15.99998pt, for example:
(fancyhdr)                \setlength{\headheight}{15.99998pt}.
(fancyhdr)                You might also make \topmargin smaller:
(fancyhdr)                \addtolength{\topmargin}{-1.49998pt}.

[17<//uni-eng.ru/unit/Ivanovo/Документация ЮНИТ М300/Разр
аботка/Схемы ФБ ЮНИТ-М300/Проект/БД500/desc//06.02 
ДЗАТ/041.0611 ДТЗ/img/DTO.pdf>]

Package enumitem Warning: Negative labelwidth. This does not make much
(enumitem)                sense, on input line 186.


Package enumitem Warning: Negative labelwidth. This does not make much
(enumitem)                sense, on input line 197.

<//uni-eng.ru/unit/Ivanovo/Документация ЮНИТ М300/Разра
ботка/Схемы ФБ ЮНИТ-М300/Проект/БД500/desc//06.02 Д
ЗАТ/041.0611 ДТЗ/img/DTZ.pdf, id=427, 680.53377pt x 424.08998pt>
File: //uni-eng.ru/unit/Ivanovo/Документация ЮНИТ М300/Раз
работка/Схемы ФБ ЮНИТ-М300/Проект/БД500/desc//06.02 
ДЗАТ/041.0611 ДТЗ/img/DTZ.pdf Graphic file (type pdf)
<use //uni-eng.ru/unit/Ivanovo/Документация ЮНИТ М300/Раз
работка/Схемы ФБ ЮНИТ-М300/Проект/БД500/desc//06.02 
ДЗАТ/041.0611 ДТЗ/img/DTZ.pdf>
Package luatex.def Info: //uni-eng.ru/unit/Ivanovo/Документация Ю
НИТ М300/Разработка/Схемы ФБ ЮНИТ-М300/Проект/
БД500/desc//06.02 ДЗАТ/041.0611 ДТЗ/img/DTZ.pdf  used on input line 20
8.
(luatex.def)             Requested size: 506.45311pt x 315.60768pt.

Package fancyhdr Warning: \headheight is too small (14.5pt): 
(fancyhdr)                Make it at least 15.99998pt, for example:
(fancyhdr)                \setlength{\headheight}{15.99998pt}.
(fancyhdr)                You might also make \topmargin smaller:
(fancyhdr)                \addtolength{\topmargin}{-1.49998pt}.

[18<//uni-eng.ru/unit/Ivanovo/Документация ЮНИТ М300/Разр
аботка/Схемы ФБ ЮНИТ-М300/Проект/БД500/desc//06.02 
ДЗАТ/041.0611 ДТЗ/img/dz_har.pdf><//uni-eng.ru/unit/Ivanovo/Докум
ентация ЮНИТ М300/Разработка/Схемы ФБ ЮНИТ-М30
0/Проект/БД500/desc//06.02 ДЗАТ/041.0611 ДТЗ/img/DTZ.pdf>]
<//uni-eng.ru/unit/Ivanovo/Документация ЮНИТ М300/Разра
ботка/Схемы ФБ ЮНИТ-М300/Проект/БД500/desc//06.02 Д
ЗАТ/041.0611 ДТЗ/img/d2g.pdf, id=468, 675.02188pt x 287.57437pt>
File: //uni-eng.ru/unit/Ivanovo/Документация ЮНИТ М300/Раз
работка/Схемы ФБ ЮНИТ-М300/Проект/БД500/desc//06.02 
ДЗАТ/041.0611 ДТЗ/img/d2g.pdf Graphic file (type pdf)
<use //uni-eng.ru/unit/Ivanovo/Документация ЮНИТ М300/Раз
работка/Схемы ФБ ЮНИТ-М300/Проект/БД500/desc//06.02 
ДЗАТ/041.0611 ДТЗ/img/d2g.pdf>
Package luatex.def Info: //uni-eng.ru/unit/Ivanovo/Документация Ю
НИТ М300/Разработка/Схемы ФБ ЮНИТ-М300/Проект/
БД500/desc//06.02 ДЗАТ/041.0611 ДТЗ/img/d2g.pdf  used on input line 23
0.
(luatex.def)             Requested size: 506.47116pt x 215.768pt.
<//uni-eng.ru/unit/Ivanovo/Документация ЮНИТ М300/Разра
ботка/Схемы ФБ ЮНИТ-М300/Проект/БД500/desc//06.02 Д
ЗАТ/041.0611 ДТЗ/img/d5g.pdf, id=470, 673.01437pt x 280.54813pt>
File: //uni-eng.ru/unit/Ivanovo/Документация ЮНИТ М300/Раз
работка/Схемы ФБ ЮНИТ-М300/Проект/БД500/desc//06.02 
ДЗАТ/041.0611 ДТЗ/img/d5g.pdf Graphic file (type pdf)
<use //uni-eng.ru/unit/Ivanovo/Документация ЮНИТ М300/Раз
работка/Схемы ФБ ЮНИТ-М300/Проект/БД500/desc//06.02 
ДЗАТ/041.0611 ДТЗ/img/d5g.pdf>
Package luatex.def Info: //uni-eng.ru/unit/Ivanovo/Документация Ю
НИТ М300/Разработка/Схемы ФБ ЮНИТ-М300/Проект/
БД500/desc//06.02 ДЗАТ/041.0611 ДТЗ/img/d5g.pdf  used on input line 25
2.
(luatex.def)             Requested size: 506.46425pt x 211.12117pt.


Package fancyhdr Warning: \headheight is too small (14.5pt): 
(fancyhdr)                Make it at least 15.99998pt, for example:
(fancyhdr)                \setlength{\headheight}{15.99998pt}.
(fancyhdr)                You might also make \topmargin smaller:
(fancyhdr)                \addtolength{\topmargin}{-1.49998pt}.

[19<//uni-eng.ru/unit/Ivanovo/Документация ЮНИТ М300/Разр
аботка/Схемы ФБ ЮНИТ-М300/Проект/БД500/desc//06.02 
ДЗАТ/041.0611 ДТЗ/img/d2g.pdf>]
<//uni-eng.ru/unit/Ivanovo/Документация ЮНИТ М300/Разра
ботка/Схемы ФБ ЮНИТ-М300/Проект/БД500/desc//06.02 Д
ЗАТ/041.0611 ДТЗ/img/KCT.pdf, id=494, 516.24399pt x 307.2148pt>
File: //uni-eng.ru/unit/Ivanovo/Документация ЮНИТ М300/Раз
работка/Схемы ФБ ЮНИТ-М300/Проект/БД500/desc//06.02 
ДЗАТ/041.0611 ДТЗ/img/KCT.pdf Graphic file (type pdf)
<use //uni-eng.ru/unit/Ivanovo/Документация ЮНИТ М300/Раз
работка/Схемы ФБ ЮНИТ-М300/Проект/БД500/desc//06.02 
ДЗАТ/041.0611 ДТЗ/img/KCT.pdf>
Package luatex.def Info: //uni-eng.ru/unit/Ivanovo/Документация Ю
НИТ М300/Разработка/Схемы ФБ ЮНИТ-М300/Проект/
БД500/desc//06.02 ДЗАТ/041.0611 ДТЗ/img/KCT.pdf  used on input line 26
8.
(luatex.def)             Requested size: 506.47495pt x 301.40126pt.
)
("//uni-eng.ru/unit/Ivanovo/Документация ЮНИТ М300/Разра
ботка/Схемы ФБ ЮНИТ-М300/Проект/БД500/desc//06.01 Д
ЗТ/081.1741 КЦН/kcn.tex"
<//uni-eng.ru/unit/Ivanovo/Документация ЮНИТ М300/Разра
ботка/Схемы ФБ ЮНИТ-М300/Проект/БД500/desc//06.01 Д
ЗТ/081.1741 КЦН/img/KCN.pdf, id=497, 501.5514pt x 575.69382pt>
File: //uni-eng.ru/unit/Ivanovo/Документация ЮНИТ М300/Раз
работка/Схемы ФБ ЮНИТ-М300/Проект/БД500/desc//06.01 
ДЗТ/081.1741 КЦН/img/KCN.pdf Graphic file (type pdf)
<use //uni-eng.ru/unit/Ivanovo/Документация ЮНИТ М300/Раз
работка/Схемы ФБ ЮНИТ-М300/Проект/БД500/desc//06.01 
ДЗТ/081.1741 КЦН/img/KCN.pdf>
Package luatex.def Info: //uni-eng.ru/unit/Ivanovo/Документация Ю
НИТ М300/Разработка/Схемы ФБ ЮНИТ-М300/Проект/
БД500/desc//06.01 ДЗТ/081.1741 КЦН/img/KCN.pdf  used on input line 17.
(luatex.def)             Requested size: 455.8232pt x 523.2058pt.


Package fancyhdr Warning: \headheight is too small (14.5pt): 
(fancyhdr)                Make it at least 15.99998pt, for example:
(fancyhdr)                \setlength{\headheight}{15.99998pt}.
(fancyhdr)                You might also make \topmargin smaller:
(fancyhdr)                \addtolength{\topmargin}{-1.49998pt}.

[20<//uni-eng.ru/unit/Ivanovo/Документация ЮНИТ М300/Разр
аботка/Схемы ФБ ЮНИТ-М300/Проект/БД500/desc//06.02 
ДЗАТ/041.0611 ДТЗ/img/d5g.pdf><//uni-eng.ru/unit/Ivanovo/Докумен
тация ЮНИТ М300/Разработка/Схемы ФБ ЮНИТ-М300/
Проект/БД500/desc//06.02 ДЗАТ/041.0611 ДТЗ/img/KCT.pdf>])
("//uni-eng.ru/unit/Ivanovo/Документация ЮНИТ М300/Разра
ботка/Схемы ФБ ЮНИТ-М300/Проект/БД500/desc//06.02 Д
ЗАТ/041.1071 ГЗ АТ/gzat.tex"

Package fancyhdr Warning: \headheight is too small (14.5pt): 
(fancyhdr)                Make it at least 15.99998pt, for example:
(fancyhdr)                \setlength{\headheight}{15.99998pt}.
(fancyhdr)                You might also make \topmargin smaller:
(fancyhdr)                \addtolength{\topmargin}{-1.49998pt}.

[21<//uni-eng.ru/unit/Ivanovo/Документация ЮНИТ М300/Разр
аботка/Схемы ФБ ЮНИТ-М300/Проект/БД500/desc//06.01 
ДЗТ/081.1741 КЦН/img/KCN.pdf>]
<//uni-eng.ru/unit/Ivanovo/Документация ЮНИТ М300/Разра
ботка/Схемы ФБ ЮНИТ-М300/Проект/БД500/desc//06.02 Д
ЗАТ/041.1071 ГЗ АТ/img/GZ_otkl_t.pdf, id=554, 375.90437pt x 372.89313pt>

File: //uni-eng.ru/unit/Ivanovo/Документация ЮНИТ М300/Раз
работка/Схемы ФБ ЮНИТ-М300/Проект/БД500/desc//06.02 
ДЗАТ/041.1071 ГЗ АТ/img/GZ_otkl_t.pdf Graphic file (type pdf)
<use //uni-eng.ru/unit/Ivanovo/Документация ЮНИТ М300/Раз
работка/Схемы ФБ ЮНИТ-М300/Проект/БД500/desc//06.02 
ДЗАТ/041.1071 ГЗ АТ/img/GZ_otkl_t.pdf>
Package luatex.def Info: //uni-eng.ru/unit/Ivanovo/Документация Ю
НИТ М300/Разработка/Схемы ФБ ЮНИТ-М300/Проект/
БД500/desc//06.02 ДЗАТ/041.1071 ГЗ АТ/img/GZ_otkl_t.pdf  used on inpu
t line 72.
(luatex.def)             Requested size: 303.89581pt x 301.46141pt.
<//uni-eng.ru/unit/Ivanovo/Документация ЮНИТ М300/Разра
ботка/Схемы ФБ ЮНИТ-М300/Проект/БД500/desc//06.02 Д
ЗАТ/041.1071 ГЗ АТ/img/GZ_sign_t.pdf, id=555, 373.395pt x 178.6675pt>
File: //uni-eng.ru/unit/Ivanovo/Документация ЮНИТ М300/Раз
работка/Схемы ФБ ЮНИТ-М300/Проект/БД500/desc//06.02 
ДЗАТ/041.1071 ГЗ АТ/img/GZ_sign_t.pdf Graphic file (type pdf)
<use //uni-eng.ru/unit/Ivanovo/Документация ЮНИТ М300/Раз
работка/Схемы ФБ ЮНИТ-М300/Проект/БД500/desc//06.02 
ДЗАТ/041.1071 ГЗ АТ/img/GZ_sign_t.pdf>
Package luatex.def Info: //uni-eng.ru/unit/Ivanovo/Документация Ю
НИТ М300/Разработка/Схемы ФБ ЮНИТ-М300/Проект/
БД500/desc//06.02 ДЗАТ/041.1071 ГЗ АТ/img/GZ_sign_t.pdf  used on inpu
t line 79.
(luatex.def)             Requested size: 303.88977pt x 145.4096pt.


Package fancyhdr Warning: \headheight is too small (14.5pt): 
(fancyhdr)                Make it at least 15.99998pt, for example:
(fancyhdr)                \setlength{\headheight}{15.99998pt}.
(fancyhdr)                You might also make \topmargin smaller:
(fancyhdr)                \addtolength{\topmargin}{-1.49998pt}.

[22<//uni-eng.ru/unit/Ivanovo/Документация ЮНИТ М300/Разр
аботка/Схемы ФБ ЮНИТ-М300/Проект/БД500/desc//06.02 
ДЗАТ/041.1071 ГЗ АТ/img/GZ_otkl_t.pdf>])
("//uni-eng.ru/unit/Ivanovo/Документация ЮНИТ М300/Разра
ботка/Схемы ФБ ЮНИТ-М300/Проект/БД500/desc//07.01 Р
ЗТ/011.1073 ГЗ РПН/gzrpn.tex"
<//uni-eng.ru/unit/Ivanovo/Документация ЮНИТ М300/Разра
ботка/Схемы ФБ ЮНИТ-М300/Проект/БД500/desc//07.01 Р
ЗТ/011.1073 ГЗ РПН/img/GZ_RPN.pdf, id=585, 388.68558pt x 376.00424pt>
File: //uni-eng.ru/unit/Ivanovo/Документация ЮНИТ М300/Раз
работка/Схемы ФБ ЮНИТ-М300/Проект/БД500/desc//07.01 
РЗТ/011.1073 ГЗ РПН/img/GZ_RPN.pdf Graphic file (type pdf)
<use //uni-eng.ru/unit/Ivanovo/Документация ЮНИТ М300/Раз
работка/Схемы ФБ ЮНИТ-М300/Проект/БД500/desc//07.01 
РЗТ/011.1073 ГЗ РПН/img/GZ_RPN.pdf>
Package luatex.def Info: //uni-eng.ru/unit/Ivanovo/Документация Ю
НИТ М300/Разработка/Схемы ФБ ЮНИТ-М300/Проект/
БД500/desc//07.01 РЗТ/011.1073 ГЗ РПН/img/GZ_RPN.pdf  used on input l
ine 14.
(luatex.def)             Requested size: 405.19614pt x 391.9761pt.


Package fancyhdr Warning: \headheight is too small (14.5pt): 
(fancyhdr)                Make it at least 15.99998pt, for example:
(fancyhdr)                \setlength{\headheight}{15.99998pt}.
(fancyhdr)                You might also make \topmargin smaller:
(fancyhdr)                \addtolength{\topmargin}{-1.49998pt}.

[23<//uni-eng.ru/unit/Ivanovo/Документация ЮНИТ М300/Разр
аботка/Схемы ФБ ЮНИТ-М300/Проект/БД500/desc//06.02 
ДЗАТ/041.1071 ГЗ АТ/img/GZ_sign_t.pdf><//uni-eng.ru/unit/Ivanovo/До
кументация ЮНИТ М300/Разработка/Схемы ФБ ЮН
ИТ-М300/Проект/БД500/desc//07.01 РЗТ/011.1073 ГЗ РПН/img/GZ_R
PN.pdf>])
("//uni-eng.ru/unit/Ivanovo/Документация ЮНИТ М300/Разра
ботка/Схемы ФБ ЮНИТ-М300/Проект/БД500/desc//06.02 Д
ЗАТ/041.1061 ТЗ АТ/tzat.tex"
<//uni-eng.ru/unit/Ivanovo/Документация ЮНИТ М300/Разра
ботка/Схемы ФБ ЮНИТ-М300/Проект/БД500/desc//06.02 Д
ЗАТ/041.1061 ТЗ АТ/img/TZ_t.pdf, id=617, 774.69987pt x 643.81534pt>
File: //uni-eng.ru/unit/Ivanovo/Документация ЮНИТ М300/Раз
работка/Схемы ФБ ЮНИТ-М300/Проект/БД500/desc//06.02 
ДЗАТ/041.1061 ТЗ АТ/img/TZ_t.pdf Graphic file (type pdf)
<use //uni-eng.ru/unit/Ivanovo/Документация ЮНИТ М300/Раз
работка/Схемы ФБ ЮНИТ-М300/Проект/БД500/desc//06.02 
ДЗАТ/041.1061 ТЗ АТ/img/TZ_t.pdf>
Package luatex.def Info: //uni-eng.ru/unit/Ivanovo/Документация Ю
НИТ М300/Разработка/Схемы ФБ ЮНИТ-М300/Проект/
БД500/desc//06.02 ДЗАТ/041.1061 ТЗ АТ/img/TZ_t.pdf  used on input lin
e 71.
(luatex.def)             Requested size: 506.45691pt x 420.89168pt.


Package fancyhdr Warning: \headheight is too small (14.5pt): 
(fancyhdr)                Make it at least 15.99998pt, for example:
(fancyhdr)                \setlength{\headheight}{15.99998pt}.
(fancyhdr)                You might also make \topmargin smaller:
(fancyhdr)                \addtolength{\topmargin}{-1.49998pt}.

[24])
("//uni-eng.ru/unit/Ivanovo/Документация ЮНИТ М300/Разра
ботка/Схемы ФБ ЮНИТ-М300/Проект/БД500/desc//06.01 Д
ЗТ/011.0351 ЗПТ/zpt.tex"
<//uni-eng.ru/unit/Ivanovo/Документация ЮНИТ М300/Разра
ботка/Схемы ФБ ЮНИТ-М300/Проект/БД500/desc//06.01 Д
ЗТ/011.0351 ЗПТ/img/ZPT.pdf, id=637, 380.42125pt x 278.72136pt>
File: //uni-eng.ru/unit/Ivanovo/Документация ЮНИТ М300/Раз
работка/Схемы ФБ ЮНИТ-М300/Проект/БД500/desc//06.01 
ДЗТ/011.0351 ЗПТ/img/ZPT.pdf Graphic file (type pdf)
<use //uni-eng.ru/unit/Ivanovo/Документация ЮНИТ М300/Раз
работка/Схемы ФБ ЮНИТ-М300/Проект/БД500/desc//06.01 
ДЗТ/011.0351 ЗПТ/img/ZPT.pdf>
Package luatex.def Info: //uni-eng.ru/unit/Ivanovo/Документация Ю
НИТ М300/Разработка/Схемы ФБ ЮНИТ-М300/Проект/
БД500/desc//06.01 ДЗТ/011.0351 ЗПТ/img/ZPT.pdf  used on input line 18.
(luatex.def)             Requested size: 455.82404pt x 333.96635pt.


Package fancyhdr Warning: \headheight is too small (14.5pt): 
(fancyhdr)                Make it at least 15.99998pt, for example:
(fancyhdr)                \setlength{\headheight}{15.99998pt}.
(fancyhdr)                You might also make \topmargin smaller:
(fancyhdr)                \addtolength{\topmargin}{-1.49998pt}.

[25<//uni-eng.ru/unit/Ivanovo/Документация ЮНИТ М300/Разр
аботка/Схемы ФБ ЮНИТ-М300/Проект/БД500/desc//06.02 
ДЗАТ/041.1061 ТЗ АТ/img/TZ_t.pdf>])
("//uni-eng.ru/unit/Ivanovo/Документация ЮНИТ М300/Разра
ботка/Схемы ФБ ЮНИТ-М300/Проект/БД500/desc//06.02 Д
ЗАТ/053.3341 УРОВ/urov.tex"
<//uni-eng.ru/unit/Ivanovo/Документация ЮНИТ М300/Разра
ботка/Схемы ФБ ЮНИТ-М300/Проект/БД500/desc//06.02 Д
ЗАТ/053.3341 УРОВ/img/UROV_VN.pdf, id=659, 507.73436pt x 211.54031pt>
File: //uni-eng.ru/unit/Ivanovo/Документация ЮНИТ М300/Раз
работка/Схемы ФБ ЮНИТ-М300/Проект/БД500/desc//06.02 
ДЗАТ/053.3341 УРОВ/img/UROV_VN.pdf Graphic file (type pdf)
<use //uni-eng.ru/unit/Ivanovo/Документация ЮНИТ М300/Раз
работка/Схемы ФБ ЮНИТ-М300/Проект/БД500/desc//06.02 
ДЗАТ/053.3341 УРОВ/img/UROV_VN.pdf>
Package luatex.def Info: //uni-eng.ru/unit/Ivanovo/Документация Ю
НИТ М300/Разработка/Схемы ФБ ЮНИТ-М300/Проект/
БД500/desc//06.02 ДЗАТ/053.3341 УРОВ/img/UROV_VN.pdf  used on input l
ine 50.
(luatex.def)             Requested size: 506.47029pt x 211.01364pt.


Package fancyhdr Warning: \headheight is too small (14.5pt): 
(fancyhdr)                Make it at least 15.99998pt, for example:
(fancyhdr)                \setlength{\headheight}{15.99998pt}.
(fancyhdr)                You might also make \topmargin smaller:
(fancyhdr)                \addtolength{\topmargin}{-1.49998pt}.

[26<//uni-eng.ru/unit/Ivanovo/Документация ЮНИТ М300/Разр
аботка/Схемы ФБ ЮНИТ-М300/Проект/БД500/desc//06.01 
ДЗТ/011.0351 ЗПТ/img/ZPT.pdf>])
("//uni-eng.ru/unit/Ivanovo/Документация ЮНИТ М300/Разра
ботка/Схемы ФБ ЮНИТ-М300/Проект/БД500/desc//06.02 Д
ЗАТ/ПО УРОВ НН/urov.tex"
<//uni-eng.ru/unit/Ivanovo/Документация ЮНИТ М300/Разра
ботка/Схемы ФБ ЮНИТ-М300/Проект/БД500/desc//06.02 Д
ЗАТ/ПО УРОВ НН/img/UROV_NN_t.pdf, id=682, 518.47568pt x 198.7425pt>
File: //uni-eng.ru/unit/Ivanovo/Документация ЮНИТ М300/Раз
работка/Схемы ФБ ЮНИТ-М300/Проект/БД500/desc//06.02 
ДЗАТ/ПО УРОВ НН/img/UROV_NN_t.pdf Graphic file (type pdf)
<use //uni-eng.ru/unit/Ivanovo/Документация ЮНИТ М300/Раз
работка/Схемы ФБ ЮНИТ-М300/Проект/БД500/desc//06.02 
ДЗАТ/ПО УРОВ НН/img/UROV_NN_t.pdf>
Package luatex.def Info: //uni-eng.ru/unit/Ivanovo/Документация Ю
НИТ М300/Разработка/Схемы ФБ ЮНИТ-М300/Проект/
БД500/desc//06.02 ДЗАТ/ПО УРОВ НН/img/UROV_NN_t.pdf  used on inpu
t line 50.
(luatex.def)             Requested size: 506.45715pt x 194.13553pt.
)
("//uni-eng.ru/unit/Ivanovo/Документация ЮНИТ М300/Разра
ботка/Схемы ФБ ЮНИТ-М300/Проект/БД500/desc//06.02 Д
ЗАТ/081.0371 КПОН/kpon.tex"

Package fancyhdr Warning: \headheight is too small (14.5pt): 
(fancyhdr)                Make it at least 15.99998pt, for example:
(fancyhdr)                \setlength{\headheight}{15.99998pt}.
(fancyhdr)                You might also make \topmargin smaller:
(fancyhdr)                \addtolength{\topmargin}{-1.49998pt}.

[27<//uni-eng.ru/unit/Ivanovo/Документация ЮНИТ М300/Разр
аботка/Схемы ФБ ЮНИТ-М300/Проект/БД500/desc//06.02 
ДЗАТ/053.3341 УРОВ/img/UROV_VN.pdf><//uni-eng.ru/unit/Ivanovo/Доку
ментация ЮНИТ М300/Разработка/Схемы ФБ ЮНИТ-
М300/Проект/БД500/desc//06.02 ДЗАТ/ПО УРОВ НН/img/UROV_NN_t
.pdf>]

Package enumitem Warning: Negative labelwidth. This does not make much
(enumitem)                sense, on input line 51.


Package enumitem Warning: Negative labelwidth. This does not make much
(enumitem)                sense, on input line 59.

<//uni-eng.ru/unit/Ivanovo/Документация ЮНИТ М300/Разра
ботка/Схемы ФБ ЮНИТ-М300/Проект/БД500/desc//06.02 Д
ЗАТ/081.0371 КПОН/img/KPON_t.pdf, id=718, 497.94847pt x 180.2986pt>
File: //uni-eng.ru/unit/Ivanovo/Документация ЮНИТ М300/Раз
работка/Схемы ФБ ЮНИТ-М300/Проект/БД500/desc//06.02 
ДЗАТ/081.0371 КПОН/img/KPON_t.pdf Graphic file (type pdf)
<use //uni-eng.ru/unit/Ivanovo/Документация ЮНИТ М300/Раз
работка/Схемы ФБ ЮНИТ-М300/Проект/БД500/desc//06.02 
ДЗАТ/081.0371 КПОН/img/KPON_t.pdf>
Package luatex.def Info: //uni-eng.ru/unit/Ivanovo/Документация Ю
НИТ М300/Разработка/Схемы ФБ ЮНИТ-М300/Проект/
БД500/desc//06.02 ДЗАТ/081.0371 КПОН/img/KPON_t.pdf  used on input li
ne 67.
(luatex.def)             Requested size: 506.46468pt x 183.38216pt.
)
("//uni-eng.ru/unit/Ivanovo/Документация ЮНИТ М300/Разра
ботка/Схемы ФБ ЮНИТ-М300/Проект/БД500/desc//06.01 Д
ЗТ/МТЗ ВН/mtz.tex"

Package fancyhdr Warning: \headheight is too small (14.5pt): 
(fancyhdr)                Make it at least 15.99998pt, for example:
(fancyhdr)                \setlength{\headheight}{15.99998pt}.
(fancyhdr)                You might also make \topmargin smaller:
(fancyhdr)                \addtolength{\topmargin}{-1.49998pt}.

[28<//uni-eng.ru/unit/Ivanovo/Документация ЮНИТ М300/Разр
аботка/Схемы ФБ ЮНИТ-М300/Проект/БД500/desc//06.02 
ДЗАТ/081.0371 КПОН/img/KPON_t.pdf>]
<//uni-eng.ru/unit/Ivanovo/Документация ЮНИТ М300/Разра
ботка/Схемы ФБ ЮНИТ-М300/Проект/БД500/desc//06.01 Д
ЗТ/МТЗ ВН/img/MTZ_VN.pdf, id=748, 436.1026pt x 577.69736pt>
File: //uni-eng.ru/unit/Ivanovo/Документация ЮНИТ М300/Раз
работка/Схемы ФБ ЮНИТ-М300/Проект/БД500/desc//06.01 
ДЗТ/МТЗ ВН/img/MTZ_VN.pdf Graphic file (type pdf)
<use //uni-eng.ru/unit/Ivanovo/Документация ЮНИТ М300/Раз
работка/Схемы ФБ ЮНИТ-М300/Проект/БД500/desc//06.01 
ДЗТ/МТЗ ВН/img/MTZ_VN.pdf>
Package luatex.def Info: //uni-eng.ru/unit/Ivanovo/Документация Ю
НИТ М300/Разработка/Схемы ФБ ЮНИТ-М300/Проект/
БД500/desc//06.01 ДЗТ/МТЗ ВН/img/MTZ_VN.pdf  used on input line 28.
(luatex.def)             Requested size: 405.17195pt x 536.7241pt.
)
("//uni-eng.ru/unit/Ivanovo/Документация ЮНИТ М300/Разра
ботка/Схемы ФБ ЮНИТ-М300/Проект/БД500/desc//06.01 Д
ЗТ/МТЗ НН1/mtz.tex"

Package fancyhdr Warning: \headheight is too small (14.5pt): 
(fancyhdr)                Make it at least 15.99998pt, for example:
(fancyhdr)                \setlength{\headheight}{15.99998pt}.
(fancyhdr)                You might also make \topmargin smaller:
(fancyhdr)                \addtolength{\topmargin}{-1.49998pt}.

[29<//uni-eng.ru/unit/Ivanovo/Документация ЮНИТ М300/Разр
аботка/Схемы ФБ ЮНИТ-М300/Проект/БД500/desc//06.01 
ДЗТ/МТЗ ВН/img/MTZ_VN.pdf>]
<//uni-eng.ru/unit/Ivanovo/Документация ЮНИТ М300/Разра
ботка/Схемы ФБ ЮНИТ-М300/Проект/БД500/desc//06.01 Д
ЗТ/МТЗ НН1/img/MTZ_NN1.pdf, id=773, 947.17879pt x 538.26094pt>
File: //uni-eng.ru/unit/Ivanovo/Документация ЮНИТ М300/Раз
работка/Схемы ФБ ЮНИТ-М300/Проект/БД500/desc//06.01 
ДЗТ/МТЗ НН1/img/MTZ_NN1.pdf Graphic file (type pdf)
<use //uni-eng.ru/unit/Ivanovo/Документация ЮНИТ М300/Раз
работка/Схемы ФБ ЮНИТ-М300/Проект/БД500/desc//06.01 
ДЗТ/МТЗ НН1/img/MTZ_NN1.pdf>
Package luatex.def Info: //uni-eng.ru/unit/Ivanovo/Документация Ю
НИТ М300/Разработка/Схемы ФБ ЮНИТ-М300/Проект/
БД500/desc//06.01 ДЗТ/МТЗ НН1/img/MTZ_NN1.pdf  used on input line 29.

(luatex.def)             Requested size: 506.46828pt x 287.81482pt.
)
("//uni-eng.ru/unit/Ivanovo/Документация ЮНИТ М300/Разра
ботка/Схемы ФБ ЮНИТ-М300/Проект/БД500/desc//06.01 Д
ЗТ/МТЗ НН2/mtz.tex"

Package fancyhdr Warning: \headheight is too small (14.5pt): 
(fancyhdr)                Make it at least 15.99998pt, for example:
(fancyhdr)                \setlength{\headheight}{15.99998pt}.
(fancyhdr)                You might also make \topmargin smaller:
(fancyhdr)                \addtolength{\topmargin}{-1.49998pt}.

[30<//uni-eng.ru/unit/Ivanovo/Документация ЮНИТ М300/Разр
аботка/Схемы ФБ ЮНИТ-М300/Проект/БД500/desc//06.01 
ДЗТ/МТЗ НН1/img/MTZ_NN1.pdf>]
<//uni-eng.ru/unit/Ivanovo/Документация ЮНИТ М300/Разра
ботка/Схемы ФБ ЮНИТ-М300/Проект/БД500/desc//06.01 Д
ЗТ/МТЗ НН2/img/MTZ_NN2.pdf, id=803, 977.6525pt x 787.94376pt>
File: //uni-eng.ru/unit/Ivanovo/Документация ЮНИТ М300/Раз
работка/Схемы ФБ ЮНИТ-М300/Проект/БД500/desc//06.01 
ДЗТ/МТЗ НН2/img/MTZ_NN2.pdf Graphic file (type pdf)
<use //uni-eng.ru/unit/Ivanovo/Документация ЮНИТ М300/Раз
работка/Схемы ФБ ЮНИТ-М300/Проект/БД500/desc//06.01 
ДЗТ/МТЗ НН2/img/MTZ_NN2.pdf>
Package luatex.def Info: //uni-eng.ru/unit/Ivanovo/Документация Ю
НИТ М300/Разработка/Схемы ФБ ЮНИТ-М300/Проект/
БД500/desc//06.01 ДЗТ/МТЗ НН2/img/MTZ_NN2.pdf  used on input line 15.

(luatex.def)             Requested size: 506.45784pt x 408.18214pt.


Package fancyhdr Warning: \headheight is too small (14.5pt): 
(fancyhdr)                Make it at least 15.99998pt, for example:
(fancyhdr)                \setlength{\headheight}{15.99998pt}.
(fancyhdr)                You might also make \topmargin smaller:
(fancyhdr)                \addtolength{\topmargin}{-1.49998pt}.

[31<//uni-eng.ru/unit/Ivanovo/Документация ЮНИТ М300/Разр
аботка/Схемы ФБ ЮНИТ-М300/Проект/БД500/desc//06.01 
ДЗТ/МТЗ НН2/img/MTZ_NN2.pdf>]
<//uni-eng.ru/unit/Ivanovo/Документация ЮНИТ М300/Разра
ботка/Схемы ФБ ЮНИТ-М300/Проект/БД500/desc//06.01 Д
ЗТ/МТЗ НН2/img/ONM.pdf, id=832, 474.12854pt x 251.11214pt>
File: //uni-eng.ru/unit/Ivanovo/Документация ЮНИТ М300/Раз
работка/Схемы ФБ ЮНИТ-М300/Проект/БД500/desc//06.01 
ДЗТ/МТЗ НН2/img/ONM.pdf Graphic file (type pdf)
<use //uni-eng.ru/unit/Ivanovo/Документация ЮНИТ М300/Раз
работка/Схемы ФБ ЮНИТ-М300/Проект/БД500/desc//06.01 
ДЗТ/МТЗ НН2/img/ONM.pdf>
Package luatex.def Info: //uni-eng.ru/unit/Ivanovo/Документация Ю
НИТ М300/Разработка/Схемы ФБ ЮНИТ-М300/Проект/
БД500/desc//06.01 ДЗТ/МТЗ НН2/img/ONM.pdf  used on input line 42.
(luatex.def)             Requested size: 506.45885pt x 268.23518pt.


Package enumitem Warning: Negative labelwidth. This does not make much
(enumitem)                sense, on input line 50.


Overfull \hbox (0.26073pt too wide) in paragraph at lines 48--50
[]\TU/ArialNarrow(0)/m/n/12 Режим на-прав-лен-но-сти для 
каж-дой сту-пе-ни за-да-ет-ся с по-мо-щью уст
а-вок \TU/ArialNarrow(0)/b/n/12 «Направ МТЗ-1 НН2(СН)»
 []


Package enumitem Warning: Negative labelwidth. This does not make much
(enumitem)                sense, on input line 58.

<//uni-eng.ru/unit/Ivanovo/Документация ЮНИТ М300/Разра
ботка/Схемы ФБ ЮНИТ-М300/Проект/БД500/desc//06.01 Д
ЗТ/МТЗ НН2/img/onm_sch.pdf, id=834, 554.31114pt x 253.78615pt>
File: //uni-eng.ru/unit/Ivanovo/Документация ЮНИТ М300/Раз
работка/Схемы ФБ ЮНИТ-М300/Проект/БД500/desc//06.01 
ДЗТ/МТЗ НН2/img/onm_sch.pdf Graphic file (type pdf)
<use //uni-eng.ru/unit/Ivanovo/Документация ЮНИТ М300/Раз
работка/Схемы ФБ ЮНИТ-М300/Проект/БД500/desc//06.01 
ДЗТ/МТЗ НН2/img/onm_sch.pdf>
Package luatex.def Info: //uni-eng.ru/unit/Ivanovo/Документация Ю
НИТ М300/Разработка/Схемы ФБ ЮНИТ-М300/Проект/
БД500/desc//06.01 ДЗТ/МТЗ НН2/img/onm_sch.pdf  used on input line 69.

(luatex.def)             Requested size: 506.47925pt x 231.88675pt.

Package fancyhdr Warning: \headheight is too small (14.5pt): 
(fancyhdr)                Make it at least 15.99998pt, for example:
(fancyhdr)                \setlength{\headheight}{15.99998pt}.
(fancyhdr)                You might also make \topmargin smaller:
(fancyhdr)                \addtolength{\topmargin}{-1.49998pt}.

[32<//uni-eng.ru/unit/Ivanovo/Документация ЮНИТ М300/Разр
аботка/Схемы ФБ ЮНИТ-М300/Проект/БД500/desc//06.01 
ДЗТ/МТЗ НН2/img/ONM.pdf>])
("//uni-eng.ru/unit/Ivanovo/Документация ЮНИТ М300/Разра
ботка/Схемы ФБ ЮНИТ-М300/Проект/БД500/desc//06.01 Д
ЗТ/022.1791 ЛД СН/ld_sn.tex"
<//uni-eng.ru/unit/Ivanovo/Документация ЮНИТ М300/Разра
ботка/Схемы ФБ ЮНИТ-М300/Проект/БД500/desc//06.01 Д
ЗТ/022.1791 ЛД СН/img/LD_SN.pdf, id=861, 420.03822pt x 229.60782pt>
File: //uni-eng.ru/unit/Ivanovo/Документация ЮНИТ М300/Раз
работка/Схемы ФБ ЮНИТ-М300/Проект/БД500/desc//06.01 
ДЗТ/022.1791 ЛД СН/img/LD_SN.pdf Graphic file (type pdf)
<use //uni-eng.ru/unit/Ivanovo/Документация ЮНИТ М300/Раз
работка/Схемы ФБ ЮНИТ-М300/Проект/БД500/desc//06.01 
ДЗТ/022.1791 ЛД СН/img/LD_SN.pdf>
Package luatex.def Info: //uni-eng.ru/unit/Ivanovo/Документация Ю
НИТ М300/Разработка/Схемы ФБ ЮНИТ-М300/Проект/
БД500/desc//06.01 ДЗТ/022.1791 ЛД СН/img/LD_SN.pdf  used on input line
 22.
(luatex.def)             Requested size: 405.1741pt x 221.48256pt.
)
("//uni-eng.ru/unit/Ivanovo/Документация ЮНИТ М300/Разра
ботка/Схемы ФБ ЮНИТ-М300/Проект/БД500/desc//06.01 Д
ЗТ/021.1791 ЛД ВН/ld_vn.tex"

Package fancyhdr Warning: \headheight is too small (14.5pt): 
(fancyhdr)                Make it at least 15.99998pt, for example:
(fancyhdr)                \setlength{\headheight}{15.99998pt}.
(fancyhdr)                You might also make \topmargin smaller:
(fancyhdr)                \addtolength{\topmargin}{-1.49998pt}.

[33<//uni-eng.ru/unit/Ivanovo/Документация ЮНИТ М300/Разр
аботка/Схемы ФБ ЮНИТ-М300/Проект/БД500/desc//06.01 
ДЗТ/МТЗ НН2/img/onm_sch.pdf><//uni-eng.ru/unit/Ivanovo/Докумен
тация ЮНИТ М300/Разработка/Схемы ФБ ЮНИТ-М300/
Проект/БД500/desc//06.01 ДЗТ/022.1791 ЛД СН/img/LD_SN.pdf>]
<//uni-eng.ru/unit/Ivanovo/Документация ЮНИТ М300/Разра
ботка/Схемы ФБ ЮНИТ-М300/Проект/БД500/desc//06.01 Д
ЗТ/021.1791 ЛД ВН/img/LD_VN.pdf, id=893, 482.80376pt x 79.79813pt>
File: //uni-eng.ru/unit/Ivanovo/Документация ЮНИТ М300/Раз
работка/Схемы ФБ ЮНИТ-М300/Проект/БД500/desc//06.01 
ДЗТ/021.1791 ЛД ВН/img/LD_VN.pdf Graphic file (type pdf)
<use //uni-eng.ru/unit/Ivanovo/Документация ЮНИТ М300/Раз
работка/Схемы ФБ ЮНИТ-М300/Проект/БД500/desc//06.01 
ДЗТ/021.1791 ЛД ВН/img/LD_VN.pdf>
Package luatex.def Info: //uni-eng.ru/unit/Ivanovo/Документация Ю
НИТ М300/Разработка/Схемы ФБ ЮНИТ-М300/Проект/
БД500/desc//06.01 ДЗТ/021.1791 ЛД ВН/img/LD_VN.pdf  used on input line
 20.
(luatex.def)             Requested size: 506.48006pt x 83.71133pt.
)
("//uni-eng.ru/unit/Ivanovo/Документация ЮНИТ М300/Разра
ботка/Схемы ФБ ЮНИТ-М300/Проект/БД500/desc//06.01 Д
ЗТ/769.9901 ЛО СВ ВН/lo.tex"
<//uni-eng.ru/unit/Ivanovo/Документация ЮНИТ М300/Разра
ботка/Схемы ФБ ЮНИТ-М300/Проект/БД500/desc//06.01 Д
ЗТ/769.9901 ЛО СВ ВН/img/LO_SV_VN.pdf, id=896, 468.24937pt x 103.88812p
t>
File: //uni-eng.ru/unit/Ivanovo/Документация ЮНИТ М300/Раз
работка/Схемы ФБ ЮНИТ-М300/Проект/БД500/desc//06.01 
ДЗТ/769.9901 ЛО СВ ВН/img/LO_SV_VN.pdf Graphic file (type pdf)
<use //uni-eng.ru/unit/Ivanovo/Документация ЮНИТ М300/Раз
работка/Схемы ФБ ЮНИТ-М300/Проект/БД500/desc//06.01 
ДЗТ/769.9901 ЛО СВ ВН/img/LO_SV_VN.pdf>
Package luatex.def Info: //uni-eng.ru/unit/Ivanovo/Документация Ю
НИТ М300/Разработка/Схемы ФБ ЮНИТ-М300/Проект/
БД500/desc//06.01 ДЗТ/769.9901 ЛО СВ ВН/img/LO_SV_VN.pdf  used on in
put line 15.
(luatex.def)             Requested size: 405.18732pt x 89.89685pt.
)
("//uni-eng.ru/unit/Ivanovo/Документация ЮНИТ М300/Разра
ботка/Схемы ФБ ЮНИТ-М300/Проект/БД500/desc//06.01 Д
ЗТ/771.9901 ЛО ШСВ ВН/lo.tex"
<//uni-eng.ru/unit/Ivanovo/Документация ЮНИТ М300/Разра
ботка/Схемы ФБ ЮНИТ-М300/Проект/БД500/desc//06.01 Д
ЗТ/771.9901 ЛО ШСВ ВН/img/LO_ShSV_VN.pdf, id=899, 450.68375pt x 83.311
25pt>
File: //uni-eng.ru/unit/Ivanovo/Документация ЮНИТ М300/Раз
работка/Схемы ФБ ЮНИТ-М300/Проект/БД500/desc//06.01 
ДЗТ/771.9901 ЛО ШСВ ВН/img/LO_ShSV_VN.pdf Graphic file (type pdf)
<use //uni-eng.ru/unit/Ivanovo/Документация ЮНИТ М300/Раз
работка/Схемы ФБ ЮНИТ-М300/Проект/БД500/desc//06.01 
ДЗТ/771.9901 ЛО ШСВ ВН/img/LO_ShSV_VN.pdf>
Package luatex.def Info: //uni-eng.ru/unit/Ivanovo/Документация Ю
НИТ М300/Разработка/Схемы ФБ ЮНИТ-М300/Проект/
БД500/desc//06.01 ДЗТ/771.9901 ЛО ШСВ ВН/img/LO_ShSV_VN.pdf  used o
n input line 15.
(luatex.def)             Requested size: 405.19212pt x 74.90187pt.
)
("//uni-eng.ru/unit/Ivanovo/Документация ЮНИТ М300/Разра
ботка/Схемы ФБ ЮНИТ-М300/Проект/БД500/desc//06.01 Д
ЗТ/772.9901 ЛО СВ СН/lo.tex"

Package fancyhdr Warning: \headheight is too small (14.5pt): 
(fancyhdr)                Make it at least 15.99998pt, for example:
(fancyhdr)                \setlength{\headheight}{15.99998pt}.
(fancyhdr)                You might also make \topmargin smaller:
(fancyhdr)                \addtolength{\topmargin}{-1.49998pt}.

[34<//uni-eng.ru/unit/Ivanovo/Документация ЮНИТ М300/Разр
аботка/Схемы ФБ ЮНИТ-М300/Проект/БД500/desc//06.01 
ДЗТ/021.1791 ЛД ВН/img/LD_VN.pdf><//uni-eng.ru/unit/Ivanovo/Докум
ентация ЮНИТ М300/Разработка/Схемы ФБ ЮНИТ-М30
0/Проект/БД500/desc//06.01 ДЗТ/769.9901 ЛО СВ ВН/img/LO_SV_VN.p
df><//uni-eng.ru/unit/Ivanovo/Документация ЮНИТ М300/Разр
аботка/Схемы ФБ ЮНИТ-М300/Проект/БД500/desc//06.01 
ДЗТ/771.9901 ЛО ШСВ ВН/img/LO_ShSV_VN.pdf>]
<//uni-eng.ru/unit/Ivanovo/Документация ЮНИТ М300/Разра
ботка/Схемы ФБ ЮНИТ-М300/Проект/БД500/desc//06.01 Д
ЗТ/772.9901 ЛО СВ СН/img/LO_SV_SN.pdf, id=948, 436.88219pt x 69.25874pt
>
File: //uni-eng.ru/unit/Ivanovo/Документация ЮНИТ М300/Раз
работка/Схемы ФБ ЮНИТ-М300/Проект/БД500/desc//06.01 
ДЗТ/772.9901 ЛО СВ СН/img/LO_SV_SN.pdf Graphic file (type pdf)
<use //uni-eng.ru/unit/Ivanovo/Документация ЮНИТ М300/Раз
работка/Схемы ФБ ЮНИТ-М300/Проект/БД500/desc//06.01 
ДЗТ/772.9901 ЛО СВ СН/img/LO_SV_SN.pdf>
Package luatex.def Info: //uni-eng.ru/unit/Ivanovo/Документация Ю
НИТ М300/Разработка/Схемы ФБ ЮНИТ-М300/Проект/
БД500/desc//06.01 ДЗТ/772.9901 ЛО СВ СН/img/LO_SV_SN.pdf  used on in
put line 15.
(luatex.def)             Requested size: 506.46368pt x 80.28944pt.
)
("//uni-eng.ru/unit/Ivanovo/Документация ЮНИТ М300/Разра
ботка/Схемы ФБ ЮНИТ-М300/Проект/БД500/desc//06.01 Д
ЗТ/021.0141 ТЗНП ВН/tznp_vn.tex"
<//uni-eng.ru/unit/Ivanovo/Документация ЮНИТ М300/Разра
ботка/Схемы ФБ ЮНИТ-М300/Проект/БД500/desc//06.01 Д
ЗТ/021.0141 ТЗНП ВН/img/TZNP_VN.pdf, id=951, 413.63977pt x 217.1864pt>
File: //uni-eng.ru/unit/Ivanovo/Документация ЮНИТ М300/Раз
работка/Схемы ФБ ЮНИТ-М300/Проект/БД500/desc//06.01 
ДЗТ/021.0141 ТЗНП ВН/img/TZNP_VN.pdf Graphic file (type pdf)
<use //uni-eng.ru/unit/Ivanovo/Документация ЮНИТ М300/Раз
работка/Схемы ФБ ЮНИТ-М300/Проект/БД500/desc//06.01 
ДЗТ/021.0141 ТЗНП ВН/img/TZNP_VN.pdf>
Package luatex.def Info: //uni-eng.ru/unit/Ivanovo/Документация Ю
НИТ М300/Разработка/Схемы ФБ ЮНИТ-М300/Проект/
БД500/desc//06.01 ДЗТ/021.0141 ТЗНП ВН/img/TZNP_VN.pdf  used on inpu
t line 24.
(luatex.def)             Requested size: 405.18118pt x 212.7451pt.
)
("//uni-eng.ru/unit/Ivanovo/Документация ЮНИТ М300/Разра
ботка/Схемы ФБ ЮНИТ-М300/Проект/БД500/desc//06.01 Д
ЗТ/031.0151 ТЗНП РЗН/tznp_rzn.tex"

Package fancyhdr Warning: \headheight is too small (14.5pt): 
(fancyhdr)                Make it at least 15.99998pt, for example:
(fancyhdr)                \setlength{\headheight}{15.99998pt}.
(fancyhdr)                You might also make \topmargin smaller:
(fancyhdr)                \addtolength{\topmargin}{-1.49998pt}.

[35<//uni-eng.ru/unit/Ivanovo/Документация ЮНИТ М300/Разр
аботка/Схемы ФБ ЮНИТ-М300/Проект/БД500/desc//06.01 
ДЗТ/772.9901 ЛО СВ СН/img/LO_SV_SN.pdf><//uni-eng.ru/unit/Ivanovo/Д
окументация ЮНИТ М300/Разработка/Схемы ФБ Ю
НИТ-М300/Проект/БД500/desc//06.01 ДЗТ/021.0141 ТЗНП ВН/img/
TZNP_VN.pdf>]
<//uni-eng.ru/unit/Ivanovo/Документация ЮНИТ М300/Разра
ботка/Схемы ФБ ЮНИТ-М300/Проект/БД500/desc//06.01 Д
ЗТ/031.0151 ТЗНП РЗН/img/TZNP_RZN.pdf, id=994, 427.56577pt x 258.9675p
t>
File: //uni-eng.ru/unit/Ivanovo/Документация ЮНИТ М300/Раз
работка/Схемы ФБ ЮНИТ-М300/Проект/БД500/desc//06.01 
ДЗТ/031.0151 ТЗНП РЗН/img/TZNP_RZN.pdf Graphic file (type pdf)
<use //uni-eng.ru/unit/Ivanovo/Документация ЮНИТ М300/Раз
работка/Схемы ФБ ЮНИТ-М300/Проект/БД500/desc//06.01 
ДЗТ/031.0151 ТЗНП РЗН/img/TZNP_RZN.pdf>
Package luatex.def Info: //uni-eng.ru/unit/Ivanovo/Документация Ю
НИТ М300/Разработка/Схемы ФБ ЮНИТ-М300/Проект/
БД500/desc//06.01 ДЗТ/031.0151 ТЗНП РЗН/img/TZNP_RZN.pdf  used on i
nput line 20.
(luatex.def)             Requested size: 506.46089pt x 306.75258pt.
)
("//uni-eng.ru/unit/Ivanovo/Документация ЮНИТ М300/Разра
ботка/Схемы ФБ ЮНИТ-М300/Проект/БД500/desc//06.02 Д
ЗАТ/041.1151 ЗПО/zpo.tex"

Package fancyhdr Warning: \headheight is too small (14.5pt): 
(fancyhdr)                Make it at least 15.99998pt, for example:
(fancyhdr)                \setlength{\headheight}{15.99998pt}.
(fancyhdr)                You might also make \topmargin smaller:
(fancyhdr)                \addtolength{\topmargin}{-1.49998pt}.

[36<//uni-eng.ru/unit/Ivanovo/Документация ЮНИТ М300/Разр
аботка/Схемы ФБ ЮНИТ-М300/Проект/БД500/desc//06.01 
ДЗТ/031.0151 ТЗНП РЗН/img/TZNP_RZN.pdf>]
<//uni-eng.ru/unit/Ivanovo/Документация ЮНИТ М300/Разра
ботка/Схемы ФБ ЮНИТ-М300/Проект/БД500/desc//06.02 Д
ЗАТ/041.1151 ЗПО/img/ZPO_t.pdf, id=1020, 805.42079pt x 576.36168pt>
File: //uni-eng.ru/unit/Ivanovo/Документация ЮНИТ М300/Раз
работка/Схемы ФБ ЮНИТ-М300/Проект/БД500/desc//06.02 
ДЗАТ/041.1151 ЗПО/img/ZPO_t.pdf Graphic file (type pdf)
<use //uni-eng.ru/unit/Ivanovo/Документация ЮНИТ М300/Раз
работка/Схемы ФБ ЮНИТ-М300/Проект/БД500/desc//06.02 
ДЗАТ/041.1151 ЗПО/img/ZPO_t.pdf>
Package luatex.def Info: //uni-eng.ru/unit/Ivanovo/Документация Ю
НИТ М300/Разработка/Схемы ФБ ЮНИТ-М300/Проект/
БД500/desc//06.02 ДЗАТ/041.1151 ЗПО/img/ZPO_t.pdf  used on input line 
49.
(luatex.def)             Requested size: 506.45918pt x 362.4238pt.
)
("//uni-eng.ru/unit/Ivanovo/Документация ЮНИТ М300/Разра
ботка/Схемы ФБ ЮНИТ-М300/Проект/БД500/desc//06.02 Д
ЗАТ/041.1181 РПН/rpn.tex"
<//uni-eng.ru/unit/Ivanovo/Документация ЮНИТ М300/Разра
ботка/Схемы ФБ ЮНИТ-М300/Проект/БД500/desc//06.02 Д
ЗАТ/041.1181 РПН/img/RPN_t.pdf, id=1023, 412.79219pt x 98.61844pt>
File: //uni-eng.ru/unit/Ivanovo/Документация ЮНИТ М300/Раз
работка/Схемы ФБ ЮНИТ-М300/Проект/БД500/desc//06.02 
ДЗАТ/041.1181 РПН/img/RPN_t.pdf Graphic file (type pdf)
<use //uni-eng.ru/unit/Ivanovo/Документация ЮНИТ М300/Раз
работка/Схемы ФБ ЮНИТ-М300/Проект/БД500/desc//06.02 
ДЗАТ/041.1181 РПН/img/RPN_t.pdf>
Package luatex.def Info: //uni-eng.ru/unit/Ivanovo/Документация Ю
НИТ М300/Разработка/Схемы ФБ ЮНИТ-М300/Проект/
БД500/desc//06.02 ДЗАТ/041.1181 РПН/img/RPN_t.pdf  used on input line 
42.
(luatex.def)             Requested size: 405.17604pt x 96.79887pt.
)
("//uni-eng.ru/unit/Ivanovo/Документация ЮНИТ М300/Разра
ботка/Схемы ФБ ЮНИТ-М300/Проект/БД500/desc//06.02 Д
ЗАТ/041.1151 РТПО/rtpo.tex"

Package fancyhdr Warning: \headheight is too small (14.5pt): 
(fancyhdr)                Make it at least 15.99998pt, for example:
(fancyhdr)                \setlength{\headheight}{15.99998pt}.
(fancyhdr)                You might also make \topmargin smaller:
(fancyhdr)                \addtolength{\topmargin}{-1.49998pt}.

[37<//uni-eng.ru/unit/Ivanovo/Документация ЮНИТ М300/Разр
аботка/Схемы ФБ ЮНИТ-М300/Проект/БД500/desc//06.02 
ДЗАТ/041.1151 ЗПО/img/ZPO_t.pdf><//uni-eng.ru/unit/Ivanovo/Докуме
нтация ЮНИТ М300/Разработка/Схемы ФБ ЮНИТ-М300/
Проект/БД500/desc//06.02 ДЗАТ/041.1181 РПН/img/RPN_t.pdf>]
<//uni-eng.ru/unit/Ivanovo/Документация ЮНИТ М300/Разра
ботка/Схемы ФБ ЮНИТ-М300/Проект/БД500/desc//06.02 Д
ЗАТ/041.1151 РТПО/img/RTPO_t.pdf, id=1058, 389.70593pt x 159.3453pt>
File: //uni-eng.ru/unit/Ivanovo/Документация ЮНИТ М300/Раз
работка/Схемы ФБ ЮНИТ-М300/Проект/БД500/desc//06.02 
ДЗАТ/041.1151 РТПО/img/RTPO_t.pdf Graphic file (type pdf)
<use //uni-eng.ru/unit/Ivanovo/Документация ЮНИТ М300/Раз
работка/Схемы ФБ ЮНИТ-М300/Проект/БД500/desc//06.02 
ДЗАТ/041.1151 РТПО/img/RTPO_t.pdf>
Package luatex.def Info: //uni-eng.ru/unit/Ivanovo/Документация Ю
НИТ М300/Разработка/Схемы ФБ ЮНИТ-М300/Проект/
БД500/desc//06.02 ДЗАТ/041.1151 РТПО/img/RTPO_t.pdf  used on input li
ne 44.
(luatex.def)             Requested size: 405.18353pt x 165.67386pt.
)
("//uni-eng.ru/unit/Ivanovo/Документация ЮНИТ М300/Разра
ботка/Схемы ФБ ЮНИТ-М300/Проект/БД500/desc//06.02 Д
ЗАТ/053.0961 КИ НН/kinn.tex"
<//uni-eng.ru/unit/Ivanovo/Документация ЮНИТ М300/Разра
ботка/Схемы ФБ ЮНИТ-М300/Проект/БД500/desc//06.02 Д
ЗАТ/053.0961 КИ НН/img/KINN_t.pdf, id=1061, 395.05312pt x 111.03984pt>
File: //uni-eng.ru/unit/Ivanovo/Документация ЮНИТ М300/Раз
работка/Схемы ФБ ЮНИТ-М300/Проект/БД500/desc//06.02 
ДЗАТ/053.0961 КИ НН/img/KINN_t.pdf Graphic file (type pdf)
<use //uni-eng.ru/unit/Ivanovo/Документация ЮНИТ М300/Раз
работка/Схемы ФБ ЮНИТ-М300/Проект/БД500/desc//06.02 
ДЗАТ/053.0961 КИ НН/img/KINN_t.pdf>
Package luatex.def Info: //uni-eng.ru/unit/Ivanovo/Документация Ю
НИТ М300/Разработка/Схемы ФБ ЮНИТ-М300/Проект/
БД500/desc//06.02 ДЗАТ/053.0961 КИ НН/img/KINN_t.pdf  used on input l
ine 50.
(luatex.def)             Requested size: 455.83263pt x 128.12347pt.
)
("//uni-eng.ru/unit/Ivanovo/Документация ЮНИТ М300/Разра
ботка/Схемы ФБ ЮНИТ-М300/Проект/БД500/desc//03.01 Л
В/561.0221 ЗНР/znr.tex"

Package enumitem Warning: Negative labelwidth. This does not make much
(enumitem)                sense, on input line 15.


Package fancyhdr Warning: \headheight is too small (14.5pt): 
(fancyhdr)                Make it at least 15.99998pt, for example:
(fancyhdr)                \setlength{\headheight}{15.99998pt}.
(fancyhdr)                You might also make \topmargin smaller:
(fancyhdr)                \addtolength{\topmargin}{-1.49998pt}.

[38<//uni-eng.ru/unit/Ivanovo/Документация ЮНИТ М300/Разр
аботка/Схемы ФБ ЮНИТ-М300/Проект/БД500/desc//06.02 
ДЗАТ/041.1151 РТПО/img/RTPO_t.pdf><//uni-eng.ru/unit/Ivanovo/Доку
ментация ЮНИТ М300/Разработка/Схемы ФБ ЮНИТ-
М300/Проект/БД500/desc//06.02 ДЗАТ/053.0961 КИ НН/img/KINN_t.pd
f>]
<//uni-eng.ru/unit/Ivanovo/Документация ЮНИТ М300/Разра
ботка/Схемы ФБ ЮНИТ-М300/Проект/БД500/desc//03.01 Л
В/561.0221 ЗНР/img/ZNR.pdf, id=1098, 525.54112pt x 224.33812pt>
File: //uni-eng.ru/unit/Ivanovo/Документация ЮНИТ М300/Раз
работка/Схемы ФБ ЮНИТ-М300/Проект/БД500/desc//03.01 
ЛВ/561.0221 ЗНР/img/ZNR.pdf Graphic file (type pdf)
<use //uni-eng.ru/unit/Ivanovo/Документация ЮНИТ М300/Раз
работка/Схемы ФБ ЮНИТ-М300/Проект/БД500/desc//03.01 
ЛВ/561.0221 ЗНР/img/ZNR.pdf>
Package luatex.def Info: //uni-eng.ru/unit/Ivanovo/Документация Ю
НИТ М300/Разработка/Схемы ФБ ЮНИТ-М300/Проект/
БД500/desc//03.01 ЛВ/561.0221 ЗНР/img/ZNR.pdf  used on input line 38.
(luatex.def)             Requested size: 506.46239pt x 216.19395pt.
)
("//uni-eng.ru/unit/Ivanovo/Документация ЮНИТ М300/Разра
ботка/Схемы ФБ ЮНИТ-М300/Проект/БД500/desc//06.02 Д
ЗАТ/041.1191 ТК ЗДЗ/zdz.tex"
<//uni-eng.ru/unit/Ivanovo/Документация ЮНИТ М300/Разра
ботка/Схемы ФБ ЮНИТ-М300/Проект/БД500/desc//06.02 Д
ЗАТ/041.1191 ТК ЗДЗ/img/ZDZ_t.pdf, id=1101, 411.5375pt x 458.21187pt>
File: //uni-eng.ru/unit/Ivanovo/Документация ЮНИТ М300/Раз
работка/Схемы ФБ ЮНИТ-М300/Проект/БД500/desc//06.02 
ДЗАТ/041.1191 ТК ЗДЗ/img/ZDZ_t.pdf Graphic file (type pdf)
<use //uni-eng.ru/unit/Ivanovo/Документация ЮНИТ М300/Раз
работка/Схемы ФБ ЮНИТ-М300/Проект/БД500/desc//06.02 
ДЗАТ/041.1191 ТК ЗДЗ/img/ZDZ_t.pdf>
Package luatex.def Info: //uni-eng.ru/unit/Ivanovo/Документация Ю
НИТ М300/Разработка/Схемы ФБ ЮНИТ-М300/Проект/
БД500/desc//06.02 ДЗАТ/041.1191 ТК ЗДЗ/img/ZDZ_t.pdf  used on input 
line 37.
(luatex.def)             Requested size: 379.84361pt x 422.92343pt.


Package fancyhdr Warning: \headheight is too small (14.5pt): 
(fancyhdr)                Make it at least 15.99998pt, for example:
(fancyhdr)                \setlength{\headheight}{15.99998pt}.
(fancyhdr)                You might also make \topmargin smaller:
(fancyhdr)                \addtolength{\topmargin}{-1.49998pt}.

[39<//uni-eng.ru/unit/Ivanovo/Документация ЮНИТ М300/Разр
аботка/Схемы ФБ ЮНИТ-М300/Проект/БД500/desc//03.01 
ЛВ/561.0221 ЗНР/img/ZNR.pdf>])
("//uni-eng.ru/unit/Ivanovo/Документация ЮНИТ М300/Разра
ботка/Схемы ФБ ЮНИТ-М300/Проект/БД500/desc//06.02 Д
ЗАТ/041.1201 КОН/kon.tex"

Package enumitem Warning: Negative labelwidth. This does not make much
(enumitem)                sense, on input line 40.

<//uni-eng.ru/unit/Ivanovo/Документация ЮНИТ М300/Разра
ботка/Схемы ФБ ЮНИТ-М300/Проект/БД500/desc//06.02 Д
ЗАТ/041.1201 КОН/img/KON_t.pdf, id=1129, 838.14516pt x 600.40459pt>
File: //uni-eng.ru/unit/Ivanovo/Документация ЮНИТ М300/Раз
работка/Схемы ФБ ЮНИТ-М300/Проект/БД500/desc//06.02 
ДЗАТ/041.1201 КОН/img/KON_t.pdf Graphic file (type pdf)
<use //uni-eng.ru/unit/Ivanovo/Документация ЮНИТ М300/Раз
работка/Схемы ФБ ЮНИТ-М300/Проект/БД500/desc//06.02 
ДЗАТ/041.1201 КОН/img/KON_t.pdf>
Package luatex.def Info: //uni-eng.ru/unit/Ivanovo/Документация Ю
НИТ М300/Разработка/Схемы ФБ ЮНИТ-М300/Проект/
БД500/desc//06.02 ДЗАТ/041.1201 КОН/img/KON_t.pdf  used on input line 
48.
(luatex.def)             Requested size: 506.45912pt x 362.80156pt.

Package fancyhdr Warning: \headheight is too small (14.5pt): 
(fancyhdr)                Make it at least 15.99998pt, for example:
(fancyhdr)                \setlength{\headheight}{15.99998pt}.
(fancyhdr)                You might also make \topmargin smaller:
(fancyhdr)                \addtolength{\topmargin}{-1.49998pt}.

[40<//uni-eng.ru/unit/Ivanovo/Документация ЮНИТ М300/Разр
аботка/Схемы ФБ ЮНИТ-М300/Проект/БД500/desc//06.02 
ДЗАТ/041.1191 ТК ЗДЗ/img/ZDZ_t.pdf>])
("//uni-eng.ru/unit/Ivanovo/Документация ЮНИТ М300/Разра
ботка/Схемы ФБ ЮНИТ-М300/Проект/БД500/desc//03.01 Л
В/3581. КПОВ/kpov.tex"
<//uni-eng.ru/unit/Ivanovo/Документация ЮНИТ М300/Разра
ботка/Схемы ФБ ЮНИТ-М300/Проект/БД500/desc//03.01 Л
В/3581. КПОВ/img/kpov_t.pdf, id=1150, 364.36125pt x 201.75375pt>
File: //uni-eng.ru/unit/Ivanovo/Документация ЮНИТ М300/Раз
работка/Схемы ФБ ЮНИТ-М300/Проект/БД500/desc//03.01 
ЛВ/3581. КПОВ/img/kpov_t.pdf Graphic file (type pdf)
<use //uni-eng.ru/unit/Ivanovo/Документация ЮНИТ М300/Раз
работка/Схемы ФБ ЮНИТ-М300/Проект/БД500/desc//03.01 
ЛВ/3581. КПОВ/img/kpov_t.pdf>
Package luatex.def Info: //uni-eng.ru/unit/Ivanovo/Документация Ю
НИТ М300/Разработка/Схемы ФБ ЮНИТ-М300/Проект/
БД500/desc//03.01 ЛВ/3581. КПОВ/img/kpov_t.pdf  used on input line 74.
(luatex.def)             Requested size: 329.20638pt x 182.28783pt.
)
("//uni-eng.ru/unit/Ivanovo/Документация ЮНИТ М300/Разра
ботка/Схемы ФБ ЮНИТ-М300/Проект/БД500/desc//06.01 Д
ЗТ/081.3451 Положение В/pol_Q.tex"

Package fancyhdr Warning: \headheight is too small (14.5pt): 
(fancyhdr)                Make it at least 15.99998pt, for example:
(fancyhdr)                \setlength{\headheight}{15.99998pt}.
(fancyhdr)                You might also make \topmargin smaller:
(fancyhdr)                \addtolength{\topmargin}{-1.49998pt}.

[41<//uni-eng.ru/unit/Ivanovo/Документация ЮНИТ М300/Разр
аботка/Схемы ФБ ЮНИТ-М300/Проект/БД500/desc//06.02 
ДЗАТ/041.1201 КОН/img/KON_t.pdf><//uni-eng.ru/unit/Ivanovo/Докуме
нтация ЮНИТ М300/Разработка/Схемы ФБ ЮНИТ-М300/
Проект/БД500/desc//03.01 ЛВ/3581. КПОВ/img/kpov_t.pdf>]
<//uni-eng.ru/unit/Ivanovo/Документация ЮНИТ М300/Разра
ботка/Схемы ФБ ЮНИТ-М300/Проект/БД500/desc//06.01 Д
ЗТ/081.3451 Положение В/img/Pol_Q.pdf, id=1182, 505.55847pt x 319.2
3624pt>
File: //uni-eng.ru/unit/Ivanovo/Документация ЮНИТ М300/Раз
работка/Схемы ФБ ЮНИТ-М300/Проект/БД500/desc//06.01 
ДЗТ/081.3451 Положение В/img/Pol_Q.pdf Graphic file (type pdf)
<use //uni-eng.ru/unit/Ivanovo/Документация ЮНИТ М300/Раз
работка/Схемы ФБ ЮНИТ-М300/Проект/БД500/desc//06.01 
ДЗТ/081.3451 Положение В/img/Pol_Q.pdf>
Package luatex.def Info: //uni-eng.ru/unit/Ivanovo/Документация Ю
НИТ М300/Разработка/Схемы ФБ ЮНИТ-М300/Проект/
БД500/desc//06.01 ДЗТ/081.3451 Положение В/img/Pol_Q.pdf  used o
n input line 17.
(luatex.def)             Requested size: 405.18788pt x 255.85696pt.
)
("//uni-eng.ru/unit/Ivanovo/Документация ЮНИТ М300/Разра
ботка/Схемы ФБ ЮНИТ-М300/Проект/БД500/desc//03.01 Л
В/761.3381 ФПВ12/fpv.tex"

Package enumitem Warning: Negative labelwidth. This does not make much
(enumitem)                sense, on input line 173.

<//uni-eng.ru/unit/Ivanovo/Документация ЮНИТ М300/Разра
ботка/Схемы ФБ ЮНИТ-М300/Проект/БД500/desc//03.01 Л
В/761.3381 ФПВ12/img/fpv1_rzt.pdf, id=1187, 721.27231pt x 484.19722pt>
File: //uni-eng.ru/unit/Ivanovo/Документация ЮНИТ М300/Раз
работка/Схемы ФБ ЮНИТ-М300/Проект/БД500/desc//03.01 
ЛВ/761.3381 ФПВ12/img/fpv1_rzt.pdf Graphic file (type pdf)
<use //uni-eng.ru/unit/Ivanovo/Документация ЮНИТ М300/Раз
работка/Схемы ФБ ЮНИТ-М300/Проект/БД500/desc//03.01 
ЛВ/761.3381 ФПВ12/img/fpv1_rzt.pdf>
Package luatex.def Info: //uni-eng.ru/unit/Ivanovo/Документация Ю
НИТ М300/Разработка/Схемы ФБ ЮНИТ-М300/Проект/
БД500/desc//03.01 ЛВ/761.3381 ФПВ12/img/fpv1_rzt.pdf  used on input line
 185.
(luatex.def)             Requested size: 455.8127pt x 305.99155pt.

Package fancyhdr Warning: \headheight is too small (14.5pt): 
(fancyhdr)                Make it at least 15.99998pt, for example:
(fancyhdr)                \setlength{\headheight}{15.99998pt}.
(fancyhdr)                You might also make \topmargin smaller:
(fancyhdr)                \addtolength{\topmargin}{-1.49998pt}.

[42<//uni-eng.ru/unit/Ivanovo/Документация ЮНИТ М300/Разр
аботка/Схемы ФБ ЮНИТ-М300/Проект/БД500/desc//06.01 
ДЗТ/081.3451 Положение В/img/Pol_Q.pdf>]
<//uni-eng.ru/unit/Ivanovo/Документация ЮНИТ М300/Разра
ботка/Схемы ФБ ЮНИТ-М300/Проект/БД500/desc//03.01 Л
В/761.3381 ФПВ12/img/fpv2_rzt.pdf, id=1214, 719.93669pt x 625.78319pt>
File: //uni-eng.ru/unit/Ivanovo/Документация ЮНИТ М300/Раз
работка/Схемы ФБ ЮНИТ-М300/Проект/БД500/desc//03.01 
ЛВ/761.3381 ФПВ12/img/fpv2_rzt.pdf Graphic file (type pdf)
<use //uni-eng.ru/unit/Ivanovo/Документация ЮНИТ М300/Раз
работка/Схемы ФБ ЮНИТ-М300/Проект/БД500/desc//03.01 
ЛВ/761.3381 ФПВ12/img/fpv2_rzt.pdf>
Package luatex.def Info: //uni-eng.ru/unit/Ivanovo/Документация Ю
НИТ М300/Разработка/Схемы ФБ ЮНИТ-М300/Проект/
БД500/desc//03.01 ЛВ/761.3381 ФПВ12/img/fpv2_rzt.pdf  used on input line
 192.
(luatex.def)             Requested size: 455.8255pt x 396.21252pt.
)
("//uni-eng.ru/unit/Ivanovo/Документация ЮНИТ М300/Разра
ботка/Схемы ФБ ЮНИТ-М300/Проект/БД500/desc//03.01 Л
В/761.3371 КСВ/ksv.tex"

Package fancyhdr Warning: \headheight is too small (14.5pt): 
(fancyhdr)                Make it at least 15.99998pt, for example:
(fancyhdr)                \setlength{\headheight}{15.99998pt}.
(fancyhdr)                You might also make \topmargin smaller:
(fancyhdr)                \addtolength{\topmargin}{-1.49998pt}.

[43<//uni-eng.ru/unit/Ivanovo/Документация ЮНИТ М300/Разр
аботка/Схемы ФБ ЮНИТ-М300/Проект/БД500/desc//03.01 
ЛВ/761.3381 ФПВ12/img/fpv1_rzt.pdf><//uni-eng.ru/unit/Ivanovo/Докум
ентация ЮНИТ М300/Разработка/Схемы ФБ ЮНИТ-М30
0/Проект/БД500/desc//03.01 ЛВ/761.3381 ФПВ12/img/fpv2_rzt.pdf>]
<//uni-eng.ru/unit/Ivanovo/Документация ЮНИТ М300/Разра
ботка/Схемы ФБ ЮНИТ-М300/Проект/БД500/desc//03.01 Л
В/761.3371 КСВ/img/KSV_control_lv.pdf, id=1239, 636.3775pt x 846.16125pt>
File: //uni-eng.ru/unit/Ivanovo/Документация ЮНИТ М300/Раз
работка/Схемы ФБ ЮНИТ-М300/Проект/БД500/desc//03.01 
ЛВ/761.3371 КСВ/img/KSV_control_lv.pdf Graphic file (type pdf)
<use //uni-eng.ru/unit/Ivanovo/Документация ЮНИТ М300/Раз
работка/Схемы ФБ ЮНИТ-М300/Проект/БД500/desc//03.01 
ЛВ/761.3371 КСВ/img/KSV_control_lv.pdf>
Package luatex.def Info: //uni-eng.ru/unit/Ivanovo/Документация Ю
НИТ М300/Разработка/Схемы ФБ ЮНИТ-М300/Проект/
БД500/desc//03.01 ЛВ/761.3371 КСВ/img/KSV_control_lv.pdf  used on input 
line 129.
(luatex.def)             Requested size: 435.54697pt x 579.12634pt.


Package fancyhdr Warning: \headheight is too small (14.5pt): 
(fancyhdr)                Make it at least 15.99998pt, for example:
(fancyhdr)                \setlength{\headheight}{15.99998pt}.
(fancyhdr)                You might also make \topmargin smaller:
(fancyhdr)                \addtolength{\topmargin}{-1.49998pt}.

[44<//uni-eng.ru/unit/Ivanovo/Документация ЮНИТ М300/Разр
аботка/Схемы ФБ ЮНИТ-М300/Проект/БД500/desc//03.01 
ЛВ/761.3371 КСВ/img/KSV_control_lv.pdf>]

Package enumitem Warning: Negative labelwidth. This does not make much
(enumitem)                sense, on input line 142.

<//uni-eng.ru/unit/Ivanovo/Документация ЮНИТ М300/Разра
ботка/Схемы ФБ ЮНИТ-М300/Проект/БД500/desc//03.01 Л
В/761.3371 КСВ/img/KSV_control_TT_B1.pdf, id=1261, 580.1675pt x 220.32312pt
>
File: //uni-eng.ru/unit/Ivanovo/Документация ЮНИТ М300/Раз
работка/Схемы ФБ ЮНИТ-М300/Проект/БД500/desc//03.01 
ЛВ/761.3371 КСВ/img/KSV_control_TT_B1.pdf Graphic file (type pdf)
<use //uni-eng.ru/unit/Ivanovo/Документация ЮНИТ М300/Раз
работка/Схемы ФБ ЮНИТ-М300/Проект/БД500/desc//03.01 
ЛВ/761.3371 КСВ/img/KSV_control_TT_B1.pdf>
Package luatex.def Info: //uni-eng.ru/unit/Ivanovo/Документация Ю
НИТ М300/Разработка/Схемы ФБ ЮНИТ-М300/Проект/
БД500/desc//03.01 ЛВ/761.3371 КСВ/img/KSV_control_TT_B1.pdf  used on inp
ut line 182.
(luatex.def)             Requested size: 506.45905pt x 192.33176pt.

Package fancyhdr Warning: \headheight is too small (14.5pt): 
(fancyhdr)                Make it at least 15.99998pt, for example:
(fancyhdr)                \setlength{\headheight}{15.99998pt}.
(fancyhdr)                You might also make \topmargin smaller:
(fancyhdr)                \addtolength{\topmargin}{-1.49998pt}.

[45]
<//uni-eng.ru/unit/Ivanovo/Документация ЮНИТ М300/Разра
ботка/Схемы ФБ ЮНИТ-М300/Проект/БД500/desc//03.01 Л
В/761.3371 КСВ/img/KSV_EMU_protection.pdf, id=1282, 581.12813pt x 313.5464p
t>
File: //uni-eng.ru/unit/Ivanovo/Документация ЮНИТ М300/Раз
работка/Схемы ФБ ЮНИТ-М300/Проект/БД500/desc//03.01 
ЛВ/761.3371 КСВ/img/KSV_EMU_protection.pdf Graphic file (type pdf)
<use //uni-eng.ru/unit/Ivanovo/Документация ЮНИТ М300/Раз
работка/Схемы ФБ ЮНИТ-М300/Проект/БД500/desc//03.01 
ЛВ/761.3371 КСВ/img/KSV_EMU_protection.pdf>
Package luatex.def Info: //uni-eng.ru/unit/Ivanovo/Документация Ю
НИТ М300/Разработка/Схемы ФБ ЮНИТ-М300/Проект/
БД500/desc//03.01 ЛВ/761.3371 КСВ/img/KSV_EMU_protection.pdf  used on in
put line 201.
(luatex.def)             Requested size: 506.45525pt x 273.25682pt.


Package fancyhdr Warning: \headheight is too small (14.5pt): 
(fancyhdr)                Make it at least 15.99998pt, for example:
(fancyhdr)                \setlength{\headheight}{15.99998pt}.
(fancyhdr)                You might also make \topmargin smaller:
(fancyhdr)                \addtolength{\topmargin}{-1.49998pt}.

[46<//uni-eng.ru/unit/Ivanovo/Документация ЮНИТ М300/Разр
аботка/Схемы ФБ ЮНИТ-М300/Проект/БД500/desc//03.01 
ЛВ/761.3371 КСВ/img/KSV_control_TT_B1.pdf><//uni-eng.ru/unit/Ivanovo/До
кументация ЮНИТ М300/Разработка/Схемы ФБ ЮН
ИТ-М300/Проект/БД500/desc//03.01 ЛВ/761.3371 КСВ/img/KSV_EMU_pro
tection.pdf>]
<//uni-eng.ru/unit/Ivanovo/Документация ЮНИТ М300/Разра
ботка/Схемы ФБ ЮНИТ-М300/Проект/БД500/desc//03.01 Л
В/761.3371 КСВ/img/KSV_control_block_lv.pdf, id=1313, 637.58487pt x 172.017
65pt>
File: //uni-eng.ru/unit/Ivanovo/Документация ЮНИТ М300/Раз
работка/Схемы ФБ ЮНИТ-М300/Проект/БД500/desc//03.01 
ЛВ/761.3371 КСВ/img/KSV_control_block_lv.pdf Graphic file (type pdf)
<use //uni-eng.ru/unit/Ivanovo/Документация ЮНИТ М300/Раз
работка/Схемы ФБ ЮНИТ-М300/Проект/БД500/desc//03.01 
ЛВ/761.3371 КСВ/img/KSV_control_block_lv.pdf>
Package luatex.def Info: //uni-eng.ru/unit/Ivanovo/Документация Ю
НИТ М300/Разработка/Схемы ФБ ЮНИТ-М300/Проект/
БД500/desc//03.01 ЛВ/761.3371 КСВ/img/KSV_control_block_lv.pdf  used on 
input line 223.
(luatex.def)             Requested size: 506.46895pt x 136.64313pt.
<//uni-eng.ru/unit/Ivanovo/Документация ЮНИТ М300/Разра
ботка/Схемы ФБ ЮНИТ-М300/Проект/БД500/desc//03.01 Л
В/761.3371 КСВ/img/KSV_relay_fix_B1_lv.pdf, id=1315, 579.62256pt x 190.0851
6pt>
File: //uni-eng.ru/unit/Ivanovo/Документация ЮНИТ М300/Раз
работка/Схемы ФБ ЮНИТ-М300/Проект/БД500/desc//03.01 
ЛВ/761.3371 КСВ/img/KSV_relay_fix_B1_lv.pdf Graphic file (type pdf)
<use //uni-eng.ru/unit/Ivanovo/Документация ЮНИТ М300/Раз
работка/Схемы ФБ ЮНИТ-М300/Проект/БД500/desc//03.01 
ЛВ/761.3371 КСВ/img/KSV_relay_fix_B1_lv.pdf>
Package luatex.def Info: //uni-eng.ru/unit/Ivanovo/Документация Ю
НИТ М300/Разработка/Схемы ФБ ЮНИТ-М300/Проект/
БД500/desc//03.01 ЛВ/761.3371 КСВ/img/KSV_relay_fix_B1_lv.pdf  used on i
nput line 238.
(luatex.def)             Requested size: 506.47864pt x 166.09785pt.
)
("//uni-eng.ru/unit/Ivanovo/Документация ЮНИТ М300/Разра
ботка/Схемы ФБ ЮНИТ-М300/Проект/БД500/desc//06.02 Д
ЗАТ/761.3391 Управление В/op_Q.tex"

Package enumitem Warning: Negative labelwidth. This does not make much
(enumitem)                sense, on input line 43.


Package fancyhdr Warning: \headheight is too small (14.5pt): 
(fancyhdr)                Make it at least 15.99998pt, for example:
(fancyhdr)                \setlength{\headheight}{15.99998pt}.
(fancyhdr)                You might also make \topmargin smaller:
(fancyhdr)                \addtolength{\topmargin}{-1.49998pt}.

[47<//uni-eng.ru/unit/Ivanovo/Документация ЮНИТ М300/Разр
аботка/Схемы ФБ ЮНИТ-М300/Проект/БД500/desc//03.01 
ЛВ/761.3371 КСВ/img/KSV_control_block_lv.pdf><//uni-eng.ru/unit/Ivanovo/
Документация ЮНИТ М300/Разработка/Схемы ФБ 
ЮНИТ-М300/Проект/БД500/desc//03.01 ЛВ/761.3371 КСВ/img/KSV_rel
ay_fix_B1_lv.pdf>]
<//uni-eng.ru/unit/Ivanovo/Документация ЮНИТ М300/Разра
ботка/Схемы ФБ ЮНИТ-М300/Проект/БД500/desc//06.02 Д
ЗАТ/761.3391 Управление В/img/OP_Q.pdf, id=1350, 581.17125pt x 32
7.2225pt>
File: //uni-eng.ru/unit/Ivanovo/Документация ЮНИТ М300/Раз
работка/Схемы ФБ ЮНИТ-М300/Проект/БД500/desc//06.02 
ДЗАТ/761.3391 Управление В/img/OP_Q.pdf Graphic file (type pdf)
<use //uni-eng.ru/unit/Ivanovo/Документация ЮНИТ М300/Раз
работка/Схемы ФБ ЮНИТ-М300/Проект/БД500/desc//06.02 
ДЗАТ/761.3391 Управление В/img/OP_Q.pdf>
Package luatex.def Info: //uni-eng.ru/unit/Ivanovo/Документация Ю
НИТ М300/Разработка/Схемы ФБ ЮНИТ-М300/Проект/
БД500/desc//06.02 ДЗАТ/761.3391 Управление В/img/OP_Q.pdf  use
d on input line 65.
(luatex.def)             Requested size: 506.46623pt x 285.1606pt.
)
("//uni-eng.ru/unit/Ivanovo/Документация ЮНИТ М300/Разра
ботка/Схемы ФБ ЮНИТ-М300/Проект/БД500/desc//06.02 Д
ЗАТ/761.3431 БКУ/bku.tex"
<//uni-eng.ru/unit/Ivanovo/Документация ЮНИТ М300/Разра
ботка/Схемы ФБ ЮНИТ-М300/Проект/БД500/desc//06.02 Д
ЗАТ/761.3431 БКУ/img/BKU.pdf, id=1353, 572.32631pt x 87.70265pt>
File: //uni-eng.ru/unit/Ivanovo/Документация ЮНИТ М300/Раз
работка/Схемы ФБ ЮНИТ-М300/Проект/БД500/desc//06.02 
ДЗАТ/761.3431 БКУ/img/BKU.pdf Graphic file (type pdf)
<use //uni-eng.ru/unit/Ivanovo/Документация ЮНИТ М300/Раз
работка/Схемы ФБ ЮНИТ-М300/Проект/БД500/desc//06.02 
ДЗАТ/761.3431 БКУ/img/BKU.pdf>
Package luatex.def Info: //uni-eng.ru/unit/Ivanovo/Документация Ю
НИТ М300/Разработка/Схемы ФБ ЮНИТ-М300/Проект/
БД500/desc//06.02 ДЗАТ/761.3431 БКУ/img/BKU.pdf  used on input line 34
.
(luatex.def)             Requested size: 506.46947pt x 77.61081pt.
)
("//uni-eng.ru/unit/Ivanovo/Документация ЮНИТ М300/Разра
ботка/Схемы ФБ ЮНИТ-М300/Проект/БД500/desc//06.02 Д
ЗАТ/761.3351 КСН/ksn.tex"

Package fancyhdr Warning: \headheight is too small (14.5pt): 
(fancyhdr)                Make it at least 15.99998pt, for example:
(fancyhdr)                \setlength{\headheight}{15.99998pt}.
(fancyhdr)                You might also make \topmargin smaller:
(fancyhdr)                \addtolength{\topmargin}{-1.49998pt}.

[48<//uni-eng.ru/unit/Ivanovo/Документация ЮНИТ М300/Разр
аботка/Схемы ФБ ЮНИТ-М300/Проект/БД500/desc//06.02 
ДЗАТ/761.3391 Управление В/img/OP_Q.pdf><//uni-eng.ru/unit/Ivanov
o/Документация ЮНИТ М300/Разработка/Схемы ФБ 
ЮНИТ-М300/Проект/БД500/desc//06.02 ДЗАТ/761.3431 БКУ/img/BKU
.pdf>]

Package enumitem Warning: Negative labelwidth. This does not make much
(enumitem)                sense, on input line 53.


Package enumitem Warning: Negative labelwidth. This does not make much
(enumitem)                sense, on input line 87.


Package enumitem Warning: Negative labelwidth. This does not make much
(enumitem)                sense, on input line 95.


Package enumitem Warning: Negative labelwidth. This does not make much
(enumitem)                sense, on input line 105.


Package enumitem Warning: Negative labelwidth. This does not make much
(enumitem)                sense, on input line 114.


Package fancyhdr Warning: \headheight is too small (14.5pt): 
(fancyhdr)                Make it at least 15.99998pt, for example:
(fancyhdr)                \setlength{\headheight}{15.99998pt}.
(fancyhdr)                You might also make \topmargin smaller:
(fancyhdr)                \addtolength{\topmargin}{-1.49998pt}.

[49]
<//uni-eng.ru/unit/Ivanovo/Документация ЮНИТ М300/Разра
ботка/Схемы ФБ ЮНИТ-М300/Проект/БД500/desc//06.02 Д
ЗАТ/761.3351 КСН/img/KSN_t.pdf, id=1407, 579.02138pt x 644.4832pt>
File: //uni-eng.ru/unit/Ivanovo/Документация ЮНИТ М300/Раз
работка/Схемы ФБ ЮНИТ-М300/Проект/БД500/desc//06.02 
ДЗАТ/761.3351 КСН/img/KSN_t.pdf Graphic file (type pdf)
<use //uni-eng.ru/unit/Ivanovo/Документация ЮНИТ М300/Раз
работка/Схемы ФБ ЮНИТ-М300/Проект/БД500/desc//06.02 
ДЗАТ/761.3351 КСН/img/KSN_t.pdf>
Package luatex.def Info: //uni-eng.ru/unit/Ivanovo/Документация Ю
НИТ М300/Разработка/Схемы ФБ ЮНИТ-М300/Проект/
БД500/desc//06.02 ДЗАТ/761.3351 КСН/img/KSN_t.pdf  used on input line 
148.
(luatex.def)             Requested size: 405.17967pt x 450.98766pt.
)
("//uni-eng.ru/unit/Ivanovo/Документация ЮНИТ М300/Разра
ботка/Схемы ФБ ЮНИТ-М300/Проект/БД500/desc//06.02 Д
ЗАТ/761.3011 АПВ/apv.tex"

Package fancyhdr Warning: \headheight is too small (14.5pt): 
(fancyhdr)                Make it at least 15.99998pt, for example:
(fancyhdr)                \setlength{\headheight}{15.99998pt}.
(fancyhdr)                You might also make \topmargin smaller:
(fancyhdr)                \addtolength{\topmargin}{-1.49998pt}.

[50<//uni-eng.ru/unit/Ivanovo/Документация ЮНИТ М300/Разр
аботка/Схемы ФБ ЮНИТ-М300/Проект/БД500/desc//06.02 
ДЗАТ/761.3351 КСН/img/KSN_t.pdf>]

Package enumitem Warning: Negative labelwidth. This does not make much
(enumitem)                sense, on input line 50.

<//uni-eng.ru/unit/Ivanovo/Документация ЮНИТ М300/Разра
ботка/Схемы ФБ ЮНИТ-М300/Проект/БД500/desc//06.02 Д
ЗАТ/761.3011 АПВ/img/APV_AT_t.pdf, id=1436, 695.89423pt x 566.34378pt>
File: //uni-eng.ru/unit/Ivanovo/Документация ЮНИТ М300/Раз
работка/Схемы ФБ ЮНИТ-М300/Проект/БД500/desc//06.02 
ДЗАТ/761.3011 АПВ/img/APV_AT_t.pdf Graphic file (type pdf)
<use //uni-eng.ru/unit/Ivanovo/Документация ЮНИТ М300/Раз
работка/Схемы ФБ ЮНИТ-М300/Проект/БД500/desc//06.02 
ДЗАТ/761.3011 АПВ/img/APV_AT_t.pdf>
Package luatex.def Info: //uni-eng.ru/unit/Ivanovo/Документация Ю
НИТ М300/Разработка/Схемы ФБ ЮНИТ-М300/Проект/
БД500/desc//06.02 ДЗАТ/761.3011 АПВ/img/APV_AT_t.pdf  used on input li
ne 123.
(luatex.def)             Requested size: 455.81937pt x 370.9622pt.

Package fancyhdr Warning: \headheight is too small (14.5pt): 
(fancyhdr)                Make it at least 15.99998pt, for example:
(fancyhdr)                \setlength{\headheight}{15.99998pt}.
(fancyhdr)                You might also make \topmargin smaller:
(fancyhdr)                \addtolength{\topmargin}{-1.49998pt}.

[51]
<//uni-eng.ru/unit/Ivanovo/Документация ЮНИТ М300/Разра
ботка/Схемы ФБ ЮНИТ-М300/Проект/БД500/desc//06.02 Д
ЗАТ/761.3011 АПВ/img/APV_SSh_t.pdf, id=1455, 693.22287pt x 381.34708pt>
File: //uni-eng.ru/unit/Ivanovo/Документация ЮНИТ М300/Раз
работка/Схемы ФБ ЮНИТ-М300/Проект/БД500/desc//06.02 
ДЗАТ/761.3011 АПВ/img/APV_SSh_t.pdf Graphic file (type pdf)
<use //uni-eng.ru/unit/Ivanovo/Документация ЮНИТ М300/Раз
работка/Схемы ФБ ЮНИТ-М300/Проект/БД500/desc//06.02 
ДЗАТ/761.3011 АПВ/img/APV_SSh_t.pdf>
Package luatex.def Info: //uni-eng.ru/unit/Ivanovo/Документация Ю
НИТ М300/Разработка/Схемы ФБ ЮНИТ-М300/Проект/
БД500/desc//06.02 ДЗАТ/761.3011 АПВ/img/APV_SSh_t.pdf  used on input l
ine 135.
(luatex.def)             Requested size: 455.80434pt x 250.74136pt.


Package fancyhdr Warning: \headheight is too small (14.5pt): 
(fancyhdr)                Make it at least 15.99998pt, for example:
(fancyhdr)                \setlength{\headheight}{15.99998pt}.
(fancyhdr)                You might also make \topmargin smaller:
(fancyhdr)                \addtolength{\topmargin}{-1.49998pt}.

[52<//uni-eng.ru/unit/Ivanovo/Документация ЮНИТ М300/Разр
аботка/Схемы ФБ ЮНИТ-М300/Проект/БД500/desc//06.02 
ДЗАТ/761.3011 АПВ/img/APV_AT_t.pdf><//uni-eng.ru/unit/Ivanovo/Доку
ментация ЮНИТ М300/Разработка/Схемы ФБ ЮНИТ-
М300/Проект/БД500/desc//06.02 ДЗАТ/761.3011 АПВ/img/APV_SSh_t.pd
f>])
("//uni-eng.ru/unit/Ivanovo/Документация ЮНИТ М300/Разра
ботка/Схемы ФБ ЮНИТ-М300/Проект/БД500/desc//06.01 Д
ЗТ/021.9901 ЛО внеш/lo.tex"

Package enumitem Warning: Negative labelwidth. This does not make much
(enumitem)                sense, on input line 12.


Package enumitem Warning: Negative labelwidth. This does not make much
(enumitem)                sense, on input line 20.

<//uni-eng.ru/unit/Ivanovo/Документация ЮНИТ М300/Разра
ботка/Схемы ФБ ЮНИТ-М300/Проект/БД500/desc//06.01 Д
ЗТ/021.9901 ЛО внеш/img/LO_VN.pdf, id=1484, 441.86812pt x 195.35484pt>
File: //uni-eng.ru/unit/Ivanovo/Документация ЮНИТ М300/Раз
работка/Схемы ФБ ЮНИТ-М300/Проект/БД500/desc//06.01 
ДЗТ/021.9901 ЛО внеш/img/LO_VN.pdf Graphic file (type pdf)
<use //uni-eng.ru/unit/Ivanovo/Документация ЮНИТ М300/Раз
работка/Схемы ФБ ЮНИТ-М300/Проект/БД500/desc//06.01 
ДЗТ/021.9901 ЛО внеш/img/LO_VN.pdf>
Package luatex.def Info: //uni-eng.ru/unit/Ivanovo/Документация Ю
НИТ М300/Разработка/Схемы ФБ ЮНИТ-М300/Проект/
БД500/desc//06.01 ДЗТ/021.9901 ЛО внеш/img/LO_VN.pdf  used on input 
line 31.
(luatex.def)             Requested size: 506.47902pt x 223.92003pt.
<//uni-eng.ru/unit/Ivanovo/Документация ЮНИТ М300/Разра
ботка/Схемы ФБ ЮНИТ-М300/Проект/БД500/desc//06.01 Д
ЗТ/021.9901 ЛО внеш/img/LO_NN.pdf, id=1487, 439.2335pt x 280.79906pt>
File: //uni-eng.ru/unit/Ivanovo/Документация ЮНИТ М300/Раз
работка/Схемы ФБ ЮНИТ-М300/Проект/БД500/desc//06.01 
ДЗТ/021.9901 ЛО внеш/img/LO_NN.pdf Graphic file (type pdf)
<use //uni-eng.ru/unit/Ivanovo/Документация ЮНИТ М300/Раз
работка/Схемы ФБ ЮНИТ-М300/Проект/БД500/desc//06.01 
ДЗТ/021.9901 ЛО внеш/img/LO_NN.pdf>
Package luatex.def Info: //uni-eng.ru/unit/Ivanovo/Документация Ю
НИТ М300/Разработка/Схемы ФБ ЮНИТ-М300/Проект/
БД500/desc//06.01 ДЗТ/021.9901 ЛО внеш/img/LO_NN.pdf  used on input 
line 47.
(luatex.def)             Requested size: 506.46843pt x 323.7819pt.

Package fancyhdr Warning: \headheight is too small (14.5pt): 
(fancyhdr)                Make it at least 15.99998pt, for example:
(fancyhdr)                \setlength{\headheight}{15.99998pt}.
(fancyhdr)                You might also make \topmargin smaller:
(fancyhdr)                \addtolength{\topmargin}{-1.49998pt}.

[53<//uni-eng.ru/unit/Ivanovo/Документация ЮНИТ М300/Разр
аботка/Схемы ФБ ЮНИТ-М300/Проект/БД500/desc//06.01 
ДЗТ/021.9901 ЛО внеш/img/LO_VN.pdf>]
Overfull \hbox (0.66095pt too wide) in paragraph at lines 52--53
[]\TU/ArialNarrow(0)/m/n/12 Логика при-е-ма сиг-на-лов в
неш-не-го от-клю-че-ния от АПТ и АОТ вы-во-ди
т-ся на-клад-кой \TU/ArialNarrow(0)/b/n/12 «ЛО внеш АПТ
»\TU/ArialNarrow(0)/m/n/12 . 
 []

<//uni-eng.ru/unit/Ivanovo/Документация ЮНИТ М300/Разра
ботка/Схемы ФБ ЮНИТ-М300/Проект/БД500/desc//06.01 Д
ЗТ/021.9901 ЛО внеш/img/LO_APT.pdf, id=1517, 447.89014pt x 87.32625pt>
File: //uni-eng.ru/unit/Ivanovo/Документация ЮНИТ М300/Раз
работка/Схемы ФБ ЮНИТ-М300/Проект/БД500/desc//06.01 
ДЗТ/021.9901 ЛО внеш/img/LO_APT.pdf Graphic file (type pdf)
<use //uni-eng.ru/unit/Ivanovo/Документация ЮНИТ М300/Раз
работка/Схемы ФБ ЮНИТ-М300/Проект/БД500/desc//06.01 
ДЗТ/021.9901 ЛО внеш/img/LO_APT.pdf>
Package luatex.def Info: //uni-eng.ru/unit/Ivanovo/Документация Ю
НИТ М300/Разработка/Схемы ФБ ЮНИТ-М300/Проект/
БД500/desc//06.01 ДЗТ/021.9901 ЛО внеш/img/LO_APT.pdf  used on input
 line 63.
(luatex.def)             Requested size: 506.47215pt x 98.74812pt.
)
("//uni-eng.ru/unit/Ivanovo/Документация ЮНИТ М300/Разра
ботка/Схемы ФБ ЮНИТ-М300/Проект/БД500/desc//06.01 Д
ЗТ/011.9902 ЛО общ/lo.tex"
<//uni-eng.ru/unit/Ivanovo/Документация ЮНИТ М300/Разра
ботка/Схемы ФБ ЮНИТ-М300/Проект/БД500/desc//06.01 Д
ЗТ/011.9902 ЛО общ/img/LO_gen.pdf, id=1519, 412.13434pt x 319.56891pt>
File: //uni-eng.ru/unit/Ivanovo/Документация ЮНИТ М300/Раз
работка/Схемы ФБ ЮНИТ-М300/Проект/БД500/desc//06.01 
ДЗТ/011.9902 ЛО общ/img/LO_gen.pdf Graphic file (type pdf)
<use //uni-eng.ru/unit/Ivanovo/Документация ЮНИТ М300/Раз
работка/Схемы ФБ ЮНИТ-М300/Проект/БД500/desc//06.01 
ДЗТ/011.9902 ЛО общ/img/LO_gen.pdf>
Package luatex.def Info: //uni-eng.ru/unit/Ivanovo/Документация Ю
НИТ М300/Разработка/Схемы ФБ ЮНИТ-М300/Проект/
БД500/desc//06.01 ДЗТ/011.9902 ЛО общ/img/LO_gen.pdf  used on input l
ine 20.
(luatex.def)             Requested size: 506.46315pt x 392.71144pt.


Package fancyhdr Warning: \headheight is too small (14.5pt): 
(fancyhdr)                Make it at least 15.99998pt, for example:
(fancyhdr)                \setlength{\headheight}{15.99998pt}.
(fancyhdr)                You might also make \topmargin smaller:
(fancyhdr)                \addtolength{\topmargin}{-1.49998pt}.

[54<//uni-eng.ru/unit/Ivanovo/Документация ЮНИТ М300/Разр
аботка/Схемы ФБ ЮНИТ-М300/Проект/БД500/desc//06.01 
ДЗТ/021.9901 ЛО внеш/img/LO_NN.pdf><//uni-eng.ru/unit/Ivanovo/Док
ументация ЮНИТ М300/Разработка/Схемы ФБ ЮНИ
Т-М300/Проект/БД500/desc//06.01 ДЗТ/021.9901 ЛО внеш/img/LO_A
PT.pdf>])
("//uni-eng.ru/unit/Ivanovo/Документация ЮНИТ М300/Разра
ботка/Схемы ФБ ЮНИТ-М300/Проект/БД500/desc//06.01 Д
ЗТ/011.9902 ЛД НН/ld.tex"
<//uni-eng.ru/unit/Ivanovo/Документация ЮНИТ М300/Разра
ботка/Схемы ФБ ЮНИТ-М300/Проект/БД500/desc//06.01 Д
ЗТ/011.9902 ЛД НН/img/ld.pdf, id=1556, 417.30968pt x 452.89201pt>
File: //uni-eng.ru/unit/Ivanovo/Документация ЮНИТ М300/Раз
работка/Схемы ФБ ЮНИТ-М300/Проект/БД500/desc//06.01 
ДЗТ/011.9902 ЛД НН/img/ld.pdf Graphic file (type pdf)
<use //uni-eng.ru/unit/Ivanovo/Документация ЮНИТ М300/Раз
работка/Схемы ФБ ЮНИТ-М300/Проект/БД500/desc//06.01 
ДЗТ/011.9902 ЛД НН/img/ld.pdf>
Package luatex.def Info: //uni-eng.ru/unit/Ivanovo/Документация Ю
НИТ М300/Разработка/Схемы ФБ ЮНИТ-М300/Проект/
БД500/desc//06.01 ДЗТ/011.9902 ЛД НН/img/ld.pdf  used on input line 21
.
(luatex.def)             Requested size: 506.48723pt x 549.67339pt.


Package fancyhdr Warning: \headheight is too small (14.5pt): 
(fancyhdr)                Make it at least 15.99998pt, for example:
(fancyhdr)                \setlength{\headheight}{15.99998pt}.
(fancyhdr)                You might also make \topmargin smaller:
(fancyhdr)                \addtolength{\topmargin}{-1.49998pt}.

[55<//uni-eng.ru/unit/Ivanovo/Документация ЮНИТ М300/Разр
аботка/Схемы ФБ ЮНИТ-М300/Проект/БД500/desc//06.01 
ДЗТ/011.9902 ЛО общ/img/LO_gen.pdf>])
("//uni-eng.ru/unit/Ivanovo/Документация ЮНИТ М300/Разра
ботка/Схемы ФБ ЮНИТ-М300/Проект/БД500/desc//06.01 Д
ЗТ/011.9902 ЛО ОК/look.tex"
<//uni-eng.ru/unit/Ivanovo/Документация ЮНИТ М300/Разра
ботка/Схемы ФБ ЮНИТ-М300/Проект/БД500/desc//06.01 Д
ЗТ/011.9902 ЛО ОК/img/look.pdf, id=1579, 458.42876pt x 84.315pt>
File: //uni-eng.ru/unit/Ivanovo/Документация ЮНИТ М300/Раз
работка/Схемы ФБ ЮНИТ-М300/Проект/БД500/desc//06.01 
ДЗТ/011.9902 ЛО ОК/img/look.pdf Graphic file (type pdf)
<use //uni-eng.ru/unit/Ivanovo/Документация ЮНИТ М300/Раз
работка/Схемы ФБ ЮНИТ-М300/Проект/БД500/desc//06.01 
ДЗТ/011.9902 ЛО ОК/img/look.pdf>
Package luatex.def Info: //uni-eng.ru/unit/Ivanovo/Документация Ю
НИТ М300/Разработка/Схемы ФБ ЮНИТ-М300/Проект/
БД500/desc//06.01 ДЗТ/011.9902 ЛО ОК/img/look.pdf  used on input line 
21.
(luatex.def)             Requested size: 506.47662pt x 93.15202pt.


Package fancyhdr Warning: \headheight is too small (14.5pt): 
(fancyhdr)                Make it at least 15.99998pt, for example:
(fancyhdr)                \setlength{\headheight}{15.99998pt}.
(fancyhdr)                You might also make \topmargin smaller:
(fancyhdr)                \addtolength{\topmargin}{-1.49998pt}.

[56<//uni-eng.ru/unit/Ivanovo/Документация ЮНИТ М300/Разр
аботка/Схемы ФБ ЮНИТ-М300/Проект/БД500/desc//06.01 
ДЗТ/011.9902 ЛД НН/img/ld.pdf>])
("//uni-eng.ru/unit/Ivanovo/Документация ЮНИТ М300/Разра
ботка/Схемы ФБ ЮНИТ-М300/Проект/БД500/desc//06.01 Д
ЗТ/021.0361 ЛО смеж Т от ТЗНП/lo.tex"
Overfull \hbox (15.26758pt too wide) in paragraph at lines 13--14
[]\TU/ArialNarrow(0)/m/n/12 Алгоритм ра-бо-ты ло-ги-ки о
т-клю-че-ния смеж-но-го транс-фор-ма-то-ра пр
и-ве-ден на ри-сун-ке []2.55[]. Параметры
 []

<//uni-eng.ru/unit/Ivanovo/Документация ЮНИТ М300/Разра
ботка/Схемы ФБ ЮНИТ-М300/Проект/БД500/desc//06.01 Д
ЗТ/021.0361 ЛО смеж Т от ТЗНП/img/LO_T_TZNP.pdf, id=1602, 457.71
pt x 68.00406pt>
File: //uni-eng.ru/unit/Ivanovo/Документация ЮНИТ М300/Раз
работка/Схемы ФБ ЮНИТ-М300/Проект/БД500/desc//06.01 
ДЗТ/021.0361 ЛО смеж Т от ТЗНП/img/LO_T_TZNP.pdf Graphic file (
type pdf)
<use //uni-eng.ru/unit/Ivanovo/Документация ЮНИТ М300/Раз
работка/Схемы ФБ ЮНИТ-М300/Проект/БД500/desc//06.01 
ДЗТ/021.0361 ЛО смеж Т от ТЗНП/img/LO_T_TZNP.pdf>
Package luatex.def Info: //uni-eng.ru/unit/Ivanovo/Документация Ю
НИТ М300/Разработка/Схемы ФБ ЮНИТ-М300/Проект/
БД500/desc//06.01 ДЗТ/021.0361 ЛО смеж Т от ТЗНП/img/LO_T_TZN
P.pdf  used on input line 18.
(luatex.def)             Requested size: 506.47874pt x 75.24985pt.
)
("//uni-eng.ru/unit/Ivanovo/Документация ЮНИТ М300/Разра
ботка/Схемы ФБ ЮНИТ-М300/Проект/БД500/desc//06.01 Д
ЗТ/011.9905 ЛППТ/lppt.tex"
Overfull \hbox (3.79677pt too wide) in paragraph at lines 10--11
[]\TU/ArialNarrow(0)/m/n/12 При при-е-ме сиг-на-лов сра-б
а-ты-ва-ния ДЗТ или ГЗ фор-ми-ру-ет-ся ко-ман-
да \TU/ArialNarrow(0)/m/it/12 «ЛППТ: Пуск»\TU/ArialNarrow(0)/m/n/12
 . Длительность
 []


Overfull \hbox (15.11253pt too wide) in paragraph at lines 13--14
[]\TU/ArialNarrow(0)/m/n/12 Алгоритм ра-бо-ты ло-ги-ки п
ус-ка по-жа-ро-ту-ше-ния транс-фор-ма-то-ра п
ри-ве-ден на ри-сун-ке []2.56[]. Параметры
 []

<//uni-eng.ru/unit/Ivanovo/Документация ЮНИТ М300/Разра
ботка/Схемы ФБ ЮНИТ-М300/Проект/БД500/desc//06.01 Д
ЗТ/011.9905 ЛППТ/img/LPPT.pdf, id=1605, 471.7625pt x 103.88812pt>
File: //uni-eng.ru/unit/Ivanovo/Документация ЮНИТ М300/Раз
работка/Схемы ФБ ЮНИТ-М300/Проект/БД500/desc//06.01 
ДЗТ/011.9905 ЛППТ/img/LPPT.pdf Graphic file (type pdf)
<use //uni-eng.ru/unit/Ivanovo/Документация ЮНИТ М300/Раз
работка/Схемы ФБ ЮНИТ-М300/Проект/БД500/desc//06.01 
ДЗТ/011.9905 ЛППТ/img/LPPT.pdf>
Package luatex.def Info: //uni-eng.ru/unit/Ivanovo/Документация Ю
НИТ М300/Разработка/Схемы ФБ ЮНИТ-М300/Проект/
БД500/desc//06.01 ДЗТ/011.9905 ЛППТ/img/LPPT.pdf  used on input line 1
8.
(luatex.def)             Requested size: 506.46533pt x 111.53012pt.
)
("//uni-eng.ru/unit/Ivanovo/Документация ЮНИТ М300/Разра
ботка/Схемы ФБ ЮНИТ-М300/Проект/БД500/desc//06.01 Д
ЗТ/761.9901 ЛО В/lo.tex"

Package fancyhdr Warning: \headheight is too small (14.5pt): 
(fancyhdr)                Make it at least 15.99998pt, for example:
(fancyhdr)                \setlength{\headheight}{15.99998pt}.
(fancyhdr)                You might also make \topmargin smaller:
(fancyhdr)                \addtolength{\topmargin}{-1.49998pt}.

[57<//uni-eng.ru/unit/Ivanovo/Документация ЮНИТ М300/Разр
аботка/Схемы ФБ ЮНИТ-М300/Проект/БД500/desc//06.01 
ДЗТ/011.9902 ЛО ОК/img/look.pdf><//uni-eng.ru/unit/Ivanovo/Докуме
нтация ЮНИТ М300/Разработка/Схемы ФБ ЮНИТ-М300/
Проект/БД500/desc//06.01 ДЗТ/021.0361 ЛО смеж Т от ТЗН
П/img/LO_T_TZNP.pdf><//uni-eng.ru/unit/Ivanovo/Документация ЮН
ИТ М300/Разработка/Схемы ФБ ЮНИТ-М300/Проект/Б
Д500/desc//06.01 ДЗТ/011.9905 ЛППТ/img/LPPT.pdf>]

Package enumitem Warning: Negative labelwidth. This does not make much
(enumitem)                sense, on input line 18.


Package enumitem Warning: Negative labelwidth. This does not make much
(enumitem)                sense, on input line 26.

<//uni-eng.ru/unit/Ivanovo/Документация ЮНИТ М300/Разра
ботка/Схемы ФБ ЮНИТ-М300/Проект/БД500/desc//06.01 Д
ЗТ/761.9901 ЛО В/img/LO_Q1_LV_VN.pdf, id=1653, 436.63126pt x 249.43187pt>
File: //uni-eng.ru/unit/Ivanovo/Документация ЮНИТ М300/Раз
работка/Схемы ФБ ЮНИТ-М300/Проект/БД500/desc//06.01 
ДЗТ/761.9901 ЛО В/img/LO_Q1_LV_VN.pdf Graphic file (type pdf)
<use //uni-eng.ru/unit/Ivanovo/Документация ЮНИТ М300/Раз
работка/Схемы ФБ ЮНИТ-М300/Проект/БД500/desc//06.01 
ДЗТ/761.9901 ЛО В/img/LO_Q1_LV_VN.pdf>
Package luatex.def Info: //uni-eng.ru/unit/Ivanovo/Документация Ю
НИТ М300/Разработка/Схемы ФБ ЮНИТ-М300/Проект/
БД500/desc//06.01 ДЗТ/761.9901 ЛО В/img/LO_Q1_LV_VN.pdf  used on input 
line 41.
(luatex.def)             Requested size: 506.4593pt x 289.32214pt.

Package enumitem Warning: Negative labelwidth. This does not make much
(enumitem)                sense, on input line 54.


Package enumitem Warning: Negative labelwidth. This does not make much
(enumitem)                sense, on input line 64.


Package fancyhdr Warning: \headheight is too small (14.5pt): 
(fancyhdr)                Make it at least 15.99998pt, for example:
(fancyhdr)                \setlength{\headheight}{15.99998pt}.
(fancyhdr)                You might also make \topmargin smaller:
(fancyhdr)                \addtolength{\topmargin}{-1.49998pt}.

[58<//uni-eng.ru/unit/Ivanovo/Документация ЮНИТ М300/Разр
аботка/Схемы ФБ ЮНИТ-М300/Проект/БД500/desc//06.01 
ДЗТ/761.9901 ЛО В/img/LO_Q1_LV_VN.pdf>]

Package enumitem Warning: Negative labelwidth. This does not make much
(enumitem)                sense, on input line 73.

<//uni-eng.ru/unit/Ivanovo/Документация ЮНИТ М300/Разра
ботка/Схемы ФБ ЮНИТ-М300/Проект/БД500/desc//06.01 Д
ЗТ/761.9901 ЛО В/img/LO_Q1_NN2_SN.pdf, id=1686, 398.58463pt x 214.92796pt>

File: //uni-eng.ru/unit/Ivanovo/Документация ЮНИТ М300/Раз
работка/Схемы ФБ ЮНИТ-М300/Проект/БД500/desc//06.01 
ДЗТ/761.9901 ЛО В/img/LO_Q1_NN2_SN.pdf Graphic file (type pdf)
<use //uni-eng.ru/unit/Ivanovo/Документация ЮНИТ М300/Раз
работка/Схемы ФБ ЮНИТ-М300/Проект/БД500/desc//06.01 
ДЗТ/761.9901 ЛО В/img/LO_Q1_NN2_SN.pdf>
Package luatex.def Info: //uni-eng.ru/unit/Ivanovo/Документация Ю
НИТ М300/Разработка/Схемы ФБ ЮНИТ-М300/Проект/
БД500/desc//06.01 ДЗТ/761.9901 ЛО В/img/LO_Q1_NN2_SN.pdf  used on input
 line 86.
(luatex.def)             Requested size: 506.48268pt x 273.1096pt.
)
("//uni-eng.ru/unit/Ivanovo/Документация ЮНИТ М300/Разра
ботка/Схемы ФБ ЮНИТ-М300/Проект/БД500/desc//06.01 Д
ЗТ/91 Сигнализация/sign.tex"

Package enumitem Warning: Negative labelwidth. This does not make much
(enumitem)                sense, on input line 12.


Package fancyhdr Warning: \headheight is too small (14.5pt): 
(fancyhdr)                Make it at least 15.99998pt, for example:
(fancyhdr)                \setlength{\headheight}{15.99998pt}.
(fancyhdr)                You might also make \topmargin smaller:
(fancyhdr)                \addtolength{\topmargin}{-1.49998pt}.

[59<//uni-eng.ru/unit/Ivanovo/Документация ЮНИТ М300/Разр
аботка/Схемы ФБ ЮНИТ-М300/Проект/БД500/desc//06.01 
ДЗТ/761.9901 ЛО В/img/LO_Q1_NN2_SN.pdf>]

Package enumitem Warning: Negative labelwidth. This does not make much
(enumitem)                sense, on input line 28.

<//uni-eng.ru/unit/Ivanovo/Документация ЮНИТ М300/Разра
ботка/Схемы ФБ ЮНИТ-М300/Проект/БД500/desc//06.01 Д
ЗТ/91 Сигнализация/img/SIGN.pdf, id=1711, 717.50885pt x 923.62897
pt>
File: //uni-eng.ru/unit/Ivanovo/Документация ЮНИТ М300/Раз
работка/Схемы ФБ ЮНИТ-М300/Проект/БД500/desc//06.01 
ДЗТ/91 Сигнализация/img/SIGN.pdf Graphic file (type pdf)
<use //uni-eng.ru/unit/Ivanovo/Документация ЮНИТ М300/Раз
работка/Схемы ФБ ЮНИТ-М300/Проект/БД500/desc//06.01 
ДЗТ/91 Сигнализация/img/SIGN.pdf>
Package luatex.def Info: //uni-eng.ru/unit/Ivanovo/Документация Ю
НИТ М300/Разработка/Схемы ФБ ЮНИТ-М300/Проект/
БД500/desc//06.01 ДЗТ/91 Сигнализация/img/SIGN.pdf  used on in
put line 44.
(luatex.def)             Requested size: 506.45691pt x 651.94774pt.

Package fancyhdr Warning: \headheight is too small (14.5pt): 
(fancyhdr)                Make it at least 15.99998pt, for example:
(fancyhdr)                \setlength{\headheight}{15.99998pt}.
(fancyhdr)                You might also make \topmargin smaller:
(fancyhdr)                \addtolength{\topmargin}{-1.49998pt}.

[60])
("//uni-eng.ru/unit/Ivanovo/Документация ЮНИТ М300/Разра
ботка/Схемы ФБ ЮНИТ-М300/Проект/БД500/desc//06.01 Д
ЗТ/90 Общая логика/gl.tex"
<//uni-eng.ru/unit/Ivanovo/Документация ЮНИТ М300/Разра
ботка/Схемы ФБ ЮНИТ-М300/Проект/БД500/desc//06.01 Д
ЗТ/90 Общая логика/img/GL.pdf, id=1722, 463.80136pt x 772.38562pt>

File: //uni-eng.ru/unit/Ivanovo/Документация ЮНИТ М300/Раз
работка/Схемы ФБ ЮНИТ-М300/Проект/БД500/desc//06.01 
ДЗТ/90 Общая логика/img/GL.pdf Graphic file (type pdf)
<use //uni-eng.ru/unit/Ivanovo/Документация ЮНИТ М300/Раз
работка/Схемы ФБ ЮНИТ-М300/Проект/БД500/desc//06.01 
ДЗТ/90 Общая логика/img/GL.pdf>
Package luatex.def Info: //uni-eng.ru/unit/Ivanovo/Документация Ю
НИТ М300/Разработка/Схемы ФБ ЮНИТ-М300/Проект/
БД500/desc//06.01 ДЗТ/90 Общая логика/img/GL.pdf  used on input
 line 15.
(luatex.def)             Requested size: 368.91139pt x 614.36185pt.


Package fancyhdr Warning: \headheight is too small (14.5pt): 
(fancyhdr)                Make it at least 15.99998pt, for example:
(fancyhdr)                \setlength{\headheight}{15.99998pt}.
(fancyhdr)                You might also make \topmargin smaller:
(fancyhdr)                \addtolength{\topmargin}{-1.49998pt}.

[61<//uni-eng.ru/unit/Ivanovo/Документация ЮНИТ М300/Разр
аботка/Схемы ФБ ЮНИТ-М300/Проект/БД500/desc//06.01 
ДЗТ/91 Сигнализация/img/SIGN.pdf>])

Package fancyhdr Warning: \headheight is too small (14.5pt): 
(fancyhdr)                Make it at least 15.99998pt, for example:
(fancyhdr)                \setlength{\headheight}{15.99998pt}.
(fancyhdr)                You might also make \topmargin smaller:
(fancyhdr)                \addtolength{\topmargin}{-1.49998pt}.

[62<//uni-eng.ru/unit/Ivanovo/Документация ЮНИТ М300/Разр
аботка/Схемы ФБ ЮНИТ-М300/Проект/БД500/desc//06.01 
ДЗТ/90 Общая логика/img/GL.pdf>]
("//uni-eng.ru/unit/Ivanovo/Документация ЮНИТ М300/Разра
ботка/Схемы ФБ ЮНИТ-М300/Проект/РЭ500/99. Общие 
разделы РЭ//section3.tex"

Package fancyhdr Warning: \headheight is too small (14.5pt): 
(fancyhdr)                Make it at least 15.99998pt, for example:
(fancyhdr)                \setlength{\headheight}{15.99998pt}.
(fancyhdr)                You might also make \topmargin smaller:
(fancyhdr)                \addtolength{\topmargin}{-1.49998pt}.

[63]

Package enumitem Warning: Negative labelwidth. This does not make much
(enumitem)                sense, on input line 76.


Package enumitem Warning: Negative labelwidth. This does not make much
(enumitem)                sense, on input line 82.

) (./startapp.tex)

Package fancyhdr Warning: \headheight is too small (14.5pt): 
(fancyhdr)                Make it at least 15.99998pt, for example:
(fancyhdr)                \setlength{\headheight}{15.99998pt}.
(fancyhdr)                You might also make \topmargin smaller:
(fancyhdr)                \addtolength{\topmargin}{-1.49998pt}.

[64]
("//uni-eng.ru/unit/Ivanovo/Документация ЮНИТ М300/Разра
ботка/Схемы ФБ ЮНИТ-М300/Проект/РЭ500/99. Общие 
разделы РЭ//Приложение. Код заказа/_latex/apporder.
tex"
<//uni-eng.ru/unit/Ivanovo/Документация ЮНИТ М300/Разра
ботка/Схемы ФБ ЮНИТ-М300/Проект/РЭ500/99. Общие 
разделы РЭ//Приложение. Код заказа/Unit-M510.pdf, i
d=1784, 845.07718pt x 1003.66055pt>
File: //uni-eng.ru/unit/Ivanovo/Документация ЮНИТ М300/Раз
работка/Схемы ФБ ЮНИТ-М300/Проект/РЭ500/99. Общ
ие разделы РЭ//Приложение. Код заказа/Unit-M510.p
df Graphic file (type pdf)
<use //uni-eng.ru/unit/Ivanovo/Документация ЮНИТ М300/Раз
работка/Схемы ФБ ЮНИТ-М300/Проект/РЭ500/99. Общ
ие разделы РЭ//Приложение. Код заказа/Unit-M510.p
df>
Package luatex.def Info: //uni-eng.ru/unit/Ivanovo/Документация Ю
НИТ М300/Разработка/Схемы ФБ ЮНИТ-М300/Проект/
РЭ500/99. Общие разделы РЭ//Приложение. Код за
каза/Unit-M510.pdf  used on input line 30.
(luatex.def)             Requested size: 455.8062pt x 541.34073pt.
<//uni-eng.ru/unit/Ivanovo/Документация ЮНИТ М300/Разра
ботка/Схемы ФБ ЮНИТ-М300/Проект/РЭ500/99. Общие 
разделы РЭ//Приложение. Код заказа/Unit-M514.pdf, i
d=1785, 845.07718pt x 1077.04405pt>
File: //uni-eng.ru/unit/Ivanovo/Документация ЮНИТ М300/Раз
работка/Схемы ФБ ЮНИТ-М300/Проект/РЭ500/99. Общ
ие разделы РЭ//Приложение. Код заказа/Unit-M514.p
df Graphic file (type pdf)
<use //uni-eng.ru/unit/Ivanovo/Документация ЮНИТ М300/Раз
работка/Схемы ФБ ЮНИТ-М300/Проект/РЭ500/99. Общ
ие разделы РЭ//Приложение. Код заказа/Unit-M514.p
df>
Package luatex.def Info: //uni-eng.ru/unit/Ivanovo/Документация Ю
НИТ М300/Разработка/Схемы ФБ ЮНИТ-М300/Проект/
РЭ500/99. Общие разделы РЭ//Приложение. Код за
каза/Unit-M514.pdf  used on input line 35.
(luatex.def)             Requested size: 506.45706pt x 645.47545pt.


Package fancyhdr Warning: \headheight is too small (14.5pt): 
(fancyhdr)                Make it at least 15.99998pt, for example:
(fancyhdr)                \setlength{\headheight}{15.99998pt}.
(fancyhdr)                You might also make \topmargin smaller:
(fancyhdr)                \addtolength{\topmargin}{-1.49998pt}.

[65<//uni-eng.ru/unit/Ivanovo/Документация ЮНИТ М300/Разр
аботка/Схемы ФБ ЮНИТ-М300/Проект/РЭ500/99. Общи
е разделы РЭ//Приложение. Код заказа/Unit-M510.pdf>
]
<//uni-eng.ru/unit/Ivanovo/Документация ЮНИТ М300/Разра
ботка/Схемы ФБ ЮНИТ-М300/Проект/РЭ500/99. Общие 
разделы РЭ//Приложение. Код заказа/Unit-M519.pdf, i
d=1819, 845.07718pt x 1075.91516pt>
File: //uni-eng.ru/unit/Ivanovo/Документация ЮНИТ М300/Раз
работка/Схемы ФБ ЮНИТ-М300/Проект/РЭ500/99. Общ
ие разделы РЭ//Приложение. Код заказа/Unit-M519.p
df Graphic file (type pdf)
<use //uni-eng.ru/unit/Ivanovo/Документация ЮНИТ М300/Раз
работка/Схемы ФБ ЮНИТ-М300/Проект/РЭ500/99. Общ
ие разделы РЭ//Приложение. Код заказа/Unit-M519.p
df>
Package luatex.def Info: //uni-eng.ru/unit/Ivanovo/Документация Ю
НИТ М300/Разработка/Схемы ФБ ЮНИТ-М300/Проект/
РЭ500/99. Общие разделы РЭ//Приложение. Код за
каза/Unit-M519.pdf  used on input line 40.
(luatex.def)             Requested size: 506.45706pt x 644.79889pt.


Package fancyhdr Warning: \headheight is too small (14.5pt): 
(fancyhdr)                Make it at least 15.99998pt, for example:
(fancyhdr)                \setlength{\headheight}{15.99998pt}.
(fancyhdr)                You might also make \topmargin smaller:
(fancyhdr)                \addtolength{\topmargin}{-1.49998pt}.

[66<//uni-eng.ru/unit/Ivanovo/Документация ЮНИТ М300/Разр
аботка/Схемы ФБ ЮНИТ-М300/Проект/РЭ500/99. Общи
е разделы РЭ//Приложение. Код заказа/Unit-M514.pdf>
]

Package fancyhdr Warning: \headheight is too small (14.5pt): 
(fancyhdr)                Make it at least 15.99998pt, for example:
(fancyhdr)                \setlength{\headheight}{15.99998pt}.
(fancyhdr)                You might also make \topmargin smaller:
(fancyhdr)                \addtolength{\topmargin}{-1.49998pt}.

[67<//uni-eng.ru/unit/Ivanovo/Документация ЮНИТ М300/Разр
аботка/Схемы ФБ ЮНИТ-М300/Проект/РЭ500/99. Общи
е разделы РЭ//Приложение. Код заказа/Unit-M519.pdf>
])
("//uni-eng.ru/unit/Ivanovo/Документация ЮНИТ М300/Разра
ботка/Схемы ФБ ЮНИТ-М300/Проект/РЭ500/06.01 РЭ ЮН
ИТ-М500-ДЗТ//Приложение. Аналоги/_latex/appanalog.tex"
Package typearea Info: These are the values describing the layout:
(typearea)             DIV  = areaset
(typearea)             BCOR = 0.0pt
(typearea)             \paperwidth      = 597.50793pt
(typearea)              \textwidth      = 759.68857pt
(typearea)              \evensidemargin = -153.3603pt
(typearea)              \oddsidemargin  = -153.3603pt
(typearea)             \paperheight     = 845.04694pt
(typearea)              \textheight     = 512.1496pt
(typearea)              \topmargin      = -0.05421pt
(typearea)              \headheight     = 17.0pt
(typearea)              \headsep        = 21.75pt
(typearea)              \topskip        = 22.0pt
(typearea)              \footskip       = 50.75pt
(typearea)              \baselineskip   = 14.5pt
(typearea)              on input line 2.
Package typearea Info: Using dirty hack to recalculate internal output
(typearea)             dimensions of LaTeX on input line 2.
*geometry* verbose mode - [ newgeometry ] result:
* driver: luatex
* paper: a4paper
* layout: <same size as paper>
* layoutoffset:(h,v)=(0.0pt,0.0pt)
* modes: 
* h-part:(L,W,R)=(62.59605pt, 506.45908pt, 28.45274pt)
* v-part:(T,H,B)=(39.83385pt, 773.91498pt, 31.29802pt)
* \paperwidth=597.50787pt
* \paperheight=845.04684pt
* \textwidth=506.45908pt
* \textheight=773.91498pt
* \oddsidemargin=-9.67393pt
* \evensidemargin=-9.67393pt
* \topmargin=-55.47195pt
* \headheight=14.5pt
* \headsep=8.53581pt
* \topskip=22.0pt
* \footskip=19.91692pt
* \marginparwidth=0.0pt
* \marginparsep=0.0pt
* \columnsep=10.0pt
* \skip\footins=10.8pt plus 4.0pt minus 2.0pt
* \hoffset=0.0pt
* \voffset=0.0pt
* \mag=1000
* \@twocolumnfalse
* \@twosidefalse
* \@mparswitchfalse
* \@reversemarginfalse
* (1in=72.27pt=25.4mm, 1cm=28.453pt)

<//uni-eng.ru/unit/Ivanovo/Документация ЮНИТ М300/Разра
ботка/Схемы ФБ ЮНИТ-М300/Проект/РЭ500/06.01 РЭ ЮН
ИТ-М500-ДЗТ//Приложение. Аналоги/_latex/img/1.pdf, id=18
84, 512.13866pt x 467.77246pt>
File: //uni-eng.ru/unit/Ivanovo/Документация ЮНИТ М300/Раз
работка/Схемы ФБ ЮНИТ-М300/Проект/РЭ500/06.01 РЭ 
ЮНИТ-М500-ДЗТ//Приложение. Аналоги/_latex/img/1.pdf Gr
aphic file (type pdf)
<use //uni-eng.ru/unit/Ivanovo/Документация ЮНИТ М300/Раз
работка/Схемы ФБ ЮНИТ-М300/Проект/РЭ500/06.01 РЭ 
ЮНИТ-М500-ДЗТ//Приложение. Аналоги/_latex/img/1.pdf>
Package luatex.def Info: //uni-eng.ru/unit/Ivanovo/Документация Ю
НИТ М300/Разработка/Схемы ФБ ЮНИТ-М300/Проект/
РЭ500/06.01 РЭ ЮНИТ-М500-ДЗТ//Приложение. Аналоги/
_latex/img/1.pdf  used on input line 21.
(luatex.def)             Requested size: 455.81007pt x 416.33044pt.


Package fancyhdr Warning: \headheight is too small (14.5pt): 
(fancyhdr)                Make it at least 15.99998pt, for example:
(fancyhdr)                \setlength{\headheight}{15.99998pt}.
(fancyhdr)                You might also make \topmargin smaller:
(fancyhdr)                \addtolength{\topmargin}{-1.49998pt}.


Package fancyhdr Warning: \footskip is too small (15.5pt): 
(fancyhdr)                Make it at least 15.99998pt, for example:
(fancyhdr)                \setlength{\footskip}{15.99998pt}.

[68



<//uni-eng.ru/unit/Ivanovo/Документация ЮНИТ М300/Разра
ботка/Схемы ФБ ЮНИТ-М300/Проект/РЭ500/06.01 РЭ ЮН
ИТ-М500-ДЗТ//Приложение. Аналоги/_latex/img/1.pdf>])
("//uni-eng.ru/unit/Ivanovo/Документация ЮНИТ М300/Разра
ботка/Схемы ФБ ЮНИТ-М300/Проект/РЭ500/06.01 РЭ ЮН
ИТ-М500-ДЗТ//Приложение. ФСУ/_latex/appfsu.tex"
<//uni-eng.ru/unit/Ivanovo/Документация ЮНИТ М300/Разра
ботка/Схемы ФБ ЮНИТ-М300/Проект/РЭ500/06.01 РЭ ЮН
ИТ-М500-ДЗТ//Приложение. ФСУ/_latex/img/0.pdf, id=1909, 805.
00996pt x 453.13498pt>
File: //uni-eng.ru/unit/Ivanovo/Документация ЮНИТ М300/Раз
работка/Схемы ФБ ЮНИТ-М300/Проект/РЭ500/06.01 РЭ 
ЮНИТ-М500-ДЗТ//Приложение. ФСУ/_latex/img/0.pdf Graphic fi
le (type pdf)
<use //uni-eng.ru/unit/Ivanovo/Документация ЮНИТ М300/Раз
работка/Схемы ФБ ЮНИТ-М300/Проект/РЭ500/06.01 РЭ 
ЮНИТ-М500-ДЗТ//Приложение. ФСУ/_latex/img/0.pdf>
Package luatex.def Info: //uni-eng.ru/unit/Ivanovo/Документация Ю
НИТ М300/Разработка/Схемы ФБ ЮНИТ-М300/Проект/
РЭ500/06.01 РЭ ЮНИТ-М500-ДЗТ//Приложение. ФСУ/_latex/i
mg/0.pdf  used on input line 10.
(luatex.def)             Requested size: 805.008pt x 453.13387pt.

Overfull \hbox (721.40659pt too wide) in paragraph at lines 10--10
 [][] 
 []


Package fancyhdr Warning: \headheight is too small (14.5pt): 
(fancyhdr)                Make it at least 15.99998pt, for example:
(fancyhdr)                \setlength{\headheight}{15.99998pt}.
(fancyhdr)                You might also make \topmargin smaller:
(fancyhdr)                \addtolength{\topmargin}{-1.49998pt}.

[69



<//uni-eng.ru/unit/Ivanovo/Документация ЮНИТ М300/Разра
ботка/Схемы ФБ ЮНИТ-М300/Проект/РЭ500/06.01 РЭ ЮН
ИТ-М500-ДЗТ//Приложение. ФСУ/_latex/img/0.pdf>]
Package typearea Info: These are the values describing the layout:
(typearea)             DIV  = areaset
(typearea)             BCOR = 0.0pt
(typearea)             \paperwidth      = 1195.01587pt
(typearea)              \textwidth      = 1109.65747pt
(typearea)              \evensidemargin = -29.5908pt
(typearea)              \oddsidemargin  = -29.5908pt
(typearea)             \paperheight     = 845.04694pt
(typearea)              \textheight     = 768.2244pt
(typearea)              \topmargin      = -85.41248pt
(typearea)              \headheight     = 17.0pt
(typearea)              \headsep        = 21.75pt
(typearea)              \topskip        = 22.0pt
(typearea)              \footskip       = 50.75pt
(typearea)              \baselineskip   = 14.5pt
(typearea)              on input line 14.
Package typearea Info: Using dirty hack to recalculate internal output
(typearea)             dimensions of LaTeX on input line 14.


Package typearea Warning: page content and margins higher than paper.
(typearea)                This may result in page footer out of paper.
(typearea)                You should decrease DIV, decrease foot height,
(typearea)                or decreate height of text area.

\c@filecounter=\count431
<//uni-eng.ru/unit/Ivanovo/Документация ЮНИТ М300/Разра
ботка/Схемы ФБ ЮНИТ-М300/Проект/РЭ500/06.01 РЭ ЮН
ИТ-М500-ДЗТ//Приложение. ФСУ/_latex/img/1.pdf, id=1934, 1613
.4925pt x 1161.323pt>
File: //uni-eng.ru/unit/Ivanovo/Документация ЮНИТ М300/Раз
работка/Схемы ФБ ЮНИТ-М300/Проект/РЭ500/06.01 РЭ 
ЮНИТ-М500-ДЗТ//Приложение. ФСУ/_latex/img/1.pdf Graphic fi
le (type pdf)
<use //uni-eng.ru/unit/Ivanovo/Документация ЮНИТ М300/Раз
работка/Схемы ФБ ЮНИТ-М300/Проект/РЭ500/06.01 РЭ 
ЮНИТ-М500-ДЗТ//Приложение. ФСУ/_latex/img/1.pdf>
Package luatex.def Info: //uni-eng.ru/unit/Ivanovo/Документация Ю
НИТ М300/Разработка/Схемы ФБ ЮНИТ-М300/Проект/
РЭ500/06.01 РЭ ЮНИТ-М500-ДЗТ//Приложение. ФСУ/_latex/i
mg/1.pdf  used on input line 39.
(luatex.def)             Requested size: 1613.48857pt x 1161.32016pt.

Package fancyhdr Warning: \footskip is too small (-22.76228pt): 
(fancyhdr)                Make it at least 15.99998pt, for example:
(fancyhdr)                \setlength{\footskip}{15.99998pt}.

[70

<//uni-eng.ru/unit/Ivanovo/Документация ЮНИТ М300/Разра
ботка/Схемы ФБ ЮНИТ-М300/Проект/РЭ500/06.01 РЭ ЮН
ИТ-М500-ДЗТ//Приложение. ФСУ/_latex/img/1.pdf>]
<//uni-eng.ru/unit/Ivanovo/Документация ЮНИТ М300/Разра
ботка/Схемы ФБ ЮНИТ-М300/Проект/РЭ500/06.01 РЭ ЮН
ИТ-М500-ДЗТ//Приложение. ФСУ/_latex/img/2.pdf, id=1949, 1613
.4925pt x 1161.323pt>
File: //uni-eng.ru/unit/Ivanovo/Документация ЮНИТ М300/Раз
работка/Схемы ФБ ЮНИТ-М300/Проект/РЭ500/06.01 РЭ 
ЮНИТ-М500-ДЗТ//Приложение. ФСУ/_latex/img/2.pdf Graphic fi
le (type pdf)
<use //uni-eng.ru/unit/Ivanovo/Документация ЮНИТ М300/Раз
работка/Схемы ФБ ЮНИТ-М300/Проект/РЭ500/06.01 РЭ 
ЮНИТ-М500-ДЗТ//Приложение. ФСУ/_latex/img/2.pdf>
Package luatex.def Info: //uni-eng.ru/unit/Ivanovo/Документация Ю
НИТ М300/Разработка/Схемы ФБ ЮНИТ-М300/Проект/
РЭ500/06.01 РЭ ЮНИТ-М500-ДЗТ//Приложение. ФСУ/_latex/i
mg/2.pdf  used on input line 39.
(luatex.def)             Requested size: 1613.48857pt x 1161.32016pt.


Package fancyhdr Warning: \footskip is too small (-22.76228pt): 
(fancyhdr)                Make it at least 15.99998pt, for example:
(fancyhdr)                \setlength{\footskip}{15.99998pt}.

[71

<//uni-eng.ru/unit/Ivanovo/Документация ЮНИТ М300/Разра
ботка/Схемы ФБ ЮНИТ-М300/Проект/РЭ500/06.01 РЭ ЮН
ИТ-М500-ДЗТ//Приложение. ФСУ/_latex/img/2.pdf>]
<//uni-eng.ru/unit/Ivanovo/Документация ЮНИТ М300/Разра
ботка/Схемы ФБ ЮНИТ-М300/Проект/РЭ500/06.01 РЭ ЮН
ИТ-М500-ДЗТ//Приложение. ФСУ/_latex/img/3.pdf, id=1974, 1613
.4925pt x 1161.323pt>
File: //uni-eng.ru/unit/Ivanovo/Документация ЮНИТ М300/Раз
работка/Схемы ФБ ЮНИТ-М300/Проект/РЭ500/06.01 РЭ 
ЮНИТ-М500-ДЗТ//Приложение. ФСУ/_latex/img/3.pdf Graphic fi
le (type pdf)
<use //uni-eng.ru/unit/Ivanovo/Документация ЮНИТ М300/Раз
работка/Схемы ФБ ЮНИТ-М300/Проект/РЭ500/06.01 РЭ 
ЮНИТ-М500-ДЗТ//Приложение. ФСУ/_latex/img/3.pdf>
Package luatex.def Info: //uni-eng.ru/unit/Ivanovo/Документация Ю
НИТ М300/Разработка/Схемы ФБ ЮНИТ-М300/Проект/
РЭ500/06.01 РЭ ЮНИТ-М500-ДЗТ//Приложение. ФСУ/_latex/i
mg/3.pdf  used on input line 39.
(luatex.def)             Requested size: 1613.48857pt x 1161.32016pt.


Package fancyhdr Warning: \footskip is too small (-22.76228pt): 
(fancyhdr)                Make it at least 15.99998pt, for example:
(fancyhdr)                \setlength{\footskip}{15.99998pt}.

[72

<//uni-eng.ru/unit/Ivanovo/Документация ЮНИТ М300/Разра
ботка/Схемы ФБ ЮНИТ-М300/Проект/РЭ500/06.01 РЭ ЮН
ИТ-М500-ДЗТ//Приложение. ФСУ/_latex/img/3.pdf>]
<//uni-eng.ru/unit/Ivanovo/Документация ЮНИТ М300/Разра
ботка/Схемы ФБ ЮНИТ-М300/Проект/РЭ500/06.01 РЭ ЮН
ИТ-М500-ДЗТ//Приложение. ФСУ/_latex/img/4.pdf, id=1993, 1613
.4925pt x 1161.323pt>
File: //uni-eng.ru/unit/Ivanovo/Документация ЮНИТ М300/Раз
работка/Схемы ФБ ЮНИТ-М300/Проект/РЭ500/06.01 РЭ 
ЮНИТ-М500-ДЗТ//Приложение. ФСУ/_latex/img/4.pdf Graphic fi
le (type pdf)
<use //uni-eng.ru/unit/Ivanovo/Документация ЮНИТ М300/Раз
работка/Схемы ФБ ЮНИТ-М300/Проект/РЭ500/06.01 РЭ 
ЮНИТ-М500-ДЗТ//Приложение. ФСУ/_latex/img/4.pdf>
Package luatex.def Info: //uni-eng.ru/unit/Ivanovo/Документация Ю
НИТ М300/Разработка/Схемы ФБ ЮНИТ-М300/Проект/
РЭ500/06.01 РЭ ЮНИТ-М500-ДЗТ//Приложение. ФСУ/_latex/i
mg/4.pdf  used on input line 39.
(luatex.def)             Requested size: 1613.48857pt x 1161.32016pt.


Package fancyhdr Warning: \footskip is too small (-22.76228pt): 
(fancyhdr)                Make it at least 15.99998pt, for example:
(fancyhdr)                \setlength{\footskip}{15.99998pt}.

[73

<//uni-eng.ru/unit/Ivanovo/Документация ЮНИТ М300/Разра
ботка/Схемы ФБ ЮНИТ-М300/Проект/РЭ500/06.01 РЭ ЮН
ИТ-М500-ДЗТ//Приложение. ФСУ/_latex/img/4.pdf>]
<//uni-eng.ru/unit/Ivanovo/Документация ЮНИТ М300/Разра
ботка/Схемы ФБ ЮНИТ-М300/Проект/РЭ500/06.01 РЭ ЮН
ИТ-М500-ДЗТ//Приложение. ФСУ/_latex/img/5.pdf, id=2012, 1613
.4925pt x 1161.323pt>
File: //uni-eng.ru/unit/Ivanovo/Документация ЮНИТ М300/Раз
работка/Схемы ФБ ЮНИТ-М300/Проект/РЭ500/06.01 РЭ 
ЮНИТ-М500-ДЗТ//Приложение. ФСУ/_latex/img/5.pdf Graphic fi
le (type pdf)
<use //uni-eng.ru/unit/Ivanovo/Документация ЮНИТ М300/Раз
работка/Схемы ФБ ЮНИТ-М300/Проект/РЭ500/06.01 РЭ 
ЮНИТ-М500-ДЗТ//Приложение. ФСУ/_latex/img/5.pdf>
Package luatex.def Info: //uni-eng.ru/unit/Ivanovo/Документация Ю
НИТ М300/Разработка/Схемы ФБ ЮНИТ-М300/Проект/
РЭ500/06.01 РЭ ЮНИТ-М500-ДЗТ//Приложение. ФСУ/_latex/i
mg/5.pdf  used on input line 39.
(luatex.def)             Requested size: 1613.48857pt x 1161.32016pt.


Package fancyhdr Warning: \footskip is too small (-22.76228pt): 
(fancyhdr)                Make it at least 15.99998pt, for example:
(fancyhdr)                \setlength{\footskip}{15.99998pt}.

[74

<//uni-eng.ru/unit/Ivanovo/Документация ЮНИТ М300/Разра
ботка/Схемы ФБ ЮНИТ-М300/Проект/РЭ500/06.01 РЭ ЮН
ИТ-М500-ДЗТ//Приложение. ФСУ/_latex/img/5.pdf>]
<//uni-eng.ru/unit/Ivanovo/Документация ЮНИТ М300/Разра
ботка/Схемы ФБ ЮНИТ-М300/Проект/РЭ500/06.01 РЭ ЮН
ИТ-М500-ДЗТ//Приложение. ФСУ/_latex/img/6.pdf, id=2031, 1613
.4925pt x 1161.323pt>
File: //uni-eng.ru/unit/Ivanovo/Документация ЮНИТ М300/Раз
работка/Схемы ФБ ЮНИТ-М300/Проект/РЭ500/06.01 РЭ 
ЮНИТ-М500-ДЗТ//Приложение. ФСУ/_latex/img/6.pdf Graphic fi
le (type pdf)
<use //uni-eng.ru/unit/Ivanovo/Документация ЮНИТ М300/Раз
работка/Схемы ФБ ЮНИТ-М300/Проект/РЭ500/06.01 РЭ 
ЮНИТ-М500-ДЗТ//Приложение. ФСУ/_latex/img/6.pdf>
Package luatex.def Info: //uni-eng.ru/unit/Ivanovo/Документация Ю
НИТ М300/Разработка/Схемы ФБ ЮНИТ-М300/Проект/
РЭ500/06.01 РЭ ЮНИТ-М500-ДЗТ//Приложение. ФСУ/_latex/i
mg/6.pdf  used on input line 39.
(luatex.def)             Requested size: 1613.48857pt x 1161.32016pt.


Package fancyhdr Warning: \footskip is too small (-22.76228pt): 
(fancyhdr)                Make it at least 15.99998pt, for example:
(fancyhdr)                \setlength{\footskip}{15.99998pt}.

[75

<//uni-eng.ru/unit/Ivanovo/Документация ЮНИТ М300/Разра
ботка/Схемы ФБ ЮНИТ-М300/Проект/РЭ500/06.01 РЭ ЮН
ИТ-М500-ДЗТ//Приложение. ФСУ/_latex/img/6.pdf>]
<//uni-eng.ru/unit/Ivanovo/Документация ЮНИТ М300/Разра
ботка/Схемы ФБ ЮНИТ-М300/Проект/РЭ500/06.01 РЭ ЮН
ИТ-М500-ДЗТ//Приложение. ФСУ/_latex/img/7.pdf, id=2054, 1613
.4925pt x 1161.323pt>
File: //uni-eng.ru/unit/Ivanovo/Документация ЮНИТ М300/Раз
работка/Схемы ФБ ЮНИТ-М300/Проект/РЭ500/06.01 РЭ 
ЮНИТ-М500-ДЗТ//Приложение. ФСУ/_latex/img/7.pdf Graphic fi
le (type pdf)
<use //uni-eng.ru/unit/Ivanovo/Документация ЮНИТ М300/Раз
работка/Схемы ФБ ЮНИТ-М300/Проект/РЭ500/06.01 РЭ 
ЮНИТ-М500-ДЗТ//Приложение. ФСУ/_latex/img/7.pdf>
Package luatex.def Info: //uni-eng.ru/unit/Ivanovo/Документация Ю
НИТ М300/Разработка/Схемы ФБ ЮНИТ-М300/Проект/
РЭ500/06.01 РЭ ЮНИТ-М500-ДЗТ//Приложение. ФСУ/_latex/i
mg/7.pdf  used on input line 39.
(luatex.def)             Requested size: 1613.48857pt x 1161.32016pt.


Package fancyhdr Warning: \footskip is too small (-22.76228pt): 
(fancyhdr)                Make it at least 15.99998pt, for example:
(fancyhdr)                \setlength{\footskip}{15.99998pt}.

[76

<//uni-eng.ru/unit/Ivanovo/Документация ЮНИТ М300/Разра
ботка/Схемы ФБ ЮНИТ-М300/Проект/РЭ500/06.01 РЭ ЮН
ИТ-М500-ДЗТ//Приложение. ФСУ/_latex/img/7.pdf>]
<//uni-eng.ru/unit/Ivanovo/Документация ЮНИТ М300/Разра
ботка/Схемы ФБ ЮНИТ-М300/Проект/РЭ500/06.01 РЭ ЮН
ИТ-М500-ДЗТ//Приложение. ФСУ/_latex/img/8.pdf, id=2077, 1613
.4925pt x 1161.323pt>
File: //uni-eng.ru/unit/Ivanovo/Документация ЮНИТ М300/Раз
работка/Схемы ФБ ЮНИТ-М300/Проект/РЭ500/06.01 РЭ 
ЮНИТ-М500-ДЗТ//Приложение. ФСУ/_latex/img/8.pdf Graphic fi
le (type pdf)
<use //uni-eng.ru/unit/Ivanovo/Документация ЮНИТ М300/Раз
работка/Схемы ФБ ЮНИТ-М300/Проект/РЭ500/06.01 РЭ 
ЮНИТ-М500-ДЗТ//Приложение. ФСУ/_latex/img/8.pdf>
Package luatex.def Info: //uni-eng.ru/unit/Ivanovo/Документация Ю
НИТ М300/Разработка/Схемы ФБ ЮНИТ-М300/Проект/
РЭ500/06.01 РЭ ЮНИТ-М500-ДЗТ//Приложение. ФСУ/_latex/i
mg/8.pdf  used on input line 39.
(luatex.def)             Requested size: 1613.48857pt x 1161.32016pt.


Package fancyhdr Warning: \footskip is too small (-22.76228pt): 
(fancyhdr)                Make it at least 15.99998pt, for example:
(fancyhdr)                \setlength{\footskip}{15.99998pt}.

[77

<//uni-eng.ru/unit/Ivanovo/Документация ЮНИТ М300/Разра
ботка/Схемы ФБ ЮНИТ-М300/Проект/РЭ500/06.01 РЭ ЮН
ИТ-М500-ДЗТ//Приложение. ФСУ/_latex/img/8.pdf>]
<//uni-eng.ru/unit/Ivanovo/Документация ЮНИТ М300/Разра
ботка/Схемы ФБ ЮНИТ-М300/Проект/РЭ500/06.01 РЭ ЮН
ИТ-М500-ДЗТ//Приложение. ФСУ/_latex/img/9.pdf, id=2100, 1613
.4925pt x 1161.323pt>
File: //uni-eng.ru/unit/Ivanovo/Документация ЮНИТ М300/Раз
работка/Схемы ФБ ЮНИТ-М300/Проект/РЭ500/06.01 РЭ 
ЮНИТ-М500-ДЗТ//Приложение. ФСУ/_latex/img/9.pdf Graphic fi
le (type pdf)
<use //uni-eng.ru/unit/Ivanovo/Документация ЮНИТ М300/Раз
работка/Схемы ФБ ЮНИТ-М300/Проект/РЭ500/06.01 РЭ 
ЮНИТ-М500-ДЗТ//Приложение. ФСУ/_latex/img/9.pdf>
Package luatex.def Info: //uni-eng.ru/unit/Ivanovo/Документация Ю
НИТ М300/Разработка/Схемы ФБ ЮНИТ-М300/Проект/
РЭ500/06.01 РЭ ЮНИТ-М500-ДЗТ//Приложение. ФСУ/_latex/i
mg/9.pdf  used on input line 39.
(luatex.def)             Requested size: 1613.48857pt x 1161.32016pt.


Package fancyhdr Warning: \footskip is too small (-22.76228pt): 
(fancyhdr)                Make it at least 15.99998pt, for example:
(fancyhdr)                \setlength{\footskip}{15.99998pt}.

[78

<//uni-eng.ru/unit/Ivanovo/Документация ЮНИТ М300/Разра
ботка/Схемы ФБ ЮНИТ-М300/Проект/РЭ500/06.01 РЭ ЮН
ИТ-М500-ДЗТ//Приложение. ФСУ/_latex/img/9.pdf>]
<//uni-eng.ru/unit/Ivanovo/Документация ЮНИТ М300/Разра
ботка/Схемы ФБ ЮНИТ-М300/Проект/РЭ500/06.01 РЭ ЮН
ИТ-М500-ДЗТ//Приложение. ФСУ/_latex/img/10.pdf, id=2119, 161
3.4925pt x 1161.323pt>
File: //uni-eng.ru/unit/Ivanovo/Документация ЮНИТ М300/Раз
работка/Схемы ФБ ЮНИТ-М300/Проект/РЭ500/06.01 РЭ 
ЮНИТ-М500-ДЗТ//Приложение. ФСУ/_latex/img/10.pdf Graphic f
ile (type pdf)
<use //uni-eng.ru/unit/Ivanovo/Документация ЮНИТ М300/Раз
работка/Схемы ФБ ЮНИТ-М300/Проект/РЭ500/06.01 РЭ 
ЮНИТ-М500-ДЗТ//Приложение. ФСУ/_latex/img/10.pdf>
Package luatex.def Info: //uni-eng.ru/unit/Ivanovo/Документация Ю
НИТ М300/Разработка/Схемы ФБ ЮНИТ-М300/Проект/
РЭ500/06.01 РЭ ЮНИТ-М500-ДЗТ//Приложение. ФСУ/_latex/i
mg/10.pdf  used on input line 39.
(luatex.def)             Requested size: 1613.48857pt x 1161.32016pt.


Package fancyhdr Warning: \footskip is too small (-22.76228pt): 
(fancyhdr)                Make it at least 15.99998pt, for example:
(fancyhdr)                \setlength{\footskip}{15.99998pt}.

[79

<//uni-eng.ru/unit/Ivanovo/Документация ЮНИТ М300/Разра
ботка/Схемы ФБ ЮНИТ-М300/Проект/РЭ500/06.01 РЭ ЮН
ИТ-М500-ДЗТ//Приложение. ФСУ/_latex/img/10.pdf>]
<//uni-eng.ru/unit/Ivanovo/Документация ЮНИТ М300/Разра
ботка/Схемы ФБ ЮНИТ-М300/Проект/РЭ500/06.01 РЭ ЮН
ИТ-М500-ДЗТ//Приложение. ФСУ/_latex/img/11.pdf, id=2143, 161
3.4925pt x 1161.323pt>
File: //uni-eng.ru/unit/Ivanovo/Документация ЮНИТ М300/Раз
работка/Схемы ФБ ЮНИТ-М300/Проект/РЭ500/06.01 РЭ 
ЮНИТ-М500-ДЗТ//Приложение. ФСУ/_latex/img/11.pdf Graphic f
ile (type pdf)
<use //uni-eng.ru/unit/Ivanovo/Документация ЮНИТ М300/Раз
работка/Схемы ФБ ЮНИТ-М300/Проект/РЭ500/06.01 РЭ 
ЮНИТ-М500-ДЗТ//Приложение. ФСУ/_latex/img/11.pdf>
Package luatex.def Info: //uni-eng.ru/unit/Ivanovo/Документация Ю
НИТ М300/Разработка/Схемы ФБ ЮНИТ-М300/Проект/
РЭ500/06.01 РЭ ЮНИТ-М500-ДЗТ//Приложение. ФСУ/_latex/i
mg/11.pdf  used on input line 39.
(luatex.def)             Requested size: 1613.48857pt x 1161.32016pt.


Package fancyhdr Warning: \footskip is too small (-22.76228pt): 
(fancyhdr)                Make it at least 15.99998pt, for example:
(fancyhdr)                \setlength{\footskip}{15.99998pt}.

[80

<//uni-eng.ru/unit/Ivanovo/Документация ЮНИТ М300/Разра
ботка/Схемы ФБ ЮНИТ-М300/Проект/РЭ500/06.01 РЭ ЮН
ИТ-М500-ДЗТ//Приложение. ФСУ/_latex/img/11.pdf>]
<//uni-eng.ru/unit/Ivanovo/Документация ЮНИТ М300/Разра
ботка/Схемы ФБ ЮНИТ-М300/Проект/РЭ500/06.01 РЭ ЮН
ИТ-М500-ДЗТ//Приложение. ФСУ/_latex/img/12.pdf, id=2162, 161
3.4925pt x 1161.323pt>
File: //uni-eng.ru/unit/Ivanovo/Документация ЮНИТ М300/Раз
работка/Схемы ФБ ЮНИТ-М300/Проект/РЭ500/06.01 РЭ 
ЮНИТ-М500-ДЗТ//Приложение. ФСУ/_latex/img/12.pdf Graphic f
ile (type pdf)
<use //uni-eng.ru/unit/Ivanovo/Документация ЮНИТ М300/Раз
работка/Схемы ФБ ЮНИТ-М300/Проект/РЭ500/06.01 РЭ 
ЮНИТ-М500-ДЗТ//Приложение. ФСУ/_latex/img/12.pdf>
Package luatex.def Info: //uni-eng.ru/unit/Ivanovo/Документация Ю
НИТ М300/Разработка/Схемы ФБ ЮНИТ-М300/Проект/
РЭ500/06.01 РЭ ЮНИТ-М500-ДЗТ//Приложение. ФСУ/_latex/i
mg/12.pdf  used on input line 39.
(luatex.def)             Requested size: 1613.48857pt x 1161.32016pt.


Package fancyhdr Warning: \footskip is too small (-22.76228pt): 
(fancyhdr)                Make it at least 15.99998pt, for example:
(fancyhdr)                \setlength{\footskip}{15.99998pt}.

[81

<//uni-eng.ru/unit/Ivanovo/Документация ЮНИТ М300/Разра
ботка/Схемы ФБ ЮНИТ-М300/Проект/РЭ500/06.01 РЭ ЮН
ИТ-М500-ДЗТ//Приложение. ФСУ/_latex/img/12.pdf>]
<//uni-eng.ru/unit/Ivanovo/Документация ЮНИТ М300/Разра
ботка/Схемы ФБ ЮНИТ-М300/Проект/РЭ500/06.01 РЭ ЮН
ИТ-М500-ДЗТ//Приложение. ФСУ/_latex/img/13.pdf, id=2182, 161
3.4925pt x 1161.323pt>
File: //uni-eng.ru/unit/Ivanovo/Документация ЮНИТ М300/Раз
работка/Схемы ФБ ЮНИТ-М300/Проект/РЭ500/06.01 РЭ 
ЮНИТ-М500-ДЗТ//Приложение. ФСУ/_latex/img/13.pdf Graphic f
ile (type pdf)
<use //uni-eng.ru/unit/Ivanovo/Документация ЮНИТ М300/Раз
работка/Схемы ФБ ЮНИТ-М300/Проект/РЭ500/06.01 РЭ 
ЮНИТ-М500-ДЗТ//Приложение. ФСУ/_latex/img/13.pdf>
Package luatex.def Info: //uni-eng.ru/unit/Ivanovo/Документация Ю
НИТ М300/Разработка/Схемы ФБ ЮНИТ-М300/Проект/
РЭ500/06.01 РЭ ЮНИТ-М500-ДЗТ//Приложение. ФСУ/_latex/i
mg/13.pdf  used on input line 39.
(luatex.def)             Requested size: 1613.48857pt x 1161.32016pt.


Package fancyhdr Warning: \footskip is too small (-22.76228pt): 
(fancyhdr)                Make it at least 15.99998pt, for example:
(fancyhdr)                \setlength{\footskip}{15.99998pt}.

[82

<//uni-eng.ru/unit/Ivanovo/Документация ЮНИТ М300/Разра
ботка/Схемы ФБ ЮНИТ-М300/Проект/РЭ500/06.01 РЭ ЮН
ИТ-М500-ДЗТ//Приложение. ФСУ/_latex/img/13.pdf>]
<//uni-eng.ru/unit/Ivanovo/Документация ЮНИТ М300/Разра
ботка/Схемы ФБ ЮНИТ-М300/Проект/РЭ500/06.01 РЭ ЮН
ИТ-М500-ДЗТ//Приложение. ФСУ/_latex/img/14.pdf, id=2201, 161
3.4925pt x 1161.323pt>
File: //uni-eng.ru/unit/Ivanovo/Документация ЮНИТ М300/Раз
работка/Схемы ФБ ЮНИТ-М300/Проект/РЭ500/06.01 РЭ 
ЮНИТ-М500-ДЗТ//Приложение. ФСУ/_latex/img/14.pdf Graphic f
ile (type pdf)
<use //uni-eng.ru/unit/Ivanovo/Документация ЮНИТ М300/Раз
работка/Схемы ФБ ЮНИТ-М300/Проект/РЭ500/06.01 РЭ 
ЮНИТ-М500-ДЗТ//Приложение. ФСУ/_latex/img/14.pdf>
Package luatex.def Info: //uni-eng.ru/unit/Ivanovo/Документация Ю
НИТ М300/Разработка/Схемы ФБ ЮНИТ-М300/Проект/
РЭ500/06.01 РЭ ЮНИТ-М500-ДЗТ//Приложение. ФСУ/_latex/i
mg/14.pdf  used on input line 39.
(luatex.def)             Requested size: 1613.48857pt x 1161.32016pt.


Package fancyhdr Warning: \footskip is too small (-22.76228pt): 
(fancyhdr)                Make it at least 15.99998pt, for example:
(fancyhdr)                \setlength{\footskip}{15.99998pt}.

[83

<//uni-eng.ru/unit/Ivanovo/Документация ЮНИТ М300/Разра
ботка/Схемы ФБ ЮНИТ-М300/Проект/РЭ500/06.01 РЭ ЮН
ИТ-М500-ДЗТ//Приложение. ФСУ/_latex/img/14.pdf>]
<//uni-eng.ru/unit/Ivanovo/Документация ЮНИТ М300/Разра
ботка/Схемы ФБ ЮНИТ-М300/Проект/РЭ500/06.01 РЭ ЮН
ИТ-М500-ДЗТ//Приложение. ФСУ/_latex/img/15.pdf, id=2220, 161
3.4925pt x 1161.323pt>
File: //uni-eng.ru/unit/Ivanovo/Документация ЮНИТ М300/Раз
работка/Схемы ФБ ЮНИТ-М300/Проект/РЭ500/06.01 РЭ 
ЮНИТ-М500-ДЗТ//Приложение. ФСУ/_latex/img/15.pdf Graphic f
ile (type pdf)
<use //uni-eng.ru/unit/Ivanovo/Документация ЮНИТ М300/Раз
работка/Схемы ФБ ЮНИТ-М300/Проект/РЭ500/06.01 РЭ 
ЮНИТ-М500-ДЗТ//Приложение. ФСУ/_latex/img/15.pdf>
Package luatex.def Info: //uni-eng.ru/unit/Ivanovo/Документация Ю
НИТ М300/Разработка/Схемы ФБ ЮНИТ-М300/Проект/
РЭ500/06.01 РЭ ЮНИТ-М500-ДЗТ//Приложение. ФСУ/_latex/i
mg/15.pdf  used on input line 39.
(luatex.def)             Requested size: 1613.48857pt x 1161.32016pt.


Package fancyhdr Warning: \footskip is too small (-22.76228pt): 
(fancyhdr)                Make it at least 15.99998pt, for example:
(fancyhdr)                \setlength{\footskip}{15.99998pt}.

[84

<//uni-eng.ru/unit/Ivanovo/Документация ЮНИТ М300/Разра
ботка/Схемы ФБ ЮНИТ-М300/Проект/РЭ500/06.01 РЭ ЮН
ИТ-М500-ДЗТ//Приложение. ФСУ/_latex/img/15.pdf>]
<//uni-eng.ru/unit/Ivanovo/Документация ЮНИТ М300/Разра
ботка/Схемы ФБ ЮНИТ-М300/Проект/РЭ500/06.01 РЭ ЮН
ИТ-М500-ДЗТ//Приложение. ФСУ/_latex/img/16.pdf, id=2239, 161
3.4925pt x 1161.323pt>
File: //uni-eng.ru/unit/Ivanovo/Документация ЮНИТ М300/Раз
работка/Схемы ФБ ЮНИТ-М300/Проект/РЭ500/06.01 РЭ 
ЮНИТ-М500-ДЗТ//Приложение. ФСУ/_latex/img/16.pdf Graphic f
ile (type pdf)
<use //uni-eng.ru/unit/Ivanovo/Документация ЮНИТ М300/Раз
работка/Схемы ФБ ЮНИТ-М300/Проект/РЭ500/06.01 РЭ 
ЮНИТ-М500-ДЗТ//Приложение. ФСУ/_latex/img/16.pdf>
Package luatex.def Info: //uni-eng.ru/unit/Ivanovo/Документация Ю
НИТ М300/Разработка/Схемы ФБ ЮНИТ-М300/Проект/
РЭ500/06.01 РЭ ЮНИТ-М500-ДЗТ//Приложение. ФСУ/_latex/i
mg/16.pdf  used on input line 39.
(luatex.def)             Requested size: 1613.48857pt x 1161.32016pt.


Package fancyhdr Warning: \footskip is too small (-22.76228pt): 
(fancyhdr)                Make it at least 15.99998pt, for example:
(fancyhdr)                \setlength{\footskip}{15.99998pt}.

[85

<//uni-eng.ru/unit/Ivanovo/Документация ЮНИТ М300/Разра
ботка/Схемы ФБ ЮНИТ-М300/Проект/РЭ500/06.01 РЭ ЮН
ИТ-М500-ДЗТ//Приложение. ФСУ/_latex/img/16.pdf>]
<//uni-eng.ru/unit/Ivanovo/Документация ЮНИТ М300/Разра
ботка/Схемы ФБ ЮНИТ-М300/Проект/РЭ500/06.01 РЭ ЮН
ИТ-М500-ДЗТ//Приложение. ФСУ/_latex/img/17.pdf, id=2258, 161
3.4925pt x 1161.323pt>
File: //uni-eng.ru/unit/Ivanovo/Документация ЮНИТ М300/Раз
работка/Схемы ФБ ЮНИТ-М300/Проект/РЭ500/06.01 РЭ 
ЮНИТ-М500-ДЗТ//Приложение. ФСУ/_latex/img/17.pdf Graphic f
ile (type pdf)
<use //uni-eng.ru/unit/Ivanovo/Документация ЮНИТ М300/Раз
работка/Схемы ФБ ЮНИТ-М300/Проект/РЭ500/06.01 РЭ 
ЮНИТ-М500-ДЗТ//Приложение. ФСУ/_latex/img/17.pdf>
Package luatex.def Info: //uni-eng.ru/unit/Ivanovo/Документация Ю
НИТ М300/Разработка/Схемы ФБ ЮНИТ-М300/Проект/
РЭ500/06.01 РЭ ЮНИТ-М500-ДЗТ//Приложение. ФСУ/_latex/i
mg/17.pdf  used on input line 39.
(luatex.def)             Requested size: 1613.48857pt x 1161.32016pt.


Package fancyhdr Warning: \footskip is too small (-22.76228pt): 
(fancyhdr)                Make it at least 15.99998pt, for example:
(fancyhdr)                \setlength{\footskip}{15.99998pt}.

[86

<//uni-eng.ru/unit/Ivanovo/Документация ЮНИТ М300/Разра
ботка/Схемы ФБ ЮНИТ-М300/Проект/РЭ500/06.01 РЭ ЮН
ИТ-М500-ДЗТ//Приложение. ФСУ/_latex/img/17.pdf>]
<//uni-eng.ru/unit/Ivanovo/Документация ЮНИТ М300/Разра
ботка/Схемы ФБ ЮНИТ-М300/Проект/РЭ500/06.01 РЭ ЮН
ИТ-М500-ДЗТ//Приложение. ФСУ/_latex/img/18.pdf, id=2277, 161
3.4925pt x 1161.323pt>
File: //uni-eng.ru/unit/Ivanovo/Документация ЮНИТ М300/Раз
работка/Схемы ФБ ЮНИТ-М300/Проект/РЭ500/06.01 РЭ 
ЮНИТ-М500-ДЗТ//Приложение. ФСУ/_latex/img/18.pdf Graphic f
ile (type pdf)
<use //uni-eng.ru/unit/Ivanovo/Документация ЮНИТ М300/Раз
работка/Схемы ФБ ЮНИТ-М300/Проект/РЭ500/06.01 РЭ 
ЮНИТ-М500-ДЗТ//Приложение. ФСУ/_latex/img/18.pdf>
Package luatex.def Info: //uni-eng.ru/unit/Ivanovo/Документация Ю
НИТ М300/Разработка/Схемы ФБ ЮНИТ-М300/Проект/
РЭ500/06.01 РЭ ЮНИТ-М500-ДЗТ//Приложение. ФСУ/_latex/i
mg/18.pdf  used on input line 39.
(luatex.def)             Requested size: 1613.48857pt x 1161.32016pt.


Package fancyhdr Warning: \footskip is too small (-22.76228pt): 
(fancyhdr)                Make it at least 15.99998pt, for example:
(fancyhdr)                \setlength{\footskip}{15.99998pt}.

[87

<//uni-eng.ru/unit/Ivanovo/Документация ЮНИТ М300/Разра
ботка/Схемы ФБ ЮНИТ-М300/Проект/РЭ500/06.01 РЭ ЮН
ИТ-М500-ДЗТ//Приложение. ФСУ/_latex/img/18.pdf>]
<//uni-eng.ru/unit/Ivanovo/Документация ЮНИТ М300/Разра
ботка/Схемы ФБ ЮНИТ-М300/Проект/РЭ500/06.01 РЭ ЮН
ИТ-М500-ДЗТ//Приложение. ФСУ/_latex/img/19.pdf, id=2296, 161
3.4925pt x 1161.323pt>
File: //uni-eng.ru/unit/Ivanovo/Документация ЮНИТ М300/Раз
работка/Схемы ФБ ЮНИТ-М300/Проект/РЭ500/06.01 РЭ 
ЮНИТ-М500-ДЗТ//Приложение. ФСУ/_latex/img/19.pdf Graphic f
ile (type pdf)
<use //uni-eng.ru/unit/Ivanovo/Документация ЮНИТ М300/Раз
работка/Схемы ФБ ЮНИТ-М300/Проект/РЭ500/06.01 РЭ 
ЮНИТ-М500-ДЗТ//Приложение. ФСУ/_latex/img/19.pdf>
Package luatex.def Info: //uni-eng.ru/unit/Ivanovo/Документация Ю
НИТ М300/Разработка/Схемы ФБ ЮНИТ-М300/Проект/
РЭ500/06.01 РЭ ЮНИТ-М500-ДЗТ//Приложение. ФСУ/_latex/i
mg/19.pdf  used on input line 39.
(luatex.def)             Requested size: 1613.48857pt x 1161.32016pt.


Package fancyhdr Warning: \footskip is too small (-22.76228pt): 
(fancyhdr)                Make it at least 15.99998pt, for example:
(fancyhdr)                \setlength{\footskip}{15.99998pt}.

[88

<//uni-eng.ru/unit/Ivanovo/Документация ЮНИТ М300/Разра
ботка/Схемы ФБ ЮНИТ-М300/Проект/РЭ500/06.01 РЭ ЮН
ИТ-М500-ДЗТ//Приложение. ФСУ/_latex/img/19.pdf>]
<//uni-eng.ru/unit/Ivanovo/Документация ЮНИТ М300/Разра
ботка/Схемы ФБ ЮНИТ-М300/Проект/РЭ500/06.01 РЭ ЮН
ИТ-М500-ДЗТ//Приложение. ФСУ/_latex/img/20.pdf, id=2316, 161
3.4925pt x 1161.323pt>
File: //uni-eng.ru/unit/Ivanovo/Документация ЮНИТ М300/Раз
работка/Схемы ФБ ЮНИТ-М300/Проект/РЭ500/06.01 РЭ 
ЮНИТ-М500-ДЗТ//Приложение. ФСУ/_latex/img/20.pdf Graphic f
ile (type pdf)
<use //uni-eng.ru/unit/Ivanovo/Документация ЮНИТ М300/Раз
работка/Схемы ФБ ЮНИТ-М300/Проект/РЭ500/06.01 РЭ 
ЮНИТ-М500-ДЗТ//Приложение. ФСУ/_latex/img/20.pdf>
Package luatex.def Info: //uni-eng.ru/unit/Ivanovo/Документация Ю
НИТ М300/Разработка/Схемы ФБ ЮНИТ-М300/Проект/
РЭ500/06.01 РЭ ЮНИТ-М500-ДЗТ//Приложение. ФСУ/_latex/i
mg/20.pdf  used on input line 39.
(luatex.def)             Requested size: 1613.48857pt x 1161.32016pt.


Package fancyhdr Warning: \footskip is too small (-22.76228pt): 
(fancyhdr)                Make it at least 15.99998pt, for example:
(fancyhdr)                \setlength{\footskip}{15.99998pt}.

[89

<//uni-eng.ru/unit/Ivanovo/Документация ЮНИТ М300/Разра
ботка/Схемы ФБ ЮНИТ-М300/Проект/РЭ500/06.01 РЭ ЮН
ИТ-М500-ДЗТ//Приложение. ФСУ/_latex/img/20.pdf>]
Package typearea Info: These are the values describing the layout:
(typearea)             DIV  = areaset
(typearea)             BCOR = 0.0pt
(typearea)             \paperwidth      = 597.50793pt
(typearea)              \textwidth      = 759.68857pt
(typearea)              \evensidemargin = -153.3603pt
(typearea)              \oddsidemargin  = -153.3603pt
(typearea)             \paperheight     = 845.04694pt
(typearea)              \textheight     = 512.1496pt
(typearea)              \topmargin      = -0.05421pt
(typearea)              \headheight     = 17.0pt
(typearea)              \headsep        = 21.75pt
(typearea)              \topskip        = 22.0pt
(typearea)              \footskip       = 50.75pt
(typearea)              \baselineskip   = 14.5pt
(typearea)              on input line 45.
Package typearea Info: Using dirty hack to recalculate internal output
(typearea)             dimensions of LaTeX on input line 45.
*geometry* verbose mode - [ newgeometry ] result:
* driver: luatex
* paper: a4paper
* layout: <same size as paper>
* layoutoffset:(h,v)=(0.0pt,0.0pt)
* modes: 
* h-part:(L,W,R)=(62.59605pt, 506.45908pt, 28.45274pt)
* v-part:(T,H,B)=(39.83385pt, 773.91498pt, 31.29802pt)
* \paperwidth=597.50787pt
* \paperheight=845.04684pt
* \textwidth=506.45908pt
* \textheight=773.91498pt
* \oddsidemargin=-9.67393pt
* \evensidemargin=-9.67393pt
* \topmargin=-55.47195pt
* \headheight=14.5pt
* \headsep=8.53581pt
* \topskip=22.0pt
* \footskip=19.91692pt
* \marginparwidth=0.0pt
* \marginparsep=0.0pt
* \columnsep=10.0pt
* \skip\footins=10.8pt plus 4.0pt minus 2.0pt
* \hoffset=0.0pt
* \voffset=0.0pt
* \mag=1000
* \@twocolumnfalse
* \@twosidefalse
* \@mparswitchfalse
* \@reversemarginfalse
* (1in=72.27pt=25.4mm, 1cm=28.453pt)

)
("//uni-eng.ru/unit/Ivanovo/Документация ЮНИТ М300/Разра
ботка/Схемы ФБ ЮНИТ-М300/Проект/РЭ500/06.01 РЭ ЮН
ИТ-М500-ДЗТ//Приложение. Уставки/_latex/settings_macros.
tex")
("//uni-eng.ru/unit/Ivanovo/Документация ЮНИТ М300/Разра
ботка/Схемы ФБ ЮНИТ-М300/Проект/РЭ500/06.01 РЭ ЮН
ИТ-М500-ДЗТ//Приложение. Уставки/_latex/appset.tex"
ignored: Infinite glue shrinkage found in box being split

Package fancyhdr Warning: \headheight is too small (14.5pt): 
(fancyhdr)                Make it at least 15.99998pt, for example:
(fancyhdr)                \setlength{\headheight}{15.99998pt}.
(fancyhdr)                You might also make \topmargin smaller:
(fancyhdr)                \addtolength{\topmargin}{-1.49998pt}.

[90



]
ignored: Infinite glue shrinkage found in box being split

Package fancyhdr Warning: \headheight is too small (14.5pt): 
(fancyhdr)                Make it at least 15.99998pt, for example:
(fancyhdr)                \setlength{\headheight}{15.99998pt}.
(fancyhdr)                You might also make \topmargin smaller:
(fancyhdr)                \addtolength{\topmargin}{-1.49998pt}.

[91]
ignored: Infinite glue shrinkage found in box being split

Package fancyhdr Warning: \headheight is too small (14.5pt): 
(fancyhdr)                Make it at least 15.99998pt, for example:
(fancyhdr)                \setlength{\headheight}{15.99998pt}.
(fancyhdr)                You might also make \topmargin smaller:
(fancyhdr)                \addtolength{\topmargin}{-1.49998pt}.

[92]

Package fancyhdr Warning: \headheight is too small (14.5pt): 
(fancyhdr)                Make it at least 15.99998pt, for example:
(fancyhdr)                \setlength{\headheight}{15.99998pt}.
(fancyhdr)                You might also make \topmargin smaller:
(fancyhdr)                \addtolength{\topmargin}{-1.49998pt}.

[93]
ignored: Infinite glue shrinkage found in box being split

Package fancyhdr Warning: \headheight is too small (14.5pt): 
(fancyhdr)                Make it at least 15.99998pt, for example:
(fancyhdr)                \setlength{\headheight}{15.99998pt}.
(fancyhdr)                You might also make \topmargin smaller:
(fancyhdr)                \addtolength{\topmargin}{-1.49998pt}.

[94]
ignored: Infinite glue shrinkage found in box being split

Package fancyhdr Warning: \headheight is too small (14.5pt): 
(fancyhdr)                Make it at least 15.99998pt, for example:
(fancyhdr)                \setlength{\headheight}{15.99998pt}.
(fancyhdr)                You might also make \topmargin smaller:
(fancyhdr)                \addtolength{\topmargin}{-1.49998pt}.

[95]
ignored: Infinite glue shrinkage found in box being split

Package fancyhdr Warning: \headheight is too small (14.5pt): 
(fancyhdr)                Make it at least 15.99998pt, for example:
(fancyhdr)                \setlength{\headheight}{15.99998pt}.
(fancyhdr)                You might also make \topmargin smaller:
(fancyhdr)                \addtolength{\topmargin}{-1.49998pt}.

[96]
ignored: Infinite glue shrinkage found in box being split

Package fancyhdr Warning: \headheight is too small (14.5pt): 
(fancyhdr)                Make it at least 15.99998pt, for example:
(fancyhdr)                \setlength{\headheight}{15.99998pt}.
(fancyhdr)                You might also make \topmargin smaller:
(fancyhdr)                \addtolength{\topmargin}{-1.49998pt}.

[97]
ignored: Infinite glue shrinkage found in box being split

Package fancyhdr Warning: \headheight is too small (14.5pt): 
(fancyhdr)                Make it at least 15.99998pt, for example:
(fancyhdr)                \setlength{\headheight}{15.99998pt}.
(fancyhdr)                You might also make \topmargin smaller:
(fancyhdr)                \addtolength{\topmargin}{-1.49998pt}.

[98]
ignored: Infinite glue shrinkage found in box being split

Package fancyhdr Warning: \headheight is too small (14.5pt): 
(fancyhdr)                Make it at least 15.99998pt, for example:
(fancyhdr)                \setlength{\headheight}{15.99998pt}.
(fancyhdr)                You might also make \topmargin smaller:
(fancyhdr)                \addtolength{\topmargin}{-1.49998pt}.

[99]
ignored: Infinite glue shrinkage found in box being split

Package fancyhdr Warning: \headheight is too small (14.5pt): 
(fancyhdr)                Make it at least 15.99998pt, for example:
(fancyhdr)                \setlength{\headheight}{15.99998pt}.
(fancyhdr)                You might also make \topmargin smaller:
(fancyhdr)                \addtolength{\topmargin}{-1.49998pt}.

[100]
ignored: Infinite glue shrinkage found in box being split

Package fancyhdr Warning: \headheight is too small (14.5pt): 
(fancyhdr)                Make it at least 15.99998pt, for example:
(fancyhdr)                \setlength{\headheight}{15.99998pt}.
(fancyhdr)                You might also make \topmargin smaller:
(fancyhdr)                \addtolength{\topmargin}{-1.49998pt}.

[101]
ignored: Infinite glue shrinkage found in box being split

Package fancyhdr Warning: \headheight is too small (14.5pt): 
(fancyhdr)                Make it at least 15.99998pt, for example:
(fancyhdr)                \setlength{\headheight}{15.99998pt}.
(fancyhdr)                You might also make \topmargin smaller:
(fancyhdr)                \addtolength{\topmargin}{-1.49998pt}.

[102]

Package fancyhdr Warning: \headheight is too small (14.5pt): 
(fancyhdr)                Make it at least 15.99998pt, for example:
(fancyhdr)                \setlength{\headheight}{15.99998pt}.
(fancyhdr)                You might also make \topmargin smaller:
(fancyhdr)                \addtolength{\topmargin}{-1.49998pt}.

[103]

Package fancyhdr Warning: \headheight is too small (14.5pt): 
(fancyhdr)                Make it at least 15.99998pt, for example:
(fancyhdr)                \setlength{\headheight}{15.99998pt}.
(fancyhdr)                You might also make \topmargin smaller:
(fancyhdr)                \addtolength{\topmargin}{-1.49998pt}.

[104]

Package fancyhdr Warning: \headheight is too small (14.5pt): 
(fancyhdr)                Make it at least 15.99998pt, for example:
(fancyhdr)                \setlength{\headheight}{15.99998pt}.
(fancyhdr)                You might also make \topmargin smaller:
(fancyhdr)                \addtolength{\topmargin}{-1.49998pt}.

[105]
ignored: Infinite glue shrinkage found in box being split

Package fancyhdr Warning: \headheight is too small (14.5pt): 
(fancyhdr)                Make it at least 15.99998pt, for example:
(fancyhdr)                \setlength{\headheight}{15.99998pt}.
(fancyhdr)                You might also make \topmargin smaller:
(fancyhdr)                \addtolength{\topmargin}{-1.49998pt}.

[106]
ignored: Infinite glue shrinkage found in box being split

Package fancyhdr Warning: \headheight is too small (14.5pt): 
(fancyhdr)                Make it at least 15.99998pt, for example:
(fancyhdr)                \setlength{\headheight}{15.99998pt}.
(fancyhdr)                You might also make \topmargin smaller:
(fancyhdr)                \addtolength{\topmargin}{-1.49998pt}.

[107]
ignored: Infinite glue shrinkage found in box being split

Package fancyhdr Warning: \headheight is too small (14.5pt): 
(fancyhdr)                Make it at least 15.99998pt, for example:
(fancyhdr)                \setlength{\headheight}{15.99998pt}.
(fancyhdr)                You might also make \topmargin smaller:
(fancyhdr)                \addtolength{\topmargin}{-1.49998pt}.

[108]
ignored: Infinite glue shrinkage found in box being split

Package fancyhdr Warning: \headheight is too small (14.5pt): 
(fancyhdr)                Make it at least 15.99998pt, for example:
(fancyhdr)                \setlength{\headheight}{15.99998pt}.
(fancyhdr)                You might also make \topmargin smaller:
(fancyhdr)                \addtolength{\topmargin}{-1.49998pt}.

[109]

Package fancyhdr Warning: \headheight is too small (14.5pt): 
(fancyhdr)                Make it at least 15.99998pt, for example:
(fancyhdr)                \setlength{\headheight}{15.99998pt}.
(fancyhdr)                You might also make \topmargin smaller:
(fancyhdr)                \addtolength{\topmargin}{-1.49998pt}.

[110]

Package fancyhdr Warning: \headheight is too small (14.5pt): 
(fancyhdr)                Make it at least 15.99998pt, for example:
(fancyhdr)                \setlength{\headheight}{15.99998pt}.
(fancyhdr)                You might also make \topmargin smaller:
(fancyhdr)                \addtolength{\topmargin}{-1.49998pt}.

[111]

Package fancyhdr Warning: \headheight is too small (14.5pt): 
(fancyhdr)                Make it at least 15.99998pt, for example:
(fancyhdr)                \setlength{\headheight}{15.99998pt}.
(fancyhdr)                You might also make \topmargin smaller:
(fancyhdr)                \addtolength{\topmargin}{-1.49998pt}.

[112])

Package fancyhdr Warning: \headheight is too small (14.5pt): 
(fancyhdr)                Make it at least 15.99998pt, for example:
(fancyhdr)                \setlength{\headheight}{15.99998pt}.
(fancyhdr)                You might also make \topmargin smaller:
(fancyhdr)                \addtolength{\topmargin}{-1.49998pt}.

[113]
("//uni-eng.ru/unit/Ivanovo/Документация ЮНИТ М300/Разра
ботка/Схемы ФБ ЮНИТ-М300/Проект/РЭ500/06.01 РЭ ЮН
ИТ-М500-ДЗТ//Приложение. Сигналы/_latex/appsign.tex"
Package typearea Info: These are the values describing the layout:
(typearea)             DIV  = areaset
(typearea)             BCOR = 0.0pt
(typearea)             \paperwidth      = 597.50793pt
(typearea)              \textwidth      = 759.68857pt
(typearea)              \evensidemargin = -153.3603pt
(typearea)              \oddsidemargin  = -153.3603pt
(typearea)             \paperheight     = 845.04694pt
(typearea)              \textheight     = 512.1496pt
(typearea)              \topmargin      = -0.05421pt
(typearea)              \headheight     = 17.0pt
(typearea)              \headsep        = 21.75pt
(typearea)              \topskip        = 22.0pt
(typearea)              \footskip       = 50.75pt
(typearea)              \baselineskip   = 14.5pt
(typearea)              on input line 2.
Package typearea Info: Using dirty hack to recalculate internal output
(typearea)             dimensions of LaTeX on input line 2.
*geometry* verbose mode - [ newgeometry ] result:
* driver: luatex
* paper: a4paper
* layout: <same size as paper>
* layoutoffset:(h,v)=(0.0pt,0.0pt)
* modes: 
* h-part:(L,W,R)=(62.59605pt, 506.45908pt, 28.45274pt)
* v-part:(T,H,B)=(39.83385pt, 773.91498pt, 31.29802pt)
* \paperwidth=597.50787pt
* \paperheight=845.04684pt
* \textwidth=506.45908pt
* \textheight=773.91498pt
* \oddsidemargin=-9.67393pt
* \evensidemargin=-9.67393pt
* \topmargin=-55.47195pt
* \headheight=14.5pt
* \headsep=8.53581pt
* \topskip=22.0pt
* \footskip=19.91692pt
* \marginparwidth=0.0pt
* \marginparsep=0.0pt
* \columnsep=10.0pt
* \skip\footins=10.8pt plus 4.0pt minus 2.0pt
* \hoffset=0.0pt
* \voffset=0.0pt
* \mag=1000
* \@twocolumnfalse
* \@twosidefalse
* \@mparswitchfalse
* \@reversemarginfalse
* (1in=72.27pt=25.4mm, 1cm=28.453pt)



Package hyperref Warning: Token not allowed in a PDF string (Unicode):
(hyperref)                removing `\newline' on input line 16.


Package enumitem Warning: Negative labelwidth. This does not make much
(enumitem)                sense, on input line 23.


Overfull \hbox (7.06256pt too wide) in alignment at lines 40--48
 [][][][][][][][][] 
 []


Overfull \hbox (7.06256pt too wide) in alignment at lines 48--55
 [][][][][][][][][] 
 []


Overfull \hbox (7.06256pt too wide) in alignment at lines 55--57
 [][][][][][][][][] 
 []


Overfull \hbox (7.06256pt too wide) in alignment at lines 57--59
 [][][][][][][][][] 
 []


Overfull \hbox (7.06256pt too wide) in alignment at lines 59--326
 [][][][][][][][][] 
 []


Overfull \hbox (7.06256pt too wide) in alignment at lines 326--608
 [][][][][][][][][] 
 []


Package fancyhdr Warning: \headheight is too small (14.5pt): 
(fancyhdr)                Make it at least 15.99998pt, for example:
(fancyhdr)                \setlength{\headheight}{15.99998pt}.
(fancyhdr)                You might also make \topmargin smaller:
(fancyhdr)                \addtolength{\topmargin}{-1.49998pt}.


Package fancyhdr Warning: \footskip is too small (15.5pt): 
(fancyhdr)                Make it at least 15.99998pt, for example:
(fancyhdr)                \setlength{\footskip}{15.99998pt}.

[114


]

Package fancyhdr Warning: \headheight is too small (14.5pt): 
(fancyhdr)                Make it at least 15.99998pt, for example:
(fancyhdr)                \setlength{\headheight}{15.99998pt}.
(fancyhdr)                You might also make \topmargin smaller:
(fancyhdr)                \addtolength{\topmargin}{-1.49998pt}.


Package fancyhdr Warning: \footskip is too small (15.5pt): 
(fancyhdr)                Make it at least 15.99998pt, for example:
(fancyhdr)                \setlength{\footskip}{15.99998pt}.

[115]

Package fancyhdr Warning: \headheight is too small (14.5pt): 
(fancyhdr)                Make it at least 15.99998pt, for example:
(fancyhdr)                \setlength{\headheight}{15.99998pt}.
(fancyhdr)                You might also make \topmargin smaller:
(fancyhdr)                \addtolength{\topmargin}{-1.49998pt}.


Package fancyhdr Warning: \footskip is too small (15.5pt): 
(fancyhdr)                Make it at least 15.99998pt, for example:
(fancyhdr)                \setlength{\footskip}{15.99998pt}.

[116]

Package fancyhdr Warning: \headheight is too small (14.5pt): 
(fancyhdr)                Make it at least 15.99998pt, for example:
(fancyhdr)                \setlength{\headheight}{15.99998pt}.
(fancyhdr)                You might also make \topmargin smaller:
(fancyhdr)                \addtolength{\topmargin}{-1.49998pt}.


Package fancyhdr Warning: \footskip is too small (15.5pt): 
(fancyhdr)                Make it at least 15.99998pt, for example:
(fancyhdr)                \setlength{\footskip}{15.99998pt}.

[117]

Package fancyhdr Warning: \headheight is too small (14.5pt): 
(fancyhdr)                Make it at least 15.99998pt, for example:
(fancyhdr)                \setlength{\headheight}{15.99998pt}.
(fancyhdr)                You might also make \topmargin smaller:
(fancyhdr)                \addtolength{\topmargin}{-1.49998pt}.


Package fancyhdr Warning: \footskip is too small (15.5pt): 
(fancyhdr)                Make it at least 15.99998pt, for example:
(fancyhdr)                \setlength{\footskip}{15.99998pt}.

[118]

Package fancyhdr Warning: \headheight is too small (14.5pt): 
(fancyhdr)                Make it at least 15.99998pt, for example:
(fancyhdr)                \setlength{\headheight}{15.99998pt}.
(fancyhdr)                You might also make \topmargin smaller:
(fancyhdr)                \addtolength{\topmargin}{-1.49998pt}.


Package fancyhdr Warning: \footskip is too small (15.5pt): 
(fancyhdr)                Make it at least 15.99998pt, for example:
(fancyhdr)                \setlength{\footskip}{15.99998pt}.

[119]

Package fancyhdr Warning: \headheight is too small (14.5pt): 
(fancyhdr)                Make it at least 15.99998pt, for example:
(fancyhdr)                \setlength{\headheight}{15.99998pt}.
(fancyhdr)                You might also make \topmargin smaller:
(fancyhdr)                \addtolength{\topmargin}{-1.49998pt}.


Package fancyhdr Warning: \footskip is too small (15.5pt): 
(fancyhdr)                Make it at least 15.99998pt, for example:
(fancyhdr)                \setlength{\footskip}{15.99998pt}.

[120]

Package fancyhdr Warning: \headheight is too small (14.5pt): 
(fancyhdr)                Make it at least 15.99998pt, for example:
(fancyhdr)                \setlength{\headheight}{15.99998pt}.
(fancyhdr)                You might also make \topmargin smaller:
(fancyhdr)                \addtolength{\topmargin}{-1.49998pt}.


Package fancyhdr Warning: \footskip is too small (15.5pt): 
(fancyhdr)                Make it at least 15.99998pt, for example:
(fancyhdr)                \setlength{\footskip}{15.99998pt}.

[121]

Package fancyhdr Warning: \headheight is too small (14.5pt): 
(fancyhdr)                Make it at least 15.99998pt, for example:
(fancyhdr)                \setlength{\headheight}{15.99998pt}.
(fancyhdr)                You might also make \topmargin smaller:
(fancyhdr)                \addtolength{\topmargin}{-1.49998pt}.


Package fancyhdr Warning: \footskip is too small (15.5pt): 
(fancyhdr)                Make it at least 15.99998pt, for example:
(fancyhdr)                \setlength{\footskip}{15.99998pt}.

[122]

Package fancyhdr Warning: \headheight is too small (14.5pt): 
(fancyhdr)                Make it at least 15.99998pt, for example:
(fancyhdr)                \setlength{\headheight}{15.99998pt}.
(fancyhdr)                You might also make \topmargin smaller:
(fancyhdr)                \addtolength{\topmargin}{-1.49998pt}.


Package fancyhdr Warning: \footskip is too small (15.5pt): 
(fancyhdr)                Make it at least 15.99998pt, for example:
(fancyhdr)                \setlength{\footskip}{15.99998pt}.

[123]
Overfull \hbox (7.06256pt too wide) in alignment at lines 608--875
 [][][][][][][][][] 
 []


Package fancyhdr Warning: \headheight is too small (14.5pt): 
(fancyhdr)                Make it at least 15.99998pt, for example:
(fancyhdr)                \setlength{\headheight}{15.99998pt}.
(fancyhdr)                You might also make \topmargin smaller:
(fancyhdr)                \addtolength{\topmargin}{-1.49998pt}.


Package fancyhdr Warning: \footskip is too small (15.5pt): 
(fancyhdr)                Make it at least 15.99998pt, for example:
(fancyhdr)                \setlength{\footskip}{15.99998pt}.

[124]

Package fancyhdr Warning: \headheight is too small (14.5pt): 
(fancyhdr)                Make it at least 15.99998pt, for example:
(fancyhdr)                \setlength{\headheight}{15.99998pt}.
(fancyhdr)                You might also make \topmargin smaller:
(fancyhdr)                \addtolength{\topmargin}{-1.49998pt}.


Package fancyhdr Warning: \footskip is too small (15.5pt): 
(fancyhdr)                Make it at least 15.99998pt, for example:
(fancyhdr)                \setlength{\footskip}{15.99998pt}.

[125]

Package fancyhdr Warning: \headheight is too small (14.5pt): 
(fancyhdr)                Make it at least 15.99998pt, for example:
(fancyhdr)                \setlength{\headheight}{15.99998pt}.
(fancyhdr)                You might also make \topmargin smaller:
(fancyhdr)                \addtolength{\topmargin}{-1.49998pt}.


Package fancyhdr Warning: \footskip is too small (15.5pt): 
(fancyhdr)                Make it at least 15.99998pt, for example:
(fancyhdr)                \setlength{\footskip}{15.99998pt}.

[126]

Package fancyhdr Warning: \headheight is too small (14.5pt): 
(fancyhdr)                Make it at least 15.99998pt, for example:
(fancyhdr)                \setlength{\headheight}{15.99998pt}.
(fancyhdr)                You might also make \topmargin smaller:
(fancyhdr)                \addtolength{\topmargin}{-1.49998pt}.


Package fancyhdr Warning: \footskip is too small (15.5pt): 
(fancyhdr)                Make it at least 15.99998pt, for example:
(fancyhdr)                \setlength{\footskip}{15.99998pt}.

[127]

Package fancyhdr Warning: \headheight is too small (14.5pt): 
(fancyhdr)                Make it at least 15.99998pt, for example:
(fancyhdr)                \setlength{\headheight}{15.99998pt}.
(fancyhdr)                You might also make \topmargin smaller:
(fancyhdr)                \addtolength{\topmargin}{-1.49998pt}.


Package fancyhdr Warning: \footskip is too small (15.5pt): 
(fancyhdr)                Make it at least 15.99998pt, for example:
(fancyhdr)                \setlength{\footskip}{15.99998pt}.

[128]

Package fancyhdr Warning: \headheight is too small (14.5pt): 
(fancyhdr)                Make it at least 15.99998pt, for example:
(fancyhdr)                \setlength{\headheight}{15.99998pt}.
(fancyhdr)                You might also make \topmargin smaller:
(fancyhdr)                \addtolength{\topmargin}{-1.49998pt}.


Package fancyhdr Warning: \footskip is too small (15.5pt): 
(fancyhdr)                Make it at least 15.99998pt, for example:
(fancyhdr)                \setlength{\footskip}{15.99998pt}.

[129]

Package fancyhdr Warning: \headheight is too small (14.5pt): 
(fancyhdr)                Make it at least 15.99998pt, for example:
(fancyhdr)                \setlength{\headheight}{15.99998pt}.
(fancyhdr)                You might also make \topmargin smaller:
(fancyhdr)                \addtolength{\topmargin}{-1.49998pt}.


Package fancyhdr Warning: \footskip is too small (15.5pt): 
(fancyhdr)                Make it at least 15.99998pt, for example:
(fancyhdr)                \setlength{\footskip}{15.99998pt}.

[130]

Package fancyhdr Warning: \headheight is too small (14.5pt): 
(fancyhdr)                Make it at least 15.99998pt, for example:
(fancyhdr)                \setlength{\headheight}{15.99998pt}.
(fancyhdr)                You might also make \topmargin smaller:
(fancyhdr)                \addtolength{\topmargin}{-1.49998pt}.


Package fancyhdr Warning: \footskip is too small (15.5pt): 
(fancyhdr)                Make it at least 15.99998pt, for example:
(fancyhdr)                \setlength{\footskip}{15.99998pt}.

[131]

Package fancyhdr Warning: \headheight is too small (14.5pt): 
(fancyhdr)                Make it at least 15.99998pt, for example:
(fancyhdr)                \setlength{\headheight}{15.99998pt}.
(fancyhdr)                You might also make \topmargin smaller:
(fancyhdr)                \addtolength{\topmargin}{-1.49998pt}.


Package fancyhdr Warning: \footskip is too small (15.5pt): 
(fancyhdr)                Make it at least 15.99998pt, for example:
(fancyhdr)                \setlength{\footskip}{15.99998pt}.

[132]

Package fancyhdr Warning: \headheight is too small (14.5pt): 
(fancyhdr)                Make it at least 15.99998pt, for example:
(fancyhdr)                \setlength{\headheight}{15.99998pt}.
(fancyhdr)                You might also make \topmargin smaller:
(fancyhdr)                \addtolength{\topmargin}{-1.49998pt}.


Package fancyhdr Warning: \footskip is too small (15.5pt): 
(fancyhdr)                Make it at least 15.99998pt, for example:
(fancyhdr)                \setlength{\footskip}{15.99998pt}.

[133]

Package fancyhdr Warning: \headheight is too small (14.5pt): 
(fancyhdr)                Make it at least 15.99998pt, for example:
(fancyhdr)                \setlength{\headheight}{15.99998pt}.
(fancyhdr)                You might also make \topmargin smaller:
(fancyhdr)                \addtolength{\topmargin}{-1.49998pt}.


Package fancyhdr Warning: \footskip is too small (15.5pt): 
(fancyhdr)                Make it at least 15.99998pt, for example:
(fancyhdr)                \setlength{\footskip}{15.99998pt}.

[134]

Package fancyhdr Warning: \headheight is too small (14.5pt): 
(fancyhdr)                Make it at least 15.99998pt, for example:
(fancyhdr)                \setlength{\headheight}{15.99998pt}.
(fancyhdr)                You might also make \topmargin smaller:
(fancyhdr)                \addtolength{\topmargin}{-1.49998pt}.


Package fancyhdr Warning: \footskip is too small (15.5pt): 
(fancyhdr)                Make it at least 15.99998pt, for example:
(fancyhdr)                \setlength{\footskip}{15.99998pt}.

[135]
Overfull \hbox (7.06256pt too wide) in alignment at lines 875--1131
 [][][][][][][][][] 
 []


Package fancyhdr Warning: \headheight is too small (14.5pt): 
(fancyhdr)                Make it at least 15.99998pt, for example:
(fancyhdr)                \setlength{\headheight}{15.99998pt}.
(fancyhdr)                You might also make \topmargin smaller:
(fancyhdr)                \addtolength{\topmargin}{-1.49998pt}.


Package fancyhdr Warning: \footskip is too small (15.5pt): 
(fancyhdr)                Make it at least 15.99998pt, for example:
(fancyhdr)                \setlength{\footskip}{15.99998pt}.

[136]

Package fancyhdr Warning: \headheight is too small (14.5pt): 
(fancyhdr)                Make it at least 15.99998pt, for example:
(fancyhdr)                \setlength{\headheight}{15.99998pt}.
(fancyhdr)                You might also make \topmargin smaller:
(fancyhdr)                \addtolength{\topmargin}{-1.49998pt}.


Package fancyhdr Warning: \footskip is too small (15.5pt): 
(fancyhdr)                Make it at least 15.99998pt, for example:
(fancyhdr)                \setlength{\footskip}{15.99998pt}.

[137]

Package fancyhdr Warning: \headheight is too small (14.5pt): 
(fancyhdr)                Make it at least 15.99998pt, for example:
(fancyhdr)                \setlength{\headheight}{15.99998pt}.
(fancyhdr)                You might also make \topmargin smaller:
(fancyhdr)                \addtolength{\topmargin}{-1.49998pt}.


Package fancyhdr Warning: \footskip is too small (15.5pt): 
(fancyhdr)                Make it at least 15.99998pt, for example:
(fancyhdr)                \setlength{\footskip}{15.99998pt}.

[138]

Package fancyhdr Warning: \headheight is too small (14.5pt): 
(fancyhdr)                Make it at least 15.99998pt, for example:
(fancyhdr)                \setlength{\headheight}{15.99998pt}.
(fancyhdr)                You might also make \topmargin smaller:
(fancyhdr)                \addtolength{\topmargin}{-1.49998pt}.


Package fancyhdr Warning: \footskip is too small (15.5pt): 
(fancyhdr)                Make it at least 15.99998pt, for example:
(fancyhdr)                \setlength{\footskip}{15.99998pt}.

[139]

Package fancyhdr Warning: \headheight is too small (14.5pt): 
(fancyhdr)                Make it at least 15.99998pt, for example:
(fancyhdr)                \setlength{\headheight}{15.99998pt}.
(fancyhdr)                You might also make \topmargin smaller:
(fancyhdr)                \addtolength{\topmargin}{-1.49998pt}.


Package fancyhdr Warning: \footskip is too small (15.5pt): 
(fancyhdr)                Make it at least 15.99998pt, for example:
(fancyhdr)                \setlength{\footskip}{15.99998pt}.

[140]

Package fancyhdr Warning: \headheight is too small (14.5pt): 
(fancyhdr)                Make it at least 15.99998pt, for example:
(fancyhdr)                \setlength{\headheight}{15.99998pt}.
(fancyhdr)                You might also make \topmargin smaller:
(fancyhdr)                \addtolength{\topmargin}{-1.49998pt}.


Package fancyhdr Warning: \footskip is too small (15.5pt): 
(fancyhdr)                Make it at least 15.99998pt, for example:
(fancyhdr)                \setlength{\footskip}{15.99998pt}.

[141]

Package fancyhdr Warning: \headheight is too small (14.5pt): 
(fancyhdr)                Make it at least 15.99998pt, for example:
(fancyhdr)                \setlength{\headheight}{15.99998pt}.
(fancyhdr)                You might also make \topmargin smaller:
(fancyhdr)                \addtolength{\topmargin}{-1.49998pt}.


Package fancyhdr Warning: \footskip is too small (15.5pt): 
(fancyhdr)                Make it at least 15.99998pt, for example:
(fancyhdr)                \setlength{\footskip}{15.99998pt}.

[142]

Package fancyhdr Warning: \headheight is too small (14.5pt): 
(fancyhdr)                Make it at least 15.99998pt, for example:
(fancyhdr)                \setlength{\headheight}{15.99998pt}.
(fancyhdr)                You might also make \topmargin smaller:
(fancyhdr)                \addtolength{\topmargin}{-1.49998pt}.


Package fancyhdr Warning: \footskip is too small (15.5pt): 
(fancyhdr)                Make it at least 15.99998pt, for example:
(fancyhdr)                \setlength{\footskip}{15.99998pt}.

[143]

Package fancyhdr Warning: \headheight is too small (14.5pt): 
(fancyhdr)                Make it at least 15.99998pt, for example:
(fancyhdr)                \setlength{\headheight}{15.99998pt}.
(fancyhdr)                You might also make \topmargin smaller:
(fancyhdr)                \addtolength{\topmargin}{-1.49998pt}.


Package fancyhdr Warning: \footskip is too small (15.5pt): 
(fancyhdr)                Make it at least 15.99998pt, for example:
(fancyhdr)                \setlength{\footskip}{15.99998pt}.

[144]

Package fancyhdr Warning: \headheight is too small (14.5pt): 
(fancyhdr)                Make it at least 15.99998pt, for example:
(fancyhdr)                \setlength{\headheight}{15.99998pt}.
(fancyhdr)                You might also make \topmargin smaller:
(fancyhdr)                \addtolength{\topmargin}{-1.49998pt}.


Package fancyhdr Warning: \footskip is too small (15.5pt): 
(fancyhdr)                Make it at least 15.99998pt, for example:
(fancyhdr)                \setlength{\footskip}{15.99998pt}.

[145]

Package fancyhdr Warning: \headheight is too small (14.5pt): 
(fancyhdr)                Make it at least 15.99998pt, for example:
(fancyhdr)                \setlength{\headheight}{15.99998pt}.
(fancyhdr)                You might also make \topmargin smaller:
(fancyhdr)                \addtolength{\topmargin}{-1.49998pt}.


Package fancyhdr Warning: \footskip is too small (15.5pt): 
(fancyhdr)                Make it at least 15.99998pt, for example:
(fancyhdr)                \setlength{\footskip}{15.99998pt}.

[146]
Overfull \hbox (7.06256pt too wide) in alignment at lines 1131--1170
 [][][][][][][][][] 
 []


Package fancyhdr Warning: \headheight is too small (14.5pt): 
(fancyhdr)                Make it at least 15.99998pt, for example:
(fancyhdr)                \setlength{\headheight}{15.99998pt}.
(fancyhdr)                You might also make \topmargin smaller:
(fancyhdr)                \addtolength{\topmargin}{-1.49998pt}.


Package fancyhdr Warning: \footskip is too small (15.5pt): 
(fancyhdr)                Make it at least 15.99998pt, for example:
(fancyhdr)                \setlength{\footskip}{15.99998pt}.

[147]

Package fancyhdr Warning: \headheight is too small (14.5pt): 
(fancyhdr)                Make it at least 15.99998pt, for example:
(fancyhdr)                \setlength{\headheight}{15.99998pt}.
(fancyhdr)                You might also make \topmargin smaller:
(fancyhdr)                \addtolength{\topmargin}{-1.49998pt}.


Package fancyhdr Warning: \footskip is too small (15.5pt): 
(fancyhdr)                Make it at least 15.99998pt, for example:
(fancyhdr)                \setlength{\footskip}{15.99998pt}.

[148]

Package fancyhdr Warning: \headheight is too small (14.5pt): 
(fancyhdr)                Make it at least 15.99998pt, for example:
(fancyhdr)                \setlength{\headheight}{15.99998pt}.
(fancyhdr)                You might also make \topmargin smaller:
(fancyhdr)                \addtolength{\topmargin}{-1.49998pt}.


Package fancyhdr Warning: \footskip is too small (15.5pt): 
(fancyhdr)                Make it at least 15.99998pt, for example:
(fancyhdr)                \setlength{\footskip}{15.99998pt}.

[149]

Package fancyhdr Warning: \headheight is too small (14.5pt): 
(fancyhdr)                Make it at least 15.99998pt, for example:
(fancyhdr)                \setlength{\headheight}{15.99998pt}.
(fancyhdr)                You might also make \topmargin smaller:
(fancyhdr)                \addtolength{\topmargin}{-1.49998pt}.


Package fancyhdr Warning: \footskip is too small (15.5pt): 
(fancyhdr)                Make it at least 15.99998pt, for example:
(fancyhdr)                \setlength{\footskip}{15.99998pt}.

[150]

Package fancyhdr Warning: \headheight is too small (14.5pt): 
(fancyhdr)                Make it at least 15.99998pt, for example:
(fancyhdr)                \setlength{\headheight}{15.99998pt}.
(fancyhdr)                You might also make \topmargin smaller:
(fancyhdr)                \addtolength{\topmargin}{-1.49998pt}.


Package fancyhdr Warning: \footskip is too small (15.5pt): 
(fancyhdr)                Make it at least 15.99998pt, for example:
(fancyhdr)                \setlength{\footskip}{15.99998pt}.

[151]

Package fancyhdr Warning: \headheight is too small (14.5pt): 
(fancyhdr)                Make it at least 15.99998pt, for example:
(fancyhdr)                \setlength{\headheight}{15.99998pt}.
(fancyhdr)                You might also make \topmargin smaller:
(fancyhdr)                \addtolength{\topmargin}{-1.49998pt}.


Package fancyhdr Warning: \footskip is too small (15.5pt): 
(fancyhdr)                Make it at least 15.99998pt, for example:
(fancyhdr)                \setlength{\footskip}{15.99998pt}.

[152]

Package fancyhdr Warning: \headheight is too small (14.5pt): 
(fancyhdr)                Make it at least 15.99998pt, for example:
(fancyhdr)                \setlength{\headheight}{15.99998pt}.
(fancyhdr)                You might also make \topmargin smaller:
(fancyhdr)                \addtolength{\topmargin}{-1.49998pt}.


Package fancyhdr Warning: \footskip is too small (15.5pt): 
(fancyhdr)                Make it at least 15.99998pt, for example:
(fancyhdr)                \setlength{\footskip}{15.99998pt}.

[153]

Package fancyhdr Warning: \headheight is too small (14.5pt): 
(fancyhdr)                Make it at least 15.99998pt, for example:
(fancyhdr)                \setlength{\headheight}{15.99998pt}.
(fancyhdr)                You might also make \topmargin smaller:
(fancyhdr)                \addtolength{\topmargin}{-1.49998pt}.


Package fancyhdr Warning: \footskip is too small (15.5pt): 
(fancyhdr)                Make it at least 15.99998pt, for example:
(fancyhdr)                \setlength{\footskip}{15.99998pt}.

[154]

Package fancyhdr Warning: \headheight is too small (14.5pt): 
(fancyhdr)                Make it at least 15.99998pt, for example:
(fancyhdr)                \setlength{\headheight}{15.99998pt}.
(fancyhdr)                You might also make \topmargin smaller:
(fancyhdr)                \addtolength{\topmargin}{-1.49998pt}.


Package fancyhdr Warning: \footskip is too small (15.5pt): 
(fancyhdr)                Make it at least 15.99998pt, for example:
(fancyhdr)                \setlength{\footskip}{15.99998pt}.

[155]

Package fancyhdr Warning: \headheight is too small (14.5pt): 
(fancyhdr)                Make it at least 15.99998pt, for example:
(fancyhdr)                \setlength{\headheight}{15.99998pt}.
(fancyhdr)                You might also make \topmargin smaller:
(fancyhdr)                \addtolength{\topmargin}{-1.49998pt}.


Package fancyhdr Warning: \footskip is too small (15.5pt): 
(fancyhdr)                Make it at least 15.99998pt, for example:
(fancyhdr)                \setlength{\footskip}{15.99998pt}.

[156]

Package fancyhdr Warning: \headheight is too small (14.5pt): 
(fancyhdr)                Make it at least 15.99998pt, for example:
(fancyhdr)                \setlength{\headheight}{15.99998pt}.
(fancyhdr)                You might also make \topmargin smaller:
(fancyhdr)                \addtolength{\topmargin}{-1.49998pt}.


Package fancyhdr Warning: \footskip is too small (15.5pt): 
(fancyhdr)                Make it at least 15.99998pt, for example:
(fancyhdr)                \setlength{\footskip}{15.99998pt}.

[157]

Package fancyhdr Warning: \headheight is too small (14.5pt): 
(fancyhdr)                Make it at least 15.99998pt, for example:
(fancyhdr)                \setlength{\headheight}{15.99998pt}.
(fancyhdr)                You might also make \topmargin smaller:
(fancyhdr)                \addtolength{\topmargin}{-1.49998pt}.


Package fancyhdr Warning: \footskip is too small (15.5pt): 
(fancyhdr)                Make it at least 15.99998pt, for example:
(fancyhdr)                \setlength{\footskip}{15.99998pt}.

[158]

Package fancyhdr Warning: \headheight is too small (14.5pt): 
(fancyhdr)                Make it at least 15.99998pt, for example:
(fancyhdr)                \setlength{\headheight}{15.99998pt}.
(fancyhdr)                You might also make \topmargin smaller:
(fancyhdr)                \addtolength{\topmargin}{-1.49998pt}.


Package fancyhdr Warning: \footskip is too small (15.5pt): 
(fancyhdr)                Make it at least 15.99998pt, for example:
(fancyhdr)                \setlength{\footskip}{15.99998pt}.

[159]) (./endapp.tex)
("//uni-eng.ru/unit/Ivanovo/Документация ЮНИТ М300/Разра
ботка/Схемы ФБ ЮНИТ-М300/Проект/РЭ500/99. Общие 
разделы РЭ//revsheet.tex"
Overfull \hbox (1.78079pt too wide) in paragraph at lines 20--20
 []|\TU/ArialNarrow(0)/m/n/10.95 Изм.| 
 []


Package fancyhdr Warning: \headheight is too small (14.5pt): 
(fancyhdr)                Make it at least 15.99998pt, for example:
(fancyhdr)                \setlength{\headheight}{15.99998pt}.
(fancyhdr)                You might also make \topmargin smaller:
(fancyhdr)                \addtolength{\topmargin}{-1.49998pt}.

[160



])

Package caption Warning: Unused \captionsetup[subfigure] on input line 174.
See the caption package documentation for explanation.

(./general.aux)
 ***********
LaTeX2e <2025-11-01>
L3 programming layer <2026-01-19>
 ***********


LaTeX Warning: There were undefined references.


LaTeX Warning: There were multiply-defined labels.

Package rerunfilecheck Info: File `general.out' has not changed.
(rerunfilecheck)             Checksum: 787E0B3621739C5468E199591BD9D020;5718.
)

Here is how much of LuaTeX's memory you used:
 45255 strings out of 476076
 1165093,1648299 words of node,token memory allocated
 966 words of node memory still in use:
   7 hlist, 3 vlist, 4 rule, 6 glue, 4 kern, 1 glyph, 46 attribute, 106 glue_spe
c, 24 attribute_list, 3 write, 3 pdf_action, 2 pdf_colorstack nodes
   avail lists: 1:10,2:81279,3:7424,4:7221,5:1043,6:2900,7:61569,8:53,9:35058,10
:30,11:1486
 65483 multiletter control sequences out of 65536+600000
 96 fonts using 40378331 bytes
 113i,18n,104p,1894b,2842s stack positions out of 10000i,1000n,20000p,200000b,200000s
<c:/texlive/2026/texmf-dist/fonts/opentype/public/stix2-otf/STIXTwoMath-Regular.
otf><c:/texlive/2026/texmf-dist/fonts/opentype/public/lm/lmroman12-regular.otf><
c:/texlive/2026/texmf-dist/fonts/opentype/public/stix2-otf/STIXTwoMath-Regular.o
tf><c:/Users/d.sharygin/AppData/Local/Microsoft/Windows/Fonts/arialnarrow_italic
.ttf><c:/texlive/2026/texmf-dist/fonts/opentype/public/fontawesome7/FontAwesome7
Free-Solid-900.otf><c:/texlive/2026/texmf-dist/fonts/opentype/public/stix2-otf/S
TIXTwoMath-Regular.otf><c:/Users/d.sharygin/AppData/Local/Microsoft/Windows/Font
s/arialnarrow_bold.ttf><c:/Users/d.sharygin/AppData/Local/Microsoft/Windows/Font
s/arialnarrow.ttf>
Output written on general.pdf (160 pages, 5720301 bytes).

PDF statistics: 2991 PDF objects out of 3580 (max. 8388607)
 2169 compressed objects within 22 object streams
 721 named destinations out of 1000 (max. 1048576)
 136 words of extra memory for PDF output out of 10000 (max. 100000000)

