This is LuaHBTeX, Version 1.24.0 (TeX Live 2026)  (format=lualatex 2026.3.12)  6 AUG 2026 16:51
 restricted system commands enabled.
**general.tex
(./general.tex
LaTeX2e <2025-11-01>
L3 programming layer <2026-01-19>
Lua module: luaotfload 2024-12-03 v3.29 Lua based OpenType font support
Lua module: lualibs 2023-07-13 v2.76 ConTeXt Lua standard libraries.
Lua module: lualibs-extended 2023-07-13 v2.76 ConTeXt Lua libraries -- extended 
collection.
luaotfload | conf : Root cache directory is "C:/Users/d.sharygin/.texlive2026/te
xmf-var/luatex-cache/generic/names".
luaotfload | init : Loading fontloader "fontloader-2023-12-28.lua" from kpse-res
olved path "c:/texlive/2026/texmf-dist/tex/luatex/luaotfload/fontloader-2023-12-
28.lua".
Lua-only attribute luaotfload@noligature = 1
luaotfload | init : Context OpenType loader version 3.134
Inserting `luaotfload.node_processor' in `pre_linebreak_filter'.
Inserting `luaotfload.node_processor' in `hpack_filter'.
Inserting `luaotfload.glyph_stream' in `glyph_stream_provider'.
Inserting `luaotfload.define_font' in `define_font'.
Lua-only attribute luaotfload_color_attribute = 2
luaotfload | conf : Root cache directory is "C:/Users/d.sharygin/.texlive2026/te
xmf-var/luatex-cache/generic/names".
Inserting `luaotfload.harf.strip_prefix' in `find_opentype_file'.
Inserting `luaotfload.harf.strip_prefix' in `find_truetype_file'.
Removing  `luaotfload.glyph_stream' from `glyph_stream_provider'.
Inserting `luaotfload.harf.glyphstream' in `glyph_stream_provider'.
Inserting `luaotfload.harf.finalize_vlist' in `post_linebreak_filter'.
Inserting `luaotfload.harf.finalize_hlist' in `hpack_filter'.
Inserting `luaotfload.cleanup_files' in `wrapup_run'.
Inserting `luaotfload.harf.finalize_unicode' in `finish_pdffile'.
Inserting `luaotfload.glyphinfo' in `glyph_info'.
Lua-only attribute luaotfload.letterspace_done = 3
Inserting `luaotfload.aux.set_sscale_dimens' in `luaotfload.patch_font'.
Inserting `luaotfload.aux.set_font_index' in `luaotfload.patch_font'.
Inserting `luaotfload.aux.patch_cambria_domh' in `luaotfload.patch_font'.
Inserting `luaotfload.aux.fixup_fontdata' in `luaotfload.patch_font_unsafe'.
Inserting `luaotfload.aux.set_capheight' in `luaotfload.patch_font'.
Inserting `luaotfload.aux.set_xheight' in `luaotfload.patch_font'.
Inserting `luaotfload.rewrite_fontname' in `luaotfload.patch_font'.
Inserting `tracingstacklevels' in `input_level_string'.
("//192.168.11.240/Ivanovo/Документация ЮНИТ М300/Разра
ботка/Схемы ФБ ЮНИТ-М300/Проект/РЭ500/99. Общие 
разделы РЭ/preamble.tex"
(c:/texlive/2026/texmf-dist/tex/latex/extsizes/extarticle.cls
Document Class: extarticle 1996/10/08 v1.0 Non Standard LaTeX document class
(c:/texlive/2026/texmf-dist/tex/latex/base/size12.clo
File: size12.clo 2025/01/22 v1.4n Standard LaTeX file (size option)
luaotfload | db : Font names database loaded from C:/Users/d.sharygin/.texlive20
26/texmf-var/luatex-cache/generic/names/luaotfload-names.luc.gz)
(c:/texlive/2026/texmf-dist/tex/latex/base/exscale.sty
Package: exscale 2025/06/05 v2.1i Standard LaTeX package exscale
LaTeX Font Info:    Redeclaring symbol font `largesymbols' on input line 57.
LaTeX Font Info:    Overwriting symbol font `largesymbols' in version `normal'
(Font)                  OMX/cmex/m/n --> OMX/cmex/m/n on input line 57.
LaTeX Font Info:    Overwriting symbol font `largesymbols' in version `bold'
(Font)                  OMX/cmex/m/n --> OMX/cmex/m/n on input line 57.
\big@size=\dimen147
)
\c@part=\count273
\c@section=\count274
\c@subsection=\count275
\c@subsubsection=\count276
\c@paragraph=\count277
\c@subparagraph=\count278
\c@figure=\count279
\c@table=\count280
\abovecaptionskip=\skip49
\belowcaptionskip=\skip50
\bibindent=\dimen148
)
(c:/texlive/2026/texmf-dist/tex/latex/fontspec/fontspec.sty
(c:/texlive/2026/texmf-dist/tex/latex/l3packages/xparse/xparse.sty
(c:/texlive/2026/texmf-dist/tex/latex/l3kernel/expl3.sty
Package: expl3 2026-01-19 L3 programming layer (loader) 

(c:/texlive/2026/texmf-dist/tex/latex/l3backend/l3backend-luatex.def
File: l3backend-luatex.def 2025-10-09 L3 backend support: PDF output (LuaTeX)
\l__color_backend_stack_int=\count281
Inserting `l3color' in `luaotfload.parse_color'.))
Package: xparse 2025-10-09 L3 Experimental document command parser
)
Package: fontspec 2025/09/29 v2.9g Font selection for XeLaTeX and LuaLaTeX
Lua module: fontspec 2025/09/29 v2.9g Font selection for XeLaTeX and LuaLaTeX
(c:/texlive/2026/texmf-dist/tex/latex/fontspec/fontspec-luatex.sty
Package: fontspec-luatex 2025/09/29 v2.9g Font selection for XeLaTeX and LuaLaT
eX
\l__fontspec_script_int=\count282
\l__fontspec_language_int=\count283
\l__fontspec_strnum_int=\count284
\l__fontspec_tmp_int=\count285
\l__fontspec_tmpa_int=\count286
\l__fontspec_tmpb_int=\count287
\l__fontspec_tmpc_int=\count288
\l__fontspec_em_int=\count289
\l__fontspec_emdef_int=\count290
\l__fontspec_strong_int=\count291
\l__fontspec_strongdef_int=\count292
\l__fontspec_tmpa_dim=\dimen149
\l__fontspec_tmpb_dim=\dimen150
\l__fontspec_tmpc_dim=\dimen151

(c:/texlive/2026/texmf-dist/tex/latex/base/fontenc.sty
Package: fontenc 2025/07/18 v2.1d Standard LaTeX package
)
(c:/texlive/2026/texmf-dist/tex/latex/fontspec/fontspec.cfg)))
luaotfload | cache : Lookup cache loaded from C:/Users/d.sharygin/.texlive2026/t
exmf-var/luatex-cache/generic/names/luaotfload-lookup-cache.luc.

Package fontspec Info: 
(fontspec)             Font family 'ArialNarrow(0)' created for font 'Arial
(fontspec)             Narrow' with options
(fontspec)             [Ligatures=TeX,Ligatures=TeX,BoldFont={Arial Narrow
(fontspec)             Bold},ItalicFont={Arial Narrow
(fontspec)             Italic},BoldItalicFont={Arial Narrow Bold Italic}].
(fontspec)              
(fontspec)              This font family consists of the following NFSS
(fontspec)             series/shapes:
(fontspec)              
(fontspec)             - 'normal' (m/n) with NFSS spec.: <->"name:Arial
(fontspec)             Narrow:mode=node;language=dflt;+tlig;"
(fontspec)             - 'bold' (b/n) with NFSS spec.: <->"name:Arial Narrow
(fontspec)             Bold:mode=node;language=dflt;+tlig;"
(fontspec)             - 'italic' (m/it) with NFSS spec.: <->"name:Arial
(fontspec)             Narrow Italic:mode=node;language=dflt;+tlig;"
(fontspec)             - 'bold italic' (b/it) with NFSS spec.: <->"name:Arial
(fontspec)             Narrow Bold Italic:mode=node;language=dflt;+tlig;"


(c:/texlive/2026/texmf-dist/tex/latex/unicode-math/unicode-math.sty
Package: unicode-math 2023/08/13 v0.8r Unicode maths in XeLaTeX and LuaLaTeX

(c:/texlive/2026/texmf-dist/tex/latex/unicode-math/unicode-math-luatex.sty
Package: unicode-math-luatex 2023/08/13 v0.8r Unicode maths in XeLaTeX and LuaL
aTeX

(c:/texlive/2026/texmf-dist/tex/latex/l3packages/l3keys2e/l3keys2e.sty
Package: l3keys2e 2025-10-09 LaTeX2e option processing using LaTeX3 keys
)
(c:/texlive/2026/texmf-dist/tex/latex/base/fix-cm.sty
Package: fix-cm 2020/11/24 v1.1t fixes to LaTeX

(c:/texlive/2026/texmf-dist/tex/latex/base/ts1enc.def
File: ts1enc.def 2001/06/05 v3.0e (jk/car/fm) Standard LaTeX file
LaTeX Font Info:    Redeclaring font encoding TS1 on input line 47.
LaTeX Encoding Info:    Redeclaring text command \capitalcedilla (encoding TS1)
 on input line 49.
LaTeX Encoding Info:    Redeclaring text command \capitalogonek (encoding TS1) 
on input line 52.
LaTeX Encoding Info:    Redeclaring text command \capitalgrave (encoding TS1) o
n input line 55.
LaTeX Encoding Info:    Redeclaring text command \capitalacute (encoding TS1) o
n input line 56.
LaTeX Encoding Info:    Redeclaring text command \capitalcircumflex (encoding T
S1) on input line 57.
LaTeX Encoding Info:    Redeclaring text command \capitaltilde (encoding TS1) o
n input line 58.
LaTeX Encoding Info:    Redeclaring text command \capitaldieresis (encoding TS1
) on input line 59.
LaTeX Encoding Info:    Redeclaring text command \capitalhungarumlaut (encoding
 TS1) on input line 60.
LaTeX Encoding Info:    Redeclaring text command \capitalring (encoding TS1) on
 input line 61.
LaTeX Encoding Info:    Redeclaring text command \capitalcaron (encoding TS1) o
n input line 62.
LaTeX Encoding Info:    Redeclaring text command \capitalbreve (encoding TS1) o
n input line 63.
LaTeX Encoding Info:    Redeclaring text command \capitalmacron (encoding TS1) 
on input line 64.
LaTeX Encoding Info:    Redeclaring text command \capitaldotaccent (encoding TS
1) on input line 65.
LaTeX Encoding Info:    Redeclaring text command \t (encoding TS1) on input lin
e 66.
LaTeX Encoding Info:    Redeclaring text command \capitaltie (encoding TS1) on 
input line 67.
LaTeX Encoding Info:    Redeclaring text command \newtie (encoding TS1) on inpu
t line 68.
LaTeX Encoding Info:    Redeclaring text command \capitalnewtie (encoding TS1) 
on input line 69.
LaTeX Encoding Info:    Redeclaring text symbol \textcapitalcompwordmark (encod
ing TS1) on input line 70.
LaTeX Encoding Info:    Redeclaring text symbol \textascendercompwordmark (enco
ding TS1) on input line 71.
LaTeX Encoding Info:    Redeclaring text symbol \textquotestraightbase (encodin
g TS1) on input line 72.
LaTeX Encoding Info:    Redeclaring text symbol \textquotestraightdblbase (enco
ding TS1) on input line 73.
LaTeX Encoding Info:    Redeclaring text symbol \texttwelveudash (encoding TS1)
 on input line 74.
LaTeX Encoding Info:    Redeclaring text symbol \textthreequartersemdash (encod
ing TS1) on input line 75.
LaTeX Encoding Info:    Redeclaring text symbol \textleftarrow (encoding TS1) o
n input line 76.
LaTeX Encoding Info:    Redeclaring text symbol \textrightarrow (encoding TS1) 
on input line 77.
LaTeX Encoding Info:    Redeclaring text symbol \textblank (encoding TS1) on in
put line 78.
LaTeX Encoding Info:    Redeclaring text symbol \textdollar (encoding TS1) on i
nput line 79.
LaTeX Encoding Info:    Redeclaring text symbol \textquotesingle (encoding TS1)
 on input line 80.
LaTeX Encoding Info:    Redeclaring text command \textasteriskcentered (encodin
g TS1) on input line 81.
LaTeX Encoding Info:    Redeclaring text symbol \textdblhyphen (encoding TS1) o
n input line 92.
LaTeX Encoding Info:    Redeclaring text symbol \textfractionsolidus (encoding 
TS1) on input line 93.
LaTeX Encoding Info:    Redeclaring text symbol \textzerooldstyle (encoding TS1
) on input line 94.
LaTeX Encoding Info:    Redeclaring text symbol \textoneoldstyle (encoding TS1)
 on input line 95.
LaTeX Encoding Info:    Redeclaring text symbol \texttwooldstyle (encoding TS1)
 on input line 96.
LaTeX Encoding Info:    Redeclaring text symbol \textthreeoldstyle (encoding TS
1) on input line 97.
LaTeX Encoding Info:    Redeclaring text symbol \textfouroldstyle (encoding TS1
) on input line 98.
LaTeX Encoding Info:    Redeclaring text symbol \textfiveoldstyle (encoding TS1
) on input line 99.
LaTeX Encoding Info:    Redeclaring text symbol \textsixoldstyle (encoding TS1)
 on input line 100.
LaTeX Encoding Info:    Redeclaring text symbol \textsevenoldstyle (encoding TS
1) on input line 101.
LaTeX Encoding Info:    Redeclaring text symbol \texteightoldstyle (encoding TS
1) on input line 102.
LaTeX Encoding Info:    Redeclaring text symbol \textnineoldstyle (encoding TS1
) on input line 103.
LaTeX Encoding Info:    Redeclaring text symbol \textlangle (encoding TS1) on i
nput line 104.
LaTeX Encoding Info:    Redeclaring text symbol \textminus (encoding TS1) on in
put line 105.
LaTeX Encoding Info:    Redeclaring text symbol \textrangle (encoding TS1) on i
nput line 106.
LaTeX Encoding Info:    Redeclaring text symbol \textmho (encoding TS1) on inpu
t line 107.
LaTeX Encoding Info:    Redeclaring text symbol \textbigcircle (encoding TS1) o
n input line 108.
LaTeX Encoding Info:    Redeclaring text command \textcircled (encoding TS1) on
 input line 109.
LaTeX Encoding Info:    Redeclaring text symbol \textohm (encoding TS1) on inpu
t line 115.
LaTeX Encoding Info:    Redeclaring text symbol \textlbrackdbl (encoding TS1) o
n input line 116.
LaTeX Encoding Info:    Redeclaring text symbol \textrbrackdbl (encoding TS1) o
n input line 117.
LaTeX Encoding Info:    Redeclaring text symbol \textuparrow (encoding TS1) on 
input line 118.
LaTeX Encoding Info:    Redeclaring text symbol \textdownarrow (encoding TS1) o
n input line 119.
LaTeX Encoding Info:    Redeclaring text symbol \textasciigrave (encoding TS1) 
on input line 120.
LaTeX Encoding Info:    Redeclaring text symbol \textborn (encoding TS1) on inp
ut line 121.
LaTeX Encoding Info:    Redeclaring text symbol \textdivorced (encoding TS1) on
 input line 122.
LaTeX Encoding Info:    Redeclaring text symbol \textdied (encoding TS1) on inp
ut line 123.
LaTeX Encoding Info:    Redeclaring text symbol \textleaf (encoding TS1) on inp
ut line 124.
LaTeX Encoding Info:    Redeclaring text symbol \textmarried (encoding TS1) on 
input line 125.
LaTeX Encoding Info:    Redeclaring text symbol \textmusicalnote (encoding TS1)
 on input line 126.
LaTeX Encoding Info:    Redeclaring text symbol \texttildelow (encoding TS1) on
 input line 127.
LaTeX Encoding Info:    Redeclaring text symbol \textdblhyphenchar (encoding TS
1) on input line 128.
LaTeX Encoding Info:    Redeclaring text symbol \textasciibreve (encoding TS1) 
on input line 129.
LaTeX Encoding Info:    Redeclaring text symbol \textasciicaron (encoding TS1) 
on input line 130.
LaTeX Encoding Info:    Redeclaring text symbol \textacutedbl (encoding TS1) on
 input line 131.
LaTeX Encoding Info:    Redeclaring text symbol \textgravedbl (encoding TS1) on
 input line 132.
LaTeX Encoding Info:    Redeclaring text symbol \textdagger (encoding TS1) on i
nput line 133.
LaTeX Encoding Info:    Redeclaring text symbol \textdaggerdbl (encoding TS1) o
n input line 134.
LaTeX Encoding Info:    Redeclaring text symbol \textbardbl (encoding TS1) on i
nput line 135.
LaTeX Encoding Info:    Redeclaring text symbol \textperthousand (encoding TS1)
 on input line 136.
LaTeX Encoding Info:    Redeclaring text symbol \textbullet (encoding TS1) on i
nput line 137.
LaTeX Encoding Info:    Redeclaring text symbol \textcelsius (encoding TS1) on 
input line 138.
LaTeX Encoding Info:    Redeclaring text symbol \textdollaroldstyle (encoding T
S1) on input line 139.
LaTeX Encoding Info:    Redeclaring text symbol \textcentoldstyle (encoding TS1
) on input line 140.
LaTeX Encoding Info:    Redeclaring text symbol \textflorin (encoding TS1) on i
nput line 141.
LaTeX Encoding Info:    Redeclaring text symbol \textcolonmonetary (encoding TS
1) on input line 142.
LaTeX Encoding Info:    Redeclaring text symbol \textwon (encoding TS1) on inpu
t line 143.
LaTeX Encoding Info:    Redeclaring text symbol \textnaira (encoding TS1) on in
put line 144.
LaTeX Encoding Info:    Redeclaring text symbol \textguarani (encoding TS1) on 
input line 145.
LaTeX Encoding Info:    Redeclaring text symbol \textpeso (encoding TS1) on inp
ut line 146.
LaTeX Encoding Info:    Redeclaring text symbol \textlira (encoding TS1) on inp
ut line 147.
LaTeX Encoding Info:    Redeclaring text symbol \textrecipe (encoding TS1) on i
nput line 148.
LaTeX Encoding Info:    Redeclaring text symbol \textinterrobang (encoding TS1)
 on input line 149.
LaTeX Encoding Info:    Redeclaring text symbol \textinterrobangdown (encoding 
TS1) on input line 150.
LaTeX Encoding Info:    Redeclaring text symbol \textdong (encoding TS1) on inp
ut line 151.
LaTeX Encoding Info:    Redeclaring text symbol \texttrademark (encoding TS1) o
n input line 152.
LaTeX Encoding Info:    Redeclaring text symbol \textpertenthousand (encoding T
S1) on input line 153.
LaTeX Encoding Info:    Redeclaring text symbol \textpilcrow (encoding TS1) on 
input line 154.
LaTeX Encoding Info:    Redeclaring text symbol \textbaht (encoding TS1) on inp
ut line 155.
LaTeX Encoding Info:    Redeclaring text symbol \textnumero (encoding TS1) on i
nput line 156.
LaTeX Encoding Info:    Redeclaring text symbol \textdiscount (encoding TS1) on
 input line 157.
LaTeX Encoding Info:    Redeclaring text symbol \textestimated (encoding TS1) o
n input line 158.
LaTeX Encoding Info:    Redeclaring text symbol \textopenbullet (encoding TS1) 
on input line 159.
LaTeX Encoding Info:    Redeclaring text symbol \textservicemark (encoding TS1)
 on input line 160.
LaTeX Encoding Info:    Redeclaring text symbol \textlquill (encoding TS1) on i
nput line 161.
LaTeX Encoding Info:    Redeclaring text symbol \textrquill (encoding TS1) on i
nput line 162.
LaTeX Encoding Info:    Redeclaring text symbol \textcent (encoding TS1) on inp
ut line 163.
LaTeX Encoding Info:    Redeclaring text symbol \textsterling (encoding TS1) on
 input line 164.
LaTeX Encoding Info:    Redeclaring text symbol \textcurrency (encoding TS1) on
 input line 165.
LaTeX Encoding Info:    Redeclaring text symbol \textyen (encoding TS1) on inpu
t line 166.
LaTeX Encoding Info:    Redeclaring text symbol \textbrokenbar (encoding TS1) o
n input line 167.
LaTeX Encoding Info:    Redeclaring text symbol \textsection (encoding TS1) on 
input line 168.
LaTeX Encoding Info:    Redeclaring text symbol \textasciidieresis (encoding TS
1) on input line 169.
LaTeX Encoding Info:    Redeclaring text symbol \textcopyright (encoding TS1) o
n input line 170.
LaTeX Encoding Info:    Redeclaring text symbol \textordfeminine (encoding TS1)
 on input line 171.
LaTeX Encoding Info:    Redeclaring text symbol \textcopyleft (encoding TS1) on
 input line 172.
LaTeX Encoding Info:    Redeclaring text symbol \textlnot (encoding TS1) on inp
ut line 173.
LaTeX Encoding Info:    Redeclaring text symbol \textcircledP (encoding TS1) on
 input line 174.
LaTeX Encoding Info:    Redeclaring text symbol \textregistered (encoding TS1) 
on input line 175.
LaTeX Encoding Info:    Redeclaring text symbol \textasciimacron (encoding TS1)
 on input line 176.
LaTeX Encoding Info:    Redeclaring text symbol \textdegree (encoding TS1) on i
nput line 177.
LaTeX Encoding Info:    Redeclaring text symbol \textpm (encoding TS1) on input
 line 178.
LaTeX Encoding Info:    Redeclaring text symbol \texttwosuperior (encoding TS1)
 on input line 179.
LaTeX Encoding Info:    Redeclaring text symbol \textthreesuperior (encoding TS
1) on input line 180.
LaTeX Encoding Info:    Redeclaring text symbol \textasciiacute (encoding TS1) 
on input line 181.
LaTeX Encoding Info:    Redeclaring text symbol \textmu (encoding TS1) on input
 line 182.
LaTeX Encoding Info:    Redeclaring text symbol \textparagraph (encoding TS1) o
n input line 183.
LaTeX Encoding Info:    Redeclaring text symbol \textperiodcentered (encoding T
S1) on input line 184.
LaTeX Encoding Info:    Redeclaring text symbol \textreferencemark (encoding TS
1) on input line 185.
LaTeX Encoding Info:    Redeclaring text symbol \textonesuperior (encoding TS1)
 on input line 186.
LaTeX Encoding Info:    Redeclaring text symbol \textordmasculine (encoding TS1
) on input line 187.
LaTeX Encoding Info:    Redeclaring text symbol \textsurd (encoding TS1) on inp
ut line 188.
LaTeX Encoding Info:    Redeclaring text symbol \textonequarter (encoding TS1) 
on input line 189.
LaTeX Encoding Info:    Redeclaring text symbol \textonehalf (encoding TS1) on 
input line 190.
LaTeX Encoding Info:    Redeclaring text symbol \textthreequarters (encoding TS
1) on input line 191.
LaTeX Encoding Info:    Redeclaring text symbol \texteuro (encoding TS1) on inp
ut line 192.
LaTeX Encoding Info:    Redeclaring text symbol \texttimes (encoding TS1) on in
put line 193.
LaTeX Encoding Info:    Redeclaring text symbol \textdiv (encoding TS1) on inpu
t line 194.
))
(c:/texlive/2026/texmf-dist/tex/latex/amsmath/amsmath.sty
Package: amsmath 2025/07/09 v2.17z AMS math features
\@mathmargin=\skip51

For additional information on amsmath, use the `?' option.
(c:/texlive/2026/texmf-dist/tex/latex/amsmath/amstext.sty
Package: amstext 2024/11/17 v2.01 AMS text

(c:/texlive/2026/texmf-dist/tex/latex/amsmath/amsgen.sty
File: amsgen.sty 1999/11/30 v2.0 generic functions
\@emptytoks=\toks17
\ex@=\dimen152
))
(c:/texlive/2026/texmf-dist/tex/latex/amsmath/amsbsy.sty
Package: amsbsy 1999/11/29 v1.2d Bold Symbols
\pmbraise@=\dimen153
)
(c:/texlive/2026/texmf-dist/tex/latex/amsmath/amsopn.sty
Package: amsopn 2022/04/08 v2.04 operator names
)
\inf@bad=\count293
LaTeX Info: Redefining \frac on input line 235.
\uproot@=\count294
\leftroot@=\count295
LaTeX Info: Redefining \overline on input line 398.
LaTeX Info: Redefining \colon on input line 409.
\classnum@=\count296
\DOTSCASE@=\count297
LaTeX Info: Redefining \ldots on input line 495.
LaTeX Info: Redefining \dots on input line 498.
LaTeX Info: Redefining \cdots on input line 619.
\Mathstrutbox@=\box53
\strutbox@=\box54
LaTeX Info: Redefining \big on input line 721.
LaTeX Info: Redefining \Big on input line 722.
LaTeX Info: Redefining \bigg on input line 723.
LaTeX Info: Redefining \Bigg on input line 724.
\big@size=\dimen154
LaTeX Font Info:    Redeclaring font encoding OML on input line 742.
LaTeX Font Info:    Redeclaring font encoding OMS on input line 743.
\macc@depth=\count298
LaTeX Info: Redefining \bmod on input line 904.
LaTeX Info: Redefining \pmod on input line 909.
LaTeX Info: Redefining \smash on input line 939.
LaTeX Info: Redefining \relbar on input line 969.
LaTeX Info: Redefining \Relbar on input line 970.
\c@MaxMatrixCols=\count299
\dotsspace@=\muskip17
\c@parentequation=\count300
\dspbrk@lvl=\count301
\tag@help=\toks18
\row@=\count302
\column@=\count303
\maxfields@=\count304
\andhelp@=\toks19
\eqnshift@=\dimen155
\alignsep@=\dimen156
\tagshift@=\dimen157
\tagwidth@=\dimen158
\totwidth@=\dimen159
\lineht@=\dimen160
\@envbody=\toks20
\multlinegap=\skip52
\multlinetaggap=\skip53
\mathdisplay@stack=\toks21
LaTeX Info: Redefining \[ on input line 2950.
LaTeX Info: Redefining \] on input line 2951.
)
(c:/texlive/2026/texmf-dist/tex/lualatex/lualatex-math/lualatex-math.sty
Package: lualatex-math 2022/01/01 v1.12 Patches for mathematics typesetting wit
h LuaLaTeX

(c:/texlive/2026/texmf-dist/tex/latex/etoolbox/etoolbox.sty
Package: etoolbox 2025/10/02 v2.5m e-TeX tools for LaTeX (JAW)
\etb@tempcnta=\count305
)
Lua module: lualatex-math 2013/08/03 v1.3 Patches for mathematics typesetting wi
th LuaLaTeX)
\g__um_fam_int=\count306
\g__um_fonts_used_int=\count307
\l__um_primecount_int=\count308
\g__um_primekern_muskip=\muskip18

(c:/texlive/2026/texmf-dist/tex/latex/unicode-math/unicode-math-table.tex)))

Package fontspec Info: 
(fontspec)             Could not resolve font "Stix Two Math/B" (it probably
(fontspec)             doesn't exist).


Package fontspec Info: 
(fontspec)             Font family 'StixTwoMath(0)' created for font 'Stix Two
(fontspec)             Math' with options
(fontspec)             [Renderer=Basic,BoldItalicFont={},ItalicFont={},SmallCap
sFont={},Script=Math,RawFeature={mathfontdimen=xetex}].
(fontspec)              
(fontspec)              This font family consists of the following NFSS
(fontspec)             series/shapes:
(fontspec)              
(fontspec)             - 'normal' (m/n) with NFSS spec.: <->"name:Stix Two
(fontspec)             Math:mode=base;script=math;language=dflt;mathfontdimen=x
etex;"


Package fontspec Info: 
(fontspec)             Could not resolve font "Stix Two Math/B" (it probably
(fontspec)             doesn't exist).


Package fontspec Info: 
(fontspec)             Font family 'StixTwoMath(1)' created for font 'Stix Two
(fontspec)             Math' with options
(fontspec)             [Renderer=Basic,BoldItalicFont={},ItalicFont={},SmallCap
sFont={},Script=Math,SizeFeatures={{Size=10.2-},{Size=7.5-10.2,Font=Stix
(fontspec)             Two Math,Style=MathScript},{Size=-7.5,Font=Stix Two
(fontspec)             Math,Style=MathScriptScript}},RawFeature={mathfontdimen=
xetex}].
(fontspec)              
(fontspec)              This font family consists of the following NFSS
(fontspec)             series/shapes:
(fontspec)              
(fontspec)             - 'normal' (m/n) with NFSS spec.: <10.2->"name:Stix Two
(fontspec)             Math:mode=base;script=math;language=dflt;mathfontdimen=x
etex;"<7.5-10.2>"name:Stix
(fontspec)             Two
(fontspec)             Math:mode=base;script=math;language=dflt;mathfontdimen=x
etex;+ssty=0;"<-7.5>"name:Stix
(fontspec)             Two
(fontspec)             Math:mode=base;script=math;language=dflt;mathfontdimen=x
etex;+ssty=1;"

LaTeX Font Info:    Encoding `OT1' has changed to `TU' for symbol font
(Font)              `operators' in the math version `normal' on input line 16.
LaTeX Font Info:    Overwriting symbol font `operators' in version `normal'
(Font)                  OT1/cmr/m/n --> TU/StixTwoMath(1)/m/n on input line 16.

LaTeX Font Info:    Encoding `OT1' has changed to `TU' for symbol font
(Font)              `operators' in the math version `bold' on input line 16.
LaTeX Font Info:    Overwriting symbol font `operators' in version `bold'
(Font)                  OT1/cmr/bx/n --> TU/StixTwoMath(1)/b/n on input line 16
.

Package fontspec Info: 
(fontspec)             Could not resolve font "Stix Two Math/B" (it probably
(fontspec)             doesn't exist).


Package fontspec Info: 
(fontspec)             Font family 'StixTwoMath(2)' created for font 'Stix Two
(fontspec)             Math' with options
(fontspec)             [Renderer=Basic,BoldItalicFont={},ItalicFont={},SmallCap
sFont={},Script=Math,SizeFeatures={{Size=10.2-},{Size=7.5-10.2,Font=Stix
(fontspec)             Two Math,Style=MathScript},{Size=-7.5,Font=Stix Two
(fontspec)             Math,Style=MathScriptScript}},RawFeature={mathfontdimen=
xetex},RawFeature={mathfontdimen=tex2}].
(fontspec)              
(fontspec)              This font family consists of the following NFSS
(fontspec)             series/shapes:
(fontspec)              
(fontspec)             - 'normal' (m/n) with NFSS spec.: <10.2->"name:Stix Two
(fontspec)             Math:mode=base;script=math;language=dflt;mathfontdimen=x
etex;mathfontdimen=tex2;"<7.5-10.2>"name:Stix
(fontspec)             Two
(fontspec)             Math:mode=base;script=math;language=dflt;mathfontdimen=x
etex;mathfontdimen=tex2;+ssty=0;"<-7.5>"name:Stix
(fontspec)             Two
(fontspec)             Math:mode=base;script=math;language=dflt;mathfontdimen=x
etex;mathfontdimen=tex2;+ssty=1;"

LaTeX Font Info:    Encoding `OMS' has changed to `TU' for symbol font
(Font)              `symbols' in the math version `normal' on input line 16.
LaTeX Font Info:    Overwriting symbol font `symbols' in version `normal'
(Font)                  OMS/cmsy/m/n --> TU/StixTwoMath(2)/m/n on input line 16
.
LaTeX Font Info:    Encoding `OMS' has changed to `TU' for symbol font
(Font)              `symbols' in the math version `bold' on input line 16.
LaTeX Font Info:    Overwriting symbol font `symbols' in version `bold'
(Font)                  OMS/cmsy/b/n --> TU/StixTwoMath(2)/b/n on input line 16
.

Package fontspec Info: 
(fontspec)             Could not resolve font "Stix Two Math/B" (it probably
(fontspec)             doesn't exist).


Package fontspec Info: 
(fontspec)             Font family 'StixTwoMath(3)' created for font 'Stix Two
(fontspec)             Math' with options
(fontspec)             [Renderer=Basic,BoldItalicFont={},ItalicFont={},SmallCap
sFont={},Script=Math,SizeFeatures={{Size=10.2-},{Size=7.5-10.2,Font=Stix
(fontspec)             Two Math,Style=MathScript},{Size=-7.5,Font=Stix Two
(fontspec)             Math,Style=MathScriptScript}},RawFeature={mathfontdimen=
xetex},RawFeature={mathfontdimen=tex3}].
(fontspec)              
(fontspec)              This font family consists of the following NFSS
(fontspec)             series/shapes:
(fontspec)              
(fontspec)             - 'normal' (m/n) with NFSS spec.: <10.2->"name:Stix Two
(fontspec)             Math:mode=base;script=math;language=dflt;mathfontdimen=x
etex;mathfontdimen=tex3;"<7.5-10.2>"name:Stix
(fontspec)             Two
(fontspec)             Math:mode=base;script=math;language=dflt;mathfontdimen=x
etex;mathfontdimen=tex3;+ssty=0;"<-7.5>"name:Stix
(fontspec)             Two
(fontspec)             Math:mode=base;script=math;language=dflt;mathfontdimen=x
etex;mathfontdimen=tex3;+ssty=1;"

LaTeX Font Info:    Encoding `OMX' has changed to `TU' for symbol font
(Font)              `largesymbols' in the math version `normal' on input line 1
6.
LaTeX Font Info:    Overwriting symbol font `largesymbols' in version `normal'
(Font)                  OMX/cmex/m/n --> TU/StixTwoMath(3)/m/n on input line 16
.
LaTeX Font Info:    Encoding `OMX' has changed to `TU' for symbol font
(Font)              `largesymbols' in the math version `bold' on input line 16.

LaTeX Font Info:    Overwriting symbol font `largesymbols' in version `bold'
(Font)                  OMX/cmex/m/n --> TU/StixTwoMath(3)/b/n on input line 16
.

(c:/texlive/2026/texmf-dist/tex/generic/babel/babel.sty
Package: babel 2026/03/08 v26.4 The multilingual framework for LuaLaTeX, pdfLaT
eX and XeLaTeX

(c:/texlive/2026/texmf-dist/tex/generic/babel/luababel.def
\bbl@readstream=\read2
\l@dumylang=\language2
Package babel Info: Non-standard hyphenation setup on input line 118.
\l@nohyphenation=\language3
\l@german-x-2024-02-28=\language4
\l@ngerman-x-2024-02-28=\language5
\l@afrikaans=\language6
\l@albanian=\language7
\l@ancientgreek=\language8
\l@ibycus=\language9
\l@arabic=\language10
\l@armenian=\language11
\l@basque=\language12
\l@belarusian=\language13
\l@bulgarian=\language14
\l@catalan=\language15
\l@pinyin=\language16
\l@churchslavonic=\language17
\l@coptic=\language18
\l@croatian=\language19
\l@czech=\language20
\l@danish=\language21
\l@dutch=\language22
\l@ukenglish=\language23
\l@usenglishmax=\language24
\l@esperanto=\language25
\l@estonian=\language26
\l@ethiopic=\language27
\l@farsi=\language28
\l@finnish=\language29
\l@schoolfinnish=\language30
\l@french=\language31
\l@friulan=\language32
\l@galician=\language33
\l@georgian=\language34
\l@german=\language35
\l@ngerman=\language36
\l@swissgerman=\language37
\l@greek=\language38
\l@monogreek=\language39
\l@hebrew=\language40
\l@hungarian=\language41
\l@icelandic=\language42
\l@assamese=\language43
\l@bengali=\language44
\l@gujarati=\language45
\l@hindi=\language46
\l@kannada=\language47
\l@malayalam=\language48
\l@marathi=\language49
\l@oriya=\language50
\l@pali=\language51
\l@panjabi=\language52
\l@tamil=\language53
\l@telugu=\language54
\l@indonesian=\language55
\l@interlingua=\language56
\l@irish=\language57
\l@italian=\language58
\l@kazakh=\language59
\l@kurmanji=\language60
\l@classiclatin=\language61
\l@latin=\language62
\l@liturgicallatin=\language63
\l@latvian=\language64
\l@lithuanian=\language65
\l@macedonian=\language66
\l@mongolian=\language67
\l@mongolianlmc=\language68
\l@bokmal=\language69
\l@nynorsk=\language70
\l@occitan=\language71
\l@piedmontese=\language72
\l@polish=\language73
\l@portuguese=\language74
\l@romanian=\language75
\l@romansh=\language76
\l@russian=\language77
\l@sanskrit=\language78
\l@serbian=\language79
\l@serbianc=\language80
\l@slovak=\language81
\l@slovenian=\language82
\l@spanish=\language83
\l@swedish=\language84
\l@thai=\language85
\l@turkish=\language86
\l@turkmen=\language87
\l@ukrainian=\language88
\l@uppersorbian=\language89
\l@vietnamese=\language90
\l@welsh=\language91
\babelcatcodetablenum=\catcodetable14
\bbl@pattcodes=\catcodetable15
)
\babel@savecnt=\count309
LaTeX Encoding Info:    Redeclaring text command \ij (encoding OT1) on input li
ne 2078.
LaTeX Encoding Info:    Redeclaring text command \IJ (encoding OT1) on input li
ne 2080.
LaTeX Encoding Info:    Redeclaring text command \ij (encoding T1) on input lin
e 2082.
LaTeX Encoding Info:    Redeclaring text command \IJ (encoding T1) on input lin
e 2083.
LaTeX Encoding Info:    Ignoring declaration for text command \ij (encoding ?) 
on input line 2084.
LaTeX Encoding Info:    Ignoring declaration for text command \IJ (encoding ?) 
on input line 2086.
LaTeX Encoding Info:    Ignoring declaration for text command \SS (encoding ?) 
on input line 2111.
\U@D=\dimen161
\l@unhyphenated=\language92

(c:/texlive/2026/texmf-dist/tex/generic/babel/luababel.def
\bbl@attr@locale=\attribute4
)
(c:/texlive/2026/texmf-dist/tex/generic/babel/locale/en/babel-english.tex)
(c:/texlive/2026/texmf-dist/tex/generic/babel/locale/ru/babel-russian.tex)
Package babel Info: Importing font and identification data for english
(babel)             from babel-en.ini. Reported on input line 4330.

(c:/texlive/2026/texmf-dist/tex/generic/babel-english/english.ldf
Language: english 2017/06/06 v3.3r English support from the babel system
Package babel Info: Hyphen rules for 'canadian' set to \l@english
(babel)             (\language0). Reported on input line 102.
Package babel Info: Hyphen rules for 'australian' set to \l@ukenglish
(babel)             (\language23). Reported on input line 105.
Package babel Info: Hyphen rules for 'newzealand' set to \l@ukenglish
(babel)             (\language23). Reported on input line 108.
)
Package babel Info: Importing font and identification data for russian
(babel)             from babel-ru.ini. Reported on input line 4330.

(c:/texlive/2026/texmf-dist/tex/generic/babel-russian/russianb.ldf
File: russianb.ldf 2021/01/10 1.3m Russian support for the Babel system
Language: russian 2020/09/09 1.3k Russian support for the Babel system
Package babel Info: Making " an active character on input line 124.
Package babel Info: Default for \cyrdash is provided on input line 163.

(c:/texlive/2026/texmf-dist/tex/generic/hyph-utf8/loadhyph/loadhyph-ru.tex
UTF-8 Russian hyphenation patterns
(c:/texlive/2026/texmf-dist/tex/generic/hyph-utf8/patterns/tex/hyph-ru.tex))))
(c:/texlive/2026/texmf-dist/tex/latex/graphics/graphicx.sty
Package: graphicx 2024/12/31 v1.2e Enhanced LaTeX Graphics (DPC,SPQR)

(c:/texlive/2026/texmf-dist/tex/latex/graphics/keyval.sty
Package: keyval 2022/05/29 v1.15 key=value parser (DPC)
\KV@toks@=\toks22
)
(c:/texlive/2026/texmf-dist/tex/latex/graphics/graphics.sty
Package: graphics 2024/08/06 v1.4g Standard LaTeX Graphics (DPC,SPQR)

(c:/texlive/2026/texmf-dist/tex/latex/graphics/trig.sty
Package: trig 2023/12/02 v1.11 sin cos tan (DPC)
)
(c:/texlive/2026/texmf-dist/tex/latex/graphics-cfg/graphics.cfg
File: graphics.cfg 2016/06/04 v1.11 sample graphics configuration
)
Package graphics Info: Driver file: luatex.def on input line 106.

(c:/texlive/2026/texmf-dist/tex/latex/graphics-def/luatex.def
File: luatex.def 2025/09/29 v1.2f Graphics/color driver for luatex
))
\Gin@req@height=\dimen162
\Gin@req@width=\dimen163
)
(c:/texlive/2026/texmf-dist/tex/latex/xcolor/xcolor.sty
Package: xcolor 2024/09/29 v3.02 LaTeX color extensions (UK)

(c:/texlive/2026/texmf-dist/tex/latex/graphics-cfg/color.cfg
File: color.cfg 2016/01/02 v1.6 sample color configuration
)
Package xcolor Info: Driver file: luatex.def on input line 274.

(c:/texlive/2026/texmf-dist/tex/latex/graphics/mathcolor.ltx)
Package xcolor Info: Model `cmy' substituted by `cmy0' on input line 1349.
Package xcolor Info: Model `hsb' substituted by `rgb' on input line 1353.
Package xcolor Info: Model `RGB' extended on input line 1365.
Package xcolor Info: Model `HTML' substituted by `rgb' on input line 1367.
Package xcolor Info: Model `Hsb' substituted by `hsb' on input line 1368.
Package xcolor Info: Model `tHsb' substituted by `hsb' on input line 1369.
Package xcolor Info: Model `HSB' substituted by `hsb' on input line 1370.
Package xcolor Info: Model `Gray' substituted by `gray' on input line 1371.
Package xcolor Info: Model `wave' substituted by `hsb' on input line 1372.
)
(c:/texlive/2026/texmf-dist/tex/latex/colortbl/colortbl.sty
Package: colortbl 2024/10/29 v1.0k Color table columns (DPC)

(c:/texlive/2026/texmf-dist/tex/latex/tools/array.sty
Package: array 2025/09/25 v2.6n Tabular extension package (FMi)
\col@sep=\dimen164
\ar@mcellbox=\box55
\extrarowheight=\dimen165
\NC@list=\toks23
\extratabsurround=\skip54
\backup@length=\skip55
\ar@cellbox=\box56
)
\everycr=\toks24
\minrowclearance=\skip56
\rownum=\count310
)
(c:/texlive/2026/texmf-dist/tex/latex/koma-script/typearea.sty
Package: typearea 2026/02/02 v3.49.2 KOMA-Script package (type area)

(c:/texlive/2026/texmf-dist/tex/latex/koma-script/scrkbase.sty
Package: scrkbase 2026/02/02 v3.49.2 KOMA-Script package (KOMA-Script-dependent
 basics and keyval usage)

(c:/texlive/2026/texmf-dist/tex/latex/koma-script/scrbase.sty
Package: scrbase 2026/02/02 v3.49.2 KOMA-Script package (KOMA-Script-independen
t basics and keyval usage)

(c:/texlive/2026/texmf-dist/tex/latex/koma-script/scrlfile.sty
Package: scrlfile 2026/02/02 v3.49.2 KOMA-Script package (file load hooks)

(c:/texlive/2026/texmf-dist/tex/latex/koma-script/scrlfile-hook.sty
Package: scrlfile-hook 2026/02/02 v3.49.2 KOMA-Script package (using LaTeX hook
s)

(c:/texlive/2026/texmf-dist/tex/latex/koma-script/scrlogo.sty
Package: scrlogo 2026/02/02 v3.49.2 KOMA-Script package (logo)
)))
Applying: [2021/05/01] Usage of raw or classic option list on input line 254.
Already applied: [0000/00/00] Usage of raw or classic option list on input line
 370.
))
\ta@bcor=\skip57
\ta@div=\count311
Package typearea Info: You've used standard option `a4paper'.
(typearea)             This is correct!
(typearea)             Internally I'm using `paper=a4'.
(typearea)             If you'd like to set the option with \KOMAoptions,
(typearea)             you'd have to use `paper=a4' there
(typearea)             instead of `a4paper', too.
\ta@hblk=\skip58
\ta@vblk=\skip59
\ta@temp=\skip60
\footheight=\skip61


Package typearea Info: DIV calculation for classic typearea. on input line 1810
.

Package typearea Info: These are the values describing the layout:
(typearea)             DIV  = 6
(typearea)             BCOR = 0.0pt
(typearea)             \paperwidth      = 597.50793pt
(typearea)              \textwidth      = 298.75397pt
(typearea)              DIV departure   = 7%
(typearea)              \evensidemargin = 77.107pt
(typearea)              \oddsidemargin  = 77.107pt
(typearea)             \paperheight     = 845.04694pt
(typearea)              \textheight     = 428.0pt
(typearea)              \topmargin      = 28.69617pt
(typearea)              \headheight     = 18.125pt
(typearea)              \headsep        = 21.75pt
(typearea)              \topskip        = 22.0pt
(typearea)              \footskip       = 50.75pt
(typearea)              \baselineskip   = 14.5pt
(typearea)              on input line 1810.
) (c:/texlive/2026/texmf-dist/tex/latex/geometry/geometry.sty
Package: geometry 2026/03/07 v6.0 Page Geometry

(c:/texlive/2026/texmf-dist/tex/generic/iftex/ifvtex.sty
Package: ifvtex 2019/10/25 v1.7 ifvtex legacy package. Use iftex instead.

(c:/texlive/2026/texmf-dist/tex/generic/iftex/iftex.sty
Package: iftex 2024/12/12 v1.0g TeX engine tests
))
\Gm@cnth=\count312
\Gm@cntv=\count313
\c@Gm@tempcnt=\count314
\Gm@bindingoffset=\dimen166
\Gm@wd@mp=\dimen167
\Gm@odd@mp=\dimen168
\Gm@even@mp=\dimen169
\Gm@layoutwidth=\dimen170
\Gm@layoutheight=\dimen171
\Gm@layouthoffset=\dimen172
\Gm@layoutvoffset=\dimen173
\Gm@dimlist=\toks25
)
(c:/texlive/2026/texmf-dist/tex/latex/parskip/parskip.sty
Package: parskip 2021-03-14 v2.0h non-zero parskip adjustments

(c:/texlive/2026/texmf-dist/tex/latex/kvoptions/kvoptions.sty
Package: kvoptions 2022-06-15 v3.15 Key value format for package options (HO)

(c:/texlive/2026/texmf-dist/tex/generic/ltxcmds/ltxcmds.sty
Package: ltxcmds 2023-12-04 v1.26 LaTeX kernel commands for general use (HO)
)
(c:/texlive/2026/texmf-dist/tex/latex/kvsetkeys/kvsetkeys.sty
Package: kvsetkeys 2022-10-05 v1.19 Key value parser (HO)
)))
(c:/texlive/2026/texmf-dist/tex/latex/tools/indentfirst.sty
Package: indentfirst 2023/07/02 v1.03 Indent first paragraph (DPC)
)
(c:/texlive/2026/texmf-dist/tex/latex/fancyhdr/fancyhdr.sty
Package: fancyhdr 2025/02/07 v5.2 Extensive control of page headers and footers

\f@nch@headwidth=\skip62
\f@nch@offset@elh=\skip63
\f@nch@offset@erh=\skip64
\f@nch@offset@olh=\skip65
\f@nch@offset@orh=\skip66
\f@nch@offset@elf=\skip67
\f@nch@offset@erf=\skip68
\f@nch@offset@olf=\skip69
\f@nch@offset@orf=\skip70
\f@nch@height=\skip71
\f@nch@footalignment=\skip72
\f@nch@widthL=\skip73
\f@nch@widthC=\skip74
\f@nch@widthR=\skip75
\@temptokenb=\toks26
)
(c:/texlive/2026/texmf-dist/tex/latex/tools/longtable.sty
Package: longtable 2025-10-13 v4.24 Multi-page Table package (DPC)
\LTleft=\skip76
\LTright=\skip77
\LTpre=\skip78
\LTpost=\skip79
\LTchunksize=\count315
\LTcapwidth=\dimen174
\LT@head=\box57
\LT@firsthead=\box58
\LT@foot=\box59
\LT@lastfoot=\box60
\LT@gbox=\box61
\LT@cols=\count316
\LT@rows=\count317
\c@LT@tables=\count318
\c@LT@chunks=\count319
\LT@p@ftn=\toks27
)
(c:/texlive/2026/texmf-dist/tex/latex/booktabs/booktabs.sty
Package: booktabs 2020/01/12 v1.61803398 Publication quality tables
\heavyrulewidth=\dimen175
\lightrulewidth=\dimen176
\cmidrulewidth=\dimen177
\belowrulesep=\dimen178
\belowbottomsep=\dimen179
\aboverulesep=\dimen180
\abovetopsep=\dimen181
\cmidrulesep=\dimen182
\cmidrulekern=\dimen183
\defaultaddspace=\dimen184
\@cmidla=\count320
\@cmidlb=\count321
\@aboverulesep=\dimen185
\@belowrulesep=\dimen186
\@thisruleclass=\count322
\@lastruleclass=\count323
\@thisrulewidth=\dimen187
)
(c:/texlive/2026/texmf-dist/tex/latex/tools/calc.sty
Package: calc 2025/03/01 v4.3b Infix arithmetic (KKT,FJ)
\calc@Acount=\count324
\calc@Bcount=\count325
\calc@Adimen=\dimen188
\calc@Bdimen=\dimen189
\calc@Askip=\skip80
\calc@Bskip=\skip81
LaTeX Info: Redefining \setlength on input line 86.
LaTeX Info: Redefining \addtolength on input line 87.
\calc@Ccount=\count326
\calc@Cskip=\skip82
)
(c:/texlive/2026/texmf-dist/tex/latex/tools/tabularx.sty
Package: tabularx 2023/12/11 v2.12a `tabularx' package (DPC)
\TX@col@width=\dimen190
\TX@old@table=\dimen191
\TX@old@col=\dimen192
\TX@target=\dimen193
\TX@delta=\dimen194
\TX@cols=\count327
\TX@ftn=\toks28
)
(c:/texlive/2026/texmf-dist/tex/latex/multirow/multirow.sty
Package: multirow 2024/11/12 v2.9 Span multiple rows of a table
\multirow@colwidth=\skip83
\multirow@cntb=\count328
\multirow@dima=\skip84
\bigstrutjot=\dimen195
)
(c:/texlive/2026/texmf-dist/tex/latex/tabularray/tabularray.sty
Package: tabularray 2025-11-27 v2025C Typeset tabulars and arrays with LaTeX3

(c:/texlive/2026/texmf-dist/tex/latex/ninecolors/ninecolors.sty
Package: ninecolors 2022-02-13 v2022D Select colors with proper color contrast
)
\g__tblr_nohyper_int=\count329
\l__tblr_a_int=\count330
\l__tblr_c_int=\count331
\l__tblr_r_int=\count332
\l__tblr_d_dim=\dimen196
\l__tblr_h_dim=\dimen197
\l__tblr_o_dim=\dimen198
\l__tblr_p_dim=\dimen199
\l__tblr_q_dim=\dimen256
\l__tblr_r_dim=\dimen257
\l__tblr_s_dim=\dimen258
\l__tblr_t_dim=\dimen259
\l__tblr_v_dim=\dimen260
\l__tblr_w_dim=\dimen261
\l__tblr_a_box=\box62
\l__tblr_b_box=\box63
\l__tblr_c_box=\box64
\l__tblr_d_box=\box65
\c@tblrcount=\count333
\c@colnum=\count334
\c@rowcount=\count335
\c@colcount=\count336
\abovesep=\dimen262
\belowsep=\dimen263
\leftsep=\dimen264
\rightsep=\dimen265
\gTblrLevelInt=\count337
\g__tblr_data_row_key_count_int=\count338
\g__tblr_data_column_key_count_int=\count339
\g__tblr_data_cell_key_count_int=\count340
\g__tblr_array_int=\count341
\l__tblr_key_count_int=\count342
\l__tblr_key_quotient_int=\count343
\l__tblr_key_quotient_two_int=\count344
\l__tblr_key_remainder_int=\count345
\g__tblr_data_str_value_count_int=\count346
\lTblrChildTotalInt=\count347
\lTblrChildHtotalInt=\count348
\lTblrChildVtotalInt=\count349
\l__child_diff_h_int=\count350
\l__child_diff_v_int=\count351
\l__child_sign_h_int=\count352
\l__child_sign_v_int=\count353
\l__child_step_int=\count354
\lTblrDefaultHruleWidthDim=\dimen266
\lTblrDefaultVruleWidthDim=\dimen267
\l__tblr_split_balance_int=\count355
\l__tblr_strut_dp_dim=\dimen268
\l__tblr_strut_ht_dim=\dimen269
\g__tblr_cell_wd_dim=\dimen270
\g__tblr_cell_ht_dim=\dimen271
\g__tblr_cell_head_dim=\dimen272
\g__tblr_cell_foot_dim=\dimen273
\l__tblr_measured_cell_box=\box66
\g__tblr_last_box=\box67
\l__tblr_temp_box=\box68
\l__tblr_column_target_dim=\dimen274
\l__tblr_hfuzz_dim=\dimen275
\l__tblr_caption_box=\box69
\l__tblr_caption_left_box=\box70
\lTblrRowHeadInt=\count356
\lTblrRowFootInt=\count357
\l__tblr_row_head_box=\box71
\l__tblr_row_foot_box=\box72
\l__tblr_row_head_foot_dim=\dimen276
\lTblrTableWidthDim=\dimen277
\l__tblr_table_firsthead_box=\box73
\l__tblr_table_middlehead_box=\box74
\l__tblr_table_lasthead_box=\box75
\l__tblr_table_firstfoot_box=\box76
\l__tblr_table_middlefoot_box=\box77
\l__tblr_table_lastfoot_box=\box78
\l__tblr_remain_height_dim=\dimen278
\l__tblr_next_rows_dim=\dimen279
\l__tblr_page_overfill_dim=\dimen280
\l__tblr_long_from_int=\count358
\l__tblr_long_to_int=\count359
\l__tblr_curr_i_int=\count360
\l__tblr_prev_i_int=\count361
\lTblrTablePageInt=\count362
\l__tblr_table_head_box=\box79
\l__tblr_table_foot_box=\box80
\l__tblr_table_head_foot_dim=\dimen281
\l__tblr_table_head_body_foot_dim=\dimen282
\l__tblr_table_box=\box81
\lTblrRowFirstInt=\count363
\lTblrRowLastInt=\count364
\l__tblr_cover_box_a_dim=\dimen283
\l__tblr_cover_box_b_dim=\dimen284
\l__tblr_table_hlines_box=\box82
\l__tblr_hline_box=\box83
\l__tblr_row_box=\box84
\l__tblr_col_o_wd_dim=\dimen285
\l__tblr_col_b_wd_dim=\dimen286
\l__tblr_hline_leftskip_dim=\dimen287
\l__tblr_hline_rightskip_dim=\dimen288
\l__tblr_row_ht_dim=\dimen289
\l__tblr_row_dp_dim=\dimen290
\l__tblr_row_abovesep_dim=\dimen291
\l__tblr_row_belowsep_dim=\dimen292
\l__tblr_row_vlines_box=\box85
\l__tblr_vline_box=\box86
\l__tblr_cell_box=\box87
\l__tblr_row_upper_dim=\dimen293
\l__tblr_row_lower_dim=\dimen294
\l__tblr_row_vpace_dim=\dimen295
\l__tblr_vline_aboveskip_dim=\dimen296
\l__tblr_vline_belowskip_dim=\dimen297
\lTblrCellRowSpanInt=\count365
\lTblrCellColSpanInt=\count366
\l__tblr_cell_wd_dim=\dimen298
\l__tblr_cell_ht_dim=\dimen299
\lTblrCellAboveBorderWidthDim=\dimen300
\lTblrCellBelowBorderWidthDim=\dimen301
\lTblrCellLeftBorderWidthDim=\dimen302
\lTblrCellRightBorderWidthDim=\dimen303
\l__tblr_diag_box=\box88
\l__tblr_cell_inner_wd_dim=\dimen304
\l__tblr_cell_inner_dp_dim=\dimen305
\l__tblr_cell_hanchor_dim=\dimen306
\l__tblr_last_cell_table_ht_dim=\dimen307
\l__tblr_last_cell_table_dp_dim=\dimen308
\l__tblr_last_vline_wd_dim=\dimen309
\l__tblr_tikz_node_box=\box89
)
(c:/texlive/2026/texmf-dist/tex/latex/tools/hhline.sty
Package: hhline 2020/01/04 v2.04 Table rule package (DPC)
)
(c:/texlive/2026/texmf-dist/tex/latex/makecell/makecell.sty
Package: makecell 2009/08/03 V0.1e Managing of Tab Column Heads and Cells
\rotheadsize=\dimen310
\c@nlinenum=\count367
\TeXr@lab=\toks29
)
(c:/texlive/2026/texmf-dist/tex/latex/caption/caption.sty
Package: caption 2023/08/05 v3.6o Customizing captions (AR)

(c:/texlive/2026/texmf-dist/tex/latex/caption/caption3.sty
Package: caption3 2023/07/31 v2.4d caption3 kernel (AR)
\caption@tempdima=\dimen311
\captionmargin=\dimen312
\caption@leftmargin=\dimen313
\caption@rightmargin=\dimen314
\caption@width=\dimen315
\caption@indent=\dimen316
\caption@parindent=\dimen317
\caption@hangindent=\dimen318
Package caption Info: Standard document class detected.
)
\c@caption@flags=\count368
\c@continuedfloat=\count369
Package caption Info: longtable package is loaded.

(c:/texlive/2026/texmf-dist/tex/latex/caption/ltcaption.sty
Package: ltcaption 2021/01/08 v1.4c longtable captions (AR)
))
(c:/texlive/2026/texmf-dist/tex/latex/eqexpl/eqexpl.sty
Package: eqexpl 2022/06/17 v. 1.1.1
\eqexplSpaceWidth=\skip85
\itemWidth=\skip86
\leftSideWidth=\skip87
)
(c:/texlive/2026/texmf-dist/tex/latex/titlesec/titlesec.sty
Package: titlesec 2025/01/04 v2.17 Sectioning titles
\ttl@box=\box90
\beforetitleunit=\skip88
\aftertitleunit=\skip89
\ttl@plus=\dimen319
\ttl@minus=\dimen320
\ttl@toksa=\toks30
\titlewidth=\dimen321
\titlewidthlast=\dimen322
\titlewidthfirst=\dimen323
)
(c:/texlive/2026/texmf-dist/tex/latex/appendix/appendix.sty
Package: appendix 2020/02/08 v1.2c extra appendix facilities
\c@@pps=\count370
\c@@ppsavesec=\count371
\c@@ppsaveapp=\count372
)
(c:/texlive/2026/texmf-dist/tex/latex/enumitem/enumitem.sty
Package: enumitem 2025/02/06 v3.11 Customized lists
\labelindent=\skip90
\enit@outerparindent=\dimen324
\enit@toks=\toks31
\enit@inbox=\box91
\enit@count@id=\count373
\enitdp@description=\count374
)
(c:/texlive/2026/texmf-dist/tex/latex/float/float.sty
Package: float 2001/11/08 v1.3d Float enhancements (AL)
\c@float@type=\count375
\float@exts=\toks32
\float@box=\box92
\@float@everytoks=\toks33
\@floatcapt=\box93
)
(c:/texlive/2026/texmf-dist/tex/latex/needspace/needspace.sty
Package: needspace 2025/03/13 v1.3e reserve vertical space
)
(c:/texlive/2026/texmf-dist/tex/latex/placeins/placeins.sty
Package: placeins 2005/04/18  v 2.2
)
(c:/texlive/2026/texmf-dist/tex/latex/tocloft/tocloft.sty
Package: tocloft 2017/08/31 v2.3i parameterised ToC, etc., typesetting
Package tocloft Info: The document has section divisions on input line 51.
\cftparskip=\skip91
\cftbeforetoctitleskip=\skip92
\cftaftertoctitleskip=\skip93
\cftbeforepartskip=\skip94
\cftpartnumwidth=\skip95
\cftpartindent=\skip96
\cftbeforesecskip=\skip97
\cftsecindent=\skip98
\cftsecnumwidth=\skip99
\cftbeforesubsecskip=\skip100
\cftsubsecindent=\skip101
\cftsubsecnumwidth=\skip102
\cftbeforesubsubsecskip=\skip103
\cftsubsubsecindent=\skip104
\cftsubsubsecnumwidth=\skip105
\cftbeforeparaskip=\skip106
\cftparaindent=\skip107
\cftparanumwidth=\skip108
\cftbeforesubparaskip=\skip109
\cftsubparaindent=\skip110
\cftsubparanumwidth=\skip111
\cftbeforeloftitleskip=\skip112
\cftafterloftitleskip=\skip113
\cftbeforefigskip=\skip114
\cftfigindent=\skip115
\cftfignumwidth=\skip116
\c@lofdepth=\count376
\c@lotdepth=\count377
\cftbeforelottitleskip=\skip117
\cftafterlottitleskip=\skip118
\cftbeforetabskip=\skip119
\cfttabindent=\skip120
\cfttabnumwidth=\skip121


Package tocloft Warning: \@starttoc has already been redefined; tocloft bailing
 out. on input line 1156.

) (c:/texlive/2026/texmf-dist/tex/latex/tocvsec2/tocvsec2.sty
Package: tocvsec2 2014/03/10 v1.3a variable ToC section entries

(c:/texlive/2026/texmf-dist/tex/latex/base/ifthen.sty
Package: ifthen 2024/03/16 v1.1e Standard LaTeX ifthen package (DPC)
)
\c@max@tocdepth=\count378
\c@max@secnumdepth=\count379
)
(c:/texlive/2026/texmf-dist/tex/latex/hyperref/hyperref.sty
Package: hyperref 2026-01-29 v7.01p Hypertext links for LaTeX

(c:/texlive/2026/texmf-dist/tex/generic/kvdefinekeys/kvdefinekeys.sty
Package: kvdefinekeys 2019-12-19 v1.6 Define keys (HO)
)
(c:/texlive/2026/texmf-dist/tex/generic/pdfescape/pdfescape.sty
Package: pdfescape 2019/12/09 v1.15 Implements pdfTeX's escape features (HO)

(c:/texlive/2026/texmf-dist/tex/generic/pdftexcmds/pdftexcmds.sty
Package: pdftexcmds 2020-06-27 v0.33 Utility functions of pdfTeX for LuaTeX (HO
)

(c:/texlive/2026/texmf-dist/tex/generic/infwarerr/infwarerr.sty
Package: infwarerr 2019/12/03 v1.5 Providing info/warning/error messages (HO)
)
Package pdftexcmds Info: \pdf@primitive is available.
Package pdftexcmds Info: \pdf@ifprimitive is available.
Package pdftexcmds Info: \pdfdraftmode found.
\pdftexcmds@toks=\toks34
))
(c:/texlive/2026/texmf-dist/tex/latex/hycolor/hycolor.sty
Package: hycolor 2020-01-27 v1.10 Color options for hyperref/bookmark (HO)
)
(c:/texlive/2026/texmf-dist/tex/latex/hyperref/nameref.sty
Package: nameref 2026-01-29 v2.58 Cross-referencing by name of section

(c:/texlive/2026/texmf-dist/tex/latex/refcount/refcount.sty
Package: refcount 2019/12/15 v3.6 Data extraction from label references (HO)
)
(c:/texlive/2026/texmf-dist/tex/generic/gettitlestring/gettitlestring.sty
Package: gettitlestring 2019/12/15 v1.6 Cleanup title references (HO)
)
\c@section@level=\count380
)
(c:/texlive/2026/texmf-dist/tex/generic/stringenc/stringenc.sty
Package: stringenc 2019/11/29 v1.12 Convert strings between diff. encodings (HO
)
)
\@linkdim=\dimen325
\Hy@linkcounter=\count381
\Hy@pagecounter=\count382

(c:/texlive/2026/texmf-dist/tex/latex/hyperref/pd1enc.def
File: pd1enc.def 2026-01-29 v7.01p Hyperref: PDFDocEncoding definition (HO)
)
(c:/texlive/2026/texmf-dist/tex/generic/intcalc/intcalc.sty
Package: intcalc 2019/12/15 v1.3 Expandable calculations with integers (HO)
)
\Hy@SavedSpaceFactor=\count383

(c:/texlive/2026/texmf-dist/tex/latex/hyperref/puenc.def
File: puenc.def 2026-01-29 v7.01p Hyperref: PDF Unicode definition (HO)
)
Package hyperref Info: Option `unicode' set `true' on input line 3166.
Package hyperref Info: Hyper figures OFF on input line 4201.
Package hyperref Info: Link nesting OFF on input line 4206.
Package hyperref Info: Hyper index ON on input line 4209.
Package hyperref Info: Plain pages OFF on input line 4216.
Package hyperref Info: Backreferencing OFF on input line 4221.
Package hyperref Info: Implicit mode ON; LaTeX internals redefined.
Package hyperref Info: Bookmarks ON on input line 4468.
\c@Hy@tempcnt=\count384

(c:/texlive/2026/texmf-dist/tex/latex/url/url.sty
\Urlmuskip=\muskip19
Package: url 2013/09/16  ver 3.4  Verb mode for urls, etc.
)
LaTeX Info: Redefining \url on input line 4807.
\XeTeXLinkMargin=\dimen326

(c:/texlive/2026/texmf-dist/tex/generic/bitset/bitset.sty
Package: bitset 2019/12/09 v1.3 Handle bit-vector datatype (HO)

(c:/texlive/2026/texmf-dist/tex/generic/bigintcalc/bigintcalc.sty
Package: bigintcalc 2019/12/15 v1.5 Expandable calculations on big integers (HO
)
))
\Fld@menulength=\count385
\Field@Width=\dimen327
\Fld@charsize=\dimen328
Package hyperref Info: Hyper figures OFF on input line 6084.
Package hyperref Info: Link nesting OFF on input line 6089.
Package hyperref Info: Hyper index ON on input line 6092.
Package hyperref Info: backreferencing OFF on input line 6099.
Package hyperref Info: Link coloring OFF on input line 6104.
Package hyperref Info: Link coloring with OCG OFF on input line 6109.
Package hyperref Info: PDF/A mode OFF on input line 6114.
\Hy@abspage=\count386
\c@Item=\count387
\c@Hfootnote=\count388
)
Package hyperref Info: Driver (autodetected): hluatex.

(c:/texlive/2026/texmf-dist/tex/latex/hyperref/hluatex.def
File: hluatex.def 2026-01-29 v7.01p Hyperref driver for luaTeX
\Fld@listcount=\count389
\c@bookmark@seq@number=\count390

(c:/texlive/2026/texmf-dist/tex/latex/rerunfilecheck/rerunfilecheck.sty
Package: rerunfilecheck 2025-06-21 v1.11 Rerun checks for auxiliary files (HO)

(c:/texlive/2026/texmf-dist/tex/generic/uniquecounter/uniquecounter.sty
Package: uniquecounter 2019/12/15 v1.4 Provide unlimited unique counter (HO)
)
Package uniquecounter Info: New unique counter `rerunfilecheck' on input line 2
84.
)
\Hy@SectionHShift=\skip122
)
(c:/texlive/2026/texmf-dist/tex/latex/pdflscape/pdflscape.sty
Package: pdflscape 2025-06-23 v0.14 Display of landscape pages in PDF

(c:/texlive/2026/texmf-dist/tex/latex/pdflscape/pdflscape-nometadata.sty
Package: pdflscape-nometadata 2025-06-23 v0.14 Display of landscape pages in PD
F (HO)

(c:/texlive/2026/texmf-dist/tex/latex/graphics/lscape.sty
Package: lscape 2020/05/28 v3.02 Landscape Pages (DPC)
)
Package pdflscape Info: Auto-detected driver: pdftex on input line 81.
))
(c:/texlive/2026/texmf-dist/tex/latex/pdfpages/pdfpages.sty
Package: pdfpages 2025/07/23 v0.6g Insert pages of external PDF documents (AM)

(c:/texlive/2026/texmf-dist/tex/latex/eso-pic/eso-pic.sty
Package: eso-pic 2025/12/10 v3.0d eso-pic (RN)
\ESO@tempdima=\dimen329
\ESO@tempdimb=\dimen330
)
\AM@pagewidth=\dimen331
\AM@pageheight=\dimen332
\AM@fboxrule=\dimen333

(c:/texlive/2026/texmf-dist/tex/latex/pdfpages/ppluatex.def
File: ppluatex.def 2025/07/23 v0.6g Pdfpages driver for LuaTeX (AM)
)
\pdfpages@includegraphics@status=\count391
\AM@pagebox=\box94
\AM@global@opts=\toks35
\AM@pagecnt=\count392
\AM@toc@title=\toks36
\AM@lof@heading=\toks37
\c@AM@survey=\count393
\AM@templatesizebox=\box95
)
(c:/texlive/2026/texmf-dist/tex/latex/textpos/textpos.sty
Package: textpos 2022/07/23 v1.10.1
Package textpos Info: choosing support for LaTeX3 on input line 60.
\TP@textbox=\box96
\TP@holdbox=\box97
\TPHorizModule=\dimen334
\TPVertModule=\dimen335
\TP@margin=\dimen336
\TP@absmargin=\dimen337

Grid set 16 x 16 = 37.34424pt x 52.81541pt
\TPboxrulesize=\dimen338
\TP@ox=\dimen339
\TP@oy=\dimen340
\TP@tbargs=\toks38
TextBlockOrigin set to 0pt x 0pt
) (c:/texlive/2026/texmf-dist/tex/latex/fontawesome7/fontawesome7.sty
Package: fontawesome7 2025/11/02 v7.1.0-1 Font Awesome 7

(c:/texlive/2026/texmf-dist/tex/latex/fontawesome7/fontawesome7-utex-helper.sty
Package: fontawesome7-utex-helper 2025/11/02 v7.1.0-1 uTeX helper for fontaweso
me7
(c:/texlive/2026/texmf-dist/tex/luatex/luatexbase/luatexbase.sty
Package: luatexbase 2015/10/04 v1.3 luatexbase interface to LuaTeX 

(c:/texlive/2026/texmf-dist/tex/luatex/ctablestack/ctablestack.sty
Package: ctablestack 2015/10/01 v1.0 Catcode table stable support
\@catcodetablestackcnt=\count394
)
\CatcodeTableOther=\catcodetable16
\CatcodeTableExpl=\catcodetable17
)
LaTeX Font Info:    Trying to load font information for TU+fontawesome7free on 
input line 63.

(c:/texlive/2026/texmf-dist/tex/latex/fontawesome7/tufontawesome7free.fd)
LaTeX Font Info:    Trying to load font information for TU+fontawesome7brands o
n input line 64.

(c:/texlive/2026/texmf-dist/tex/latex/fontawesome7/tufontawesome7brands.fd)))
(c:/texlive/2026/texmf-dist/tex/latex/microtype/microtype.sty
Package: microtype 2026/03/01 v3.2d Micro-typographical refinements (RS)
\MT@toks=\toks39
\MT@tempbox=\box98
\MT@count=\count395
LaTeX Info: Redefining \noprotrusionifhmode on input line 1084.
LaTeX Info: Redefining \leftprotrusion on input line 1085.
\MT@prot@toks=\toks40
LaTeX Info: Redefining \rightprotrusion on input line 1104.
LaTeX Info: Redefining \textls on input line 1449.
\MT@outer@kern=\dimen341
LaTeX Info: Redefining \microtypecontext on input line 2053.
LaTeX Info: Redefining \textmicrotypecontext on input line 2070.
\MT@listname@count=\count396

(c:/texlive/2026/texmf-dist/tex/latex/microtype/microtype-luatex.def
File: microtype-luatex.def 2026/03/01 v3.2d Definitions specific to luatex (RS)

Lua module: microtype 2026/03/01 v3.2d microtype module.
Module microtype Info: overwriting function `keepligature' on input line 63
LaTeX Info: Redefining \lsstyle on input line 779.
LaTeX Info: Redefining \lslig on input line 779.
\MT@outer@space=\skip123
)
Package microtype Info: Loading configuration file microtype.cfg.

(c:/texlive/2026/texmf-dist/tex/latex/microtype/microtype.cfg
File: microtype.cfg 2026/03/01 v3.2d microtype main configuration file (RS)
)
LaTeX Info: Redefining \microtypesetup on input line 3065.
)
(c:/texlive/2026/texmf-dist/tex/generic/ulem/ulem.sty
\UL@box=\box99
\UL@hyphenbox=\box100
\UL@skip=\skip124
\UL@hook=\toks41
\UL@height=\dimen342
\UL@pe=\count397
\UL@pixel=\dimen343
\ULC@box=\box101
Package: ulem 2019/11/18
\ULdepth=\dimen344
)
(c:/texlive/2026/texmf-dist/tex/latex/caption/subcaption.sty
Package: subcaption 2023/07/28 v1.6b Sub-captions (AR)
Package caption Info: New subtype `subfigure' on input line 238.
\c@subfigure=\count398
Package caption Info: New subtype `subtable' on input line 238.
\c@subtable=\count399
)
(c:/texlive/2026/texmf-dist/tex/generic/xstring/xstring.sty
(c:/texlive/2026/texmf-dist/tex/generic/xstring/xstring.tex
\xs_counta=\count400
\xs_countb=\count401
)
Package: xstring 2023/08/22 v1.86 String manipulations (CT)
)
(c:/texlive/2026/texmf-dist/tex/latex/footmisc/footmisc.sty
Package: footmisc 2025/05/09 v7.0b a miscellany of footnote facilities
\FN@temptoken=\toks42
\footnotemargin=\dimen345

(c:/texlive/2026/texmf-dist/tex/latex/bigfoot/perpage.sty
Package: perpage 2014/10/25 2.0 Reset/sort counters per page
\c@abspage=\count402
)
\c@pp@a@footnote=\count403
Package footmisc Info: Declaring symbol style bringhurst on input line 549.
Package footmisc Info: Declaring symbol style chicago on input line 557.
Package footmisc Info: Declaring symbol style wiley on input line 566.
Package footmisc Info: Declaring symbol style lamport-robust on input line 577.

Package footmisc Info: Declaring symbol style lamport* on input line 597.
Package footmisc Info: Declaring symbol style lamport*-robust on input line 618
.
)
(c:/texlive/2026/texmf-dist/tex/latex/pgf/frontendlayer/tikz.sty
(c:/texlive/2026/texmf-dist/tex/latex/pgf/basiclayer/pgf.sty
(c:/texlive/2026/texmf-dist/tex/latex/pgf/utilities/pgfrcs.sty
(c:/texlive/2026/texmf-dist/tex/generic/pgf/utilities/pgfutil-common.tex
\pgfutil@everybye=\toks43
\pgfutil@tempdima=\dimen346
\pgfutil@tempdimb=\dimen347
)
(c:/texlive/2026/texmf-dist/tex/generic/pgf/utilities/pgfutil-latex.def
\pgfutil@abb=\box102
)
(c:/texlive/2026/texmf-dist/tex/generic/pgf/utilities/pgfrcs.code.tex
(c:/texlive/2026/texmf-dist/tex/generic/pgf/pgf.revision.tex)
Package: pgfrcs 2025-08-29 v3.1.11a (3.1.11a)
))
Package: pgf 2025-08-29 v3.1.11a (3.1.11a)

(c:/texlive/2026/texmf-dist/tex/latex/pgf/basiclayer/pgfcore.sty
(c:/texlive/2026/texmf-dist/tex/latex/pgf/systemlayer/pgfsys.sty
(c:/texlive/2026/texmf-dist/tex/generic/pgf/systemlayer/pgfsys.code.tex
Package: pgfsys 2025-08-29 v3.1.11a (3.1.11a)

(c:/texlive/2026/texmf-dist/tex/generic/pgf/utilities/pgfkeys.code.tex
\pgfkeys@pathtoks=\toks44
\pgfkeys@temptoks=\toks45

(c:/texlive/2026/texmf-dist/tex/generic/pgf/utilities/pgfkeyslibraryfiltered.co
de.tex
\pgfkeys@tmptoks=\toks46
))
\pgf@x=\dimen348
\pgf@y=\dimen349
\pgf@xa=\dimen350
\pgf@ya=\dimen351
\pgf@xb=\dimen352
\pgf@yb=\dimen353
\pgf@xc=\dimen354
\pgf@yc=\dimen355
\pgf@xd=\dimen356
\pgf@yd=\dimen357
\w@pgf@writea=\write3
\r@pgf@reada=\read3
\c@pgf@counta=\count404
\c@pgf@countb=\count405
\c@pgf@countc=\count406
\c@pgf@countd=\count407
\t@pgf@toka=\toks47
\t@pgf@tokb=\toks48
\t@pgf@tokc=\toks49
\pgf@sys@id@count=\count408
 (c:/texlive/2026/texmf-dist/tex/generic/pgf/systemlayer/pgf.cfg
File: pgf.cfg 2025-08-29 v3.1.11a (3.1.11a)
)
Driver file for pgf: pgfsys-luatex.def

(c:/texlive/2026/texmf-dist/tex/generic/pgf/systemlayer/pgfsys-luatex.def
File: pgfsys-luatex.def 2025-08-29 v3.1.11a (3.1.11a)

(c:/texlive/2026/texmf-dist/tex/generic/pgf/systemlayer/pgfsys-common-pdf.def
File: pgfsys-common-pdf.def 2025-08-29 v3.1.11a (3.1.11a)
)))
(c:/texlive/2026/texmf-dist/tex/generic/pgf/systemlayer/pgfsyssoftpath.code.tex
File: pgfsyssoftpath.code.tex 2025-08-29 v3.1.11a (3.1.11a)
\pgfsyssoftpath@smallbuffer@items=\count409
\pgfsyssoftpath@bigbuffer@items=\count410
)
(c:/texlive/2026/texmf-dist/tex/generic/pgf/systemlayer/pgfsysprotocol.code.tex
File: pgfsysprotocol.code.tex 2025-08-29 v3.1.11a (3.1.11a)
)) (c:/texlive/2026/texmf-dist/tex/generic/pgf/basiclayer/pgfcore.code.tex
Package: pgfcore 2025-08-29 v3.1.11a (3.1.11a)

(c:/texlive/2026/texmf-dist/tex/generic/pgf/math/pgfmath.code.tex
(c:/texlive/2026/texmf-dist/tex/generic/pgf/math/pgfmathutil.code.tex)
(c:/texlive/2026/texmf-dist/tex/generic/pgf/math/pgfmathparser.code.tex
\pgfmath@dimen=\dimen358
\pgfmath@count=\count411
\pgfmath@box=\box103
\pgfmath@toks=\toks50
\pgfmath@stack@operand=\toks51
\pgfmath@stack@operation=\toks52
)
(c:/texlive/2026/texmf-dist/tex/generic/pgf/math/pgfmathfunctions.code.tex)
(c:/texlive/2026/texmf-dist/tex/generic/pgf/math/pgfmathfunctions.basic.code.te
x)
(c:/texlive/2026/texmf-dist/tex/generic/pgf/math/pgfmathfunctions.trigonometric
.code.tex)
(c:/texlive/2026/texmf-dist/tex/generic/pgf/math/pgfmathfunctions.random.code.t
ex)
(c:/texlive/2026/texmf-dist/tex/generic/pgf/math/pgfmathfunctions.comparison.co
de.tex)
(c:/texlive/2026/texmf-dist/tex/generic/pgf/math/pgfmathfunctions.base.code.tex
)
(c:/texlive/2026/texmf-dist/tex/generic/pgf/math/pgfmathfunctions.round.code.te
x)
(c:/texlive/2026/texmf-dist/tex/generic/pgf/math/pgfmathfunctions.misc.code.tex
)
(c:/texlive/2026/texmf-dist/tex/generic/pgf/math/pgfmathfunctions.integerarithm
etics.code.tex)
(c:/texlive/2026/texmf-dist/tex/generic/pgf/math/pgfmathcalc.code.tex)
(c:/texlive/2026/texmf-dist/tex/generic/pgf/math/pgfmathfloat.code.tex
\c@pgfmathroundto@lastzeros=\count412
))
(c:/texlive/2026/texmf-dist/tex/generic/pgf/math/pgfint.code.tex)
(c:/texlive/2026/texmf-dist/tex/generic/pgf/basiclayer/pgfcorepoints.code.tex
File: pgfcorepoints.code.tex 2025-08-29 v3.1.11a (3.1.11a)
\pgf@picminx=\dimen359
\pgf@picmaxx=\dimen360
\pgf@picminy=\dimen361
\pgf@picmaxy=\dimen362
\pgf@pathminx=\dimen363
\pgf@pathmaxx=\dimen364
\pgf@pathminy=\dimen365
\pgf@pathmaxy=\dimen366
\pgf@xx=\dimen367
\pgf@xy=\dimen368
\pgf@yx=\dimen369
\pgf@yy=\dimen370
\pgf@zx=\dimen371
\pgf@zy=\dimen372
)
(c:/texlive/2026/texmf-dist/tex/generic/pgf/basiclayer/pgfcorepathconstruct.cod
e.tex
File: pgfcorepathconstruct.code.tex 2025-08-29 v3.1.11a (3.1.11a)
\pgf@path@lastx=\dimen373
\pgf@path@lasty=\dimen374
)
(c:/texlive/2026/texmf-dist/tex/generic/pgf/basiclayer/pgfcorepathusage.code.te
x
File: pgfcorepathusage.code.tex 2025-08-29 v3.1.11a (3.1.11a)
\pgf@shorten@end@additional=\dimen375
\pgf@shorten@start@additional=\dimen376
)
(c:/texlive/2026/texmf-dist/tex/generic/pgf/basiclayer/pgfcorescopes.code.tex
File: pgfcorescopes.code.tex 2025-08-29 v3.1.11a (3.1.11a)
\pgfpic=\box104
\pgf@hbox=\box105
\pgf@layerbox@main=\box106
\pgf@picture@serial@count=\count413
)
(c:/texlive/2026/texmf-dist/tex/generic/pgf/basiclayer/pgfcoregraphicstate.code
.tex
File: pgfcoregraphicstate.code.tex 2025-08-29 v3.1.11a (3.1.11a)
\pgflinewidth=\dimen377
)
(c:/texlive/2026/texmf-dist/tex/generic/pgf/basiclayer/pgfcoretransformations.c
ode.tex
File: pgfcoretransformations.code.tex 2025-08-29 v3.1.11a (3.1.11a)
\pgf@pt@x=\dimen378
\pgf@pt@y=\dimen379
\pgf@pt@temp=\dimen380
)
(c:/texlive/2026/texmf-dist/tex/generic/pgf/basiclayer/pgfcorequick.code.tex
File: pgfcorequick.code.tex 2025-08-29 v3.1.11a (3.1.11a)
)
(c:/texlive/2026/texmf-dist/tex/generic/pgf/basiclayer/pgfcoreobjects.code.tex
File: pgfcoreobjects.code.tex 2025-08-29 v3.1.11a (3.1.11a)
)
(c:/texlive/2026/texmf-dist/tex/generic/pgf/basiclayer/pgfcorepathprocessing.co
de.tex
File: pgfcorepathprocessing.code.tex 2025-08-29 v3.1.11a (3.1.11a)
)
(c:/texlive/2026/texmf-dist/tex/generic/pgf/basiclayer/pgfcorearrows.code.tex
File: pgfcorearrows.code.tex 2025-08-29 v3.1.11a (3.1.11a)
\pgfarrowsep=\dimen381
)
(c:/texlive/2026/texmf-dist/tex/generic/pgf/basiclayer/pgfcoreshade.code.tex
File: pgfcoreshade.code.tex 2025-08-29 v3.1.11a (3.1.11a)
\pgf@max=\dimen382
\pgf@sys@shading@range@num=\count414
\pgf@shadingcount=\count415
)
(c:/texlive/2026/texmf-dist/tex/generic/pgf/basiclayer/pgfcoreimage.code.tex
File: pgfcoreimage.code.tex 2025-08-29 v3.1.11a (3.1.11a)
)
(c:/texlive/2026/texmf-dist/tex/generic/pgf/basiclayer/pgfcoreexternal.code.tex
File: pgfcoreexternal.code.tex 2025-08-29 v3.1.11a (3.1.11a)
\pgfexternal@startupbox=\box107
) (c:/texlive/2026/texmf-dist/tex/generic/pgf/basiclayer/pgfcorelayers.code.tex
File: pgfcorelayers.code.tex 2025-08-29 v3.1.11a (3.1.11a)
)
(c:/texlive/2026/texmf-dist/tex/generic/pgf/basiclayer/pgfcoretransparency.code
.tex
File: pgfcoretransparency.code.tex 2025-08-29 v3.1.11a (3.1.11a)
)
(c:/texlive/2026/texmf-dist/tex/generic/pgf/basiclayer/pgfcorepatterns.code.tex
File: pgfcorepatterns.code.tex 2025-08-29 v3.1.11a (3.1.11a)
) (c:/texlive/2026/texmf-dist/tex/generic/pgf/basiclayer/pgfcorerdf.code.tex
File: pgfcorerdf.code.tex 2025-08-29 v3.1.11a (3.1.11a)
))) (c:/texlive/2026/texmf-dist/tex/generic/pgf/modules/pgfmoduleshapes.code.te
x
File: pgfmoduleshapes.code.tex 2025-08-29 v3.1.11a (3.1.11a)
\pgfnodeparttextbox=\box108
)
(c:/texlive/2026/texmf-dist/tex/generic/pgf/modules/pgfmoduleplot.code.tex
File: pgfmoduleplot.code.tex 2025-08-29 v3.1.11a (3.1.11a)
)
(c:/texlive/2026/texmf-dist/tex/latex/pgf/compatibility/pgfcomp-version-0-65.st
y
Package: pgfcomp-version-0-65 2025-08-29 v3.1.11a (3.1.11a)
\pgf@nodesepstart=\dimen383
\pgf@nodesepend=\dimen384
)
(c:/texlive/2026/texmf-dist/tex/latex/pgf/compatibility/pgfcomp-version-1-18.st
y
Package: pgfcomp-version-1-18 2025-08-29 v3.1.11a (3.1.11a)
)) (c:/texlive/2026/texmf-dist/tex/latex/pgf/utilities/pgffor.sty
(c:/texlive/2026/texmf-dist/tex/latex/pgf/utilities/pgfkeys.sty
(c:/texlive/2026/texmf-dist/tex/generic/pgf/utilities/pgfkeys.code.tex))
(c:/texlive/2026/texmf-dist/tex/latex/pgf/math/pgfmath.sty
(c:/texlive/2026/texmf-dist/tex/generic/pgf/math/pgfmath.code.tex))
(c:/texlive/2026/texmf-dist/tex/generic/pgf/utilities/pgffor.code.tex
Package: pgffor 2025-08-29 v3.1.11a (3.1.11a)
\pgffor@iter=\dimen385
\pgffor@skip=\dimen386
\pgffor@stack=\toks53
\pgffor@toks=\toks54
))
(c:/texlive/2026/texmf-dist/tex/generic/pgf/frontendlayer/tikz/tikz.code.tex
Package: tikz 2025-08-29 v3.1.11a (3.1.11a)

(c:/texlive/2026/texmf-dist/tex/generic/pgf/libraries/pgflibraryplothandlers.co
de.tex
File: pgflibraryplothandlers.code.tex 2025-08-29 v3.1.11a (3.1.11a)
\pgf@plot@mark@count=\count416
\pgfplotmarksize=\dimen387
)
\tikz@lastx=\dimen388
\tikz@lasty=\dimen389
\tikz@lastxsaved=\dimen390
\tikz@lastysaved=\dimen391
\tikz@lastmovetox=\dimen392
\tikz@lastmovetoy=\dimen393
\tikzleveldistance=\dimen394
\tikzsiblingdistance=\dimen395
\tikz@figbox=\box109
\tikz@figbox@bg=\box110
\tikz@tempbox=\box111
\tikz@tempbox@bg=\box112
\tikztreelevel=\count417
\tikznumberofchildren=\count418
\tikznumberofcurrentchild=\count419
\tikz@fig@count=\count420

(c:/texlive/2026/texmf-dist/tex/generic/pgf/modules/pgfmodulematrix.code.tex
File: pgfmodulematrix.code.tex 2025-08-29 v3.1.11a (3.1.11a)
\pgfmatrixcurrentrow=\count421
\pgfmatrixcurrentcolumn=\count422
\pgf@matrix@numberofcolumns=\count423
)
\tikz@expandcount=\count424

(c:/texlive/2026/texmf-dist/tex/generic/pgf/frontendlayer/tikz/libraries/tikzli
brarytopaths.code.tex
File: tikzlibrarytopaths.code.tex 2025-08-29 v3.1.11a (3.1.11a)
)))) (./general.aux
Package babel Info: 'russian' activates 'russian' shorthands.
(babel)             Reported on input line 9.


LaTeX Warning: Label `pict_dz:on' multiply defined.

)
\openout1 = general.aux

LaTeX Font Info:    Checking defaults for OML/cmm/m/it on input line 30.
LaTeX Font Info:    ... okay on input line 30.
LaTeX Font Info:    Checking defaults for OMS/cmsy/m/n on input line 30.
LaTeX Font Info:    ... okay on input line 30.
LaTeX Font Info:    Checking defaults for OT1/cmr/m/n on input line 30.
LaTeX Font Info:    ... okay on input line 30.
LaTeX Font Info:    Checking defaults for T1/cmr/m/n on input line 30.
LaTeX Font Info:    ... okay on input line 30.
LaTeX Font Info:    Checking defaults for TS1/cmr/m/n on input line 30.
LaTeX Font Info:    ... okay on input line 30.
LaTeX Font Info:    Checking defaults for TU/lmr/m/n on input line 30.
LaTeX Font Info:    ... okay on input line 30.
LaTeX Font Info:    Checking defaults for OMX/cmex/m/n on input line 30.
LaTeX Font Info:    ... okay on input line 30.
LaTeX Font Info:    Checking defaults for U/cmr/m/n on input line 30.
LaTeX Font Info:    ... okay on input line 30.
LaTeX Font Info:    Checking defaults for PD1/pdf/m/n on input line 30.
LaTeX Font Info:    ... okay on input line 30.
LaTeX Font Info:    Checking defaults for PU/pdf/m/n on input line 30.
LaTeX Font Info:    ... okay on input line 30.
LaTeX Font Info:    Overwriting math alphabet `\mathrm' in version `normal'
(Font)                  TU/StixTwoMath(1)/m/n --> TU/lmr/m/n on input line 30.
LaTeX Font Info:    Overwriting math alphabet `\mathit' in version `normal'
(Font)                  OT1/cmr/m/it --> TU/lmr/m/it on input line 30.
LaTeX Font Info:    Overwriting math alphabet `\mathbf' in version `normal'
(Font)                  OT1/cmr/bx/n --> TU/lmr/bx/n on input line 30.
LaTeX Font Info:    Overwriting math alphabet `\mathsf' in version `normal'
(Font)                  OT1/cmss/m/n --> TU/ArialNarrow(0)/m/n on input line 30
.
LaTeX Font Info:    Overwriting math alphabet `\mathsf' in version `bold'
(Font)                  OT1/cmss/bx/n --> TU/ArialNarrow(0)/bx/n on input line 
30.
LaTeX Font Info:    Overwriting math alphabet `\mathtt' in version `normal'
(Font)                  OT1/cmtt/m/n --> TU/lmtt/m/n on input line 30.
LaTeX Font Info:    Overwriting math alphabet `\mathtt' in version `bold'
(Font)                  OT1/cmtt/m/n --> TU/lmtt/bx/n on input line 30.
LaTeX Info: Redefining \th on input line 30.
 (c:/texlive/2026/texmf-dist/tex/context/base/mkii/supp-pdf.mkii
[Loading MPS to PDF converter (version 2006.09.02).]
\scratchcounter=\count425
\scratchdimen=\dimen396
\scratchbox=\box113
\nofMPsegments=\count426
\nofMParguments=\count427
\everyMPshowfont=\toks55
\MPscratchCnt=\count428
\MPscratchDim=\dimen397
\MPnumerator=\count429
\makeMPintoPDFobject=\count430
\everyMPtoPDFconversion=\toks56
) (c:/texlive/2026/texmf-dist/tex/latex/epstopdf-pkg/epstopdf-base.sty
Package: epstopdf-base 2020-01-24 v2.11 Base part for package epstopdf
Package epstopdf-base Info: Redefining graphics rule for `.eps' on input line 4
85.

(c:/texlive/2026/texmf-dist/tex/latex/latexconfig/epstopdf-sys.cfg
File: epstopdf-sys.cfg 2010/07/13 v1.3 Configuration of (r)epstopdf for TeX Liv
e
))
*geometry* driver: auto-detecting
*geometry* detected driver: luatex
*geometry* verbose mode - [ preamble ] result:
* driver: luatex
* paper: a4paper
* layout: <same size as paper>
* layoutoffset:(h,v)=(0.0pt,0.0pt)
* modes: includehead includefoot 
* h-part:(L,W,R)=(62.59605pt, 506.45908pt, 28.45274pt)
* v-part:(T,H,B)=(17.07164pt, 810.90356pt, 17.07164pt)
* \paperwidth=597.50787pt
* \paperheight=845.04684pt
* \textwidth=506.45908pt
* \textheight=767.95084pt
* \oddsidemargin=-9.67393pt
* \evensidemargin=-9.67393pt
* \topmargin=-55.19835pt
* \headheight=14.5pt
* \headsep=8.53581pt
* \topskip=22.0pt
* \footskip=19.91692pt
* \marginparwidth=0.0pt
* \marginparsep=0.0pt
* \columnsep=10.0pt
* \skip\footins=10.8pt plus 4.0pt minus 2.0pt
* \hoffset=0.0pt
* \voffset=0.0pt
* \mag=1000
* \@twocolumnfalse
* \@twosidefalse
* \@mparswitchfalse
* \@reversemarginfalse
* (1in=72.27pt=25.4mm, 1cm=28.453pt)

Package caption Info: Begin \AtBeginDocument code.
Package caption Info: float package is loaded.
Package caption Info: hyperref package is loaded.
Package caption Info: End \AtBeginDocument code.
Package hyperref Info: Link coloring OFF on input line 30.
(./general.out) (./general.out)
\@outlinefile=\write4

\openout4 = general.out
LaTeX Info: Redefining \microtypecontext on input line 30.
Package microtype Info: Applying patch `item' on input line 30.
Package microtype Info: Applying patch `toc' on input line 30.
Package microtype Info: Applying patch `eqnum' on input line 30.
Package microtype Info: Applying patch `footnote' on input line 30.
Package microtype Info: Applying patch `verbatim' on input line 30.
LaTeX Info: Redefining \microtypesetup on input line 30.
Package microtype Info: Generating PDF output.
Package microtype Info: Character protrusion enabled (level 2).
Package microtype Info: Using default protrusion set `alltext'.
Package microtype Info: Automatic font expansion enabled (level 2),
(microtype)             stretch: 20, shrink: 20, step: 1, non-selected.
Package microtype Info: Using default expansion set `alltext-nott'.
Package microtype Info: Patching command `\showhyphens'.
Package microtype Info: No adjustment of tracking.
Package microtype Info: No adjustment of spacing.
Package microtype Info: No adjustment of kerning.
Package microtype Info: Loading generic protrusion settings for font family
(microtype)             `ArialNarrow' (encoding: TU).
(microtype)             For optimal results, create family-specific settings.
(microtype)             See the microtype manual for details.

("//uni-eng.ru/unit/Ivanovo/Документация ЮНИТ М300/Разра
ботка/Схемы ФБ ЮНИТ-М300/Проект/РЭ500/99. Общие 
разделы РЭ//title0.tex")
Package microtype Info: Loading generic protrusion settings for font family
(microtype)             `StixTwoMath' (encoding: TU).
(microtype)             For optimal results, create family-specific settings.
(microtype)             See the microtype manual for details.
<./images/uni.pdf, id=51, 845.04709pt x 321.52422pt>
File: ./images/uni.pdf Graphic file (type pdf)
<use ./images/uni.pdf>
Package luatex.def Info: ./images/uni.pdf  used on input line 34.
(luatex.def)             Requested size: 211.26125pt x 80.38084pt.


Package fancyhdr Warning: \headheight is too small (14.5pt): 
(fancyhdr)                Make it at least 84.73088pt, for example:
(fancyhdr)                \setlength{\headheight}{84.73088pt}.
(fancyhdr)                You might also make \topmargin smaller:
(fancyhdr)                \addtolength{\topmargin}{-70.23088pt}.

<./images/2.pdf, id=53, 48.35385pt x 57.13847pt>
File: ./images/2.pdf Graphic file (type pdf)
<use ./images/2.pdf>
Package luatex.def Info: ./images/2.pdf  used on input line 34.
(luatex.def)             Requested size: 388.37646pt x 459.02814pt.
[1{c:/texlive/2026/texmf-var/fonts/map/pdftex/updmap/pdftex.map}

<./images/2.pdf><./images/uni.pdf>]
("//uni-eng.ru/unit/Ivanovo/Документация ЮНИТ М300/Разра
ботка/Схемы ФБ ЮНИТ-М300/Проект/РЭ500/99. Общие 
разделы РЭ//title1.tex"

Package enumitem Warning: Negative labelwidth. This does not make much
(enumitem)                sense, on input line 35.


Overfull \hbox (2.33063pt too wide) in paragraph at lines 41--42
[]\TU/ArialNarrow(0)/m/n/12 СТО 34.01-6.2-002-2024 «Контроллеры 
при-со-еди-не-ния, пре-об-ра-зо-ва-те-ли дис-к
рет-ных сиг-на-лов. Типовые
 []


Package enumitem Warning: Negative labelwidth. This does not make much
(enumitem)                sense, on input line 104.

[2

]) [3]
("//uni-eng.ru/unit/Ivanovo/Документация ЮНИТ М300/Разра
ботка/Схемы ФБ ЮНИТ-М300/Проект/РЭ500/99. Общие 
разделы РЭ//toc.tex" (./general.toc)
\tf@toc=\write5

\openout5 = general.toc
) [4

] (./toa_general.tex
Overfull \hbox (169.7279pt too wide) in alignment at lines 6--7
 [][][] 
 []


Overfull \hbox (169.7279pt too wide) in alignment at lines 7--7
 [][][] 
 []


Overfull \hbox (169.7279pt too wide) in alignment at lines 7--7
 [][][] 
 []


Overfull \hbox (169.7279pt too wide) in alignment at lines 7--7
 [][][] 
 []


Overfull \hbox (169.7279pt too wide) in alignment at lines 7--93
 [][][] 
 []

ignored: Infinite glue shrinkage found in box being split [5

]) [6]
("//uni-eng.ru/unit/Ivanovo/Документация ЮНИТ М300/Разра
ботка/Схемы ФБ ЮНИТ-М300/Проект/РЭ500/99. Общие 
разделы РЭ//section1.tex"

LaTeX Warning: Reference `app:order' on page 7 undefined on input line 59.

Inserting `luaotfload.letterspace' in `pre_linebreak_filter'.
Inserting `luaotfload.letterspace' in `hpack_filter'.

Package enumitem Warning: Negative labelwidth. This does not make much
(enumitem)                sense, on input line 106.


LaTeX Warning: Reference `app:analogs' on page 7 undefined on input line 110.

[7

]

LaTeX Warning: Reference `app:fsu' on page 8 undefined on input line 124.


Package enumitem Warning: Negative labelwidth. This does not make much
(enumitem)                sense, on input line 169.

[8]

LaTeX Warning: Reference `app:signals' on page 9 undefined on input line 193.


Package enumitem Warning: Negative labelwidth. This does not make much
(enumitem)                sense, on input line 207.


LaTeX Warning: Reference `app:signals' on page 9 undefined on input line 216.


Package enumitem Warning: Negative labelwidth. This does not make much
(enumitem)                sense, on input line 236.

[9]

Package enumitem Warning: Negative labelwidth. This does not make much
(enumitem)                sense, on input line 252.


Package enumitem Warning: Negative labelwidth. This does not make much
(enumitem)                sense, on input line 276.


Package enumitem Warning: Negative labelwidth. This does not make much
(enumitem)                sense, on input line 293.

[10]

Package enumitem Warning: Negative labelwidth. This does not make much
(enumitem)                sense, on input line 304.


Package enumitem Warning: Negative labelwidth. This does not make much
(enumitem)                sense, on input line 311.


Overfull \hbox (2.95848pt too wide) in paragraph at lines 314--315
[]\TU/ArialNarrow(0)/m/n/12 Пользователь мо-жет быть за-
бло-ки-ро-ван при-ну-ди-тель-но поль-зо-ва-те-
лем с ро-лью Администратор.
 []


Overfull \hbox (0.88pt too wide) in paragraph at lines 325--325
 [][]\TU/fontawesome7free/solid/n/24.88 [] 
 []

[11]

LaTeX Warning: Reference `app:fsu' on page 12 undefined on input line 352.


Package enumitem Warning: Negative labelwidth. This does not make much
(enumitem)                sense, on input line 355.

) [12]
("//uni-eng.ru/unit/Ivanovo/Документация ЮНИТ М300/Разра
ботка/Схемы ФБ ЮНИТ-М300/Проект/РЭ500/99. Общие 
разделы РЭ//section2.tex"

Package enumitem Warning: Negative labelwidth. This does not make much
(enumitem)                sense, on input line 27.


LaTeX Warning: Reference `app:fsu' on page 13 undefined on input line 35.


LaTeX Warning: Reference `appA:tbl1' on page 13 undefined on input line 35.


LaTeX Warning: Reference `app:signals' on page 13 undefined on input line 35.

) [13

]
("//uni-eng.ru/unit/Ivanovo/Документация ЮНИТ М300/Разра
ботка/Схемы ФБ ЮНИТ-М300/Проект/БД500/desc//08.01 С
В/661.0031 ДЗ/dz.tex"

Package enumitem Warning: Negative labelwidth. This does not make much
(enumitem)                sense, on input line 19.


Package enumitem Warning: Negative labelwidth. This does not make much
(enumitem)                sense, on input line 27.

LaTeX Font Info:    Font shape `TU/ArialNarrow(0)/m/sl' in size <12> not availa
ble
(Font)              Font shape `TU/ArialNarrow(0)/m/it' tried instead on input 
line 76.
[14

]

Package enumitem Warning: Negative labelwidth. This does not make much
(enumitem)                sense, on input line 88.


Package enumitem Warning: Negative labelwidth. This does not make much
(enumitem)                sense, on input line 97.

<//uni-eng.ru/unit/Ivanovo/Документация ЮНИТ М300/Разра
ботка/Схемы ФБ ЮНИТ-М300/Проект/БД500/desc//08.01 С
В/661.0031 ДЗ/img/_char1.pdf, id=271, 240.8272pt x 293.56897pt>
File: //uni-eng.ru/unit/Ivanovo/Документация ЮНИТ М300/Раз
работка/Схемы ФБ ЮНИТ-М300/Проект/БД500/desc//08.01 
СВ/661.0031 ДЗ/img/_char1.pdf Graphic file (type pdf)
<use //uni-eng.ru/unit/Ivanovo/Документация ЮНИТ М300/Раз
работка/Схемы ФБ ЮНИТ-М300/Проект/БД500/desc//08.01 
СВ/661.0031 ДЗ/img/_char1.pdf>
Package luatex.def Info: //uni-eng.ru/unit/Ivanovo/Документация Ю
НИТ М300/Разработка/Схемы ФБ ЮНИТ-М300/Проект/
БД500/desc//08.01 СВ/661.0031 ДЗ/img/_char1.pdf  used on input line 116.
(luatex.def)             Requested size: 202.59111pt x 246.95908pt.
LaTeX Font Info:    Font shape `TU/ArialNarrow(0)/m/sl' in size <10.95> not ava
ilable
(Font)              Font shape `TU/ArialNarrow(0)/m/it' tried instead on input 
line 147.
ignored: Infinite glue shrinkage found in box being split [15<//uni-eng.ru/unit/
Ivanovo/Документация ЮНИТ М300/Разработка/Схем
ы ФБ ЮНИТ-М300/Проект/БД500/desc//08.01 СВ/661.0031 ДЗ/img/_
char1.pdf>]
<//uni-eng.ru/unit/Ivanovo/Документация ЮНИТ М300/Разра
ботка/Схемы ФБ ЮНИТ-М300/Проект/БД500/desc//08.01 С
В/661.0031 ДЗ/img/_on.pdf, id=342, 365.25456pt x 186.1779pt>
File: //uni-eng.ru/unit/Ivanovo/Документация ЮНИТ М300/Раз
работка/Схемы ФБ ЮНИТ-М300/Проект/БД500/desc//08.01 
СВ/661.0031 ДЗ/img/_on.pdf Graphic file (type pdf)
<use //uni-eng.ru/unit/Ivanovo/Документация ЮНИТ М300/Раз
работка/Схемы ФБ ЮНИТ-М300/Проект/БД500/desc//08.01 
СВ/661.0031 ДЗ/img/_on.pdf>
Package luatex.def Info: //uni-eng.ru/unit/Ivanovo/Документация Ю
НИТ М300/Разработка/Схемы ФБ ЮНИТ-М300/Проект/
БД500/desc//08.01 СВ/661.0031 ДЗ/img/_on.pdf  used on input line 187.
(luatex.def)             Requested size: 303.88016pt x 154.89407pt.
 [16<//uni-eng.ru/unit/Ivanovo/Документация ЮНИТ М300/Раз
работка/Схемы ФБ ЮНИТ-М300/Проект/БД500/desc//08.01 
СВ/661.0031 ДЗ/img/_on.pdf>]
<//uni-eng.ru/unit/Ivanovo/Документация ЮНИТ М300/Разра
ботка/Схемы ФБ ЮНИТ-М300/Проект/БД500/desc//08.01 С
В/661.0031 ДЗ/img/ON.pdf, id=413, 322.76762pt x 381.82652pt>
File: //uni-eng.ru/unit/Ivanovo/Документация ЮНИТ М300/Раз
работка/Схемы ФБ ЮНИТ-М300/Проект/БД500/desc//08.01 
СВ/661.0031 ДЗ/img/ON.pdf Graphic file (type pdf)
<use //uni-eng.ru/unit/Ivanovo/Документация ЮНИТ М300/Раз
работка/Схемы ФБ ЮНИТ-М300/Проект/БД500/desc//08.01 
СВ/661.0031 ДЗ/img/ON.pdf>
Package luatex.def Info: //uni-eng.ru/unit/Ivanovo/Документация Ю
НИТ М300/Разработка/Схемы ФБ ЮНИТ-М300/Проект/
БД500/desc//08.01 СВ/661.0031 ДЗ/img/ON.pdf  used on input line 204.
(luatex.def)             Requested size: 253.2303pt x 299.5655pt.


Package enumitem Warning: Negative labelwidth. This does not make much
(enumitem)                sense, on input line 214.

<//uni-eng.ru/unit/Ivanovo/Документация ЮНИТ М300/Разра
ботка/Схемы ФБ ЮНИТ-М300/Проект/БД500/desc//08.01 С
В/661.0031 ДЗ/img/_r.pdf, id=415, 292.50468pt x 159.07927pt>
File: //uni-eng.ru/unit/Ivanovo/Документация ЮНИТ М300/Раз
работка/Схемы ФБ ЮНИТ-М300/Проект/БД500/desc//08.01 
СВ/661.0031 ДЗ/img/_r.pdf Graphic file (type pdf)
<use //uni-eng.ru/unit/Ivanovo/Документация ЮНИТ М300/Раз
работка/Схемы ФБ ЮНИТ-М300/Проект/БД500/desc//08.01 
СВ/661.0031 ДЗ/img/_r.pdf>
Package luatex.def Info: //uni-eng.ru/unit/Ivanovo/Документация Ю
НИТ М300/Разработка/Схемы ФБ ЮНИТ-М300/Проект/
БД500/desc//08.01 СВ/661.0031 ДЗ/img/_r.pdf  used on input line 226.
(luatex.def)             Requested size: 253.23177pt x 137.7206pt.
[17<//uni-eng.ru/unit/Ivanovo/Документация ЮНИТ М300/Разр
аботка/Схемы ФБ ЮНИТ-М300/Проект/БД500/desc//08.01 
СВ/661.0031 ДЗ/img/ON.pdf><//uni-eng.ru/unit/Ivanovo/Документац
ия ЮНИТ М300/Разработка/Схемы ФБ ЮНИТ-М300/Про
ект/БД500/desc//08.01 СВ/661.0031 ДЗ/img/_r.pdf>]
<//uni-eng.ru/unit/Ivanovo/Документация ЮНИТ М300/Разра
ботка/Схемы ФБ ЮНИТ-М300/Проект/БД500/desc//08.01 С
В/661.0031 ДЗ/img/Zng.pdf, id=491, 357.83687pt x 186.6975pt>
File: //uni-eng.ru/unit/Ivanovo/Документация ЮНИТ М300/Раз
работка/Схемы ФБ ЮНИТ-М300/Проект/БД500/desc//08.01 
СВ/661.0031 ДЗ/img/Zng.pdf Graphic file (type pdf)
<use //uni-eng.ru/unit/Ivanovo/Документация ЮНИТ М300/Раз
работка/Схемы ФБ ЮНИТ-М300/Проект/БД500/desc//08.01 
СВ/661.0031 ДЗ/img/Zng.pdf>
Package luatex.def Info: //uni-eng.ru/unit/Ivanovo/Документация Ю
НИТ М300/Разработка/Схемы ФБ ЮНИТ-М300/Проект/
БД500/desc//08.01 СВ/661.0031 ДЗ/img/Zng.pdf  used on input line 237.
(luatex.def)             Requested size: 354.53806pt x 184.97636pt.
<//uni-eng.ru/unit/Ivanovo/Документация ЮНИТ М300/Разра
ботка/Схемы ФБ ЮНИТ-М300/Проект/БД500/desc//08.01 С
В/661.0031 ДЗ/img/_rs.pdf, id=493, 430.6028pt x 294.4162pt>
File: //uni-eng.ru/unit/Ivanovo/Документация ЮНИТ М300/Раз
работка/Схемы ФБ ЮНИТ-М300/Проект/БД500/desc//08.01 
СВ/661.0031 ДЗ/img/_rs.pdf Graphic file (type pdf)
<use //uni-eng.ru/unit/Ivanovo/Документация ЮНИТ М300/Раз
работка/Схемы ФБ ЮНИТ-М300/Проект/БД500/desc//08.01 
СВ/661.0031 ДЗ/img/_rs.pdf>
Package luatex.def Info: //uni-eng.ru/unit/Ivanovo/Документация Ю
НИТ М300/Разработка/Схемы ФБ ЮНИТ-М300/Проект/
БД500/desc//08.01 СВ/661.0031 ДЗ/img/_rs.pdf  used on input line 246.
(luatex.def)             Requested size: 430.49661pt x 294.3436pt.
<//uni-eng.ru/unit/Ivanovo/Документация ЮНИТ М300/Разра
ботка/Схемы ФБ ЮНИТ-М300/Проект/БД500/desc//08.01 С
В/661.0031 ДЗ/img/_nachalo.pdf, id=495, 202.19449pt x 210.26566pt>
File: //uni-eng.ru/unit/Ivanovo/Документация ЮНИТ М300/Раз
работка/Схемы ФБ ЮНИТ-М300/Проект/БД500/desc//08.01 
СВ/661.0031 ДЗ/img/_nachalo.pdf Graphic file (type pdf)
<use //uni-eng.ru/unit/Ivanovo/Документация ЮНИТ М300/Раз
работка/Схемы ФБ ЮНИТ-М300/Проект/БД500/desc//08.01 
СВ/661.0031 ДЗ/img/_nachalo.pdf>
Package luatex.def Info: //uni-eng.ru/unit/Ivanovo/Документация Ю
НИТ М300/Разработка/Схемы ФБ ЮНИТ-М300/Проект/
БД500/desc//08.01 СВ/661.0031 ДЗ/img/_nachalo.pdf  used on input line 258
.
(luatex.def)             Requested size: 202.5858pt x 210.67258pt.
 [18<//uni-eng.ru/unit/Ivanovo/Документация ЮНИТ М300/Раз
работка/Схемы ФБ ЮНИТ-М300/Проект/БД500/desc//08.01 
СВ/661.0031 ДЗ/img/Zng.pdf><//uni-eng.ru/unit/Ivanovo/Документац
ия ЮНИТ М300/Разработка/Схемы ФБ ЮНИТ-М300/Про
ект/БД500/desc//08.01 СВ/661.0031 ДЗ/img/_rs.pdf>]
<//uni-eng.ru/unit/Ivanovo/Документация ЮНИТ М300/Разра
ботка/Схемы ФБ ЮНИТ-М300/Проект/БД500/desc//08.01 С
В/661.0031 ДЗ/img/_torm.pdf, id=591, 375.79077pt x 189.18886pt>
File: //uni-eng.ru/unit/Ivanovo/Документация ЮНИТ М300/Раз
работка/Схемы ФБ ЮНИТ-М300/Проект/БД500/desc//08.01 
СВ/661.0031 ДЗ/img/_torm.pdf Graphic file (type pdf)
<use //uni-eng.ru/unit/Ivanovo/Документация ЮНИТ М300/Раз
работка/Схемы ФБ ЮНИТ-М300/Проект/БД500/desc//08.01 
СВ/661.0031 ДЗ/img/_torm.pdf>
Package luatex.def Info: //uni-eng.ru/unit/Ivanovo/Документация Ю
НИТ М300/Разработка/Схемы ФБ ЮНИТ-М300/Проект/
БД500/desc//08.01 СВ/661.0031 ДЗ/img/_torm.pdf  used on input line 276.
(luatex.def)             Requested size: 329.2003pt x 165.73325pt.
<//uni-eng.ru/unit/Ivanovo/Документация ЮНИТ М300/Разра
ботка/Схемы ФБ ЮНИТ-М300/Проект/БД500/desc//08.01 С
В/661.0031 ДЗ/img/OOVP.pdf, id=593, 416.73514pt x 253.78612pt>
File: //uni-eng.ru/unit/Ivanovo/Документация ЮНИТ М300/Раз
работка/Схемы ФБ ЮНИТ-М300/Проект/БД500/desc//08.01 
СВ/661.0031 ДЗ/img/OOVP.pdf Graphic file (type pdf)
<use //uni-eng.ru/unit/Ivanovo/Документация ЮНИТ М300/Раз
работка/Схемы ФБ ЮНИТ-М300/Проект/БД500/desc//08.01 
СВ/661.0031 ДЗ/img/OOVP.pdf>
Package luatex.def Info: //uni-eng.ru/unit/Ivanovo/Документация Ю
НИТ М300/Разработка/Схемы ФБ ЮНИТ-М300/Проект/
БД500/desc//08.01 СВ/661.0031 ДЗ/img/OOVP.pdf  used on input line 289.
(luatex.def)             Requested size: 329.20442pt x 200.48108pt.
 [19<//uni-eng.ru/unit/Ivanovo/Документация ЮНИТ М300/Раз
работка/Схемы ФБ ЮНИТ-М300/Проект/БД500/desc//08.01 
СВ/661.0031 ДЗ/img/_nachalo.pdf><//uni-eng.ru/unit/Ivanovo/Докумен
тация ЮНИТ М300/Разработка/Схемы ФБ ЮНИТ-М300/
Проект/БД500/desc//08.01 СВ/661.0031 ДЗ/img/_torm.pdf>]
<//uni-eng.ru/unit/Ivanovo/Документация ЮНИТ М300/Разра
ботка/Схемы ФБ ЮНИТ-М300/Проект/БД500/desc//08.01 С
В/661.0031 ДЗ/img/DZ_FF_1.pdf, id=715, 289.87585pt x 215.71515pt>
File: //uni-eng.ru/unit/Ivanovo/Документация ЮНИТ М300/Раз
работка/Схемы ФБ ЮНИТ-М300/Проект/БД500/desc//08.01 
СВ/661.0031 ДЗ/img/DZ_FF_1.pdf Graphic file (type pdf)
<use //uni-eng.ru/unit/Ivanovo/Документация ЮНИТ М300/Раз
работка/Схемы ФБ ЮНИТ-М300/Проект/БД500/desc//08.01 
СВ/661.0031 ДЗ/img/DZ_FF_1.pdf>
Package luatex.def Info: //uni-eng.ru/unit/Ivanovo/Документация Ю
НИТ М300/Разработка/Схемы ФБ ЮНИТ-М300/Проект/
БД500/desc//08.01 СВ/661.0031 ДЗ/img/DZ_FF_1.pdf  used on input line 326.

(luatex.def)             Requested size: 329.19246pt x 244.97313pt.
 [20<//uni-eng.ru/unit/Ivanovo/Документация ЮНИТ М300/Раз
работка/Схемы ФБ ЮНИТ-М300/Проект/БД500/desc//08.01 
СВ/661.0031 ДЗ/img/OOVP.pdf>]
<//uni-eng.ru/unit/Ivanovo/Документация ЮНИТ М300/Разра
ботка/Схемы ФБ ЮНИТ-М300/Проект/БД500/desc//08.01 С
В/661.0031 ДЗ/img/DZ_FF_2.pdf, id=748, 291.58937pt x 171.20264pt>
File: //uni-eng.ru/unit/Ivanovo/Документация ЮНИТ М300/Раз
работка/Схемы ФБ ЮНИТ-М300/Проект/БД500/desc//08.01 
СВ/661.0031 ДЗ/img/DZ_FF_2.pdf Graphic file (type pdf)
<use //uni-eng.ru/unit/Ivanovo/Документация ЮНИТ М300/Раз
работка/Схемы ФБ ЮНИТ-М300/Проект/БД500/desc//08.01 
СВ/661.0031 ДЗ/img/DZ_FF_2.pdf>
Package luatex.def Info: //uni-eng.ru/unit/Ivanovo/Документация Ю
НИТ М300/Разработка/Схемы ФБ ЮНИТ-М300/Проект/
БД500/desc//08.01 СВ/661.0031 ДЗ/img/DZ_FF_2.pdf  used on input line 362.

(luatex.def)             Requested size: 329.22073pt x 193.29736pt.
 [21<//uni-eng.ru/unit/Ivanovo/Документация ЮНИТ М300/Раз
работка/Схемы ФБ ЮНИТ-М300/Проект/БД500/desc//08.01 
СВ/661.0031 ДЗ/img/DZ_FF_1.pdf><//uni-eng.ru/unit/Ivanovo/Документ
ация ЮНИТ М300/Разработка/Схемы ФБ ЮНИТ-М300/П
роект/БД500/desc//08.01 СВ/661.0031 ДЗ/img/DZ_FF_2.pdf>]
<//uni-eng.ru/unit/Ivanovo/Документация ЮНИТ М300/Разра
ботка/Схемы ФБ ЮНИТ-М300/Проект/БД500/desc//08.01 С
В/661.0031 ДЗ/img/DZ_FZ_1.pdf, id=802, 292.59312pt x 214.88187pt>
File: //uni-eng.ru/unit/Ivanovo/Документация ЮНИТ М300/Раз
работка/Схемы ФБ ЮНИТ-М300/Проект/БД500/desc//08.01 
СВ/661.0031 ДЗ/img/DZ_FZ_1.pdf Graphic file (type pdf)
<use //uni-eng.ru/unit/Ivanovo/Документация ЮНИТ М300/Раз
работка/Схемы ФБ ЮНИТ-М300/Проект/БД500/desc//08.01 
СВ/661.0031 ДЗ/img/DZ_FZ_1.pdf>
Package luatex.def Info: //uni-eng.ru/unit/Ivanovo/Документация Ю
НИТ М300/Разработка/Схемы ФБ ЮНИТ-М300/Проект/
БД500/desc//08.01 СВ/661.0031 ДЗ/img/DZ_FZ_1.pdf  used on input line 393.

(luatex.def)             Requested size: 329.22447pt x 241.7841pt.
<//uni-eng.ru/unit/Ivanovo/Документация ЮНИТ М300/Разра
ботка/Схемы ФБ ЮНИТ-М300/Проект/БД500/desc//08.01 С
В/661.0031 ДЗ/img/DZ_FZ_2.pdf, id=805, 292.59312pt x 173.71292pt>
File: //uni-eng.ru/unit/Ivanovo/Документация ЮНИТ М300/Раз
работка/Схемы ФБ ЮНИТ-М300/Проект/БД500/desc//08.01 
СВ/661.0031 ДЗ/img/DZ_FZ_2.pdf Graphic file (type pdf)
<use //uni-eng.ru/unit/Ivanovo/Документация ЮНИТ М300/Раз
работка/Схемы ФБ ЮНИТ-М300/Проект/БД500/desc//08.01 
СВ/661.0031 ДЗ/img/DZ_FZ_2.pdf>
Package luatex.def Info: //uni-eng.ru/unit/Ivanovo/Документация Ю
НИТ М300/Разработка/Схемы ФБ ЮНИТ-М300/Проект/
БД500/desc//08.01 СВ/661.0031 ДЗ/img/DZ_FZ_2.pdf  used on input line 429.

(luatex.def)             Requested size: 329.22447pt x 195.46101pt.
 [22<//uni-eng.ru/unit/Ivanovo/Документация ЮНИТ М300/Раз
работка/Схемы ФБ ЮНИТ-М300/Проект/БД500/desc//08.01 
СВ/661.0031 ДЗ/img/DZ_FZ_1.pdf>]

Package enumitem Warning: Negative labelwidth. This does not make much
(enumitem)                sense, on input line 470.


Package enumitem Warning: Negative labelwidth. This does not make much
(enumitem)                sense, on input line 478.

<//uni-eng.ru/unit/Ivanovo/Документация ЮНИТ М300/Разра
ботка/Схемы ФБ ЮНИТ-М300/Проект/БД500/desc//08.01 С
В/661.0031 ДЗ/img/OA_DZ_without_T.pdf, id=843, 212.70113pt x 252.60884pt>
File: //uni-eng.ru/unit/Ivanovo/Документация ЮНИТ М300/Раз
работка/Схемы ФБ ЮНИТ-М300/Проект/БД500/desc//08.01 
СВ/661.0031 ДЗ/img/OA_DZ_without_T.pdf Graphic file (type pdf)
<use //uni-eng.ru/unit/Ivanovo/Документация ЮНИТ М300/Раз
работка/Схемы ФБ ЮНИТ-М300/Проект/БД500/desc//08.01 
СВ/661.0031 ДЗ/img/OA_DZ_without_T.pdf>
Package luatex.def Info: //uni-eng.ru/unit/Ivanovo/Документация Ю
НИТ М300/Разработка/Схемы ФБ ЮНИТ-М300/Проект/
БД500/desc//08.01 СВ/661.0031 ДЗ/img/OA_DZ_without_T.pdf  used on input l
ine 505.
(luatex.def)             Requested size: 405.19115pt x 481.21448pt.
[23<//uni-eng.ru/unit/Ivanovo/Документация ЮНИТ М300/Разр
аботка/Схемы ФБ ЮНИТ-М300/Проект/БД500/desc//08.01 
СВ/661.0031 ДЗ/img/DZ_FZ_2.pdf>]
<//uni-eng.ru/unit/Ivanovo/Документация ЮНИТ М300/Разра
ботка/Схемы ФБ ЮНИТ-М300/Проект/БД500/desc//08.01 С
В/661.0031 ДЗ/img/OA_DZ.pdf, id=883, 209.31296pt x 251.47948pt>
File: //uni-eng.ru/unit/Ivanovo/Документация ЮНИТ М300/Раз
работка/Схемы ФБ ЮНИТ-М300/Проект/БД500/desc//08.01 
СВ/661.0031 ДЗ/img/OA_DZ.pdf Graphic file (type pdf)
<use //uni-eng.ru/unit/Ivanovo/Документация ЮНИТ М300/Раз
работка/Схемы ФБ ЮНИТ-М300/Проект/БД500/desc//08.01 
СВ/661.0031 ДЗ/img/OA_DZ.pdf>
Package luatex.def Info: //uni-eng.ru/unit/Ivanovo/Документация Ю
НИТ М300/Разработка/Схемы ФБ ЮНИТ-М300/Проект/
БД500/desc//08.01 СВ/661.0031 ДЗ/img/OA_DZ.pdf  used on input line 529.
(luatex.def)             Requested size: 405.22665pt x 486.86038pt.
 [24<//uni-eng.ru/unit/Ivanovo/Документация ЮНИТ М300/Раз
работка/Схемы ФБ ЮНИТ-М300/Проект/БД500/desc//08.01 
СВ/661.0031 ДЗ/img/OA_DZ_without_T.pdf>]
<//uni-eng.ru/unit/Ivanovo/Документация ЮНИТ М300/Разра
ботка/Схемы ФБ ЮНИТ-М300/Проект/БД500/desc//08.01 С
В/661.0031 ДЗ/img/AA_DZ.pdf, id=914, 208.9365pt x 253.36182pt>
File: //uni-eng.ru/unit/Ivanovo/Документация ЮНИТ М300/Раз
работка/Схемы ФБ ЮНИТ-М300/Проект/БД500/desc//08.01 
СВ/661.0031 ДЗ/img/AA_DZ.pdf Graphic file (type pdf)
<use //uni-eng.ru/unit/Ivanovo/Документация ЮНИТ М300/Раз
работка/Схемы ФБ ЮНИТ-М300/Проект/БД500/desc//08.01 
СВ/661.0031 ДЗ/img/AA_DZ.pdf>
Package luatex.def Info: //uni-eng.ru/unit/Ivanovo/Документация Ю
НИТ М300/Разработка/Схемы ФБ ЮНИТ-М300/Проект/
БД500/desc//08.01 СВ/661.0031 ДЗ/img/AA_DZ.pdf  used on input line 566.
(luatex.def)             Requested size: 506.53009pt x 614.23155pt.
 [25<//uni-eng.ru/unit/Ivanovo/Документация ЮНИТ М300/Раз
работка/Схемы ФБ ЮНИТ-М300/Проект/БД500/desc//08.01 
СВ/661.0031 ДЗ/img/OA_DZ.pdf>]) [26<//uni-eng.ru/unit/Ivanovo/Докуме
нтация ЮНИТ М300/Разработка/Схемы ФБ ЮНИТ-М300/
Проект/БД500/desc//08.01 СВ/661.0031 ДЗ/img/AA_DZ.pdf>]
("//uni-eng.ru/unit/Ivanovo/Документация ЮНИТ М300/Разра
ботка/Схемы ФБ ЮНИТ-М300/Проект/РЭ500/99. Общие 
разделы РЭ//section3.tex" [27

]

Package enumitem Warning: Negative labelwidth. This does not make much
(enumitem)                sense, on input line 76.

) (./startapp.tex) [28]
("//uni-eng.ru/unit/Ivanovo/Документация ЮНИТ М300/Разра
ботка/Схемы ФБ ЮНИТ-М300/Проект/РЭ500/08.01 РЭ ЮН
ИТ-М500-СВ//Приложение. Уставки/_latex/settings_macros.te
x")
("//uni-eng.ru/unit/Ivanovo/Документация ЮНИТ М300/Разра
ботка/Схемы ФБ ЮНИТ-М300/Проект/РЭ500/08.01 РЭ ЮН
ИТ-М500-СВ//Приложение. Уставки/_latex/appset.tex"
ignored: Infinite glue shrinkage found in box being split
[29]
ignored: Infinite glue shrinkage found in box being split [30]
ignored: Infinite glue shrinkage found in box being split [31]
ignored: Infinite glue shrinkage found in box being split [32]
ignored: Infinite glue shrinkage found in box being split [33]
ignored: Infinite glue shrinkage found in box being split [34]
ignored: Infinite glue shrinkage found in box being split [35]
ignored: Infinite glue shrinkage found in box being split [36]
ignored: Infinite glue shrinkage found in box being split [37]
ignored: Infinite glue shrinkage found in box being split [38]
ignored: Infinite glue shrinkage found in box being split [39]
ignored: Infinite glue shrinkage found in box being split [40]
ignored: Infinite glue shrinkage found in box being split [41] [42]
ignored: Infinite glue shrinkage found in box being split [43]
ignored: Infinite glue shrinkage found in box being split
[44]
ignored: Infinite glue shrinkage found in box being split [45]
ignored: Infinite glue shrinkage found in box being split [46]
ignored: Infinite glue shrinkage found in box being split [47] [48])
("//uni-eng.ru/unit/Ivanovo/Документация ЮНИТ М300/Разра
ботка/Схемы ФБ ЮНИТ-М300/Проект/РЭ500/08.01 РЭ ЮН
ИТ-М500-СВ//Приложение. БНН/bnn.tex"
Package typearea Info: These are the values describing the layout:
(typearea)             DIV  = areaset
(typearea)             BCOR = 0.0pt
(typearea)             \paperwidth      = 597.50793pt
(typearea)              \textwidth      = 759.68857pt
(typearea)              \evensidemargin = -153.3603pt
(typearea)              \oddsidemargin  = -153.3603pt
(typearea)             \paperheight     = 845.04694pt
(typearea)              \textheight     = 512.1496pt
(typearea)              \topmargin      = -0.05421pt
(typearea)              \headheight     = 17.0pt
(typearea)              \headsep        = 21.75pt
(typearea)              \topskip        = 22.0pt
(typearea)              \footskip       = 50.75pt
(typearea)              \baselineskip   = 14.5pt
(typearea)              on input line 2.
Package typearea Info: Using dirty hack to recalculate internal output
(typearea)             dimensions of LaTeX on input line 2.
*geometry* verbose mode - [ newgeometry ] result:
* driver: luatex
* paper: a4paper
* layout: <same size as paper>
* layoutoffset:(h,v)=(0.0pt,0.0pt)
* modes: 
* h-part:(L,W,R)=(62.59605pt, 506.45908pt, 28.45274pt)
* v-part:(T,H,B)=(39.83385pt, 773.91498pt, 31.29802pt)
* \paperwidth=597.50787pt
* \paperheight=845.04684pt
* \textwidth=506.45908pt
* \textheight=773.91498pt
* \oddsidemargin=-9.67393pt
* \evensidemargin=-9.67393pt
* \topmargin=-55.47195pt
* \headheight=14.5pt
* \headsep=8.53581pt
* \topskip=22.0pt
* \footskip=19.91692pt
* \marginparwidth=0.0pt
* \marginparsep=0.0pt
* \columnsep=10.0pt
* \skip\footins=10.8pt plus 4.0pt minus 2.0pt
* \hoffset=0.0pt
* \voffset=0.0pt
* \mag=1000
* \@twocolumnfalse
* \@twosidefalse
* \@mparswitchfalse
* \@reversemarginfalse
* (1in=72.27pt=25.4mm, 1cm=28.453pt)


Overfull \hbox (2.39368pt too wide) in paragraph at lines 37--37
 []|\TU/ArialNarrow(0)/m/n/10.95 Особая 
 []


Overfull \hbox (7.87033pt too wide) in alignment at lines 32--39
 [][][][][][][] 
 []


Overfull \hbox (2.39368pt too wide) in paragraph at lines 44--44
 []|\TU/ArialNarrow(0)/m/n/10.95 Особая 
 []


Overfull \hbox (7.87033pt too wide) in alignment at lines 39--46
 [][][][][][][] 
 []


Overfull \hbox (7.87033pt too wide) in alignment at lines 46--49
 [][][][][][][] 
 []


Overfull \hbox (7.87033pt too wide) in alignment at lines 49--50
 [][][][][][][] 
 []

<//uni-eng.ru/unit/Ivanovo/Документация ЮНИТ М300/Разра
ботка/Схемы ФБ ЮНИТ-М300/Проект/РЭ500/08.01 РЭ ЮН
ИТ-М500-СВ//Приложение. БНН/img/111.pdf, id=1190, 137.6434pt 
x 99.21962pt>
File: //uni-eng.ru/unit/Ivanovo/Документация ЮНИТ М300/Раз
работка/Схемы ФБ ЮНИТ-М300/Проект/РЭ500/08.01 РЭ 
ЮНИТ-М500-СВ//Приложение. БНН/img/111.pdf Graphic file (typ
e pdf)
<use //uni-eng.ru/unit/Ivanovo/Документация ЮНИТ М300/Раз
работка/Схемы ФБ ЮНИТ-М300/Проект/РЭ500/08.01 РЭ 
ЮНИТ-М500-СВ//Приложение. БНН/img/111.pdf>
Package luatex.def Info: //uni-eng.ru/unit/Ivanovo/Документация Ю
НИТ М300/Разработка/Схемы ФБ ЮНИТ-М300/Проект/
РЭ500/08.01 РЭ ЮНИТ-М500-СВ//Приложение. БНН/img/111.pd
f  used on input line 52.
(luatex.def)             Requested size: 126.61664pt x 91.27104pt.
<//uni-eng.ru/unit/Ivanovo/Документация ЮНИТ М300/Разра
ботка/Схемы ФБ ЮНИТ-М300/Проект/РЭ500/08.01 РЭ ЮН
ИТ-М500-СВ//Приложение. БНН/img/112.pdf, id=1191, 138.5372pt 
x 103.68898pt>
File: //uni-eng.ru/unit/Ivanovo/Документация ЮНИТ М300/Раз
работка/Схемы ФБ ЮНИТ-М300/Проект/РЭ500/08.01 РЭ 
ЮНИТ-М500-СВ//Приложение. БНН/img/112.pdf Graphic file (typ
e pdf)
<use //uni-eng.ru/unit/Ivanovo/Документация ЮНИТ М300/Раз
работка/Схемы ФБ ЮНИТ-М300/Проект/РЭ500/08.01 РЭ 
ЮНИТ-М500-СВ//Приложение. БНН/img/112.pdf>
Package luatex.def Info: //uni-eng.ru/unit/Ivanovo/Документация Ю
НИТ М300/Разработка/Схемы ФБ ЮНИТ-М300/Проект/
РЭ500/08.01 РЭ ЮНИТ-М500-СВ//Приложение. БНН/img/112.pd
f  used on input line 52.
(luatex.def)             Requested size: 126.61476pt x 94.76846pt.
LaTeX Font Info:    Font shape `TU/ArialNarrow(0)/m/sl' in size <10> not availa
ble
(Font)              Font shape `TU/ArialNarrow(0)/m/it' tried instead on input 
line 52.

Overfull \hbox (1.73445pt too wide) in paragraph at lines 52--52
 []|[]| 
 []

<//uni-eng.ru/unit/Ivanovo/Документация ЮНИТ М300/Разра
ботка/Схемы ФБ ЮНИТ-М300/Проект/РЭ500/08.01 РЭ ЮН
ИТ-М500-СВ//Приложение. БНН/img/121.pdf, id=1192, 135.40897pt
 x 86.2585pt>
File: //uni-eng.ru/unit/Ivanovo/Документация ЮНИТ М300/Раз
работка/Схемы ФБ ЮНИТ-М300/Проект/РЭ500/08.01 РЭ 
ЮНИТ-М500-СВ//Приложение. БНН/img/121.pdf Graphic file (typ
e pdf)
<use //uni-eng.ru/unit/Ivanovo/Документация ЮНИТ М300/Раз
работка/Схемы ФБ ЮНИТ-М300/Проект/РЭ500/08.01 РЭ 
ЮНИТ-М500-СВ//Приложение. БНН/img/121.pdf>
Package luatex.def Info: //uni-eng.ru/unit/Ivanovo/Документация Ю
НИТ М300/Разработка/Схемы ФБ ЮНИТ-М300/Проект/
РЭ500/08.01 РЭ ЮНИТ-М500-СВ//Приложение. БНН/img/121.pd
f  used on input line 55.
(luatex.def)             Requested size: 126.61497pt x 80.65652pt.
<//uni-eng.ru/unit/Ivanovo/Документация ЮНИТ М300/Разра
ботка/Схемы ФБ ЮНИТ-М300/Проект/РЭ500/08.01 РЭ ЮН
ИТ-М500-СВ//Приложение. БНН/img/122.pdf, id=1193, 137.58383pt
 x 87.89198pt>
File: //uni-eng.ru/unit/Ivanovo/Документация ЮНИТ М300/Раз
работка/Схемы ФБ ЮНИТ-М300/Проект/РЭ500/08.01 РЭ 
ЮНИТ-М500-СВ//Приложение. БНН/img/122.pdf Graphic file (typ
e pdf)
<use //uni-eng.ru/unit/Ivanovo/Документация ЮНИТ М300/Раз
работка/Схемы ФБ ЮНИТ-М300/Проект/РЭ500/08.01 РЭ 
ЮНИТ-М500-СВ//Приложение. БНН/img/122.pdf>
Package luatex.def Info: //uni-eng.ru/unit/Ivanovo/Документация Ю
НИТ М300/Разработка/Схемы ФБ ЮНИТ-М300/Проект/
РЭ500/08.01 РЭ ЮНИТ-М500-СВ//Приложение. БНН/img/122.pd
f  used on input line 55.
(luatex.def)             Requested size: 126.61476pt x 80.88707pt.
<//uni-eng.ru/unit/Ivanovo/Документация ЮНИТ М300/Разра
ботка/Схемы ФБ ЮНИТ-М300/Проект/РЭ500/08.01 РЭ ЮН
ИТ-М500-СВ//Приложение. БНН/img/131.pdf, id=1194, 135.51347pt
 x 76.76369pt>
File: //uni-eng.ru/unit/Ivanovo/Документация ЮНИТ М300/Раз
работка/Схемы ФБ ЮНИТ-М300/Проект/РЭ500/08.01 РЭ 
ЮНИТ-М500-СВ//Приложение. БНН/img/131.pdf Graphic file (typ
e pdf)
<use //uni-eng.ru/unit/Ivanovo/Документация ЮНИТ М300/Раз
работка/Схемы ФБ ЮНИТ-М300/Проект/РЭ500/08.01 РЭ 
ЮНИТ-М500-СВ//Приложение. БНН/img/131.pdf>
Package luatex.def Info: //uni-eng.ru/unit/Ivanovo/Документация Ю
НИТ М300/Разработка/Схемы ФБ ЮНИТ-М300/Проект/
РЭ500/08.01 РЭ ЮНИТ-М500-СВ//Приложение. БНН/img/131.pd
f  used on input line 58.
(luatex.def)             Requested size: 126.61966pt x 71.72563pt.
<//uni-eng.ru/unit/Ivanovo/Документация ЮНИТ М300/Разра
ботка/Схемы ФБ ЮНИТ-М300/Проект/РЭ500/08.01 РЭ ЮН
ИТ-М500-СВ//Приложение. БНН/img/132.pdf, id=1195, 133.98792pt
 x 73.2516pt>
File: //uni-eng.ru/unit/Ivanovo/Документация ЮНИТ М300/Раз
работка/Схемы ФБ ЮНИТ-М300/Проект/РЭ500/08.01 РЭ 
ЮНИТ-М500-СВ//Приложение. БНН/img/132.pdf Graphic file (typ
e pdf)
<use //uni-eng.ru/unit/Ivanovo/Документация ЮНИТ М300/Раз
работка/Схемы ФБ ЮНИТ-М300/Проект/РЭ500/08.01 РЭ 
ЮНИТ-М500-СВ//Приложение. БНН/img/132.pdf>
Package luatex.def Info: //uni-eng.ru/unit/Ivanovo/Документация Ю
НИТ М300/Разработка/Схемы ФБ ЮНИТ-М300/Проект/
РЭ500/08.01 РЭ ЮНИТ-М500-СВ//Приложение. БНН/img/132.pd
f  used on input line 58.
(luatex.def)             Requested size: 126.61476pt x 69.222pt.

Overfull \hbox (1.73445pt too wide) in paragraph at lines 58--58
 []|[]| 
 []

<//uni-eng.ru/unit/Ivanovo/Документация ЮНИТ М300/Разра
ботка/Схемы ФБ ЮНИТ-М300/Проект/РЭ500/08.01 РЭ ЮН
ИТ-М500-СВ//Приложение. БНН/img/141.pdf, id=1196, 129.97322pt
 x 83.7878pt>
File: //uni-eng.ru/unit/Ivanovo/Документация ЮНИТ М300/Раз
работка/Схемы ФБ ЮНИТ-М300/Проект/РЭ500/08.01 РЭ 
ЮНИТ-М500-СВ//Приложение. БНН/img/141.pdf Graphic file (typ
e pdf)
<use //uni-eng.ru/unit/Ivanovo/Документация ЮНИТ М300/Раз
работка/Схемы ФБ ЮНИТ-М300/Проект/РЭ500/08.01 РЭ 
ЮНИТ-М500-СВ//Приложение. БНН/img/141.pdf>
Package luatex.def Info: //uni-eng.ru/unit/Ivanovo/Документация Ю
НИТ М300/Разработка/Схемы ФБ ЮНИТ-М300/Проект/
РЭ500/08.01 РЭ ЮНИТ-М500-СВ//Приложение. БНН/img/141.pd
f  used on input line 61.
(luatex.def)             Requested size: 126.61725pt x 81.62434pt.
<//uni-eng.ru/unit/Ivanovo/Документация ЮНИТ М300/Разра
ботка/Схемы ФБ ЮНИТ-М300/Проект/РЭ500/08.01 РЭ ЮН
ИТ-М500-СВ//Приложение. БНН/img/142.pdf, id=1197, 132.48232pt
 x 81.27919pt>
File: //uni-eng.ru/unit/Ivanovo/Документация ЮНИТ М300/Раз
работка/Схемы ФБ ЮНИТ-М300/Проект/РЭ500/08.01 РЭ 
ЮНИТ-М500-СВ//Приложение. БНН/img/142.pdf Graphic file (typ
e pdf)
<use //uni-eng.ru/unit/Ivanovo/Документация ЮНИТ М300/Раз
работка/Схемы ФБ ЮНИТ-М300/Проект/РЭ500/08.01 РЭ 
ЮНИТ-М500-СВ//Приложение. БНН/img/142.pdf>
Package luatex.def Info: //uni-eng.ru/unit/Ivanovo/Документация Ю
НИТ М300/Разработка/Схемы ФБ ЮНИТ-М300/Проект/
РЭ500/08.01 РЭ ЮНИТ-М500-СВ//Приложение. БНН/img/142.pd
f  used on input line 61.
(luatex.def)             Requested size: 126.61476pt x 77.68233pt.
<//uni-eng.ru/unit/Ivanovo/Документация ЮНИТ М300/Разра
ботка/Схемы ФБ ЮНИТ-М300/Проект/РЭ500/08.01 РЭ ЮН
ИТ-М500-СВ//Приложение. БНН/img/151.pdf, id=1198, 105.00732pt
 x 76.82222pt>
File: //uni-eng.ru/unit/Ivanovo/Документация ЮНИТ М300/Раз
работка/Схемы ФБ ЮНИТ-М300/Проект/РЭ500/08.01 РЭ 
ЮНИТ-М500-СВ//Приложение. БНН/img/151.pdf Graphic file (typ
e pdf)
<use //uni-eng.ru/unit/Ivanovo/Документация ЮНИТ М300/Раз
работка/Схемы ФБ ЮНИТ-М300/Проект/РЭ500/08.01 РЭ 
ЮНИТ-М500-СВ//Приложение. БНН/img/151.pdf>
Package luatex.def Info: //uni-eng.ru/unit/Ivanovo/Документация Ю
НИТ М300/Разработка/Схемы ФБ ЮНИТ-М300/Проект/
РЭ500/08.01 РЭ ЮНИТ-М500-СВ//Приложение. БНН/img/151.pd
f  used on input line 65.
(luatex.def)             Requested size: 101.29617pt x 74.10718pt.
<//uni-eng.ru/unit/Ivanovo/Документация ЮНИТ М300/Разра
ботка/Схемы ФБ ЮНИТ-М300/Проект/РЭ500/08.01 РЭ ЮН
ИТ-М500-СВ//Приложение. БНН/img/152.pdf, id=1199, 122.94765pt
 x 80.77747pt>
File: //uni-eng.ru/unit/Ivanovo/Документация ЮНИТ М300/Раз
работка/Схемы ФБ ЮНИТ-М300/Проект/РЭ500/08.01 РЭ 
ЮНИТ-М500-СВ//Приложение. БНН/img/152.pdf Graphic file (typ
e pdf)
<use //uni-eng.ru/unit/Ivanovo/Документация ЮНИТ М300/Раз
работка/Схемы ФБ ЮНИТ-М300/Проект/РЭ500/08.01 РЭ 
ЮНИТ-М500-СВ//Приложение. БНН/img/152.pdf>
Package luatex.def Info: //uni-eng.ru/unit/Ivanovo/Документация Ю
НИТ М300/Разработка/Схемы ФБ ЮНИТ-М300/Проект/
РЭ500/08.01 РЭ ЮНИТ-М500-СВ//Приложение. БНН/img/152.pd
f  used on input line 65.
(luatex.def)             Requested size: 141.80792pt x 93.1756pt.
<//uni-eng.ru/unit/Ivanovo/Документация ЮНИТ М300/Разра
ботка/Схемы ФБ ЮНИТ-М300/Проект/РЭ500/08.01 РЭ ЮН
ИТ-М500-СВ//Приложение. БНН/img/161.pdf, id=1200, 100.5968pt 
x 77.00032pt>
File: //uni-eng.ru/unit/Ivanovo/Документация ЮНИТ М300/Раз
работка/Схемы ФБ ЮНИТ-М300/Проект/РЭ500/08.01 РЭ 
ЮНИТ-М500-СВ//Приложение. БНН/img/161.pdf Graphic file (typ
e pdf)
<use //uni-eng.ru/unit/Ivanovo/Документация ЮНИТ М300/Раз
работка/Схемы ФБ ЮНИТ-М300/Проект/РЭ500/08.01 РЭ 
ЮНИТ-М500-СВ//Приложение. БНН/img/161.pdf>
Package luatex.def Info: //uni-eng.ru/unit/Ivanovo/Документация Ю
НИТ М300/Разработка/Схемы ФБ ЮНИТ-М300/Проект/
РЭ500/08.01 РЭ ЮНИТ-М500-СВ//Приложение. БНН/img/161.pd
f  used on input line 68.
(luatex.def)             Requested size: 101.29189pt x 77.53235pt.
<//uni-eng.ru/unit/Ivanovo/Документация ЮНИТ М300/Разра
ботка/Схемы ФБ ЮНИТ-М300/Проект/РЭ500/08.01 РЭ ЮН
ИТ-М500-СВ//Приложение. БНН/img/162.pdf, id=1201, 115.92207pt
 x 82.78435pt>
File: //uni-eng.ru/unit/Ivanovo/Документация ЮНИТ М300/Раз
работка/Схемы ФБ ЮНИТ-М300/Проект/РЭ500/08.01 РЭ 
ЮНИТ-М500-СВ//Приложение. БНН/img/162.pdf Graphic file (typ
e pdf)
<use //uni-eng.ru/unit/Ivanovo/Документация ЮНИТ М300/Раз
работка/Схемы ФБ ЮНИТ-М300/Проект/РЭ500/08.01 РЭ 
ЮНИТ-М500-СВ//Приложение. БНН/img/162.pdf>
Package luatex.def Info: //uni-eng.ru/unit/Ivanovo/Документация Ю
НИТ М300/Разработка/Схемы ФБ ЮНИТ-М300/Проект/
РЭ500/08.01 РЭ ЮНИТ-М500-СВ//Приложение. БНН/img/162.pd
f  used on input line 68.
(luatex.def)             Requested size: 141.80792pt x 101.28348pt.
<//uni-eng.ru/unit/Ivanovo/Документация ЮНИТ М300/Разра
ботка/Схемы ФБ ЮНИТ-М300/Проект/РЭ500/08.01 РЭ ЮН
ИТ-М500-СВ//Приложение. БНН/img/171.pdf, id=1202, 97.66814pt 
x 76.76366pt>
File: //uni-eng.ru/unit/Ivanovo/Документация ЮНИТ М300/Раз
работка/Схемы ФБ ЮНИТ-М300/Проект/РЭ500/08.01 РЭ 
ЮНИТ-М500-СВ//Приложение. БНН/img/171.pdf Graphic file (typ
e pdf)
<use //uni-eng.ru/unit/Ivanovo/Документация ЮНИТ М300/Раз
работка/Схемы ФБ ЮНИТ-М300/Проект/РЭ500/08.01 РЭ 
ЮНИТ-М500-СВ//Приложение. БНН/img/171.pdf>
Package luatex.def Info: //uni-eng.ru/unit/Ivanovo/Документация Ю
НИТ М300/Разработка/Схемы ФБ ЮНИТ-М300/Проект/
РЭ500/08.01 РЭ ЮНИТ-М500-СВ//Приложение. БНН/img/171.pd
f  used on input line 71.
(luatex.def)             Requested size: 101.29376pt x 79.61325pt.
<//uni-eng.ru/unit/Ivanovo/Документация ЮНИТ М300/Разра
ботка/Схемы ФБ ЮНИТ-М300/Проект/РЭ500/08.01 РЭ ЮН
ИТ-М500-СВ//Приложение. БНН/img/172.pdf, id=1203, 122.94768pt
 x 93.32053pt>
File: //uni-eng.ru/unit/Ivanovo/Документация ЮНИТ М300/Раз
работка/Схемы ФБ ЮНИТ-М300/Проект/РЭ500/08.01 РЭ 
ЮНИТ-М500-СВ//Приложение. БНН/img/172.pdf Graphic file (typ
e pdf)
<use //uni-eng.ru/unit/Ivanovo/Документация ЮНИТ М300/Раз
работка/Схемы ФБ ЮНИТ-М300/Проект/РЭ500/08.01 РЭ 
ЮНИТ-М500-СВ//Приложение. БНН/img/172.pdf>
Package luatex.def Info: //uni-eng.ru/unit/Ivanovo/Документация Ю
НИТ М300/Разработка/Схемы ФБ ЮНИТ-М300/Проект/
РЭ500/08.01 РЭ ЮНИТ-М500-СВ//Приложение. БНН/img/172.pd
f  used on input line 71.
(luatex.def)             Requested size: 141.80792pt x 107.64383pt.

Overfull \hbox (3.04968pt too wide) in paragraph at lines 71--71
 []|[]| 
 []

<//uni-eng.ru/unit/Ivanovo/Документация ЮНИТ М300/Разра
ботка/Схемы ФБ ЮНИТ-М300/Проект/РЭ500/08.01 РЭ ЮН
ИТ-М500-СВ//Приложение. БНН/img/181.pdf, id=1204, 93.46529pt 
x 73.12619pt>
File: //uni-eng.ru/unit/Ivanovo/Документация ЮНИТ М300/Раз
работка/Схемы ФБ ЮНИТ-М300/Проект/РЭ500/08.01 РЭ 
ЮНИТ-М500-СВ//Приложение. БНН/img/181.pdf Graphic file (typ
e pdf)
<use //uni-eng.ru/unit/Ivanovo/Документация ЮНИТ М300/Раз
работка/Схемы ФБ ЮНИТ-М300/Проект/РЭ500/08.01 РЭ 
ЮНИТ-М500-СВ//Приложение. БНН/img/181.pdf>
Package luatex.def Info: //uni-eng.ru/unit/Ivanovo/Документация Ю
НИТ М300/Разработка/Схемы ФБ ЮНИТ-М300/Проект/
РЭ500/08.01 РЭ ЮНИТ-М500-СВ//Приложение. БНН/img/181.pd
f  used on input line 74.
(luatex.def)             Requested size: 101.2947pt x 79.25182pt.
<//uni-eng.ru/unit/Ivanovo/Документация ЮНИТ М300/Разра
ботка/Схемы ФБ ЮНИТ-М300/Проект/РЭ500/08.01 РЭ ЮН
ИТ-М500-СВ//Приложение. БНН/img/182.pdf, id=1205, 123.95126pt
 x 86.29642pt>
File: //uni-eng.ru/unit/Ivanovo/Документация ЮНИТ М300/Раз
работка/Схемы ФБ ЮНИТ-М300/Проект/РЭ500/08.01 РЭ 
ЮНИТ-М500-СВ//Приложение. БНН/img/182.pdf Graphic file (typ
e pdf)
<use //uni-eng.ru/unit/Ivanovo/Документация ЮНИТ М300/Раз
работка/Схемы ФБ ЮНИТ-М300/Проект/РЭ500/08.01 РЭ 
ЮНИТ-М500-СВ//Приложение. БНН/img/182.pdf>
Package luatex.def Info: //uni-eng.ru/unit/Ivanovo/Документация Ю
НИТ М300/Разработка/Схемы ФБ ЮНИТ-М300/Проект/
РЭ500/08.01 РЭ ЮНИТ-М500-СВ//Приложение. БНН/img/182.pd
f  used on input line 74.
(luatex.def)             Requested size: 126.61476pt x 88.15414pt.
<//uni-eng.ru/unit/Ivanovo/Документация ЮНИТ М300/Разра
ботка/Схемы ФБ ЮНИТ-М300/Проект/РЭ500/08.01 РЭ ЮН
ИТ-М500-СВ//Приложение. БНН/img/191.pdf, id=1206, 91.45802pt 
x 72.1227pt>
File: //uni-eng.ru/unit/Ivanovo/Документация ЮНИТ М300/Раз
работка/Схемы ФБ ЮНИТ-М300/Проект/РЭ500/08.01 РЭ 
ЮНИТ-М500-СВ//Приложение. БНН/img/191.pdf Graphic file (typ
e pdf)
<use //uni-eng.ru/unit/Ivanovo/Документация ЮНИТ М300/Раз
работка/Схемы ФБ ЮНИТ-М300/Проект/РЭ500/08.01 РЭ 
ЮНИТ-М500-СВ//Приложение. БНН/img/191.pdf>
Package luatex.def Info: //uni-eng.ru/unit/Ivanovo/Документация Ю
НИТ М300/Разработка/Схемы ФБ ЮНИТ-М300/Проект/
РЭ500/08.01 РЭ ЮНИТ-М500-СВ//Приложение. БНН/img/191.pd
f  used on input line 78.
(luatex.def)             Requested size: 101.29489pt x 79.87993pt.
<//uni-eng.ru/unit/Ivanovo/Документация ЮНИТ М300/Разра
ботка/Схемы ФБ ЮНИТ-М300/Проект/РЭ500/08.01 РЭ ЮН
ИТ-М500-СВ//Приложение. БНН/img/192.pdf, id=1207, 102.37273pt
 x 72.74988pt>
File: //uni-eng.ru/unit/Ivanovo/Документация ЮНИТ М300/Раз
работка/Схемы ФБ ЮНИТ-М300/Проект/РЭ500/08.01 РЭ 
ЮНИТ-М500-СВ//Приложение. БНН/img/192.pdf Graphic file (typ
e pdf)
<use //uni-eng.ru/unit/Ivanovo/Документация ЮНИТ М300/Раз
работка/Схемы ФБ ЮНИТ-М300/Проект/РЭ500/08.01 РЭ 
ЮНИТ-М500-СВ//Приложение. БНН/img/192.pdf>
Package luatex.def Info: //uni-eng.ru/unit/Ivanovo/Документация Ю
НИТ М300/Разработка/Схемы ФБ ЮНИТ-М300/Проект/
РЭ500/08.01 РЭ ЮНИТ-М500-СВ//Приложение. БНН/img/192.pd
f  used on input line 78.
(luatex.def)             Requested size: 111.4216pt x 79.18367pt.

Overfull \hbox (3.04968pt too wide) in paragraph at lines 78--78
 []|[]| 
 []

<//uni-eng.ru/unit/Ivanovo/Документация ЮНИТ М300/Разра
ботка/Схемы ФБ ЮНИТ-М300/Проект/РЭ500/08.01 РЭ ЮН
ИТ-М500-СВ//Приложение. БНН/img/1101.pdf, id=1208, 95.34718pt
 x 73.12619pt>
File: //uni-eng.ru/unit/Ivanovo/Документация ЮНИТ М300/Раз
работка/Схемы ФБ ЮНИТ-М300/Проект/РЭ500/08.01 РЭ 
ЮНИТ-М500-СВ//Приложение. БНН/img/1101.pdf Graphic file (ty
pe pdf)
<use //uni-eng.ru/unit/Ivanovo/Документация ЮНИТ М300/Раз
работка/Схемы ФБ ЮНИТ-М300/Проект/РЭ500/08.01 РЭ 
ЮНИТ-М500-СВ//Приложение. БНН/img/1101.pdf>
Package luatex.def Info: //uni-eng.ru/unit/Ivanovo/Документация Ю
НИТ М300/Разработка/Схемы ФБ ЮНИТ-М300/Проект/
РЭ500/08.01 РЭ ЮНИТ-М500-СВ//Приложение. БНН/img/1101.p
df  used on input line 81.
(luatex.def)             Requested size: 101.293pt x 77.68633pt.
<//uni-eng.ru/unit/Ivanovo/Документация ЮНИТ М300/Разра
ботка/Схемы ФБ ЮНИТ-М300/Проект/РЭ500/08.01 РЭ ЮН
ИТ-М500-СВ//Приложение. БНН/img/1102.pdf, id=1209, 100.86725p
t x 74.75677pt>
File: //uni-eng.ru/unit/Ivanovo/Документация ЮНИТ М300/Раз
работка/Схемы ФБ ЮНИТ-М300/Проект/РЭ500/08.01 РЭ 
ЮНИТ-М500-СВ//Приложение. БНН/img/1102.pdf Graphic file (ty
pe pdf)
<use //uni-eng.ru/unit/Ivanovo/Документация ЮНИТ М300/Раз
работка/Схемы ФБ ЮНИТ-М300/Проект/РЭ500/08.01 РЭ 
ЮНИТ-М500-СВ//Приложение. БНН/img/1102.pdf>
Package luatex.def Info: //uni-eng.ru/unit/Ivanovo/Документация Ю
НИТ М300/Разработка/Схемы ФБ ЮНИТ-М300/Проект/
РЭ500/08.01 РЭ ЮНИТ-М500-СВ//Приложение. БНН/img/1102.p
df  used on input line 81.
(luatex.def)             Requested size: 111.4216pt x 82.58516pt.
<//uni-eng.ru/unit/Ivanovo/Документация ЮНИТ М300/Разра
ботка/Схемы ФБ ЮНИТ-М300/Проект/РЭ500/08.01 РЭ ЮН
ИТ-М500-СВ//Приложение. БНН/img/1111.pdf, id=1210, 98.85999pt
 x 74.25507pt>
File: //uni-eng.ru/unit/Ivanovo/Документация ЮНИТ М300/Раз
работка/Схемы ФБ ЮНИТ-М300/Проект/РЭ500/08.01 РЭ 
ЮНИТ-М500-СВ//Приложение. БНН/img/1111.pdf Graphic file (ty
pe pdf)
<use //uni-eng.ru/unit/Ivanovo/Документация ЮНИТ М300/Раз
работка/Схемы ФБ ЮНИТ-М300/Проект/РЭ500/08.01 РЭ 
ЮНИТ-М500-СВ//Приложение. БНН/img/1111.pdf>
Package luatex.def Info: //uni-eng.ru/unit/Ivanovo/Документация Ю
НИТ М300/Разработка/Схемы ФБ ЮНИТ-М300/Проект/
РЭ500/08.01 РЭ ЮНИТ-М500-СВ//Приложение. БНН/img/1111.p
df  used on input line 84.
(luatex.def)             Requested size: 101.2899pt x 76.08018pt.
<//uni-eng.ru/unit/Ivanovo/Документация ЮНИТ М300/Разра
ботка/Схемы ФБ ЮНИТ-М300/Проект/РЭ500/08.01 РЭ ЮН
ИТ-М500-СВ//Приложение. БНН/img/1112.pdf, id=1211, 83.80513pt
 x 69.73953pt>
File: //uni-eng.ru/unit/Ivanovo/Документация ЮНИТ М300/Раз
работка/Схемы ФБ ЮНИТ-М300/Проект/РЭ500/08.01 РЭ 
ЮНИТ-М500-СВ//Приложение. БНН/img/1112.pdf Graphic file (ty
pe pdf)
<use //uni-eng.ru/unit/Ivanovo/Документация ЮНИТ М300/Раз
работка/Схемы ФБ ЮНИТ-М300/Проект/РЭ500/08.01 РЭ 
ЮНИТ-М500-СВ//Приложение. БНН/img/1112.pdf>
Package luatex.def Info: //uni-eng.ru/unit/Ivanovo/Документация Ю
НИТ М300/Разработка/Схемы ФБ ЮНИТ-М300/Проект/
РЭ500/08.01 РЭ ЮНИТ-М500-СВ//Приложение. БНН/img/1112.p
df  used on input line 84.
(luatex.def)             Requested size: 101.29027pt x 84.2893pt.

Overfull \hbox (3.04968pt too wide) in paragraph at lines 84--84
 []|[]| 
 []

<//uni-eng.ru/unit/Ivanovo/Документация ЮНИТ М300/Разра
ботка/Схемы ФБ ЮНИТ-М300/Проект/РЭ500/08.01 РЭ ЮН
ИТ-М500-СВ//Приложение. БНН/img/1121.pdf, id=1212, 97.35446pt
 x 69.73953pt>
File: //uni-eng.ru/unit/Ivanovo/Документация ЮНИТ М300/Раз
работка/Схемы ФБ ЮНИТ-М300/Проект/РЭ500/08.01 РЭ 
ЮНИТ-М500-СВ//Приложение. БНН/img/1121.pdf Graphic file (ty
pe pdf)
<use //uni-eng.ru/unit/Ivanovo/Документация ЮНИТ М300/Раз
работка/Схемы ФБ ЮНИТ-М300/Проект/РЭ500/08.01 РЭ 
ЮНИТ-М500-СВ//Приложение. БНН/img/1121.pdf>
Package luatex.def Info: //uni-eng.ru/unit/Ivanovo/Документация Ю
НИТ М300/Разработка/Схемы ФБ ЮНИТ-М300/Проект/
РЭ500/08.01 РЭ ЮНИТ-М500-СВ//Приложение. БНН/img/1121.p
df  used on input line 87.
(luatex.def)             Requested size: 101.2923pt x 72.56038pt.
<//uni-eng.ru/unit/Ivanovo/Документация ЮНИТ М300/Разра
ботка/Схемы ФБ ЮНИТ-М300/Проект/РЭ500/08.01 РЭ ЮН
ИТ-М500-СВ//Приложение. БНН/img/1122.pdf, id=1213, 89.32524pt
 x 89.80847pt>
File: //uni-eng.ru/unit/Ivanovo/Документация ЮНИТ М300/Раз
работка/Схемы ФБ ЮНИТ-М300/Проект/РЭ500/08.01 РЭ 
ЮНИТ-М500-СВ//Приложение. БНН/img/1122.pdf Graphic file (ty
pe pdf)
<use //uni-eng.ru/unit/Ivanovo/Документация ЮНИТ М300/Раз
работка/Схемы ФБ ЮНИТ-М300/Проект/РЭ500/08.01 РЭ 
ЮНИТ-М500-СВ//Приложение. БНН/img/1122.pdf>
Package luatex.def Info: //uni-eng.ru/unit/Ivanovo/Документация Ю
НИТ М300/Разработка/Схемы ФБ ЮНИТ-М300/Проект/
РЭ500/08.01 РЭ ЮНИТ-М500-СВ//Приложение. БНН/img/1122.p
df  used on input line 87.
(luatex.def)             Requested size: 101.29027pt x 101.84276pt.

Overfull \hbox (7.87033pt too wide) in alignment at lines 50--91
 [][][][][][][] 
 []

[49



<//uni-eng.ru/unit/Ivanovo/Документация ЮНИТ М300/Разра
ботка/Схемы ФБ ЮНИТ-М300/Проект/РЭ500/08.01 РЭ ЮН
ИТ-М500-СВ//Приложение. БНН/img/111.pdf><//uni-eng.ru/unit/Iva
novo/Документация ЮНИТ М300/Разработка/Схемы 
ФБ ЮНИТ-М300/Проект/РЭ500/08.01 РЭ ЮНИТ-М500-СВ//Пр
иложение. БНН/img/112.pdf><//uni-eng.ru/unit/Ivanovo/Докумен
тация ЮНИТ М300/Разработка/Схемы ФБ ЮНИТ-М300/
Проект/РЭ500/08.01 РЭ ЮНИТ-М500-СВ//Приложение. Б
НН/img/121.pdf><//uni-eng.ru/unit/Ivanovo/Документация ЮНИТ 
М300/Разработка/Схемы ФБ ЮНИТ-М300/Проект/РЭ500/0
8.01 РЭ ЮНИТ-М500-СВ//Приложение. БНН/img/122.pdf><//uni-e
ng.ru/unit/Ivanovo/Документация ЮНИТ М300/Разработк
а/Схемы ФБ ЮНИТ-М300/Проект/РЭ500/08.01 РЭ ЮНИТ-М500
-СВ//Приложение. БНН/img/131.pdf><//uni-eng.ru/unit/Ivanovo/Д
окументация ЮНИТ М300/Разработка/Схемы ФБ Ю
НИТ-М300/Проект/РЭ500/08.01 РЭ ЮНИТ-М500-СВ//Прилож
ение. БНН/img/132.pdf><//uni-eng.ru/unit/Ivanovo/Документаци
я ЮНИТ М300/Разработка/Схемы ФБ ЮНИТ-М300/Прое
кт/РЭ500/08.01 РЭ ЮНИТ-М500-СВ//Приложение. БНН/img/14
1.pdf><//uni-eng.ru/unit/Ivanovo/Документация ЮНИТ М300/Ра
зработка/Схемы ФБ ЮНИТ-М300/Проект/РЭ500/08.01 Р
Э ЮНИТ-М500-СВ//Приложение. БНН/img/142.pdf>] [50<//uni-eng
.ru/unit/Ivanovo/Документация ЮНИТ М300/Разработка/
Схемы ФБ ЮНИТ-М300/Проект/РЭ500/08.01 РЭ ЮНИТ-М500-
СВ//Приложение. БНН/img/151.pdf><//uni-eng.ru/unit/Ivanovo/До
кументация ЮНИТ М300/Разработка/Схемы ФБ ЮН
ИТ-М300/Проект/РЭ500/08.01 РЭ ЮНИТ-М500-СВ//Приложе
ние. БНН/img/152.pdf><//uni-eng.ru/unit/Ivanovo/Документация 
ЮНИТ М300/Разработка/Схемы ФБ ЮНИТ-М300/Проек
т/РЭ500/08.01 РЭ ЮНИТ-М500-СВ//Приложение. БНН/img/161.
pdf><//uni-eng.ru/unit/Ivanovo/Документация ЮНИТ М300/Раз
работка/Схемы ФБ ЮНИТ-М300/Проект/РЭ500/08.01 РЭ 
ЮНИТ-М500-СВ//Приложение. БНН/img/162.pdf><//uni-eng.ru/unit
/Ivanovo/Документация ЮНИТ М300/Разработка/Схем
ы ФБ ЮНИТ-М300/Проект/РЭ500/08.01 РЭ ЮНИТ-М500-СВ//П
риложение. БНН/img/171.pdf><//uni-eng.ru/unit/Ivanovo/Докуме
нтация ЮНИТ М300/Разработка/Схемы ФБ ЮНИТ-М300/
Проект/РЭ500/08.01 РЭ ЮНИТ-М500-СВ//Приложение. Б
НН/img/172.pdf><//uni-eng.ru/unit/Ivanovo/Документация ЮНИТ 
М300/Разработка/Схемы ФБ ЮНИТ-М300/Проект/РЭ500/0
8.01 РЭ ЮНИТ-М500-СВ//Приложение. БНН/img/181.pdf><//uni-e
ng.ru/unit/Ivanovo/Документация ЮНИТ М300/Разработк
а/Схемы ФБ ЮНИТ-М300/Проект/РЭ500/08.01 РЭ ЮНИТ-М500
-СВ//Приложение. БНН/img/182.pdf>]
Overfull \hbox (0.90613pt too wide) in paragraph at lines 118--118
 []|\TU/ArialNarrow(0)/m/n/10.95 №| 
 []


Overfull \hbox (2.39368pt too wide) in paragraph at lines 118--118
 []|\TU/ArialNarrow(0)/m/n/10.95 Особая 
 []


Overfull \hbox (7.75105pt too wide) in alignment at lines 113--120
 [][][][][][][][] 
 []


Overfull \hbox (0.90613pt too wide) in paragraph at lines 125--125
 []|\TU/ArialNarrow(0)/m/n/10.95 №| 
 []


Overfull \hbox (2.39368pt too wide) in paragraph at lines 125--125
 []|\TU/ArialNarrow(0)/m/n/10.95 Особая 
 []


Overfull \hbox (7.75105pt too wide) in alignment at lines 120--127
 [][][][][][][][] 
 []


Overfull \hbox (7.75105pt too wide) in alignment at lines 127--130
 [][][][][][][][] 
 []


Overfull \hbox (7.75105pt too wide) in alignment at lines 130--131
 [][][][][][][][] 
 []

<//uni-eng.ru/unit/Ivanovo/Документация ЮНИТ М300/Разра
ботка/Схемы ФБ ЮНИТ-М300/Проект/РЭ500/08.01 РЭ ЮН
ИТ-М500-СВ//Приложение. БНН/img/211.pdf, id=1513, 98.85992pt 
x 83.7878pt>
File: //uni-eng.ru/unit/Ivanovo/Документация ЮНИТ М300/Раз
работка/Схемы ФБ ЮНИТ-М300/Проект/РЭ500/08.01 РЭ 
ЮНИТ-М500-СВ//Приложение. БНН/img/211.pdf Graphic file (typ
e pdf)
<use //uni-eng.ru/unit/Ivanovo/Документация ЮНИТ М300/Раз
работка/Схемы ФБ ЮНИТ-М300/Проект/РЭ500/08.01 РЭ 
ЮНИТ-М500-СВ//Приложение. БНН/img/211.pdf>
Package luatex.def Info: //uni-eng.ru/unit/Ivanovo/Документация Ю
НИТ М300/Разработка/Схемы ФБ ЮНИТ-М300/Проект/
РЭ500/08.01 РЭ ЮНИТ-М500-СВ//Приложение. БНН/img/211.pd
f  used on input line 133.
(luatex.def)             Requested size: 101.28981pt x 85.84721pt.
<//uni-eng.ru/unit/Ivanovo/Документация ЮНИТ М300/Разра
ботка/Схемы ФБ ЮНИТ-М300/Проект/РЭ500/08.01 РЭ ЮН
ИТ-М500-СВ//Приложение. БНН/img/212.pdf, id=1514, 107.39102pt
 x 106.36534pt>
File: //uni-eng.ru/unit/Ivanovo/Документация ЮНИТ М300/Раз
работка/Схемы ФБ ЮНИТ-М300/Проект/РЭ500/08.01 РЭ 
ЮНИТ-М500-СВ//Приложение. БНН/img/212.pdf Graphic file (typ
e pdf)
<use //uni-eng.ru/unit/Ivanovo/Документация ЮНИТ М300/Раз
работка/Схемы ФБ ЮНИТ-М300/Проект/РЭ500/08.01 РЭ 
ЮНИТ-М500-СВ//Приложение. БНН/img/212.pdf>
Package luatex.def Info: //uni-eng.ru/unit/Ivanovo/Документация Ю
НИТ М300/Разработка/Схемы ФБ ЮНИТ-М300/Проект/
РЭ500/08.01 РЭ ЮНИТ-М500-СВ//Приложение. БНН/img/212.pd
f  used on input line 133.
(luatex.def)             Requested size: 101.29027pt x 100.32262pt.
<//uni-eng.ru/unit/Ivanovo/Документация ЮНИТ М300/Разра
ботка/Схемы ФБ ЮНИТ-М300/Проект/РЭ500/08.01 РЭ ЮН
ИТ-М500-СВ//Приложение. БНН/img/221.pdf, id=1515, 93.8417pt x
 73.75333pt>
File: //uni-eng.ru/unit/Ivanovo/Документация ЮНИТ М300/Раз
работка/Схемы ФБ ЮНИТ-М300/Проект/РЭ500/08.01 РЭ 
ЮНИТ-М500-СВ//Приложение. БНН/img/221.pdf Graphic file (typ
e pdf)
<use //uni-eng.ru/unit/Ivanovo/Документация ЮНИТ М300/Раз
работка/Схемы ФБ ЮНИТ-М300/Проект/РЭ500/08.01 РЭ 
ЮНИТ-М500-СВ//Приложение. БНН/img/221.pdf>
Package luatex.def Info: //uni-eng.ru/unit/Ivanovo/Документация Ю
НИТ М300/Разработка/Схемы ФБ ЮНИТ-М300/Проект/
РЭ500/08.01 РЭ ЮНИТ-М500-СВ//Приложение. БНН/img/221.pd
f  used on input line 136.
(luatex.def)             Requested size: 101.29596pt x 79.61186pt.
<//uni-eng.ru/unit/Ivanovo/Документация ЮНИТ М300/Разра
ботка/Схемы ФБ ЮНИТ-М300/Проект/РЭ500/08.01 РЭ ЮН
ИТ-М500-СВ//Приложение. БНН/img/222.pdf, id=1516, 89.82704pt 
x 88.80502pt>
File: //uni-eng.ru/unit/Ivanovo/Документация ЮНИТ М300/Раз
работка/Схемы ФБ ЮНИТ-М300/Проект/РЭ500/08.01 РЭ 
ЮНИТ-М500-СВ//Приложение. БНН/img/222.pdf Graphic file (typ
e pdf)
<use //uni-eng.ru/unit/Ivanovo/Документация ЮНИТ М300/Раз
работка/Схемы ФБ ЮНИТ-М300/Проект/РЭ500/08.01 РЭ 
ЮНИТ-М500-СВ//Приложение. БНН/img/222.pdf>
Package luatex.def Info: //uni-eng.ru/unit/Ivanovo/Документация Ю
НИТ М300/Разработка/Схемы ФБ ЮНИТ-М300/Проект/
РЭ500/08.01 РЭ ЮНИТ-М500-СВ//Приложение. БНН/img/222.pd
f  used on input line 136.
(luatex.def)             Requested size: 101.29027pt x 100.14388pt.
<//uni-eng.ru/unit/Ivanovo/Документация ЮНИТ М300/Разра
ботка/Схемы ФБ ЮНИТ-М300/Проект/РЭ500/08.01 РЭ ЮН
ИТ-М500-СВ//Приложение. БНН/img/231.pdf, id=1517, 89.32527pt 
x 71.74643pt>
File: //uni-eng.ru/unit/Ivanovo/Документация ЮНИТ М300/Раз
работка/Схемы ФБ ЮНИТ-М300/Проект/РЭ500/08.01 РЭ 
ЮНИТ-М500-СВ//Приложение. БНН/img/231.pdf Graphic file (typ
e pdf)
<use //uni-eng.ru/unit/Ivanovo/Документация ЮНИТ М300/Раз
работка/Схемы ФБ ЮНИТ-М300/Проект/РЭ500/08.01 РЭ 
ЮНИТ-М500-СВ//Приложение. БНН/img/231.pdf>
Package luatex.def Info: //uni-eng.ru/unit/Ivanovo/Документация Ю
НИТ М300/Разработка/Схемы ФБ ЮНИТ-М300/Проект/
РЭ500/08.01 РЭ ЮНИТ-М500-СВ//Приложение. БНН/img/231.pd
f  used on input line 139.
(luatex.def)             Requested size: 101.29483pt x 81.36043pt.
<//uni-eng.ru/unit/Ivanovo/Документация ЮНИТ М300/Разра
ботка/Схемы ФБ ЮНИТ-М300/Проект/РЭ500/08.01 РЭ ЮН
ИТ-М500-СВ//Приложение. БНН/img/232.pdf, id=1518, 101.87091pt
 x 67.73265pt>
File: //uni-eng.ru/unit/Ivanovo/Документация ЮНИТ М300/Раз
работка/Схемы ФБ ЮНИТ-М300/Проект/РЭ500/08.01 РЭ 
ЮНИТ-М500-СВ//Приложение. БНН/img/232.pdf Graphic file (typ
e pdf)
<use //uni-eng.ru/unit/Ivanovo/Документация ЮНИТ М300/Раз
работка/Схемы ФБ ЮНИТ-М300/Проект/РЭ500/08.01 РЭ 
ЮНИТ-М500-СВ//Приложение. БНН/img/232.pdf>
Package luatex.def Info: //uni-eng.ru/unit/Ivanovo/Документация Ю
НИТ М300/Разработка/Схемы ФБ ЮНИТ-М300/Проект/
РЭ500/08.01 РЭ ЮНИТ-М500-СВ//Приложение. БНН/img/232.pd
f  used on input line 139.
(luatex.def)             Requested size: 101.29027pt x 67.34799pt.
<//uni-eng.ru/unit/Ivanovo/Документация ЮНИТ М300/Разра
ботка/Схемы ФБ ЮНИТ-М300/Проект/РЭ500/08.01 РЭ ЮН
ИТ-М500-СВ//Приложение. БНН/img/241.pdf, id=1519, 99.36177pt 
x 82.28262pt>
File: //uni-eng.ru/unit/Ivanovo/Документация ЮНИТ М300/Раз
работка/Схемы ФБ ЮНИТ-М300/Проект/РЭ500/08.01 РЭ 
ЮНИТ-М500-СВ//Приложение. БНН/img/241.pdf Graphic file (typ
e pdf)
<use //uni-eng.ru/unit/Ivanovo/Документация ЮНИТ М300/Раз
работка/Схемы ФБ ЮНИТ-М300/Проект/РЭ500/08.01 РЭ 
ЮНИТ-М500-СВ//Приложение. БНН/img/241.pdf>
Package luatex.def Info: //uni-eng.ru/unit/Ivanovo/Документация Ю
НИТ М300/Разработка/Схемы ФБ ЮНИТ-М300/Проект/
РЭ500/08.01 РЭ ЮНИТ-М500-СВ//Приложение. БНН/img/241.pd
f  used on input line 142.
(luatex.def)             Requested size: 101.29155pt x 83.88069pt.
<//uni-eng.ru/unit/Ivanovo/Документация ЮНИТ М300/Разра
ботка/Схемы ФБ ЮНИТ-М300/Проект/РЭ500/08.01 РЭ ЮН
ИТ-М500-СВ//Приложение. БНН/img/242.pdf, id=1520, 67.74666pt 
x 69.23781pt>
File: //uni-eng.ru/unit/Ivanovo/Документация ЮНИТ М300/Раз
работка/Схемы ФБ ЮНИТ-М300/Проект/РЭ500/08.01 РЭ 
ЮНИТ-М500-СВ//Приложение. БНН/img/242.pdf Graphic file (typ
e pdf)
<use //uni-eng.ru/unit/Ivanovo/Документация ЮНИТ М300/Раз
работка/Схемы ФБ ЮНИТ-М300/Проект/РЭ500/08.01 РЭ 
ЮНИТ-М500-СВ//Приложение. БНН/img/242.pdf>
Package luatex.def Info: //uni-eng.ru/unit/Ivanovo/Документация Ю
НИТ М300/Разработка/Схемы ФБ ЮНИТ-М300/Проект/
РЭ500/08.01 РЭ ЮНИТ-М500-СВ//Приложение. БНН/img/242.pd
f  used on input line 142.
(luatex.def)             Requested size: 81.0353pt x 82.82397pt.
<//uni-eng.ru/unit/Ivanovo/Документация ЮНИТ М300/Разра
ботка/Схемы ФБ ЮНИТ-М300/Проект/РЭ500/08.01 РЭ ЮН
ИТ-М500-СВ//Приложение. БНН/img/251.pdf, id=1521, 105.88554pt
 x 76.76369pt>
File: //uni-eng.ru/unit/Ivanovo/Документация ЮНИТ М300/Раз
работка/Схемы ФБ ЮНИТ-М300/Проект/РЭ500/08.01 РЭ 
ЮНИТ-М500-СВ//Приложение. БНН/img/251.pdf Graphic file (typ
e pdf)
<use //uni-eng.ru/unit/Ivanovo/Документация ЮНИТ М300/Раз
работка/Схемы ФБ ЮНИТ-М300/Проект/РЭ500/08.01 РЭ 
ЮНИТ-М500-СВ//Приложение. БНН/img/251.pdf>
Package luatex.def Info: //uni-eng.ru/unit/Ivanovo/Документация Ю
НИТ М300/Разработка/Схемы ФБ ЮНИТ-М300/Проект/
РЭ500/08.01 РЭ ЮНИТ-М500-СВ//Приложение. БНН/img/251.pd
f  used on input line 146.
(luatex.def)             Requested size: 111.42383pt x 80.77875pt.
<//uni-eng.ru/unit/Ivanovo/Документация ЮНИТ М300/Разра
ботка/Схемы ФБ ЮНИТ-М300/Проект/РЭ500/08.01 РЭ ЮН
ИТ-М500-СВ//Приложение. БНН/img/252.pdf, id=1522, 77.3127pt x
 74.6382pt>
File: //uni-eng.ru/unit/Ivanovo/Документация ЮНИТ М300/Раз
работка/Схемы ФБ ЮНИТ-М300/Проект/РЭ500/08.01 РЭ 
ЮНИТ-М500-СВ//Приложение. БНН/img/252.pdf Graphic file (typ
e pdf)
<use //uni-eng.ru/unit/Ivanovo/Документация ЮНИТ М300/Раз
работка/Схемы ФБ ЮНИТ-М300/Проект/РЭ500/08.01 РЭ 
ЮНИТ-М500-СВ//Приложение. БНН/img/252.pdf>
Package luatex.def Info: //uni-eng.ru/unit/Ivanovo/Документация Ю
НИТ М300/Разработка/Схемы ФБ ЮНИТ-М300/Проект/
РЭ500/08.01 РЭ ЮНИТ-М500-СВ//Приложение. БНН/img/252.pd
f  used on input line 146.
(luatex.def)             Requested size: 86.0971pt x 83.11813pt.
<//uni-eng.ru/unit/Ivanovo/Документация ЮНИТ М300/Разра
ботка/Схемы ФБ ЮНИТ-М300/Проект/РЭ500/08.01 РЭ ЮН
ИТ-М500-СВ//Приложение. БНН/img/261.pdf, id=1523, 100.5512pt 
x 76.42593pt>
File: //uni-eng.ru/unit/Ivanovo/Документация ЮНИТ М300/Раз
работка/Схемы ФБ ЮНИТ-М300/Проект/РЭ500/08.01 РЭ 
ЮНИТ-М500-СВ//Приложение. БНН/img/261.pdf Graphic file (typ
e pdf)
<use //uni-eng.ru/unit/Ivanovo/Документация ЮНИТ М300/Раз
работка/Схемы ФБ ЮНИТ-М300/Проект/РЭ500/08.01 РЭ 
ЮНИТ-М500-СВ//Приложение. БНН/img/261.pdf>
Package luatex.def Info: //uni-eng.ru/unit/Ivanovo/Документация Ю
НИТ М300/Разработка/Схемы ФБ ЮНИТ-М300/Проект/
РЭ500/08.01 РЭ ЮНИТ-М500-СВ//Приложение. БНН/img/261.pd
f  used on input line 149.
(luatex.def)             Requested size: 111.42595pt x 84.6915pt.
<//uni-eng.ru/unit/Ivanovo/Документация ЮНИТ М300/Разра
ботка/Схемы ФБ ЮНИТ-М300/Проект/РЭ500/08.01 РЭ ЮН
ИТ-М500-СВ//Приложение. БНН/img/262.pdf, id=1524, 88.32158pt 
x 72.74988pt>
File: //uni-eng.ru/unit/Ivanovo/Документация ЮНИТ М300/Раз
работка/Схемы ФБ ЮНИТ-М300/Проект/РЭ500/08.01 РЭ 
ЮНИТ-М500-СВ//Приложение. БНН/img/262.pdf Graphic file (typ
e pdf)
<use //uni-eng.ru/unit/Ivanovo/Документация ЮНИТ М300/Раз
работка/Схемы ФБ ЮНИТ-М300/Проект/РЭ500/08.01 РЭ 
ЮНИТ-М500-СВ//Приложение. БНН/img/262.pdf>
Package luatex.def Info: //uni-eng.ru/unit/Ivanovo/Документация Ю
НИТ М300/Разработка/Схемы ФБ ЮНИТ-М300/Проект/
РЭ500/08.01 РЭ ЮНИТ-М500-СВ//Приложение. БНН/img/262.pd
f  used on input line 149.
(luatex.def)             Requested size: 91.15892pt x 75.0875pt.
<//uni-eng.ru/unit/Ivanovo/Документация ЮНИТ М300/Разра
ботка/Схемы ФБ ЮНИТ-М300/Проект/РЭ500/08.01 РЭ ЮН
ИТ-М500-СВ//Приложение. БНН/img/271.pdf, id=1525, 99.36179pt 
x 73.2516pt>
File: //uni-eng.ru/unit/Ivanovo/Документация ЮНИТ М300/Раз
работка/Схемы ФБ ЮНИТ-М300/Проект/РЭ500/08.01 РЭ 
ЮНИТ-М500-СВ//Приложение. БНН/img/271.pdf Graphic file (typ
e pdf)
<use //uni-eng.ru/unit/Ivanovo/Документация ЮНИТ М300/Раз
работка/Схемы ФБ ЮНИТ-М300/Проект/РЭ500/08.01 РЭ 
ЮНИТ-М500-СВ//Приложение. БНН/img/271.pdf>
Package luatex.def Info: //uni-eng.ru/unit/Ivanovo/Документация Ю
НИТ М300/Разработка/Схемы ФБ ЮНИТ-М300/Проект/
РЭ500/08.01 РЭ ЮНИТ-М500-СВ//Приложение. БНН/img/271.pd
f  used on input line 152.
(luatex.def)             Requested size: 111.4239pt x 82.14406pt.
<//uni-eng.ru/unit/Ivanovo/Документация ЮНИТ М300/Разра
ботка/Схемы ФБ ЮНИТ-М300/Проект/РЭ500/08.01 РЭ ЮН
ИТ-М500-СВ//Приложение. БНН/img/272.pdf, id=1526, 98.35812pt 
x 91.31364pt>
File: //uni-eng.ru/unit/Ivanovo/Документация ЮНИТ М300/Раз
работка/Схемы ФБ ЮНИТ-М300/Проект/РЭ500/08.01 РЭ 
ЮНИТ-М500-СВ//Приложение. БНН/img/272.pdf Graphic file (typ
e pdf)
<use //uni-eng.ru/unit/Ivanovo/Документация ЮНИТ М300/Раз
работка/Схемы ФБ ЮНИТ-М300/Проект/РЭ500/08.01 РЭ 
ЮНИТ-М500-СВ//Приложение. БНН/img/272.pdf>
Package luatex.def Info: //uni-eng.ru/unit/Ivanovo/Документация Ю
НИТ М300/Разработка/Схемы ФБ ЮНИТ-М300/Проект/
РЭ500/08.01 РЭ ЮНИТ-М500-СВ//Приложение. БНН/img/272.pd
f  used on input line 152.
(luatex.def)             Requested size: 101.29027pt x 94.04155pt.
<//uni-eng.ru/unit/Ivanovo/Документация ЮНИТ М300/Разра
ботка/Схемы ФБ ЮНИТ-М300/Проект/РЭ500/08.01 РЭ ЮН
ИТ-М500-СВ//Приложение. БНН/img/281.pdf, id=1527, 96.35085pt 
x 73.75333pt>
File: //uni-eng.ru/unit/Ivanovo/Документация ЮНИТ М300/Раз
работка/Схемы ФБ ЮНИТ-М300/Проект/РЭ500/08.01 РЭ 
ЮНИТ-М500-СВ//Приложение. БНН/img/281.pdf Graphic file (typ
e pdf)
<use //uni-eng.ru/unit/Ivanovo/Документация ЮНИТ М300/Раз
работка/Схемы ФБ ЮНИТ-М300/Проект/РЭ500/08.01 РЭ 
ЮНИТ-М500-СВ//Приложение. БНН/img/281.pdf>
Package luatex.def Info: //uni-eng.ru/unit/Ivanovo/Документация Ю
НИТ М300/Разработка/Схемы ФБ ЮНИТ-М300/Проект/
РЭ500/08.01 РЭ ЮНИТ-М500-СВ//Приложение. БНН/img/281.pd
f  used on input line 155.
(luatex.def)             Requested size: 111.4289pt x 85.29506pt.
<//uni-eng.ru/unit/Ivanovo/Документация ЮНИТ М300/Разра
ботка/Схемы ФБ ЮНИТ-М300/Проект/РЭ500/08.01 РЭ ЮН
ИТ-М500-СВ//Приложение. БНН/img/282.pdf, id=1528, 112.91112pt
 x 80.77745pt>
File: //uni-eng.ru/unit/Ivanovo/Документация ЮНИТ М300/Раз
работка/Схемы ФБ ЮНИТ-М300/Проект/РЭ500/08.01 РЭ 
ЮНИТ-М500-СВ//Приложение. БНН/img/282.pdf Graphic file (typ
e pdf)
<use //uni-eng.ru/unit/Ivanovo/Документация ЮНИТ М300/Раз
работка/Схемы ФБ ЮНИТ-М300/Проект/РЭ500/08.01 РЭ 
ЮНИТ-М500-СВ//Приложение. БНН/img/282.pdf>
Package luatex.def Info: //uni-eng.ru/unit/Ivanovo/Документация Ю
НИТ М300/Разработка/Схемы ФБ ЮНИТ-М300/Проект/
РЭ500/08.01 РЭ ЮНИТ-М500-СВ//Приложение. БНН/img/282.pd
f  used on input line 155.
(luatex.def)             Requested size: 101.29027pt x 72.46606pt.
<//uni-eng.ru/unit/Ivanovo/Документация ЮНИТ М300/Разра
ботка/Схемы ФБ ЮНИТ-М300/Проект/РЭ500/08.01 РЭ ЮН
ИТ-М500-СВ//Приложение. БНН/img/291.pdf, id=1529, 104.38007pt
 x 74.75677pt>
File: //uni-eng.ru/unit/Ivanovo/Документация ЮНИТ М300/Раз
работка/Схемы ФБ ЮНИТ-М300/Проект/РЭ500/08.01 РЭ 
ЮНИТ-М500-СВ//Приложение. БНН/img/291.pdf Graphic file (typ
e pdf)
<use //uni-eng.ru/unit/Ivanovo/Документация ЮНИТ М300/Раз
работка/Схемы ФБ ЮНИТ-М300/Проект/РЭ500/08.01 РЭ 
ЮНИТ-М500-СВ//Приложение. БНН/img/291.pdf>
Package luatex.def Info: //uni-eng.ru/unit/Ivanovo/Документация Ю
НИТ М300/Разработка/Схемы ФБ ЮНИТ-М300/Проект/
РЭ500/08.01 РЭ ЮНИТ-М500-СВ//Приложение. БНН/img/291.pd
f  used on input line 159.
(luatex.def)             Requested size: 111.42593pt x 79.80301pt.
<//uni-eng.ru/unit/Ivanovo/Документация ЮНИТ М300/Разра
ботка/Схемы ФБ ЮНИТ-М300/Проект/РЭ500/08.01 РЭ ЮН
ИТ-М500-СВ//Приложение. БНН/img/292.pdf, id=1530, 105.3837pt 
x 70.24127pt>
File: //uni-eng.ru/unit/Ivanovo/Документация ЮНИТ М300/Раз
работка/Схемы ФБ ЮНИТ-М300/Проект/РЭ500/08.01 РЭ 
ЮНИТ-М500-СВ//Приложение. БНН/img/292.pdf Graphic file (typ
e pdf)
<use //uni-eng.ru/unit/Ivanovo/Документация ЮНИТ М300/Раз
работка/Схемы ФБ ЮНИТ-М300/Проект/РЭ500/08.01 РЭ 
ЮНИТ-М500-СВ//Приложение. БНН/img/292.pdf>
Package luatex.def Info: //uni-eng.ru/unit/Ivanovo/Документация Ю
НИТ М300/Разработка/Схемы ФБ ЮНИТ-М300/Проект/
РЭ500/08.01 РЭ ЮНИТ-М500-СВ//Приложение. БНН/img/292.pd
f  used on input line 159.
(luatex.def)             Requested size: 101.29027pt x 67.51228pt.

Overfull \hbox (1.25197pt too wide) in paragraph at lines 162--162
 []|\TU/ArialNarrow(0)/m/n/10.95 10| 
 []

<//uni-eng.ru/unit/Ivanovo/Документация ЮНИТ М300/Разра
ботка/Схемы ФБ ЮНИТ-М300/Проект/РЭ500/08.01 РЭ ЮН
ИТ-М500-СВ//Приложение. БНН/img/2101.pdf, id=1531, 104.38007p
t x 76.26193pt>
File: //uni-eng.ru/unit/Ivanovo/Документация ЮНИТ М300/Раз
работка/Схемы ФБ ЮНИТ-М300/Проект/РЭ500/08.01 РЭ 
ЮНИТ-М500-СВ//Приложение. БНН/img/2101.pdf Graphic file (ty
pe pdf)
<use //uni-eng.ru/unit/Ivanovo/Документация ЮНИТ М300/Раз
работка/Схемы ФБ ЮНИТ-М300/Проект/РЭ500/08.01 РЭ 
ЮНИТ-М500-СВ//Приложение. БНН/img/2101.pdf>
Package luatex.def Info: //uni-eng.ru/unit/Ivanovo/Документация Ю
НИТ М300/Разработка/Схемы ФБ ЮНИТ-М300/Проект/
РЭ500/08.01 РЭ ЮНИТ-М500-СВ//Приложение. БНН/img/2101.p
df  used on input line 162.
(luatex.def)             Requested size: 111.42593pt x 81.40976pt.
<//uni-eng.ru/unit/Ivanovo/Документация ЮНИТ М300/Разра
ботка/Схемы ФБ ЮНИТ-М300/Проект/РЭ500/08.01 РЭ ЮН
ИТ-М500-СВ//Приложение. БНН/img/2102.pdf, id=1532, 101.87091p
t x 80.27574pt>
File: //uni-eng.ru/unit/Ivanovo/Документация ЮНИТ М300/Раз
работка/Схемы ФБ ЮНИТ-М300/Проект/РЭ500/08.01 РЭ 
ЮНИТ-М500-СВ//Приложение. БНН/img/2102.pdf Graphic file (ty
pe pdf)
<use //uni-eng.ru/unit/Ivanovo/Документация ЮНИТ М300/Раз
работка/Схемы ФБ ЮНИТ-М300/Проект/РЭ500/08.01 РЭ 
ЮНИТ-М500-СВ//Приложение. БНН/img/2102.pdf>
Package luatex.def Info: //uni-eng.ru/unit/Ivanovo/Документация Ю
НИТ М300/Разработка/Схемы ФБ ЮНИТ-М300/Проект/
РЭ500/08.01 РЭ ЮНИТ-М500-СВ//Приложение. БНН/img/2102.p
df  used on input line 162.
(luatex.def)             Requested size: 101.29027pt x 79.81985pt.

Overfull \hbox (1.25197pt too wide) in paragraph at lines 165--165
 []|\TU/ArialNarrow(0)/m/n/10.95 11| 
 []

<//uni-eng.ru/unit/Ivanovo/Документация ЮНИТ М300/Разра
ботка/Схемы ФБ ЮНИТ-М300/Проект/РЭ500/08.01 РЭ ЮН
ИТ-М500-СВ//Приложение. БНН/img/2111.pdf, id=1533, 109.39832p
t x 77.76712pt>
File: //uni-eng.ru/unit/Ivanovo/Документация ЮНИТ М300/Раз
работка/Схемы ФБ ЮНИТ-М300/Проект/РЭ500/08.01 РЭ 
ЮНИТ-М500-СВ//Приложение. БНН/img/2111.pdf Graphic file (ty
pe pdf)
<use //uni-eng.ru/unit/Ivanovo/Документация ЮНИТ М300/Раз
работка/Схемы ФБ ЮНИТ-М300/Проект/РЭ500/08.01 РЭ 
ЮНИТ-М500-СВ//Приложение. БНН/img/2111.pdf>
Package luatex.def Info: //uni-eng.ru/unit/Ivanovo/Документация Ю
НИТ М300/Разработка/Схемы ФБ ЮНИТ-М300/Проект/
РЭ500/08.01 РЭ ЮНИТ-М500-СВ//Приложение. БНН/img/2111.p
df  used on input line 165.
(luatex.def)             Requested size: 111.42789pt x 79.20985pt.
<//uni-eng.ru/unit/Ivanovo/Документация ЮНИТ М300/Разра
ботка/Схемы ФБ ЮНИТ-М300/Проект/РЭ500/08.01 РЭ ЮН
ИТ-М500-СВ//Приложение. БНН/img/2112.pdf, id=1534, 85.31061pt
 x 77.76712pt>
File: //uni-eng.ru/unit/Ivanovo/Документация ЮНИТ М300/Раз
работка/Схемы ФБ ЮНИТ-М300/Проект/РЭ500/08.01 РЭ 
ЮНИТ-М500-СВ//Приложение. БНН/img/2112.pdf Graphic file (ty
pe pdf)
<use //uni-eng.ru/unit/Ivanovo/Документация ЮНИТ М300/Раз
работка/Схемы ФБ ЮНИТ-М300/Проект/РЭ500/08.01 РЭ 
ЮНИТ-М500-СВ//Приложение. БНН/img/2112.pdf>
Package luatex.def Info: //uni-eng.ru/unit/Ivanovo/Документация Ю
НИТ М300/Разработка/Схемы ФБ ЮНИТ-М300/Проект/
РЭ500/08.01 РЭ ЮНИТ-М500-СВ//Приложение. БНН/img/2112.p
df  used on input line 165.
(luatex.def)             Requested size: 101.29027pt x 92.3399pt.

Overfull \hbox (1.25197pt too wide) in paragraph at lines 168--168
 []|\TU/ArialNarrow(0)/m/n/10.95 12| 
 []

<//uni-eng.ru/unit/Ivanovo/Документация ЮНИТ М300/Разра
ботка/Схемы ФБ ЮНИТ-М300/Проект/РЭ500/08.01 РЭ ЮН
ИТ-М500-СВ//Приложение. БНН/img/2121.pdf, id=1535, 97.85628pt
 x 78.26884pt>
File: //uni-eng.ru/unit/Ivanovo/Документация ЮНИТ М300/Раз
работка/Схемы ФБ ЮНИТ-М300/Проект/РЭ500/08.01 РЭ 
ЮНИТ-М500-СВ//Приложение. БНН/img/2121.pdf Graphic file (ty
pe pdf)
<use //uni-eng.ru/unit/Ivanovo/Документация ЮНИТ М300/Раз
работка/Схемы ФБ ЮНИТ-М300/Проект/РЭ500/08.01 РЭ 
ЮНИТ-М500-СВ//Приложение. БНН/img/2121.pdf>
Package luatex.def Info: //uni-eng.ru/unit/Ivanovo/Документация Ю
НИТ М300/Разработка/Схемы ФБ ЮНИТ-М300/Проект/
РЭ500/08.01 РЭ ЮНИТ-М500-СВ//Приложение. БНН/img/2121.p
df  used on input line 168.
(luatex.def)             Requested size: 111.4259pt x 89.1223pt.
<//uni-eng.ru/unit/Ivanovo/Документация ЮНИТ М300/Разра
ботка/Схемы ФБ ЮНИТ-М300/Проект/РЭ500/08.01 РЭ ЮН
ИТ-М500-СВ//Приложение. БНН/img/2122.pdf, id=1536, 99.8636pt 
x 94.32399pt>
File: //uni-eng.ru/unit/Ivanovo/Документация ЮНИТ М300/Раз
работка/Схемы ФБ ЮНИТ-М300/Проект/РЭ500/08.01 РЭ 
ЮНИТ-М500-СВ//Приложение. БНН/img/2122.pdf Graphic file (ty
pe pdf)
<use //uni-eng.ru/unit/Ivanovo/Документация ЮНИТ М300/Раз
работка/Схемы ФБ ЮНИТ-М300/Проект/РЭ500/08.01 РЭ 
ЮНИТ-М500-СВ//Приложение. БНН/img/2122.pdf>
Package luatex.def Info: //uni-eng.ru/unit/Ivanovo/Документация Ю
НИТ М300/Разработка/Схемы ФБ ЮНИТ-М300/Проект/
РЭ500/08.01 РЭ ЮНИТ-М500-СВ//Приложение. БНН/img/2122.p
df  used on input line 168.
(luatex.def)             Requested size: 101.29027pt x 95.6752pt.

Overfull \hbox (7.75105pt too wide) in alignment at lines 131--171
 [][][][][][][][] 
 []

[51<//uni-eng.ru/unit/Ivanovo/Документация ЮНИТ М300/Разр
аботка/Схемы ФБ ЮНИТ-М300/Проект/РЭ500/08.01 РЭ Ю
НИТ-М500-СВ//Приложение. БНН/img/191.pdf><//uni-eng.ru/unit/I
vanovo/Документация ЮНИТ М300/Разработка/Схемы 
ФБ ЮНИТ-М300/Проект/РЭ500/08.01 РЭ ЮНИТ-М500-СВ//Пр
иложение. БНН/img/192.pdf><//uni-eng.ru/unit/Ivanovo/Докумен
тация ЮНИТ М300/Разработка/Схемы ФБ ЮНИТ-М300/
Проект/РЭ500/08.01 РЭ ЮНИТ-М500-СВ//Приложение. Б
НН/img/1101.pdf><//uni-eng.ru/unit/Ivanovo/Документация ЮНИТ 
М300/Разработка/Схемы ФБ ЮНИТ-М300/Проект/РЭ500/0
8.01 РЭ ЮНИТ-М500-СВ//Приложение. БНН/img/1102.pdf><//uni-
eng.ru/unit/Ivanovo/Документация ЮНИТ М300/Разработк
а/Схемы ФБ ЮНИТ-М300/Проект/РЭ500/08.01 РЭ ЮНИТ-М500
-СВ//Приложение. БНН/img/1111.pdf><//uni-eng.ru/unit/Ivanovo/Д
окументация ЮНИТ М300/Разработка/Схемы ФБ Ю
НИТ-М300/Проект/РЭ500/08.01 РЭ ЮНИТ-М500-СВ//Прилож
ение. БНН/img/1112.pdf><//uni-eng.ru/unit/Ivanovo/Документац
ия ЮНИТ М300/Разработка/Схемы ФБ ЮНИТ-М300/Про
ект/РЭ500/08.01 РЭ ЮНИТ-М500-СВ//Приложение. БНН/img/
1121.pdf><//uni-eng.ru/unit/Ivanovo/Документация ЮНИТ М300/Р
азработка/Схемы ФБ ЮНИТ-М300/Проект/РЭ500/08.01 
РЭ ЮНИТ-М500-СВ//Приложение. БНН/img/1122.pdf>] [52<//uni-
eng.ru/unit/Ivanovo/Документация ЮНИТ М300/Разработк
а/Схемы ФБ ЮНИТ-М300/Проект/РЭ500/08.01 РЭ ЮНИТ-М500
-СВ//Приложение. БНН/img/211.pdf><//uni-eng.ru/unit/Ivanovo/Д
окументация ЮНИТ М300/Разработка/Схемы ФБ Ю
НИТ-М300/Проект/РЭ500/08.01 РЭ ЮНИТ-М500-СВ//Прилож
ение. БНН/img/212.pdf><//uni-eng.ru/unit/Ivanovo/Документаци
я ЮНИТ М300/Разработка/Схемы ФБ ЮНИТ-М300/Прое
кт/РЭ500/08.01 РЭ ЮНИТ-М500-СВ//Приложение. БНН/img/22
1.pdf><//uni-eng.ru/unit/Ivanovo/Документация ЮНИТ М300/Ра
зработка/Схемы ФБ ЮНИТ-М300/Проект/РЭ500/08.01 Р
Э ЮНИТ-М500-СВ//Приложение. БНН/img/222.pdf><//uni-eng.ru/u
nit/Ivanovo/Документация ЮНИТ М300/Разработка/Сх
емы ФБ ЮНИТ-М300/Проект/РЭ500/08.01 РЭ ЮНИТ-М500-СВ//
Приложение. БНН/img/231.pdf><//uni-eng.ru/unit/Ivanovo/Докум
ентация ЮНИТ М300/Разработка/Схемы ФБ ЮНИТ-М30
0/Проект/РЭ500/08.01 РЭ ЮНИТ-М500-СВ//Приложение. 
БНН/img/232.pdf><//uni-eng.ru/unit/Ivanovo/Документация ЮНИ
Т М300/Разработка/Схемы ФБ ЮНИТ-М300/Проект/РЭ50
0/08.01 РЭ ЮНИТ-М500-СВ//Приложение. БНН/img/241.pdf><//un
i-eng.ru/unit/Ivanovo/Документация ЮНИТ М300/Разработ
ка/Схемы ФБ ЮНИТ-М300/Проект/РЭ500/08.01 РЭ ЮНИТ-
М500-СВ//Приложение. БНН/img/242.pdf>] [53<//uni-eng.ru/unit/Iva
novo/Документация ЮНИТ М300/Разработка/Схемы 
ФБ ЮНИТ-М300/Проект/РЭ500/08.01 РЭ ЮНИТ-М500-СВ//Пр
иложение. БНН/img/251.pdf><//uni-eng.ru/unit/Ivanovo/Докумен
тация ЮНИТ М300/Разработка/Схемы ФБ ЮНИТ-М300/
Проект/РЭ500/08.01 РЭ ЮНИТ-М500-СВ//Приложение. Б
НН/img/252.pdf><//uni-eng.ru/unit/Ivanovo/Документация ЮНИТ 
М300/Разработка/Схемы ФБ ЮНИТ-М300/Проект/РЭ500/0
8.01 РЭ ЮНИТ-М500-СВ//Приложение. БНН/img/261.pdf><//uni-e
ng.ru/unit/Ivanovo/Документация ЮНИТ М300/Разработк
а/Схемы ФБ ЮНИТ-М300/Проект/РЭ500/08.01 РЭ ЮНИТ-М500
-СВ//Приложение. БНН/img/262.pdf><//uni-eng.ru/unit/Ivanovo/Д
окументация ЮНИТ М300/Разработка/Схемы ФБ Ю
НИТ-М300/Проект/РЭ500/08.01 РЭ ЮНИТ-М500-СВ//Прилож
ение. БНН/img/271.pdf><//uni-eng.ru/unit/Ivanovo/Документаци
я ЮНИТ М300/Разработка/Схемы ФБ ЮНИТ-М300/Прое
кт/РЭ500/08.01 РЭ ЮНИТ-М500-СВ//Приложение. БНН/img/27
2.pdf><//uni-eng.ru/unit/Ivanovo/Документация ЮНИТ М300/Ра
зработка/Схемы ФБ ЮНИТ-М300/Проект/РЭ500/08.01 Р
Э ЮНИТ-М500-СВ//Приложение. БНН/img/281.pdf><//uni-eng.ru/u
nit/Ivanovo/Документация ЮНИТ М300/Разработка/Сх
емы ФБ ЮНИТ-М300/Проект/РЭ500/08.01 РЭ ЮНИТ-М500-СВ//
Приложение. БНН/img/282.pdf>]
Overfull \hbox (0.90613pt too wide) in paragraph at lines 199--199
 []|\TU/ArialNarrow(0)/m/n/10.95 №| 
 []


Overfull \hbox (2.39368pt too wide) in paragraph at lines 199--199
 []|\TU/ArialNarrow(0)/m/n/10.95 Особая 
 []


Overfull \hbox (7.75061pt too wide) in alignment at lines 194--201
 [][][][][][][][] 
 []


Overfull \hbox (0.90613pt too wide) in paragraph at lines 206--206
 []|\TU/ArialNarrow(0)/m/n/10.95 №| 
 []


Overfull \hbox (2.39368pt too wide) in paragraph at lines 206--206
 []|\TU/ArialNarrow(0)/m/n/10.95 Особая 
 []


Overfull \hbox (7.75061pt too wide) in alignment at lines 201--208
 [][][][][][][][] 
 []


Overfull \hbox (7.75061pt too wide) in alignment at lines 208--211
 [][][][][][][][] 
 []


Overfull \hbox (7.75061pt too wide) in alignment at lines 211--212
 [][][][][][][][] 
 []

<//uni-eng.ru/unit/Ivanovo/Документация ЮНИТ М300/Разра
ботка/Схемы ФБ ЮНИТ-М300/Проект/РЭ500/08.01 РЭ ЮН
ИТ-М500-СВ//Приложение. БНН/img/311.pdf, id=1976, 103.87822pt
 x 86.2964pt>
File: //uni-eng.ru/unit/Ivanovo/Документация ЮНИТ М300/Раз
работка/Схемы ФБ ЮНИТ-М300/Проект/РЭ500/08.01 РЭ 
ЮНИТ-М500-СВ//Приложение. БНН/img/311.pdf Graphic file (typ
e pdf)
<use //uni-eng.ru/unit/Ivanovo/Документация ЮНИТ М300/Раз
работка/Схемы ФБ ЮНИТ-М300/Проект/РЭ500/08.01 РЭ 
ЮНИТ-М500-СВ//Приложение. БНН/img/311.pdf>
Package luatex.def Info: //uni-eng.ru/unit/Ivanovo/Документация Ю
НИТ М300/Разработка/Схемы ФБ ЮНИТ-М300/Проект/
РЭ500/08.01 РЭ ЮНИТ-М500-СВ//Приложение. БНН/img/311.pd
f  used on input line 214.
(luatex.def)             Requested size: 101.29272pt x 84.1485pt.
<//uni-eng.ru/unit/Ivanovo/Документация ЮНИТ М300/Разра
ботка/Схемы ФБ ЮНИТ-М300/Проект/РЭ500/08.01 РЭ ЮН
ИТ-М500-СВ//Приложение. БНН/img/312.pdf, id=1977, 111.90747pt
 x 111.38258pt>
File: //uni-eng.ru/unit/Ivanovo/Документация ЮНИТ М300/Раз
работка/Схемы ФБ ЮНИТ-М300/Проект/РЭ500/08.01 РЭ 
ЮНИТ-М500-СВ//Приложение. БНН/img/312.pdf Graphic file (typ
e pdf)
<use //uni-eng.ru/unit/Ivanovo/Документация ЮНИТ М300/Раз
работка/Схемы ФБ ЮНИТ-М300/Проект/РЭ500/08.01 РЭ 
ЮНИТ-М500-СВ//Приложение. БНН/img/312.pdf>
Package luatex.def Info: //uni-eng.ru/unit/Ivanovo/Документация Ю
НИТ М300/Разработка/Схемы ФБ ЮНИТ-М300/Проект/
РЭ500/08.01 РЭ ЮНИТ-М500-СВ//Приложение. БНН/img/312.pd
f  used on input line 214.
(luatex.def)             Requested size: 101.29027pt x 100.81444pt.

Overfull \hbox (2.8728pt too wide) in paragraph at lines 214--214
 []|[]| 
 []

<//uni-eng.ru/unit/Ivanovo/Документация ЮНИТ М300/Разра
ботка/Схемы ФБ ЮНИТ-М300/Проект/РЭ500/08.01 РЭ ЮН
ИТ-М500-СВ//Приложение. БНН/img/321.pdf, id=1978, 98.85997pt 
x 81.78087pt>
File: //uni-eng.ru/unit/Ivanovo/Документация ЮНИТ М300/Раз
работка/Схемы ФБ ЮНИТ-М300/Проект/РЭ500/08.01 РЭ 
ЮНИТ-М500-СВ//Приложение. БНН/img/321.pdf Graphic file (typ
e pdf)
<use //uni-eng.ru/unit/Ivanovo/Документация ЮНИТ М300/Раз
работка/Схемы ФБ ЮНИТ-М300/Проект/РЭ500/08.01 РЭ 
ЮНИТ-М500-СВ//Приложение. БНН/img/321.pdf>
Package luatex.def Info: //uni-eng.ru/unit/Ivanovo/Документация Ю
НИТ М300/Разработка/Схемы ФБ ЮНИТ-М300/Проект/
РЭ500/08.01 РЭ ЮНИТ-М500-СВ//Приложение. БНН/img/321.pd
f  used on input line 217.
(luatex.def)             Requested size: 106.35986pt x 87.98508pt.
<//uni-eng.ru/unit/Ivanovo/Документация ЮНИТ М300/Разра
ботка/Схемы ФБ ЮНИТ-М300/Проект/РЭ500/08.01 РЭ ЮН
ИТ-М500-СВ//Приложение. БНН/img/322.pdf, id=1979, 90.8307pt x
 95.82915pt>
File: //uni-eng.ru/unit/Ivanovo/Документация ЮНИТ М300/Раз
работка/Схемы ФБ ЮНИТ-М300/Проект/РЭ500/08.01 РЭ 
ЮНИТ-М500-СВ//Приложение. БНН/img/322.pdf Graphic file (typ
e pdf)
<use //uni-eng.ru/unit/Ivanovo/Документация ЮНИТ М300/Раз
работка/Схемы ФБ ЮНИТ-М300/Проект/РЭ500/08.01 РЭ 
ЮНИТ-М500-СВ//Приложение. БНН/img/322.pdf>
Package luatex.def Info: //uni-eng.ru/unit/Ivanovo/Документация Ю
НИТ М300/Разработка/Схемы ФБ ЮНИТ-М300/Проект/
РЭ500/08.01 РЭ ЮНИТ-М500-СВ//Приложение. БНН/img/322.pd
f  used on input line 217.
(luatex.def)             Requested size: 91.15892pt x 96.1769pt.
<//uni-eng.ru/unit/Ivanovo/Документация ЮНИТ М300/Разра
ботка/Схемы ФБ ЮНИТ-М300/Проект/РЭ500/08.01 РЭ ЮН
ИТ-М500-СВ//Приложение. БНН/img/331.pdf, id=1980, 93.33984pt 
x 73.25162pt>
File: //uni-eng.ru/unit/Ivanovo/Документация ЮНИТ М300/Раз
работка/Схемы ФБ ЮНИТ-М300/Проект/РЭ500/08.01 РЭ 
ЮНИТ-М500-СВ//Приложение. БНН/img/331.pdf Graphic file (typ
e pdf)
<use //uni-eng.ru/unit/Ivanovo/Документация ЮНИТ М300/Раз
работка/Схемы ФБ ЮНИТ-М300/Проект/РЭ500/08.01 РЭ 
ЮНИТ-М500-СВ//Приложение. БНН/img/331.pdf>
Package luatex.def Info: //uni-eng.ru/unit/Ivanovo/Документация Ю
НИТ М300/Разработка/Схемы ФБ ЮНИТ-М300/Проект/
РЭ500/08.01 РЭ ЮНИТ-М500-СВ//Приложение. БНН/img/331.pd
f  used on input line 220.
(luatex.def)             Requested size: 101.29402pt x 79.49394pt.
<//uni-eng.ru/unit/Ivanovo/Документация ЮНИТ М300/Разра
ботка/Схемы ФБ ЮНИТ-М300/Проект/РЭ500/08.01 РЭ ЮН
ИТ-М500-СВ//Приложение. БНН/img/332.pdf, id=1981, 99.8636pt x
 74.25507pt>
File: //uni-eng.ru/unit/Ivanovo/Документация ЮНИТ М300/Раз
работка/Схемы ФБ ЮНИТ-М300/Проект/РЭ500/08.01 РЭ 
ЮНИТ-М500-СВ//Приложение. БНН/img/332.pdf Graphic file (typ
e pdf)
<use //uni-eng.ru/unit/Ivanovo/Документация ЮНИТ М300/Раз
работка/Схемы ФБ ЮНИТ-М300/Проект/РЭ500/08.01 РЭ 
ЮНИТ-М500-СВ//Приложение. БНН/img/332.pdf>
Package luatex.def Info: //uni-eng.ru/unit/Ivanovo/Документация Ю
НИТ М300/Разработка/Схемы ФБ ЮНИТ-М300/Проект/
РЭ500/08.01 РЭ ЮНИТ-М500-СВ//Приложение. БНН/img/332.pd
f  used on input line 220.
(luatex.def)             Requested size: 101.29027pt x 75.31879pt.

Overfull \hbox (2.8728pt too wide) in paragraph at lines 220--220
 []|[]| 
 []

<//uni-eng.ru/unit/Ivanovo/Документация ЮНИТ М300/Разра
ботка/Схемы ФБ ЮНИТ-М300/Проект/РЭ500/08.01 РЭ ЮН
ИТ-М500-СВ//Приложение. БНН/img/341.pdf, id=1982, 103.87823pt
 x 89.30675pt>
File: //uni-eng.ru/unit/Ivanovo/Документация ЮНИТ М300/Раз
работка/Схемы ФБ ЮНИТ-М300/Проект/РЭ500/08.01 РЭ 
ЮНИТ-М500-СВ//Приложение. БНН/img/341.pdf Graphic file (typ
e pdf)
<use //uni-eng.ru/unit/Ivanovo/Документация ЮНИТ М300/Раз
работка/Схемы ФБ ЮНИТ-М300/Проект/РЭ500/08.01 РЭ 
ЮНИТ-М500-СВ//Приложение. БНН/img/341.pdf>
Package luatex.def Info: //uni-eng.ru/unit/Ivanovo/Документация Ю
НИТ М300/Разработка/Схемы ФБ ЮНИТ-М300/Проект/
РЭ500/08.01 РЭ ЮНИТ-М500-СВ//Приложение. БНН/img/341.pd
f  used on input line 223.
(luatex.def)             Requested size: 101.29274pt x 87.08392pt.
<//uni-eng.ru/unit/Ivanovo/Документация ЮНИТ М300/Разра
ботка/Схемы ФБ ЮНИТ-М300/Проект/РЭ500/08.01 РЭ ЮН
ИТ-М500-СВ//Приложение. БНН/img/342.pdf, id=1983, 88.32158pt 
x 78.26886pt>
File: //uni-eng.ru/unit/Ivanovo/Документация ЮНИТ М300/Раз
работка/Схемы ФБ ЮНИТ-М300/Проект/РЭ500/08.01 РЭ 
ЮНИТ-М500-СВ//Приложение. БНН/img/342.pdf Graphic file (typ
e pdf)
<use //uni-eng.ru/unit/Ivanovo/Документация ЮНИТ М300/Раз
работка/Схемы ФБ ЮНИТ-М300/Проект/РЭ500/08.01 РЭ 
ЮНИТ-М500-СВ//Приложение. БНН/img/342.pdf>
Package luatex.def Info: //uni-eng.ru/unit/Ivanovo/Документация Ю
НИТ М300/Разработка/Схемы ФБ ЮНИТ-М300/Проект/
РЭ500/08.01 РЭ ЮНИТ-М500-СВ//Приложение. БНН/img/342.pd
f  used on input line 223.
(luatex.def)             Requested size: 101.29027pt x 89.76245pt.
<//uni-eng.ru/unit/Ivanovo/Документация ЮНИТ М300/Разра
ботка/Схемы ФБ ЮНИТ-М300/Проект/РЭ500/08.01 РЭ ЮН
ИТ-М500-СВ//Приложение. БНН/img/351.pdf, id=1984, 103.87822pt
 x 81.27916pt>
File: //uni-eng.ru/unit/Ivanovo/Документация ЮНИТ М300/Раз
работка/Схемы ФБ ЮНИТ-М300/Проект/РЭ500/08.01 РЭ 
ЮНИТ-М500-СВ//Приложение. БНН/img/351.pdf Graphic file (typ
e pdf)
<use //uni-eng.ru/unit/Ivanovo/Документация ЮНИТ М300/Раз
работка/Схемы ФБ ЮНИТ-М300/Проект/РЭ500/08.01 РЭ 
ЮНИТ-М500-СВ//Приложение. БНН/img/351.pdf>
Package luatex.def Info: //uni-eng.ru/unit/Ivanovo/Документация Ю
НИТ М300/Разработка/Схемы ФБ ЮНИТ-М300/Проект/
РЭ500/08.01 РЭ ЮНИТ-М500-СВ//Приложение. БНН/img/351.pd
f  used on input line 227.
(luatex.def)             Requested size: 101.29272pt x 79.25615pt.
<//uni-eng.ru/unit/Ivanovo/Документация ЮНИТ М300/Разра
ботка/Схемы ФБ ЮНИТ-М300/Проект/РЭ500/08.01 РЭ ЮН
ИТ-М500-СВ//Приложение. БНН/img/352.pdf, id=1985, 88.32158pt 
x 81.27919pt>
File: //uni-eng.ru/unit/Ivanovo/Документация ЮНИТ М300/Раз
работка/Схемы ФБ ЮНИТ-М300/Проект/РЭ500/08.01 РЭ 
ЮНИТ-М500-СВ//Приложение. БНН/img/352.pdf Graphic file (typ
e pdf)
<use //uni-eng.ru/unit/Ivanovo/Документация ЮНИТ М300/Раз
работка/Схемы ФБ ЮНИТ-М300/Проект/РЭ500/08.01 РЭ 
ЮНИТ-М500-СВ//Приложение. БНН/img/352.pdf>
Package luatex.def Info: //uni-eng.ru/unit/Ivanovo/Документация Ю
НИТ М300/Разработка/Схемы ФБ ЮНИТ-М300/Проект/
РЭ500/08.01 РЭ ЮНИТ-М500-СВ//Приложение. БНН/img/352.pd
f  used on input line 227.
(luatex.def)             Requested size: 101.29027pt x 93.21483pt.
<//uni-eng.ru/unit/Ivanovo/Документация ЮНИТ М300/Разра
ботка/Схемы ФБ ЮНИТ-М300/Проект/РЭ500/08.01 РЭ ЮН
ИТ-М500-СВ//Приложение. БНН/img/361.pdf, id=1986, 100.3654pt 
x 77.76714pt>
File: //uni-eng.ru/unit/Ivanovo/Документация ЮНИТ М300/Раз
работка/Схемы ФБ ЮНИТ-М300/Проект/РЭ500/08.01 РЭ 
ЮНИТ-М500-СВ//Приложение. БНН/img/361.pdf Graphic file (typ
e pdf)
<use //uni-eng.ru/unit/Ivanovo/Документация ЮНИТ М300/Раз
работка/Схемы ФБ ЮНИТ-М300/Проект/РЭ500/08.01 РЭ 
ЮНИТ-М500-СВ//Приложение. БНН/img/361.pdf>
Package luatex.def Info: //uni-eng.ru/unit/Ivanovo/Документация Ю
НИТ М300/Разработка/Схемы ФБ ЮНИТ-М300/Проект/
РЭ500/08.01 РЭ ЮНИТ-М500-СВ//Приложение. БНН/img/361.pd
f  used on input line 230.
(luatex.def)             Requested size: 101.29472pt x 78.48721pt.
<//uni-eng.ru/unit/Ivanovo/Документация ЮНИТ М300/Разра
ботка/Схемы ФБ ЮНИТ-М300/Проект/РЭ500/08.01 РЭ ЮН
ИТ-М500-СВ//Приложение. БНН/img/362.pdf, id=1987, 82.80147pt 
x 76.26196pt>
File: //uni-eng.ru/unit/Ivanovo/Документация ЮНИТ М300/Раз
работка/Схемы ФБ ЮНИТ-М300/Проект/РЭ500/08.01 РЭ 
ЮНИТ-М500-СВ//Приложение. БНН/img/362.pdf Graphic file (typ
e pdf)
<use //uni-eng.ru/unit/Ivanovo/Документация ЮНИТ М300/Раз
работка/Схемы ФБ ЮНИТ-М300/Проект/РЭ500/08.01 РЭ 
ЮНИТ-М500-СВ//Приложение. БНН/img/362.pdf>
Package luatex.def Info: //uni-eng.ru/unit/Ivanovo/Документация Ю
НИТ М300/Разработка/Схемы ФБ ЮНИТ-М300/Проект/
РЭ500/08.01 РЭ ЮНИТ-М500-СВ//Приложение. БНН/img/362.pd
f  used on input line 230.
(luatex.def)             Requested size: 91.15892pt x 83.96288pt.
<//uni-eng.ru/unit/Ivanovo/Документация ЮНИТ М300/Разра
ботка/Схемы ФБ ЮНИТ-М300/Проект/РЭ500/08.01 РЭ ЮН
ИТ-М500-СВ//Приложение. БНН/img/371.pdf, id=1988, 100.86728pt
 x 78.26883pt>
File: //uni-eng.ru/unit/Ivanovo/Документация ЮНИТ М300/Раз
работка/Схемы ФБ ЮНИТ-М300/Проект/РЭ500/08.01 РЭ 
ЮНИТ-М500-СВ//Приложение. БНН/img/371.pdf Graphic file (typ
e pdf)
<use //uni-eng.ru/unit/Ivanovo/Документация ЮНИТ М300/Раз
работка/Схемы ФБ ЮНИТ-М300/Проект/РЭ500/08.01 РЭ 
ЮНИТ-М500-СВ//Приложение. БНН/img/371.pdf>
Package luatex.def Info: //uni-eng.ru/unit/Ivanovo/Документация Ю
НИТ М300/Разработка/Схемы ФБ ЮНИТ-М300/Проект/
РЭ500/08.01 РЭ ЮНИТ-М500-СВ//Приложение. БНН/img/371.pd
f  used on input line 233.
(luatex.def)             Requested size: 101.29642pt x 78.60182pt.
<//uni-eng.ru/unit/Ivanovo/Документация ЮНИТ М300/Разра
ботка/Схемы ФБ ЮНИТ-М300/Проект/РЭ500/08.01 РЭ ЮН
ИТ-М500-СВ//Приложение. БНН/img/372.pdf, id=1989, 104.88188pt
 x 92.31711pt>
File: //uni-eng.ru/unit/Ivanovo/Документация ЮНИТ М300/Раз
работка/Схемы ФБ ЮНИТ-М300/Проект/РЭ500/08.01 РЭ 
ЮНИТ-М500-СВ//Приложение. БНН/img/372.pdf Graphic file (typ
e pdf)
<use //uni-eng.ru/unit/Ivanovo/Документация ЮНИТ М300/Раз
работка/Схемы ФБ ЮНИТ-М300/Проект/РЭ500/08.01 РЭ 
ЮНИТ-М500-СВ//Приложение. БНН/img/372.pdf>
Package luatex.def Info: //uni-eng.ru/unit/Ivanovo/Документация Ю
НИТ М300/Разработка/Схемы ФБ ЮНИТ-М300/Проект/
РЭ500/08.01 РЭ ЮНИТ-М500-СВ//Приложение. БНН/img/372.pd
f  used on input line 233.
(luatex.def)             Requested size: 116.48341pt x 102.53517pt.
<//uni-eng.ru/unit/Ivanovo/Документация ЮНИТ М300/Разра
ботка/Схемы ФБ ЮНИТ-М300/Проект/РЭ500/08.01 РЭ ЮН
ИТ-М500-СВ//Приложение. БНН/img/381.pdf, id=1990, 98.35815pt 
x 82.28264pt>
File: //uni-eng.ru/unit/Ivanovo/Документация ЮНИТ М300/Раз
работка/Схемы ФБ ЮНИТ-М300/Проект/РЭ500/08.01 РЭ 
ЮНИТ-М500-СВ//Приложение. БНН/img/381.pdf Graphic file (typ
e pdf)
<use //uni-eng.ru/unit/Ivanovo/Документация ЮНИТ М300/Раз
работка/Схемы ФБ ЮНИТ-М300/Проект/РЭ500/08.01 РЭ 
ЮНИТ-М500-СВ//Приложение. БНН/img/381.pdf>
Package luatex.def Info: //uni-eng.ru/unit/Ivanovo/Документация Ю
НИТ М300/Разработка/Схемы ФБ ЮНИТ-М300/Проект/
РЭ500/08.01 РЭ ЮНИТ-М500-СВ//Приложение. БНН/img/381.pd
f  used on input line 236.
(luatex.def)             Requested size: 101.29651pt x 84.74074pt.
<//uni-eng.ru/unit/Ivanovo/Документация ЮНИТ М300/Разра
ботка/Схемы ФБ ЮНИТ-М300/Проект/РЭ500/08.01 РЭ ЮН
ИТ-М500-СВ//Приложение. БНН/img/382.pdf, id=1991, 112.91112pt
 x 89.80849pt>
File: //uni-eng.ru/unit/Ivanovo/Документация ЮНИТ М300/Раз
работка/Схемы ФБ ЮНИТ-М300/Проект/РЭ500/08.01 РЭ 
ЮНИТ-М500-СВ//Приложение. БНН/img/382.pdf Graphic file (typ
e pdf)
<use //uni-eng.ru/unit/Ivanovo/Документация ЮНИТ М300/Раз
работка/Схемы ФБ ЮНИТ-М300/Проект/РЭ500/08.01 РЭ 
ЮНИТ-М500-СВ//Приложение. БНН/img/382.pdf>
Package luatex.def Info: //uni-eng.ru/unit/Ivanovo/Документация Ю
НИТ М300/Разработка/Схемы ФБ ЮНИТ-М300/Проект/
РЭ500/08.01 РЭ ЮНИТ-М500-СВ//Приложение. БНН/img/382.pd
f  used on input line 236.
(luatex.def)             Requested size: 116.48341pt x 92.6531pt.
<//uni-eng.ru/unit/Ivanovo/Документация ЮНИТ М300/Разра
ботка/Схемы ФБ ЮНИТ-М300/Проект/РЭ500/08.01 РЭ ЮН
ИТ-М500-СВ//Приложение. БНН/img/391.pdf, id=1992, 104.88187pt
 x 72.74988pt>
File: //uni-eng.ru/unit/Ivanovo/Документация ЮНИТ М300/Раз
работка/Схемы ФБ ЮНИТ-М300/Проект/РЭ500/08.01 РЭ 
ЮНИТ-М500-СВ//Приложение. БНН/img/391.pdf Graphic file (typ
e pdf)
<use //uni-eng.ru/unit/Ivanovo/Документация ЮНИТ М300/Раз
работка/Схемы ФБ ЮНИТ-М300/Проект/РЭ500/08.01 РЭ 
ЮНИТ-М500-СВ//Приложение. БНН/img/391.pdf>
Package luatex.def Info: //uni-eng.ru/unit/Ivanovo/Документация Ю
НИТ М300/Разработка/Схемы ФБ ЮНИТ-М300/Проект/
РЭ500/08.01 РЭ ЮНИТ-М500-СВ//Приложение. БНН/img/391.pd
f  used on input line 240.
(luatex.def)             Requested size: 101.29517pt x 70.26201pt.
<//uni-eng.ru/unit/Ivanovo/Документация ЮНИТ М300/Разра
ботка/Схемы ФБ ЮНИТ-М300/Проект/РЭ500/08.01 РЭ ЮН
ИТ-М500-СВ//Приложение. БНН/img/392.pdf, id=1993, 105.3837pt 
x 75.25848pt>
File: //uni-eng.ru/unit/Ivanovo/Документация ЮНИТ М300/Раз
работка/Схемы ФБ ЮНИТ-М300/Проект/РЭ500/08.01 РЭ 
ЮНИТ-М500-СВ//Приложение. БНН/img/392.pdf Graphic file (typ
e pdf)
<use //uni-eng.ru/unit/Ivanovo/Документация ЮНИТ М300/Раз
работка/Схемы ФБ ЮНИТ-М300/Проект/РЭ500/08.01 РЭ 
ЮНИТ-М500-СВ//Приложение. БНН/img/392.pdf>
Package luatex.def Info: //uni-eng.ru/unit/Ivanovo/Документация Ю
НИТ М300/Разработка/Схемы ФБ ЮНИТ-М300/Проект/
РЭ500/08.01 РЭ ЮНИТ-М500-СВ//Приложение. БНН/img/392.pd
f  used on input line 240.
(luatex.def)             Requested size: 111.4216pt x 79.57033pt.

Overfull \hbox (1.25197pt too wide) in paragraph at lines 243--243
 []|\TU/ArialNarrow(0)/m/n/10.95 10| 
 []

<//uni-eng.ru/unit/Ivanovo/Документация ЮНИТ М300/Разра
ботка/Схемы ФБ ЮНИТ-М300/Проект/РЭ500/08.01 РЭ ЮН
ИТ-М500-СВ//Приложение. БНН/img/3101.pdf, id=1994, 108.8965pt
 x 78.77057pt>
File: //uni-eng.ru/unit/Ivanovo/Документация ЮНИТ М300/Раз
работка/Схемы ФБ ЮНИТ-М300/Проект/РЭ500/08.01 РЭ 
ЮНИТ-М500-СВ//Приложение. БНН/img/3101.pdf Graphic file (ty
pe pdf)
<use //uni-eng.ru/unit/Ivanovo/Документация ЮНИТ М300/Раз
работка/Схемы ФБ ЮНИТ-М300/Проект/РЭ500/08.01 РЭ 
ЮНИТ-М500-СВ//Приложение. БНН/img/3101.pdf>
Package luatex.def Info: //uni-eng.ru/unit/Ivanovo/Документация Ю
НИТ М300/Разработка/Схемы ФБ ЮНИТ-М300/Проект/
РЭ500/08.01 РЭ ЮНИТ-М500-СВ//Приложение. БНН/img/3101.p
df  used on input line 243.
(luatex.def)             Requested size: 101.29428pt x 73.27148pt.
<//uni-eng.ru/unit/Ivanovo/Документация ЮНИТ М300/Разра
ботка/Схемы ФБ ЮНИТ-М300/Проект/РЭ500/08.01 РЭ ЮН
ИТ-М500-СВ//Приложение. БНН/img/3102.pdf, id=1995, 103.87823p
t x 78.77054pt>
File: //uni-eng.ru/unit/Ivanovo/Документация ЮНИТ М300/Раз
работка/Схемы ФБ ЮНИТ-М300/Проект/РЭ500/08.01 РЭ 
ЮНИТ-М500-СВ//Приложение. БНН/img/3102.pdf Graphic file (ty
pe pdf)
<use //uni-eng.ru/unit/Ivanovo/Документация ЮНИТ М300/Раз
работка/Схемы ФБ ЮНИТ-М300/Проект/РЭ500/08.01 РЭ 
ЮНИТ-М500-СВ//Приложение. БНН/img/3102.pdf>
Package luatex.def Info: //uni-eng.ru/unit/Ivanovo/Документация Ю
НИТ М300/Разработка/Схемы ФБ ЮНИТ-М300/Проект/
РЭ500/08.01 РЭ ЮНИТ-М500-СВ//Приложение. БНН/img/3102.p
df  used on input line 243.
(luatex.def)             Requested size: 111.4216pt x 84.49277pt.

Overfull \hbox (1.25197pt too wide) in paragraph at lines 246--246
 []|\TU/ArialNarrow(0)/m/n/10.95 11| 
 []

<//uni-eng.ru/unit/Ivanovo/Документация ЮНИТ М300/Разра
ботка/Схемы ФБ ЮНИТ-М300/Проект/РЭ500/08.01 РЭ ЮН
ИТ-М500-СВ//Приложение. БНН/img/3111.pdf, id=1996, 104.38005p
t x 79.2723pt>
File: //uni-eng.ru/unit/Ivanovo/Документация ЮНИТ М300/Раз
работка/Схемы ФБ ЮНИТ-М300/Проект/РЭ500/08.01 РЭ 
ЮНИТ-М500-СВ//Приложение. БНН/img/3111.pdf Graphic file (ty
pe pdf)
<use //uni-eng.ru/unit/Ivanovo/Документация ЮНИТ М300/Раз
работка/Схемы ФБ ЮНИТ-М300/Проект/РЭ500/08.01 РЭ 
ЮНИТ-М500-СВ//Приложение. БНН/img/3111.pdf>
Package luatex.def Info: //uni-eng.ru/unit/Ivanovo/Документация Ю
НИТ М300/Разработка/Схемы ФБ ЮНИТ-М300/Проект/
РЭ500/08.01 РЭ ЮНИТ-М500-СВ//Приложение. БНН/img/3111.p
df  used on input line 246.
(luatex.def)             Requested size: 101.2947pt x 76.9291pt.
<//uni-eng.ru/unit/Ivanovo/Документация ЮНИТ М300/Разра
ботка/Схемы ФБ ЮНИТ-М300/Проект/РЭ500/08.01 РЭ ЮН
ИТ-М500-СВ//Приложение. БНН/img/3112.pdf, id=1997, 89.82704pt
 x 80.27574pt>
File: //uni-eng.ru/unit/Ivanovo/Документация ЮНИТ М300/Раз
работка/Схемы ФБ ЮНИТ-М300/Проект/РЭ500/08.01 РЭ 
ЮНИТ-М500-СВ//Приложение. БНН/img/3112.pdf Graphic file (ty
pe pdf)
<use //uni-eng.ru/unit/Ivanovo/Документация ЮНИТ М300/Раз
работка/Схемы ФБ ЮНИТ-М300/Проект/РЭ500/08.01 РЭ 
ЮНИТ-М500-СВ//Приложение. БНН/img/3112.pdf>
Package luatex.def Info: //uni-eng.ru/unit/Ivanovo/Документация Ю
НИТ М300/Разработка/Схемы ФБ ЮНИТ-М300/Проект/
РЭ500/08.01 РЭ ЮНИТ-М500-СВ//Приложение. БНН/img/3112.p
df  used on input line 246.
(luatex.def)             Requested size: 101.29027pt x 90.52554pt.

Overfull \hbox (1.25197pt too wide) in paragraph at lines 249--249
 []|\TU/ArialNarrow(0)/m/n/10.95 12| 
 []

<//uni-eng.ru/unit/Ivanovo/Документация ЮНИТ М300/Разра
ботка/Схемы ФБ ЮНИТ-М300/Проект/РЭ500/08.01 РЭ ЮН
ИТ-М500-СВ//Приложение. БНН/img/3121.pdf, id=1998, 103.87825p
t x 80.27574pt>
File: //uni-eng.ru/unit/Ivanovo/Документация ЮНИТ М300/Раз
работка/Схемы ФБ ЮНИТ-М300/Проект/РЭ500/08.01 РЭ 
ЮНИТ-М500-СВ//Приложение. БНН/img/3121.pdf Graphic file (ty
pe pdf)
<use //uni-eng.ru/unit/Ivanovo/Документация ЮНИТ М300/Раз
работка/Схемы ФБ ЮНИТ-М300/Проект/РЭ500/08.01 РЭ 
ЮНИТ-М500-СВ//Приложение. БНН/img/3121.pdf>
Package luatex.def Info: //uni-eng.ru/unit/Ivanovo/Документация Ю
НИТ М300/Разработка/Схемы ФБ ЮНИТ-М300/Проект/
РЭ500/08.01 РЭ ЮНИТ-М500-СВ//Приложение. БНН/img/3121.p
df  used on input line 249.
(luatex.def)             Requested size: 101.29276pt x 78.2777pt.
<//uni-eng.ru/unit/Ivanovo/Документация ЮНИТ М300/Разра
ботка/Схемы ФБ ЮНИТ-М300/Проект/РЭ500/08.01 РЭ ЮН
ИТ-М500-СВ//Приложение. БНН/img/3122.pdf, id=1999, 94.34349pt
 x 87.29987pt>
File: //uni-eng.ru/unit/Ivanovo/Документация ЮНИТ М300/Раз
работка/Схемы ФБ ЮНИТ-М300/Проект/РЭ500/08.01 РЭ 
ЮНИТ-М500-СВ//Приложение. БНН/img/3122.pdf Graphic file (ty
pe pdf)
<use //uni-eng.ru/unit/Ivanovo/Документация ЮНИТ М300/Раз
работка/Схемы ФБ ЮНИТ-М300/Проект/РЭ500/08.01 РЭ 
ЮНИТ-М500-СВ//Приложение. БНН/img/3122.pdf>
Package luatex.def Info: //uni-eng.ru/unit/Ivanovo/Документация Ю
НИТ М300/Разработка/Схемы ФБ ЮНИТ-М300/Проект/
РЭ500/08.01 РЭ ЮНИТ-М500-СВ//Приложение. БНН/img/3122.p
df  used on input line 249.
(luatex.def)             Requested size: 101.29027pt x 93.73494pt.

Overfull \hbox (7.75061pt too wide) in alignment at lines 212--253
 [][][][][][][][] 
 []

[54<//uni-eng.ru/unit/Ivanovo/Документация ЮНИТ М300/Разр
аботка/Схемы ФБ ЮНИТ-М300/Проект/РЭ500/08.01 РЭ Ю
НИТ-М500-СВ//Приложение. БНН/img/291.pdf><//uni-eng.ru/unit/I
vanovo/Документация ЮНИТ М300/Разработка/Схемы 
ФБ ЮНИТ-М300/Проект/РЭ500/08.01 РЭ ЮНИТ-М500-СВ//Пр
иложение. БНН/img/292.pdf><//uni-eng.ru/unit/Ivanovo/Докумен
тация ЮНИТ М300/Разработка/Схемы ФБ ЮНИТ-М300/
Проект/РЭ500/08.01 РЭ ЮНИТ-М500-СВ//Приложение. Б
НН/img/2101.pdf><//uni-eng.ru/unit/Ivanovo/Документация ЮНИТ 
М300/Разработка/Схемы ФБ ЮНИТ-М300/Проект/РЭ500/0
8.01 РЭ ЮНИТ-М500-СВ//Приложение. БНН/img/2102.pdf><//uni-
eng.ru/unit/Ivanovo/Документация ЮНИТ М300/Разработк
а/Схемы ФБ ЮНИТ-М300/Проект/РЭ500/08.01 РЭ ЮНИТ-М500
-СВ//Приложение. БНН/img/2111.pdf><//uni-eng.ru/unit/Ivanovo/Д
окументация ЮНИТ М300/Разработка/Схемы ФБ Ю
НИТ-М300/Проект/РЭ500/08.01 РЭ ЮНИТ-М500-СВ//Прилож
ение. БНН/img/2112.pdf><//uni-eng.ru/unit/Ivanovo/Документац
ия ЮНИТ М300/Разработка/Схемы ФБ ЮНИТ-М300/Про
ект/РЭ500/08.01 РЭ ЮНИТ-М500-СВ//Приложение. БНН/img/
2121.pdf><//uni-eng.ru/unit/Ivanovo/Документация ЮНИТ М300/Р
азработка/Схемы ФБ ЮНИТ-М300/Проект/РЭ500/08.01 
РЭ ЮНИТ-М500-СВ//Приложение. БНН/img/2122.pdf>] [55<//uni-
eng.ru/unit/Ivanovo/Документация ЮНИТ М300/Разработк
а/Схемы ФБ ЮНИТ-М300/Проект/РЭ500/08.01 РЭ ЮНИТ-М500
-СВ//Приложение. БНН/img/311.pdf><//uni-eng.ru/unit/Ivanovo/Д
окументация ЮНИТ М300/Разработка/Схемы ФБ Ю
НИТ-М300/Проект/РЭ500/08.01 РЭ ЮНИТ-М500-СВ//Прилож
ение. БНН/img/312.pdf><//uni-eng.ru/unit/Ivanovo/Документаци
я ЮНИТ М300/Разработка/Схемы ФБ ЮНИТ-М300/Прое
кт/РЭ500/08.01 РЭ ЮНИТ-М500-СВ//Приложение. БНН/img/32
1.pdf><//uni-eng.ru/unit/Ivanovo/Документация ЮНИТ М300/Ра
зработка/Схемы ФБ ЮНИТ-М300/Проект/РЭ500/08.01 Р
Э ЮНИТ-М500-СВ//Приложение. БНН/img/322.pdf><//uni-eng.ru/u
nit/Ivanovo/Документация ЮНИТ М300/Разработка/Сх
емы ФБ ЮНИТ-М300/Проект/РЭ500/08.01 РЭ ЮНИТ-М500-СВ//
Приложение. БНН/img/331.pdf><//uni-eng.ru/unit/Ivanovo/Докум
ентация ЮНИТ М300/Разработка/Схемы ФБ ЮНИТ-М30
0/Проект/РЭ500/08.01 РЭ ЮНИТ-М500-СВ//Приложение. 
БНН/img/332.pdf><//uni-eng.ru/unit/Ivanovo/Документация ЮНИ
Т М300/Разработка/Схемы ФБ ЮНИТ-М300/Проект/РЭ50
0/08.01 РЭ ЮНИТ-М500-СВ//Приложение. БНН/img/341.pdf><//un
i-eng.ru/unit/Ivanovo/Документация ЮНИТ М300/Разработ
ка/Схемы ФБ ЮНИТ-М300/Проект/РЭ500/08.01 РЭ ЮНИТ-
М500-СВ//Приложение. БНН/img/342.pdf>] [56<//uni-eng.ru/unit/Iva
novo/Документация ЮНИТ М300/Разработка/Схемы 
ФБ ЮНИТ-М300/Проект/РЭ500/08.01 РЭ ЮНИТ-М500-СВ//Пр
иложение. БНН/img/351.pdf><//uni-eng.ru/unit/Ivanovo/Докумен
тация ЮНИТ М300/Разработка/Схемы ФБ ЮНИТ-М300/
Проект/РЭ500/08.01 РЭ ЮНИТ-М500-СВ//Приложение. Б
НН/img/352.pdf><//uni-eng.ru/unit/Ivanovo/Документация ЮНИТ 
М300/Разработка/Схемы ФБ ЮНИТ-М300/Проект/РЭ500/0
8.01 РЭ ЮНИТ-М500-СВ//Приложение. БНН/img/361.pdf><//uni-e
ng.ru/unit/Ivanovo/Документация ЮНИТ М300/Разработк
а/Схемы ФБ ЮНИТ-М300/Проект/РЭ500/08.01 РЭ ЮНИТ-М500
-СВ//Приложение. БНН/img/362.pdf><//uni-eng.ru/unit/Ivanovo/Д
окументация ЮНИТ М300/Разработка/Схемы ФБ Ю
НИТ-М300/Проект/РЭ500/08.01 РЭ ЮНИТ-М500-СВ//Прилож
ение. БНН/img/371.pdf><//uni-eng.ru/unit/Ivanovo/Документаци
я ЮНИТ М300/Разработка/Схемы ФБ ЮНИТ-М300/Прое
кт/РЭ500/08.01 РЭ ЮНИТ-М500-СВ//Приложение. БНН/img/37
2.pdf><//uni-eng.ru/unit/Ivanovo/Документация ЮНИТ М300/Ра
зработка/Схемы ФБ ЮНИТ-М300/Проект/РЭ500/08.01 Р
Э ЮНИТ-М500-СВ//Приложение. БНН/img/381.pdf><//uni-eng.ru/u
nit/Ivanovo/Документация ЮНИТ М300/Разработка/Сх
емы ФБ ЮНИТ-М300/Проект/РЭ500/08.01 РЭ ЮНИТ-М500-СВ//
Приложение. БНН/img/382.pdf>] [57<//uni-eng.ru/unit/Ivanovo/До
кументация ЮНИТ М300/Разработка/Схемы ФБ ЮН
ИТ-М300/Проект/РЭ500/08.01 РЭ ЮНИТ-М500-СВ//Приложе
ние. БНН/img/391.pdf><//uni-eng.ru/unit/Ivanovo/Документация 
ЮНИТ М300/Разработка/Схемы ФБ ЮНИТ-М300/Проек
т/РЭ500/08.01 РЭ ЮНИТ-М500-СВ//Приложение. БНН/img/392.
pdf><//uni-eng.ru/unit/Ivanovo/Документация ЮНИТ М300/Раз
работка/Схемы ФБ ЮНИТ-М300/Проект/РЭ500/08.01 РЭ 
ЮНИТ-М500-СВ//Приложение. БНН/img/3101.pdf><//uni-eng.ru/uni
t/Ivanovo/Документация ЮНИТ М300/Разработка/Схе
мы ФБ ЮНИТ-М300/Проект/РЭ500/08.01 РЭ ЮНИТ-М500-СВ//
Приложение. БНН/img/3102.pdf><//uni-eng.ru/unit/Ivanovo/Доку
ментация ЮНИТ М300/Разработка/Схемы ФБ ЮНИТ-
М300/Проект/РЭ500/08.01 РЭ ЮНИТ-М500-СВ//Приложени
е. БНН/img/3111.pdf><//uni-eng.ru/unit/Ivanovo/Документация Ю
НИТ М300/Разработка/Схемы ФБ ЮНИТ-М300/Проект/
РЭ500/08.01 РЭ ЮНИТ-М500-СВ//Приложение. БНН/img/3112.pd
f><//uni-eng.ru/unit/Ivanovo/Документация ЮНИТ М300/Разр
аботка/Схемы ФБ ЮНИТ-М300/Проект/РЭ500/08.01 РЭ Ю
НИТ-М500-СВ//Приложение. БНН/img/3121.pdf><//uni-eng.ru/unit/
Ivanovo/Документация ЮНИТ М300/Разработка/Схем
ы ФБ ЮНИТ-М300/Проект/РЭ500/08.01 РЭ ЮНИТ-М500-СВ//П
риложение. БНН/img/3122.pdf>]) (./endapp.tex)

Package caption Warning: Unused \captionsetup[subfigure] on input line 159.
See the caption package documentation for explanation.


Package caption Warning: Unused \captionsetup[table] on input line 256.
See the caption package documentation for explanation.

(./general.aux)
 ***********
LaTeX2e <2025-11-01>
L3 programming layer <2026-01-19>
 ***********


LaTeX Warning: There were undefined references.


LaTeX Warning: There were multiply-defined labels.

Package rerunfilecheck Info: File `general.out' has not changed.
(rerunfilecheck)             Checksum: CEBBC38711890B32644541103AA3AFC8;3184.
)

Here is how much of LuaTeX's memory you used:
 44234 strings out of 476076
 477243,1648299 words of node,token memory allocated
 929 words of node memory still in use:
   7 hlist, 3 vlist, 4 rule, 1 local_par, 5 glue, 4 kern, 1 penalty, 3 glyph, 32
 attribute, 104 glue_spec, 17 attribute_list, 6 write, 4 pdf_colorstack nodes
   avail lists: 1:4,2:19267,3:4053,4:195,5:981,6:1690,7:31145,8:34,9:17750,10:22
,11:1456
 65159 multiletter control sequences out of 65536+600000
 95 fonts using 40071719 bytes
 113i,17n,104p,1195b,2842s stack positions out of 10000i,1000n,20000p,200000b,200000s
<c:/texlive/2026/texmf-dist/fonts/opentype/public/stix2-otf/STIXTwoMath-Regular.
otf><c:/Users/d.sharygin/AppData/Local/Microsoft/Windows/Fonts/arialnarrow_itali
c.ttf><c:/texlive/2026/texmf-dist/fonts/opentype/public/stix2-otf/STIXTwoMath-Re
gular.otf><c:/texlive/2026/texmf-dist/fonts/opentype/public/fontawesome7/FontAwe
some7Free-Solid-900.otf><c:/texlive/2026/texmf-dist/fonts/opentype/public/stix2-
otf/STIXTwoMath-Regular.otf><c:/Users/d.sharygin/AppData/Local/Microsoft/Windows
/Fonts/arialnarrow_bold.ttf><c:/Users/d.sharygin/AppData/Local/Microsoft/Windows
/Fonts/arialnarrow.ttf>
Output written on general.pdf (57 pages, 6279997 bytes).

PDF statistics: 2649 PDF objects out of 2984 (max. 8388607)
 1950 compressed objects within 20 object streams
 293 named destinations out of 1000 (max. 1048576)
 104 words of extra memory for PDF output out of 10000 (max. 100000000)

