This is LuaHBTeX, Version 1.17.0 (TeX Live 2023)  (format=lualatex 2023.11.30)  13 DEC 2025 14:32
 restricted system commands enabled.
**general.tex
(./general.tex
LaTeX2e <2023-11-01>
L3 programming layer <2023-11-09>
Lua module: luaotfload 2023-08-31 3.26 Lua based OpenType font support
Lua module: lualibs 2023-07-13 2.76 ConTeXt Lua standard libraries.
Lua module: lualibs-extended 2023-07-13 2.76 ConTeXt Lua libraries -- extended c
ollection.
luaotfload | conf : Root cache directory is "D:/texlive/2023/texmf-var/luatex-ca
che/generic/names".
luaotfload | init : Loading fontloader "fontloader-2023-08-19.lua" from kpse-res
olved path "d:/texlive/2023/texmf-dist/tex/luatex/luaotfload/fontloader-2023-08-
19.lua".
Lua-only attribute luaotfload@noligature = 1
luaotfload | init : Context OpenType loader version 3.133
Inserting `luaotfload.node_processor' in `pre_linebreak_filter'.
Inserting `luaotfload.node_processor' in `hpack_filter'.
Inserting `luaotfload.glyph_stream' in `glyph_stream_provider'.
Inserting `luaotfload.define_font' in `define_font'.
Lua-only attribute luaotfload_color_attribute = 2
luaotfload | conf : Root cache directory is "D:/texlive/2023/texmf-var/luatex-ca
che/generic/names".
Inserting `luaotfload.harf.strip_prefix' in `find_opentype_file'.
Inserting `luaotfload.harf.strip_prefix' in `find_truetype_file'.
Removing  `luaotfload.glyph_stream' from `glyph_stream_provider'.
Inserting `luaotfload.harf.glyphstream' in `glyph_stream_provider'.
Inserting `luaotfload.harf.finalize_vlist' in `post_linebreak_filter'.
Inserting `luaotfload.harf.finalize_hlist' in `hpack_filter'.
Inserting `luaotfload.cleanup_files' in `wrapup_run'.
Inserting `luaotfload.harf.finalize_unicode' in `finish_pdffile'.
Inserting `luaotfload.glyphinfo' in `glyph_info'.
Lua-only attribute luaotfload.letterspace_done = 3
Inserting `luaotfload.aux.set_sscale_dimens' in `luaotfload.patch_font'.
Inserting `luaotfload.aux.set_font_index' in `luaotfload.patch_font'.
Inserting `luaotfload.aux.patch_cambria_domh' in `luaotfload.patch_font'.
Inserting `luaotfload.aux.fixup_fontdata' in `luaotfload.patch_font_unsafe'.
Inserting `luaotfload.aux.set_capheight' in `luaotfload.patch_font'.
Inserting `luaotfload.aux.set_xheight' in `luaotfload.patch_font'.
Inserting `luaotfload.rewrite_fontname' in `luaotfload.patch_font'.
Inserting `tracingstacklevels' in `input_level_string'. (./preamble.tex (d:/tex
live/2023/texmf-dist/tex/latex/extsizes/extarticle.cls
Document Class: extarticle 1996/10/08 v1.0 Non Standard LaTeX document class
(d:/texlive/2023/texmf-dist/tex/latex/base/size12.clo
File: size12.clo 2023/05/17 v1.4n Standard LaTeX file (size option)
luaotfload | db : Font names database loaded from D:/texlive/2023/texmf-var/luat
ex-cache/generic/names/luaotfload-names.luc.gz)
(d:/texlive/2023/texmf-dist/tex/latex/base/exscale.sty
Package: exscale 2018/09/24 v2.1i Standard LaTeX package exscale
LaTeX Font Info:    Redeclaring symbol font `largesymbols' on input line 57.
LaTeX Font Info:    Overwriting symbol font `largesymbols' in version `normal'
(Font)                  OMX/cmex/m/n --> OMX/cmex/m/n on input line 57.
LaTeX Font Info:    Overwriting symbol font `largesymbols' in version `bold'
(Font)                  OMX/cmex/m/n --> OMX/cmex/m/n on input line 57.
\big@size=\dimen139
)
\c@part=\count184
\c@section=\count185
\c@subsection=\count186
\c@subsubsection=\count187
\c@paragraph=\count188
\c@subparagraph=\count189
\c@figure=\count190
\c@table=\count191
\abovecaptionskip=\skip48
\belowcaptionskip=\skip49
\bibindent=\dimen140
)
(d:/texlive/2023/texmf-dist/tex/latex/fontspec/fontspec.sty
(d:/texlive/2023/texmf-dist/tex/latex/l3packages/xparse/xparse.sty
(d:/texlive/2023/texmf-dist/tex/latex/l3kernel/expl3.sty
Package: expl3 2023-11-09 L3 programming layer (loader) 

(d:/texlive/2023/texmf-dist/tex/latex/l3backend/l3backend-luatex.def
File: l3backend-luatex.def 2023-11-09 L3 backend support: PDF output (LuaTeX)
\l__color_backend_stack_int=\count192
Inserting `l3color' in `luaotfload.parse_color'.
\l__pdf_internal_box=\box51
))
Package: xparse 2023-10-10 L3 Experimental document command parser
)
Package: fontspec 2022/01/15 v2.8a Font selection for XeLaTeX and LuaLaTeX
Lua module: fontspec 2022/01/15 2.8a Font selection for XeLaTeX and LuaLaTeX
(d:/texlive/2023/texmf-dist/tex/latex/fontspec/fontspec-luatex.sty
Package: fontspec-luatex 2022/01/15 v2.8a Font selection for XeLaTeX and LuaLaT
eX
\l__fontspec_script_int=\count193
\l__fontspec_language_int=\count194
\l__fontspec_strnum_int=\count195
\l__fontspec_tmp_int=\count196
\l__fontspec_tmpa_int=\count197
\l__fontspec_tmpb_int=\count198
\l__fontspec_tmpc_int=\count199
\l__fontspec_em_int=\count266
\l__fontspec_emdef_int=\count267
\l__fontspec_strong_int=\count268
\l__fontspec_strongdef_int=\count269
\l__fontspec_tmpa_dim=\dimen141
\l__fontspec_tmpb_dim=\dimen142
\l__fontspec_tmpc_dim=\dimen143

(d:/texlive/2023/texmf-dist/tex/latex/base/fontenc.sty
Package: fontenc 2021/04/29 v2.0v Standard LaTeX package
)
(d:/texlive/2023/texmf-dist/tex/latex/fontspec/fontspec.cfg)))
(d:/texlive/2023/texmf-dist/tex/generic/babel/babel.sty
Package: babel 2023/11/11 v3.97 The Babel package

(d:/texlive/2023/texmf-dist/tex/generic/babel/luababel.def
\bbl@readstream=\read2
\l@dumylang=\language2
Package babel Info: Non-standard hyphenation setup on input line 118.
\l@nohyphenation=\language3
\l@vietnamese=\language4
\l@hebrew=\language5
\l@german-x-2023-03-06=\language6
\l@ngerman-x-2023-03-06=\language7
\l@afrikaans=\language8
\l@ancientgreek=\language9
\l@ibycus=\language10
\l@arabic=\language11
\l@armenian=\language12
\l@basque=\language13
\l@belarusian=\language14
\l@bulgarian=\language15
\l@catalan=\language16
\l@pinyin=\language17
\l@churchslavonic=\language18
\l@coptic=\language19
\l@croatian=\language20
\l@czech=\language21
\l@danish=\language22
\l@dutch=\language23
\l@ukenglish=\language24
\l@usenglishmax=\language25
\l@esperanto=\language26
\l@estonian=\language27
\l@ethiopic=\language28
\l@farsi=\language29
\l@finnish=\language30
\l@schoolfinnish=\language31
\l@french=\language32
\l@friulan=\language33
\l@galician=\language34
\l@georgian=\language35
\l@german=\language36
\l@ngerman=\language37
\l@swissgerman=\language38
\l@greek=\language39
\l@monogreek=\language40
\l@hungarian=\language41
\l@icelandic=\language42
\l@assamese=\language43
\l@bengali=\language44
\l@gujarati=\language45
\l@hindi=\language46
\l@kannada=\language47
\l@malayalam=\language48
\l@marathi=\language49
\l@oriya=\language50
\l@pali=\language51
\l@panjabi=\language52
\l@tamil=\language53
\l@telugu=\language54
\l@indonesian=\language55
\l@interlingua=\language56
\l@irish=\language57
\l@italian=\language58
\l@kurmanji=\language59
\l@classiclatin=\language60
\l@latin=\language61
\l@liturgicallatin=\language62
\l@latvian=\language63
\l@lithuanian=\language64
\l@macedonian=\language65
\l@mongolian=\language66
\l@mongolianlmc=\language67
\l@bokmal=\language68
\l@nynorsk=\language69
\l@occitan=\language70
\l@piedmontese=\language71
\l@polish=\language72
\l@portuguese=\language73
\l@romanian=\language74
\l@romansh=\language75
\l@russian=\language76
\l@sanskrit=\language77
\l@serbian=\language78
\l@serbianc=\language79
\l@slovak=\language80
\l@slovenian=\language81
\l@spanish=\language82
\l@swedish=\language83
\l@thai=\language84
\l@turkish=\language85
\l@turkmen=\language86
\l@ukrainian=\language87
\l@uppersorbian=\language88
\l@welsh=\language89
\babelcatcodetablenum=\catcodetable14
\bbl@pattcodes=\catcodetable15
)
\babel@savecnt=\count270
\U@D=\dimen144
\l@unhyphenated=\language90

(d:/texlive/2023/texmf-dist/tex/generic/babel/luababel.def
\bbl@attr@locale=\attribute4
)
(d:/texlive/2023/texmf-dist/tex/generic/babel-english/english.ldf
Language: english 2017/06/06 v3.3r English support from the babel system
Package babel Info: Hyphen rules for 'canadian' set to \l@english
(babel)             (\language0). Reported on input line 102.
Package babel Info: Hyphen rules for 'australian' set to \l@ukenglish
(babel)             (\language24). Reported on input line 105.
Package babel Info: Hyphen rules for 'newzealand' set to \l@ukenglish
(babel)             (\language24). Reported on input line 108.
)
(d:/texlive/2023/texmf-dist/tex/generic/babel-russian/russianb.ldf
File: russianb.ldf 2021/01/10 1.3m Russian support for the Babel system
Language: russian 2020/09/09 1.3k Russian support for the Babel system
Package babel Info: Making " an active character on input line 124.
Package babel Info: Default for \cyrdash is provided on input line 163.

(d:/texlive/2023/texmf-dist/tex/generic/hyph-utf8/loadhyph/loadhyph-ru.tex
UTF-8 Russian hyphenation patterns
(d:/texlive/2023/texmf-dist/tex/generic/hyph-utf8/patterns/tex/hyph-ru.tex))))
(d:/texlive/2023/texmf-dist/tex/generic/babel/locale/ru/babel-russian.tex
Package babel Info: Importing font and identification data for russian
(babel)             from babel-ru.ini. Reported on input line 11.
)
(d:/texlive/2023/texmf-dist/tex/generic/babel/locale/en/babel-english.tex
Package babel Info: Importing font and identification data for english
(babel)             from babel-en.ini. Reported on input line 11.
)
(d:/texlive/2023/texmf-dist/tex/latex/graphics/graphicx.sty
Package: graphicx 2021/09/16 v1.2d Enhanced LaTeX Graphics (DPC,SPQR)

(d:/texlive/2023/texmf-dist/tex/latex/graphics/keyval.sty
Package: keyval 2022/05/29 v1.15 key=value parser (DPC)
\KV@toks@=\toks17
)
(d:/texlive/2023/texmf-dist/tex/latex/graphics/graphics.sty
Package: graphics 2022/03/10 v1.4e Standard LaTeX Graphics (DPC,SPQR)

(d:/texlive/2023/texmf-dist/tex/latex/graphics/trig.sty
Package: trig 2021/08/11 v1.11 sin cos tan (DPC)
)
(d:/texlive/2023/texmf-dist/tex/latex/graphics-cfg/graphics.cfg
File: graphics.cfg 2016/06/04 v1.11 sample graphics configuration
)
Package graphics Info: Driver file: luatex.def on input line 107.

(d:/texlive/2023/texmf-dist/tex/latex/graphics-def/luatex.def
File: luatex.def 2022/09/22 v1.2d Graphics/color driver for luatex
))
\Gin@req@height=\dimen145
\Gin@req@width=\dimen146
)
luaotfload | cache : Lookup cache loaded from D:/texlive/2023/texmf-var/luatex-c
ache/generic/names/luaotfload-lookup-cache.luc.
luaotfload | aux : font no 18 (nil) defines no feature for script latn
luaotfload | aux : font no 18 (nil) defines no feature for script dflt

Package fontspec Info: Could not resolve font "ArialNarrow/BI" (it probably
(fontspec)             doesn't exist).


Package fontspec Info: Could not resolve font "ArialNarrow/B" (it probably
(fontspec)             doesn't exist).


Package fontspec Info: Could not resolve font "ArialNarrow/I" (it probably
(fontspec)             doesn't exist).


Package fontspec Info: Font family 'ArialNarrow(0)' created for font 'Arial
(fontspec)             Narrow' with options [Ligatures=TeX].
(fontspec)              
(fontspec)              This font family consists of the following NFSS
(fontspec)             series/shapes:
(fontspec)              
(fontspec)             - 'normal' (m/n) with NFSS spec.:
(fontspec)             <->"ArialNarrow:mode=node;language=dflt;+tlig;"
(fontspec)             - 'small caps'  (m/sc) with NFSS spec.: 


(d:/texlive/2023/texmf-dist/tex/latex/unicode-math/unicode-math.sty
Package: unicode-math 2023/08/13 v0.8r Unicode maths in XeLaTeX and LuaLaTeX

(d:/texlive/2023/texmf-dist/tex/latex/unicode-math/unicode-math-luatex.sty
Package: unicode-math-luatex 2023/08/13 v0.8r Unicode maths in XeLaTeX and LuaL
aTeX

(d:/texlive/2023/texmf-dist/tex/latex/l3packages/l3keys2e/l3keys2e.sty
Package: l3keys2e 2023-10-10 LaTeX2e option processing using LaTeX3 keys
)
(d:/texlive/2023/texmf-dist/tex/latex/base/fix-cm.sty
Package: fix-cm 2020/11/24 v1.1t fixes to LaTeX

(d:/texlive/2023/texmf-dist/tex/latex/base/ts1enc.def
File: ts1enc.def 2001/06/05 v3.0e (jk/car/fm) Standard LaTeX file
LaTeX Font Info:    Redeclaring font encoding TS1 on input line 47.
))
(d:/texlive/2023/texmf-dist/tex/latex/amsmath/amsmath.sty
Package: amsmath 2023/05/13 v2.17o AMS math features
\@mathmargin=\skip50

For additional information on amsmath, use the `?' option.
(d:/texlive/2023/texmf-dist/tex/latex/amsmath/amstext.sty
Package: amstext 2021/08/26 v2.01 AMS text

(d:/texlive/2023/texmf-dist/tex/latex/amsmath/amsgen.sty
File: amsgen.sty 1999/11/30 v2.0 generic functions
\@emptytoks=\toks18
\ex@=\dimen147
))
(d:/texlive/2023/texmf-dist/tex/latex/amsmath/amsbsy.sty
Package: amsbsy 1999/11/29 v1.2d Bold Symbols
\pmbraise@=\dimen148
)
(d:/texlive/2023/texmf-dist/tex/latex/amsmath/amsopn.sty
Package: amsopn 2022/04/08 v2.04 operator names
)
\inf@bad=\count271
LaTeX Info: Redefining \frac on input line 236.
\uproot@=\count272
\leftroot@=\count273
LaTeX Info: Redefining \overline on input line 399.
LaTeX Info: Redefining \colon on input line 410.
\classnum@=\count274
\DOTSCASE@=\count275
LaTeX Info: Redefining \ldots on input line 496.
LaTeX Info: Redefining \dots on input line 499.
LaTeX Info: Redefining \cdots on input line 620.
\Mathstrutbox@=\box52
\strutbox@=\box53
LaTeX Info: Redefining \big on input line 722.
LaTeX Info: Redefining \Big on input line 723.
LaTeX Info: Redefining \bigg on input line 724.
LaTeX Info: Redefining \Bigg on input line 725.
\big@size=\dimen149
LaTeX Font Info:    Redeclaring font encoding OML on input line 743.
LaTeX Font Info:    Redeclaring font encoding OMS on input line 744.
\macc@depth=\count276
LaTeX Info: Redefining \bmod on input line 905.
LaTeX Info: Redefining \pmod on input line 910.
LaTeX Info: Redefining \smash on input line 940.
LaTeX Info: Redefining \relbar on input line 970.
LaTeX Info: Redefining \Relbar on input line 971.
\c@MaxMatrixCols=\count277
\dotsspace@=\muskip16
\c@parentequation=\count278
\dspbrk@lvl=\count279
\tag@help=\toks19
\row@=\count280
\column@=\count281
\maxfields@=\count282
\andhelp@=\toks20
\eqnshift@=\dimen150
\alignsep@=\dimen151
\tagshift@=\dimen152
\tagwidth@=\dimen153
\totwidth@=\dimen154
\lineht@=\dimen155
\@envbody=\toks21
\multlinegap=\skip51
\multlinetaggap=\skip52
\mathdisplay@stack=\toks22
LaTeX Info: Redefining \[ on input line 2953.
LaTeX Info: Redefining \] on input line 2954.
)
(d:/texlive/2023/texmf-dist/tex/lualatex/lualatex-math/lualatex-math.sty
Package: lualatex-math 2022/01/01 v1.12 Patches for mathematics typesetting wit
h LuaLaTeX

(d:/texlive/2023/texmf-dist/tex/latex/etoolbox/etoolbox.sty
Package: etoolbox 2020/10/05 v2.5k e-TeX tools for LaTeX (JAW)
\etb@tempcnta=\count283
)
Lua module: lualatex-math 2013/08/03 1.3 Patches for mathematics typesetting wit
h LuaLaTeX)
\g__um_fam_int=\count284
\g__um_fonts_used_int=\count285
\l__um_primecount_int=\count286
\g__um_primekern_muskip=\muskip17

(d:/texlive/2023/texmf-dist/tex/latex/unicode-math/unicode-math-table.tex)))

Package fontspec Info: Could not resolve font "StixTwoMath/B" (it probably
(fontspec)             doesn't exist).


Package fontspec Info: Font family 'StixTwoMath(0)' created for font 'Stix Two
(fontspec)             Math' with options
(fontspec)             [Renderer=Basic,BoldItalicFont={},ItalicFont={},SmallCap
sFont={},Script=Math,RawFeature={mathfontdimen=xetex}].
(fontspec)              
(fontspec)              This font family consists of the following NFSS
(fontspec)             series/shapes:
(fontspec)              
(fontspec)             - 'normal' (m/n) with NFSS spec.:
(fontspec)             <->"StixTwoMath:mode=base;script=math;language=dflt;math
fontdimen=xetex;"
(fontspec)             - 'small caps'  (m/sc) with NFSS spec.: 


Package fontspec Info: Could not resolve font "StixTwoMath/B" (it probably
(fontspec)             doesn't exist).


Package fontspec Info: Font family 'StixTwoMath(1)' created for font 'Stix Two
(fontspec)             Math' with options
(fontspec)             [Renderer=Basic,BoldItalicFont={},ItalicFont={},SmallCap
sFont={},Script=Math,SizeFeatures={{Size=10.2-},{Size=7.5-10.2,Font=Stix
(fontspec)             Two Math,Style=MathScript},{Size=-7.5,Font=Stix Two
(fontspec)             Math,Style=MathScriptScript}},RawFeature={mathfontdimen=
xetex}].
(fontspec)              
(fontspec)              This font family consists of the following NFSS
(fontspec)             series/shapes:
(fontspec)              
(fontspec)             - 'normal' (m/n) with NFSS spec.:
(fontspec)             <10.2->"StixTwoMath:mode=base;script=math;language=dflt;
mathfontdimen=xetex;"<7.5-10.2>"StixTwoMath:mode=base;script=math;language=dflt
;mathfontdimen=xetex;+ssty=0;"<-7.5>"StixTwoMath:mode=base;script=math;language
=dflt;mathfontdimen=xetex;+ssty=1;"
(fontspec)             - 'small caps'  (m/sc) with NFSS spec.: 

LaTeX Font Info:    Encoding `OT1' has changed to `TU' for symbol font
(Font)              `operators' in the math version `normal' on input line 12.
LaTeX Font Info:    Overwriting symbol font `operators' in version `normal'
(Font)                  OT1/cmr/m/n --> TU/StixTwoMath(1)/m/n on input line 12.

LaTeX Font Info:    Encoding `OT1' has changed to `TU' for symbol font
(Font)              `operators' in the math version `bold' on input line 12.
LaTeX Font Info:    Overwriting symbol font `operators' in version `bold'
(Font)                  OT1/cmr/bx/n --> TU/StixTwoMath(1)/b/n on input line 12
.

Package fontspec Info: Could not resolve font "StixTwoMath/B" (it probably
(fontspec)             doesn't exist).


Package fontspec Info: Font family 'StixTwoMath(2)' created for font 'Stix Two
(fontspec)             Math' with options
(fontspec)             [Renderer=Basic,BoldItalicFont={},ItalicFont={},SmallCap
sFont={},Script=Math,SizeFeatures={{Size=10.2-},{Size=7.5-10.2,Font=Stix
(fontspec)             Two Math,Style=MathScript},{Size=-7.5,Font=Stix Two
(fontspec)             Math,Style=MathScriptScript}},RawFeature={mathfontdimen=
xetex},RawFeature={mathfontdimen=tex2}].
(fontspec)              
(fontspec)              This font family consists of the following NFSS
(fontspec)             series/shapes:
(fontspec)              
(fontspec)             - 'normal' (m/n) with NFSS spec.:
(fontspec)             <10.2->"StixTwoMath:mode=base;script=math;language=dflt;
mathfontdimen=xetex;mathfontdimen=tex2;"<7.5-10.2>"StixTwoMath:mode=base;script
=math;language=dflt;mathfontdimen=xetex;mathfontdimen=tex2;+ssty=0;"<-7.5>"Stix
TwoMath:mode=base;script=math;language=dflt;mathfontdimen=xetex;mathfontdimen=t
ex2;+ssty=1;"
(fontspec)             - 'small caps'  (m/sc) with NFSS spec.: 

LaTeX Font Info:    Encoding `OMS' has changed to `TU' for symbol font
(Font)              `symbols' in the math version `normal' on input line 12.
LaTeX Font Info:    Overwriting symbol font `symbols' in version `normal'
(Font)                  OMS/cmsy/m/n --> TU/StixTwoMath(2)/m/n on input line 12
.
LaTeX Font Info:    Encoding `OMS' has changed to `TU' for symbol font
(Font)              `symbols' in the math version `bold' on input line 12.
LaTeX Font Info:    Overwriting symbol font `symbols' in version `bold'
(Font)                  OMS/cmsy/b/n --> TU/StixTwoMath(2)/b/n on input line 12
.

Package fontspec Info: Could not resolve font "StixTwoMath/B" (it probably
(fontspec)             doesn't exist).


Package fontspec Info: Font family 'StixTwoMath(3)' created for font 'Stix Two
(fontspec)             Math' with options
(fontspec)             [Renderer=Basic,BoldItalicFont={},ItalicFont={},SmallCap
sFont={},Script=Math,SizeFeatures={{Size=10.2-},{Size=7.5-10.2,Font=Stix
(fontspec)             Two Math,Style=MathScript},{Size=-7.5,Font=Stix Two
(fontspec)             Math,Style=MathScriptScript}},RawFeature={mathfontdimen=
xetex},RawFeature={mathfontdimen=tex3}].
(fontspec)              
(fontspec)              This font family consists of the following NFSS
(fontspec)             series/shapes:
(fontspec)              
(fontspec)             - 'normal' (m/n) with NFSS spec.:
(fontspec)             <10.2->"StixTwoMath:mode=base;script=math;language=dflt;
mathfontdimen=xetex;mathfontdimen=tex3;"<7.5-10.2>"StixTwoMath:mode=base;script
=math;language=dflt;mathfontdimen=xetex;mathfontdimen=tex3;+ssty=0;"<-7.5>"Stix
TwoMath:mode=base;script=math;language=dflt;mathfontdimen=xetex;mathfontdimen=t
ex3;+ssty=1;"
(fontspec)             - 'small caps'  (m/sc) with NFSS spec.: 

LaTeX Font Info:    Encoding `OMX' has changed to `TU' for symbol font
(Font)              `largesymbols' in the math version `normal' on input line 1
2.
LaTeX Font Info:    Overwriting symbol font `largesymbols' in version `normal'
(Font)                  OMX/cmex/m/n --> TU/StixTwoMath(3)/m/n on input line 12
.
LaTeX Font Info:    Encoding `OMX' has changed to `TU' for symbol font
(Font)              `largesymbols' in the math version `bold' on input line 12.

LaTeX Font Info:    Overwriting symbol font `largesymbols' in version `bold'
(Font)                  OMX/cmex/m/n --> TU/StixTwoMath(3)/b/n on input line 12
.

(d:/texlive/2023/texmf-dist/tex/latex/koma-script/typearea.sty
Package: typearea 2023/07/07 v3.41 KOMA-Script package (type area)

(d:/texlive/2023/texmf-dist/tex/latex/koma-script/scrkbase.sty
Package: scrkbase 2023/07/07 v3.41 KOMA-Script package (KOMA-Script-dependent b
asics and keyval usage)

(d:/texlive/2023/texmf-dist/tex/latex/koma-script/scrbase.sty
Package: scrbase 2023/07/07 v3.41 KOMA-Script package (KOMA-Script-independent 
basics and keyval usage)

(d:/texlive/2023/texmf-dist/tex/latex/koma-script/scrlfile.sty
Package: scrlfile 2023/07/07 v3.41 KOMA-Script package (file load hooks)

(d:/texlive/2023/texmf-dist/tex/latex/koma-script/scrlfile-hook.sty
Package: scrlfile-hook 2023/07/07 v3.41 KOMA-Script package (using LaTeX hooks)


(d:/texlive/2023/texmf-dist/tex/latex/koma-script/scrlogo.sty
Package: scrlogo 2023/07/07 v3.41 KOMA-Script package (logo)
)))
Applying: [2021/05/01] Usage of raw or classic option list on input line 252.
Already applied: [0000/00/00] Usage of raw or classic option list on input line
 368.
))
\ta@bcor=\skip53
\ta@div=\count287
Package typearea Info: You've used standard option `a4paper'.
(typearea)             This is correct!
(typearea)             Internally I'm using `paper=a4'.
(typearea)             If you'd like to set the option with \KOMAoptions,
(typearea)             you'd have to use `paper=a4' there
(typearea)             instead of `a4paper', too.
\ta@hblk=\skip54
\ta@vblk=\skip55
\ta@temp=\skip56
\footheight=\skip57

DIV calculation for typearea with good linewidth.
Package typearea Info: These are the values describing the layout:
(typearea)             DIV  = 6
(typearea)             BCOR = 0.0pt
(typearea)             \paperwidth      = 597.50793pt
(typearea)              \textwidth      = 298.75397pt
(typearea)              DIV departure   = 7%
(typearea)              \evensidemargin = 77.107pt
(typearea)              \oddsidemargin  = 77.107pt
(typearea)             \paperheight     = 845.04694pt
(typearea)              \textheight     = 428.0pt
(typearea)              \topmargin      = 28.69617pt
(typearea)              \headheight     = 18.125pt
(typearea)              \headsep        = 21.75pt
(typearea)              \topskip        = 22.0pt
(typearea)              \footskip       = 50.75pt
(typearea)              \baselineskip   = 14.5pt
(typearea)              on input line 1799.
) (d:/texlive/2023/texmf-dist/tex/latex/geometry/geometry.sty
Package: geometry 2020/01/02 v5.9 Page Geometry

(d:/texlive/2023/texmf-dist/tex/generic/iftex/ifvtex.sty
Package: ifvtex 2019/10/25 v1.7 ifvtex legacy package. Use iftex instead.

(d:/texlive/2023/texmf-dist/tex/generic/iftex/iftex.sty
Package: iftex 2022/02/03 v1.0f TeX engine tests
))
\Gm@cnth=\count288
\Gm@cntv=\count289
\c@Gm@tempcnt=\count290
\Gm@bindingoffset=\dimen156
\Gm@wd@mp=\dimen157
\Gm@odd@mp=\dimen158
\Gm@even@mp=\dimen159
\Gm@layoutwidth=\dimen160
\Gm@layoutheight=\dimen161
\Gm@layouthoffset=\dimen162
\Gm@layoutvoffset=\dimen163
\Gm@dimlist=\toks23
)
(d:/texlive/2023/texmf-dist/tex/latex/xcolor/xcolor.sty
Package: xcolor 2023/11/15 v3.01 LaTeX color extensions (UK)

(d:/texlive/2023/texmf-dist/tex/latex/graphics-cfg/color.cfg
File: color.cfg 2016/01/02 v1.6 sample color configuration
)
Package xcolor Info: Driver file: luatex.def on input line 274.

(d:/texlive/2023/texmf-dist/tex/latex/graphics/mathcolor.ltx)
Package xcolor Info: Model `cmy' substituted by `cmy0' on input line 1350.
Package xcolor Info: Model `hsb' substituted by `rgb' on input line 1354.
Package xcolor Info: Model `RGB' extended on input line 1366.
Package xcolor Info: Model `HTML' substituted by `rgb' on input line 1368.
Package xcolor Info: Model `Hsb' substituted by `hsb' on input line 1369.
Package xcolor Info: Model `tHsb' substituted by `hsb' on input line 1370.
Package xcolor Info: Model `HSB' substituted by `hsb' on input line 1371.
Package xcolor Info: Model `Gray' substituted by `gray' on input line 1372.
Package xcolor Info: Model `wave' substituted by `hsb' on input line 1373.
)
(d:/texlive/2023/texmf-dist/tex/latex/colortbl/colortbl.sty
Package: colortbl 2022/06/20 v1.0f Color table columns (DPC)

(d:/texlive/2023/texmf-dist/tex/latex/tools/array.sty
Package: array 2023/10/16 v2.5g Tabular extension package (FMi)
\col@sep=\dimen164
\ar@mcellbox=\box54
\extrarowheight=\dimen165
\NC@list=\toks24
\extratabsurround=\skip58
\backup@length=\skip59
\ar@cellbox=\box55
)
\everycr=\toks25
\minrowclearance=\skip60
\rownum=\count291
)
(d:/texlive/2023/texmf-dist/tex/latex/hyperref/hyperref.sty
Package: hyperref 2023-11-26 v7.01g Hypertext links for LaTeX

(d:/texlive/2023/texmf-dist/tex/generic/infwarerr/infwarerr.sty
Package: infwarerr 2019/12/03 v1.5 Providing info/warning/error messages (HO)
)
(d:/texlive/2023/texmf-dist/tex/latex/kvsetkeys/kvsetkeys.sty
Package: kvsetkeys 2022-10-05 v1.19 Key value parser (HO)
)
(d:/texlive/2023/texmf-dist/tex/generic/kvdefinekeys/kvdefinekeys.sty
Package: kvdefinekeys 2019-12-19 v1.6 Define keys (HO)
)
(d:/texlive/2023/texmf-dist/tex/generic/pdfescape/pdfescape.sty
Package: pdfescape 2019/12/09 v1.15 Implements pdfTeX's escape features (HO)

(d:/texlive/2023/texmf-dist/tex/generic/ltxcmds/ltxcmds.sty
Package: ltxcmds 2020-05-10 v1.25 LaTeX kernel commands for general use (HO)
)
(d:/texlive/2023/texmf-dist/tex/generic/pdftexcmds/pdftexcmds.sty
Package: pdftexcmds 2020-06-27 v0.33 Utility functions of pdfTeX for LuaTeX (HO
)
Package pdftexcmds Info: \pdf@primitive is available.
Package pdftexcmds Info: \pdf@ifprimitive is available.
Package pdftexcmds Info: \pdfdraftmode found.
\pdftexcmds@toks=\toks26
))
(d:/texlive/2023/texmf-dist/tex/latex/hycolor/hycolor.sty
Package: hycolor 2020-01-27 v1.10 Color options for hyperref/bookmark (HO)
)
(d:/texlive/2023/texmf-dist/tex/latex/letltxmacro/letltxmacro.sty
Package: letltxmacro 2019/12/03 v1.6 Let assignment for LaTeX macros (HO)
)
(d:/texlive/2023/texmf-dist/tex/latex/auxhook/auxhook.sty
Package: auxhook 2019-12-17 v1.6 Hooks for auxiliary files (HO)
)
(d:/texlive/2023/texmf-dist/tex/latex/hyperref/nameref.sty
Package: nameref 2023-11-26 v2.56 Cross-referencing by name of section

(d:/texlive/2023/texmf-dist/tex/latex/refcount/refcount.sty
Package: refcount 2019/12/15 v3.6 Data extraction from label references (HO)
)
(d:/texlive/2023/texmf-dist/tex/generic/gettitlestring/gettitlestring.sty
Package: gettitlestring 2019/12/15 v1.6 Cleanup title references (HO)

(d:/texlive/2023/texmf-dist/tex/latex/kvoptions/kvoptions.sty
Package: kvoptions 2022-06-15 v3.15 Key value format for package options (HO)
))
\c@section@level=\count292
)
\@linkdim=\dimen166
\Hy@linkcounter=\count293
\Hy@pagecounter=\count294

(d:/texlive/2023/texmf-dist/tex/latex/hyperref/pd1enc.def
File: pd1enc.def 2023-11-26 v7.01g Hyperref: PDFDocEncoding definition (HO)
)
(d:/texlive/2023/texmf-dist/tex/generic/intcalc/intcalc.sty
Package: intcalc 2019/12/15 v1.3 Expandable calculations with integers (HO)
)
\Hy@SavedSpaceFactor=\count295

(d:/texlive/2023/texmf-dist/tex/latex/hyperref/puenc.def
File: puenc.def 2023-11-26 v7.01g Hyperref: PDF Unicode definition (HO)
)
Package hyperref Info: Option `unicode' set `true' on input line 3167.
Package hyperref Info: Hyper figures OFF on input line 4181.
Package hyperref Info: Link nesting OFF on input line 4186.
Package hyperref Info: Hyper index ON on input line 4189.
Package hyperref Info: Plain pages OFF on input line 4196.
Package hyperref Info: Backreferencing OFF on input line 4201.
Package hyperref Info: Implicit mode ON; LaTeX internals redefined.
Package hyperref Info: Bookmarks ON on input line 4448.
\c@Hy@tempcnt=\count296

(d:/texlive/2023/texmf-dist/tex/latex/url/url.sty
\Urlmuskip=\muskip18
Package: url 2013/09/16  ver 3.4  Verb mode for urls, etc.
)
LaTeX Info: Redefining \url on input line 4786.
\XeTeXLinkMargin=\dimen167

(d:/texlive/2023/texmf-dist/tex/generic/bitset/bitset.sty
Package: bitset 2019/12/09 v1.3 Handle bit-vector datatype (HO)

(d:/texlive/2023/texmf-dist/tex/generic/bigintcalc/bigintcalc.sty
Package: bigintcalc 2019/12/15 v1.5 Expandable calculations on big integers (HO
)
))
\Fld@menulength=\count297
\Field@Width=\dimen168
\Fld@charsize=\dimen169
Package hyperref Info: Hyper figures OFF on input line 6065.
Package hyperref Info: Link nesting OFF on input line 6070.
Package hyperref Info: Hyper index ON on input line 6073.
Package hyperref Info: backreferencing OFF on input line 6080.
Package hyperref Info: Link coloring OFF on input line 6085.
Package hyperref Info: Link coloring with OCG OFF on input line 6090.
Package hyperref Info: PDF/A mode OFF on input line 6095.

(d:/texlive/2023/texmf-dist/tex/latex/base/atbegshi-ltx.sty
Package: atbegshi-ltx 2021/01/10 v1.0c Emulation of the original atbegshi
package with kernel methods
)
\Hy@abspage=\count298
\c@Item=\count299
\c@Hfootnote=\count300
)
Package hyperref Info: Driver (autodetected): hluatex.

(d:/texlive/2023/texmf-dist/tex/latex/hyperref/hluatex.def
File: hluatex.def 2023-11-26 v7.01g Hyperref driver for luaTeX

(d:/texlive/2023/texmf-dist/tex/generic/stringenc/stringenc.sty
Package: stringenc 2019/11/29 v1.12 Convert strings between diff. encodings (HO
)
)
(d:/texlive/2023/texmf-dist/tex/latex/base/atveryend-ltx.sty
Package: atveryend-ltx 2020/08/19 v1.0a Emulation of the original atveryend pac
kage
with kernel methods
)
\Fld@listcount=\count301
\c@bookmark@seq@number=\count302

(d:/texlive/2023/texmf-dist/tex/latex/rerunfilecheck/rerunfilecheck.sty
Package: rerunfilecheck 2022-07-10 v1.10 Rerun checks for auxiliary files (HO)

(d:/texlive/2023/texmf-dist/tex/generic/uniquecounter/uniquecounter.sty
Package: uniquecounter 2019/12/15 v1.4 Provide unlimited unique counter (HO)
)
Package uniquecounter Info: New unique counter `rerunfilecheck' on input line 2
85.
)
\Hy@SectionHShift=\skip61
)
luaotfload | aux : font no 18 (nil) defines no feature for script latn
luaotfload | aux : font no 18 (nil) defines no feature for script dflt

Package fontspec Info: Font family 'ArialNarrow(1)' created for font 'Arial
(fontspec)             Narrow' with options
(fontspec)             [Ligatures=TeX,Ligatures=TeX,BoldFont={Arial Narrow
(fontspec)             Bold},ItalicFont={Arial Narrow
(fontspec)             Italic},BoldItalicFont={Arial Narrow Bold Italic}].
(fontspec)              
(fontspec)              This font family consists of the following NFSS
(fontspec)             series/shapes:
(fontspec)              
(fontspec)             - 'normal' (m/n) with NFSS spec.:
(fontspec)             <->"ArialNarrow:mode=node;language=dflt;+tlig;"
(fontspec)             - 'small caps'  (m/sc) with NFSS spec.: 
(fontspec)             - 'bold' (b/n) with NFSS spec.:
(fontspec)             <->"ArialNarrowBold:mode=node;language=dflt;+tlig;"
(fontspec)             - 'bold small caps'  (b/sc) with NFSS spec.: 
(fontspec)             - 'italic' (m/it) with NFSS spec.:
(fontspec)             <->"ArialNarrowItalic:mode=node;language=dflt;+tlig;"
(fontspec)             - 'italic small caps'  (m/scit) with NFSS spec.: 
(fontspec)             - 'bold italic' (b/it) with NFSS spec.:
(fontspec)             <->"ArialNarrowBoldItalic:mode=node;language=dflt;+tlig;
"
(fontspec)             - 'bold italic small caps'  (b/scit) with NFSS spec.: 

luaotfload | aux : font no 41 (nil) defines no feature for script latn
luaotfload | aux : font no 41 (nil) defines no feature for script dflt

Package fontspec Info: Font family 'ArialNarrow(2)' created for font 'Arial
(fontspec)             Narrow' with options
(fontspec)             [Renderer=Basic,Ligatures=TeX,BoldFont={Arial Narrow
(fontspec)             Bold},ItalicFont={Arial Narrow
(fontspec)             Italic},BoldItalicFont={Arial Narrow Bold Italic}].
(fontspec)              
(fontspec)              This font family consists of the following NFSS
(fontspec)             series/shapes:
(fontspec)              
(fontspec)             - 'normal' (m/n) with NFSS spec.:
(fontspec)             <->"ArialNarrow:mode=base;language=dflt;+tlig;"
(fontspec)             - 'small caps'  (m/sc) with NFSS spec.: 
(fontspec)             - 'bold' (b/n) with NFSS spec.:
(fontspec)             <->"ArialNarrowBold:mode=base;language=dflt;+tlig;"
(fontspec)             - 'bold small caps'  (b/sc) with NFSS spec.: 
(fontspec)             - 'italic' (m/it) with NFSS spec.:
(fontspec)             <->"ArialNarrowItalic:mode=base;language=dflt;+tlig;"
(fontspec)             - 'italic small caps'  (m/scit) with NFSS spec.: 
(fontspec)             - 'bold italic' (b/it) with NFSS spec.:
(fontspec)             <->"ArialNarrowBoldItalic:mode=base;language=dflt;+tlig;
"
(fontspec)             - 'bold italic small caps'  (b/scit) with NFSS spec.: 

LaTeX Font Info:    Overwriting math alphabet `\mathsf' in version `normal'
(Font)                  OT1/cmss/m/n --> TU/ArialNarrow(2)/m/n on input line 59
.
LaTeX Font Info:    Overwriting math alphabet `\mathsf' in version `bold'
(Font)                  OT1/cmss/bx/n --> TU/ArialNarrow(2)/b/n on input line 5
9.

(d:/texlive/2023/texmf-dist/tex/latex/fancyhdr/fancyhdr.sty
Package: fancyhdr 2022/11/09 v4.1 Extensive control of page headers and footers

\f@nch@headwidth=\skip62
\f@nch@O@elh=\skip63
\f@nch@O@erh=\skip64
\f@nch@O@olh=\skip65
\f@nch@O@orh=\skip66
\f@nch@O@elf=\skip67
\f@nch@O@erf=\skip68
\f@nch@O@olf=\skip69
\f@nch@O@orf=\skip70
)
(d:/texlive/2023/texmf-dist/tex/latex/parskip/parskip.sty
Package: parskip 2021-03-14 v2.0h non-zero parskip adjustments
)
(d:/texlive/2023/texmf-dist/tex/latex/tools/indentfirst.sty
Package: indentfirst 2023/07/02 v1.03 Indent first paragraph (DPC)
)
(d:/texlive/2023/texmf-dist/tex/latex/tools/longtable.sty
Package: longtable 2023-11-01 v4.19 Multi-page Table package (DPC)
\LTleft=\skip71
\LTright=\skip72
\LTpre=\skip73
\LTpost=\skip74
\LTchunksize=\count303
\LTcapwidth=\dimen170
\LT@head=\box56
\LT@firsthead=\box57
\LT@foot=\box58
\LT@lastfoot=\box59
\LT@gbox=\box60
\LT@cols=\count304
\LT@rows=\count305
\c@LT@tables=\count306
\c@LT@chunks=\count307
\LT@p@ftn=\toks27
)
(d:/texlive/2023/texmf-dist/tex/latex/booktabs/booktabs.sty
Package: booktabs 2020/01/12 v1.61803398 Publication quality tables
\heavyrulewidth=\dimen171
\lightrulewidth=\dimen172
\cmidrulewidth=\dimen173
\belowrulesep=\dimen174
\belowbottomsep=\dimen175
\aboverulesep=\dimen176
\abovetopsep=\dimen177
\cmidrulesep=\dimen178
\cmidrulekern=\dimen179
\defaultaddspace=\dimen180
\@cmidla=\count308
\@cmidlb=\count309
\@aboverulesep=\dimen181
\@belowrulesep=\dimen182
\@thisruleclass=\count310
\@lastruleclass=\count311
\@thisrulewidth=\dimen183
)
(d:/texlive/2023/texmf-dist/tex/latex/tools/calc.sty
Package: calc 2023/07/08 v4.3 Infix arithmetic (KKT,FJ)
\calc@Acount=\count312
\calc@Bcount=\count313
\calc@Adimen=\dimen184
\calc@Bdimen=\dimen185
\calc@Askip=\skip75
\calc@Bskip=\skip76
LaTeX Info: Redefining \setlength on input line 80.
LaTeX Info: Redefining \addtolength on input line 81.
\calc@Ccount=\count314
\calc@Cskip=\skip77
)
(d:/texlive/2023/texmf-dist/tex/latex/caption/caption.sty
Package: caption 2023/08/05 v3.6o Customizing captions (AR)

(d:/texlive/2023/texmf-dist/tex/latex/caption/caption3.sty
Package: caption3 2023/07/31 v2.4d caption3 kernel (AR)
\caption@tempdima=\dimen186
\captionmargin=\dimen187
\caption@leftmargin=\dimen188
\caption@rightmargin=\dimen189
\caption@width=\dimen190
\caption@indent=\dimen191
\caption@parindent=\dimen192
\caption@hangindent=\dimen193
Package caption Info: Standard document class detected.
)
\c@caption@flags=\count315
\c@continuedfloat=\count316
Package caption Info: hyperref package is loaded.
Package caption Info: longtable package is loaded.

(d:/texlive/2023/texmf-dist/tex/latex/caption/ltcaption.sty
Package: ltcaption 2021/01/08 v1.4c longtable captions (AR)
))
(d:/texlive/2023/texmf-dist/tex/latex/tools/tabularx.sty
Package: tabularx 2023/07/08 v2.11c `tabularx' package (DPC)
\TX@col@width=\dimen194
\TX@old@table=\dimen195
\TX@old@col=\dimen196
\TX@target=\dimen197
\TX@delta=\dimen198
\TX@cols=\count317
\TX@ftn=\toks28
)
(d:/texlive/2023/texmf-dist/tex/latex/multirow/multirow.sty
Package: multirow 2021/03/15 v2.8 Span multiple rows of a table
\multirow@colwidth=\skip78
\multirow@cntb=\count318
\multirow@dima=\skip79
\bigstrutjot=\dimen199
)
(d:/texlive/2023/texmf-dist/tex/latex/eqexpl/eqexpl.sty
Package: eqexpl 2022/06/17 v. 1.1.1
\eqexplSpaceWidth=\skip80
\itemWidth=\skip81
\leftSideWidth=\skip82
)
(d:/texlive/2023/texmf-dist/tex/latex/titlesec/titlesec.sty
Package: titlesec 2023/10/27 v2.16 Sectioning titles
\ttl@box=\box61
\beforetitleunit=\skip83
\aftertitleunit=\skip84
\ttl@plus=\dimen256
\ttl@minus=\dimen257
\ttl@toksa=\toks29
\titlewidth=\dimen258
\titlewidthlast=\dimen259
\titlewidthfirst=\dimen260
)
(d:/texlive/2023/texmf-dist/tex/latex/appendix/appendix.sty
Package: appendix 2020/02/08 v1.2c extra appendix facilities
\c@@pps=\count319
\c@@ppsavesec=\count320
\c@@ppsaveapp=\count321
)
(d:/texlive/2023/texmf-dist/tex/latex/enumitem/enumitem.sty
Package: enumitem 2019/06/20 v3.9 Customized lists
\labelindent=\skip85
\enit@outerparindent=\dimen261
\enit@toks=\toks30
\enit@inbox=\box62
\enit@count@id=\count322
\enitdp@description=\count323
)
(d:/texlive/2023/texmf-dist/tex/latex/float/float.sty
Package: float 2001/11/08 v1.3d Float enhancements (AL)
\c@float@type=\count324
\float@exts=\toks31
\float@box=\box63
\@float@everytoks=\toks32
\@floatcapt=\box64
)
(d:/texlive/2023/texmf-dist/tex/latex/needspace/needspace.sty
Package: needspace 2010/09/12 v1.3d reserve vertical space
)
(d:/texlive/2023/texmf-dist/tex/latex/tabularray/tabularray.sty
Package: tabularray 2023-03-01 v2023A Typeset tabulars and arrays with LaTeX3
\l__tblr_a_int=\count325
\l__tblr_c_int=\count326
\l__tblr_r_int=\count327
\l__tblr_d_dim=\dimen262
\l__tblr_h_dim=\dimen263
\l__tblr_o_dim=\dimen264
\l__tblr_p_dim=\dimen265
\l__tblr_q_dim=\dimen266
\l__tblr_r_dim=\dimen267
\l__tblr_s_dim=\dimen268
\l__tblr_t_dim=\dimen269
\l__tblr_v_dim=\dimen270
\l__tblr_w_dim=\dimen271
\l__tblr_a_box=\box65
\l__tblr_b_box=\box66
\l__tblr_c_box=\box67
\l__tblr_d_box=\box68
\g__tblr_table_count_int=\count328
\c@colnum=\count329
\c@rowcount=\count330
\c@colcount=\count331
\abovesep=\dimen272
\belowsep=\dimen273
\leftsep=\dimen274
\rightsep=\dimen275
\g_tblr_level_int=\count332
\g__tblr_data_row_key_count_int=\count333
\g__tblr_data_column_key_count_int=\count334
\g__tblr_data_cell_key_count_int=\count335
\g__tblr_array_int=\count336
\l__tblr_key_count_int=\count337
\l__tblr_key_quotient_int=\count338
\l__tblr_key_quotient_two_int=\count339
\l__tblr_key_remainder_int=\count340
\g__tblr_data_str_value_count_int=\count341
\rulewidth=\dimen276
\l__tblr_strut_dp_dim=\dimen277
\l__tblr_strut_ht_dim=\dimen278
\g__tblr_cell_wd_dim=\dimen279
\g__tblr_cell_ht_dim=\dimen280
\g__tblr_cell_head_dim=\dimen281
\g__tblr_cell_foot_dim=\dimen282
\l__column_target_dim=\dimen283
\l__tblr_caption_box=\box69
\l__tblr_caption_left_box=\box70
\l__tblr_row_head_box=\box71
\l__tblr_row_foot_box=\box72
\l__tblr_row_head_foot_dim=\dimen284
\tablewidth=\dimen285
\l__tblr_table_firsthead_box=\box73
\l__tblr_table_middlehead_box=\box74
\l__tblr_table_lasthead_box=\box75
\l__tblr_table_firstfoot_box=\box76
\l__tblr_table_middlefoot_box=\box77
\l__tblr_table_lastfoot_box=\box78
\l__tblr_remain_height_dim=\dimen286
\l__tblr_long_from_int=\count342
\l__tblr_long_to_int=\count343
\l__tblr_curr_i_int=\count344
\l__tblr_prev_i_int=\count345
\l__tblr_table_page_int=\count346
\l__tblr_table_head_box=\box79
\l__tblr_table_foot_box=\box80
\l__tblr_table_head_foot_dim=\dimen287
\l__tblr_table_head_body_foot_dim=\dimen288
\l__tblr_table_box=\box81
\l__tblr_table_hlines_box=\box82
\l__tblr_hline_box=\box83
\l__tblr_row_box=\box84
\l__tblr_col_o_wd_dim=\dimen289
\l__tblr_col_b_wd_dim=\dimen290
\l__tblr_hline_leftskip_dim=\dimen291
\l__tblr_hline_rightskip_dim=\dimen292
\l__tblr_row_ht_dim=\dimen293
\l__tblr_row_dp_dim=\dimen294
\l__tblr_row_abovesep_dim=\dimen295
\l__tblr_row_belowsep_dim=\dimen296
\l__tblr_row_vlines_box=\box85
\l__tblr_vline_box=\box86
\l__tblr_cell_box=\box87
\l__row_upper_dim=\dimen297
\l__row_lower_dim=\dimen298
\l__row_vpace_dim=\dimen299
\l__tblr_vline_aboveskip_dim=\dimen300
\l__tblr_vline_belowskip_dim=\dimen301
\l__tblr_cell_wd_dim=\dimen302
\l__tblr_cell_ht_dim=\dimen303
\l__tblr_diag_box=\box88
)
(d:/texlive/2023/texmf-dist/tex/latex/tocloft/tocloft.sty
Package: tocloft 2017/08/31 v2.3i parameterised ToC, etc., typesetting
Package tocloft Info: The document has section divisions on input line 51.
\cftparskip=\skip86
\cftbeforetoctitleskip=\skip87
\cftaftertoctitleskip=\skip88
\cftbeforepartskip=\skip89
\cftpartnumwidth=\skip90
\cftpartindent=\skip91
\cftbeforesecskip=\skip92
\cftsecindent=\skip93
\cftsecnumwidth=\skip94
\cftbeforesubsecskip=\skip95
\cftsubsecindent=\skip96
\cftsubsecnumwidth=\skip97
\cftbeforesubsubsecskip=\skip98
\cftsubsubsecindent=\skip99
\cftsubsubsecnumwidth=\skip100
\cftbeforeparaskip=\skip101
\cftparaindent=\skip102
\cftparanumwidth=\skip103
\cftbeforesubparaskip=\skip104
\cftsubparaindent=\skip105
\cftsubparanumwidth=\skip106
\cftbeforeloftitleskip=\skip107
\cftafterloftitleskip=\skip108
\cftbeforefigskip=\skip109
\cftfigindent=\skip110
\cftfignumwidth=\skip111
\c@lofdepth=\count347
\c@lotdepth=\count348
\cftbeforelottitleskip=\skip112
\cftafterlottitleskip=\skip113
\cftbeforetabskip=\skip114
\cfttabindent=\skip115
\cfttabnumwidth=\skip116


Package tocloft Warning: \@starttoc has already been redefined; tocloft bailing
 out. on input line 1156.

) (d:/texlive/2023/texmf-dist/tex/latex/tocvsec2/tocvsec2.sty
Package: tocvsec2 2014/03/10 v1.3a variable ToC section entries

(d:/texlive/2023/texmf-dist/tex/latex/base/ifthen.sty
Package: ifthen 2022/04/13 v1.1d Standard LaTeX ifthen package (DPC)
)
\c@max@tocdepth=\count349
\c@max@secnumdepth=\count350
)
(d:/texlive/2023/texmf-dist/tex/latex/pdflscape/pdflscape.sty
Package: pdflscape 2022-10-27 v0.13 Display of landscape pages in PDF

(d:/texlive/2023/texmf-dist/tex/latex/pdflscape/pdflscape-nometadata.sty
Package: pdflscape-nometadata 2022-10-28 v0.13 Display of landscape pages in PD
F (HO)

(d:/texlive/2023/texmf-dist/tex/latex/graphics/lscape.sty
Package: lscape 2020/05/28 v3.02 Landscape Pages (DPC)
)
Package pdflscape Info: Auto-detected driver: pdftex on input line 81.
))
(d:/texlive/2023/texmf-dist/tex/latex/textpos/textpos.sty
Package: textpos 2022/07/23 v1.10.1
Package textpos Info: choosing support for LaTeX3 on input line 60.
\TP@textbox=\box89
\TP@holdbox=\box90
\TPHorizModule=\dimen304
\TPVertModule=\dimen305
\TP@margin=\dimen306
\TP@absmargin=\dimen307

Grid set 16 x 16 = 37.34424pt x 52.81541pt
\TPboxrulesize=\dimen308
\TP@ox=\dimen309
\TP@oy=\dimen310
\TP@tbargs=\toks33
TextBlockOrigin set to 0pt x 0pt
) (d:/texlive/2023/texmf-dist/tex/latex/pdfpages/pdfpages.sty
Package: pdfpages 2022/12/19 v0.5x Insert pages of external PDF documents (AM)

(d:/texlive/2023/texmf-dist/tex/latex/eso-pic/eso-pic.sty
Package: eso-pic 2023/05/03 v3.0c eso-pic (RN)
\ESO@tempdima=\dimen311
\ESO@tempdimb=\dimen312
)
\AM@pagewidth=\dimen313
\AM@pageheight=\dimen314
\AM@fboxrule=\dimen315

(d:/texlive/2023/texmf-dist/tex/latex/pdfpages/ppluatex.def
File: ppluatex.def 2022/12/19 v0.5x Pdfpages driver for LuaTeX (AM)
)
\pdfpages@includegraphics@status=\count351
\AM@pagebox=\box91
\AM@global@opts=\toks34
\AM@pagecnt=\count352
\AM@toc@title=\toks35
\AM@lof@heading=\toks36
\c@AM@survey=\count353
\AM@templatesizebox=\box92
)
(d:/texlive/2023/texmf-dist/tex/latex/fontawesome/fontawesome.sty
Package: fontawesome 2016/05/15 v4.6.3.1 font awesome icons

(d:/texlive/2023/texmf-dist/tex/generic/iftex/ifxetex.sty
Package: ifxetex 2019/10/25 v0.7 ifxetex legacy package. Use iftex instead.
)
(d:/texlive/2023/texmf-dist/tex/generic/iftex/ifluatex.sty
Package: ifluatex 2019/10/25 v1.5 ifluatex legacy package. Use iftex instead.
)
(d:/texlive/2023/texmf-dist/tex/latex/fontawesome/fontawesomesymbols-generic.te
x)
luaotfload | aux : font no 46 (nil) defines no feature for script latn
luaotfload | aux : font no 46 (nil) defines no feature for script dflt

Package fontspec Info: Could not resolve font "FontAwesome/BI" (it probably
(fontspec)             doesn't exist).


Package fontspec Info: Could not resolve font "FontAwesome/B" (it probably
(fontspec)             doesn't exist).


Package fontspec Info: Could not resolve font "FontAwesome/I" (it probably
(fontspec)             doesn't exist).


Package fontspec Info: Font family 'FontAwesome(0)' created for font
(fontspec)             'FontAwesome' with options [].
(fontspec)              
(fontspec)              This font family consists of the following NFSS
(fontspec)             series/shapes:
(fontspec)              
(fontspec)             - 'normal' (m/n) with NFSS spec.:
(fontspec)             <->"FontAwesome:mode=node;language=dflt;"
(fontspec)             - 'small caps'  (m/sc) with NFSS spec.: 


(d:/texlive/2023/texmf-dist/tex/latex/fontawesome/fontawesomesymbols-xeluatex.t
ex)) (d:/texlive/2023/texmf-dist/tex/latex/microtype/microtype.sty
Package: microtype 2023/03/13 v3.1a Micro-typographical refinements (RS)
\MT@toks=\toks37
\MT@tempbox=\box93
\MT@count=\count354
LaTeX Info: Redefining \noprotrusionifhmode on input line 1059.
LaTeX Info: Redefining \leftprotrusion on input line 1060.
\MT@prot@toks=\toks38
LaTeX Info: Redefining \rightprotrusion on input line 1078.
LaTeX Info: Redefining \textls on input line 1368.
\MT@outer@kern=\dimen316
LaTeX Info: Redefining \textmicrotypecontext on input line 1988.
\MT@listname@count=\count355

(d:/texlive/2023/texmf-dist/tex/latex/microtype/microtype-luatex.def
File: microtype-luatex.def 2023/03/13 v3.1a Definitions specific to luatex (RS)

Lua module: microtype 2023/03/13 3.1a microtype module.
Module microtype Info: overwriting function `keepligature' on input line 63
LaTeX Info: Redefining \lsstyle on input line 688.
LaTeX Info: Redefining \lslig on input line 688.
\MT@outer@space=\skip117
)
Package microtype Info: Loading configuration file microtype.cfg.

(d:/texlive/2023/texmf-dist/tex/latex/microtype/microtype.cfg
File: microtype.cfg 2023/03/13 v3.1a microtype main configuration file (RS)
))
(d:/texlive/2023/texmf-dist/tex/latex/pgf/frontendlayer/tikz.sty
(d:/texlive/2023/texmf-dist/tex/latex/pgf/basiclayer/pgf.sty
(d:/texlive/2023/texmf-dist/tex/latex/pgf/utilities/pgfrcs.sty
(d:/texlive/2023/texmf-dist/tex/generic/pgf/utilities/pgfutil-common.tex
\pgfutil@everybye=\toks39
\pgfutil@tempdima=\dimen317
\pgfutil@tempdimb=\dimen318
)
(d:/texlive/2023/texmf-dist/tex/generic/pgf/utilities/pgfutil-latex.def
\pgfutil@abb=\box94
)
(d:/texlive/2023/texmf-dist/tex/generic/pgf/utilities/pgfrcs.code.tex
(d:/texlive/2023/texmf-dist/tex/generic/pgf/pgf.revision.tex)
Package: pgfrcs 2023-01-15 v3.1.10 (3.1.10)
))
Package: pgf 2023-01-15 v3.1.10 (3.1.10)

(d:/texlive/2023/texmf-dist/tex/latex/pgf/basiclayer/pgfcore.sty
(d:/texlive/2023/texmf-dist/tex/latex/pgf/systemlayer/pgfsys.sty
(d:/texlive/2023/texmf-dist/tex/generic/pgf/systemlayer/pgfsys.code.tex
Package: pgfsys 2023-01-15 v3.1.10 (3.1.10)

(d:/texlive/2023/texmf-dist/tex/generic/pgf/utilities/pgfkeys.code.tex
\pgfkeys@pathtoks=\toks40
\pgfkeys@temptoks=\toks41

(d:/texlive/2023/texmf-dist/tex/generic/pgf/utilities/pgfkeyslibraryfiltered.co
de.tex
\pgfkeys@tmptoks=\toks42
))
\pgf@x=\dimen319
\pgf@y=\dimen320
\pgf@xa=\dimen321
\pgf@ya=\dimen322
\pgf@xb=\dimen323
\pgf@yb=\dimen324
\pgf@xc=\dimen325
\pgf@yc=\dimen326
\pgf@xd=\dimen327
\pgf@yd=\dimen328
\w@pgf@writea=\write3
\r@pgf@reada=\read3
\c@pgf@counta=\count356
\c@pgf@countb=\count357
\c@pgf@countc=\count358
\c@pgf@countd=\count359
\t@pgf@toka=\toks43
\t@pgf@tokb=\toks44
\t@pgf@tokc=\toks45
\pgf@sys@id@count=\count360
 (d:/texlive/2023/texmf-dist/tex/generic/pgf/systemlayer/pgf.cfg
File: pgf.cfg 2023-01-15 v3.1.10 (3.1.10)
)
Driver file for pgf: pgfsys-luatex.def

(d:/texlive/2023/texmf-dist/tex/generic/pgf/systemlayer/pgfsys-luatex.def
File: pgfsys-luatex.def 2023-01-15 v3.1.10 (3.1.10)

(d:/texlive/2023/texmf-dist/tex/generic/pgf/systemlayer/pgfsys-common-pdf.def
File: pgfsys-common-pdf.def 2023-01-15 v3.1.10 (3.1.10)
)))
(d:/texlive/2023/texmf-dist/tex/generic/pgf/systemlayer/pgfsyssoftpath.code.tex
File: pgfsyssoftpath.code.tex 2023-01-15 v3.1.10 (3.1.10)
\pgfsyssoftpath@smallbuffer@items=\count361
\pgfsyssoftpath@bigbuffer@items=\count362
)
(d:/texlive/2023/texmf-dist/tex/generic/pgf/systemlayer/pgfsysprotocol.code.tex
File: pgfsysprotocol.code.tex 2023-01-15 v3.1.10 (3.1.10)
)) (d:/texlive/2023/texmf-dist/tex/generic/pgf/basiclayer/pgfcore.code.tex
Package: pgfcore 2023-01-15 v3.1.10 (3.1.10)

(d:/texlive/2023/texmf-dist/tex/generic/pgf/math/pgfmath.code.tex
(d:/texlive/2023/texmf-dist/tex/generic/pgf/math/pgfmathutil.code.tex)
(d:/texlive/2023/texmf-dist/tex/generic/pgf/math/pgfmathparser.code.tex
\pgfmath@dimen=\dimen329
\pgfmath@count=\count363
\pgfmath@box=\box95
\pgfmath@toks=\toks46
\pgfmath@stack@operand=\toks47
\pgfmath@stack@operation=\toks48
)
(d:/texlive/2023/texmf-dist/tex/generic/pgf/math/pgfmathfunctions.code.tex)
(d:/texlive/2023/texmf-dist/tex/generic/pgf/math/pgfmathfunctions.basic.code.te
x)
(d:/texlive/2023/texmf-dist/tex/generic/pgf/math/pgfmathfunctions.trigonometric
.code.tex)
(d:/texlive/2023/texmf-dist/tex/generic/pgf/math/pgfmathfunctions.random.code.t
ex)
(d:/texlive/2023/texmf-dist/tex/generic/pgf/math/pgfmathfunctions.comparison.co
de.tex)
(d:/texlive/2023/texmf-dist/tex/generic/pgf/math/pgfmathfunctions.base.code.tex
)
(d:/texlive/2023/texmf-dist/tex/generic/pgf/math/pgfmathfunctions.round.code.te
x)
(d:/texlive/2023/texmf-dist/tex/generic/pgf/math/pgfmathfunctions.misc.code.tex
)
(d:/texlive/2023/texmf-dist/tex/generic/pgf/math/pgfmathfunctions.integerarithm
etics.code.tex)
(d:/texlive/2023/texmf-dist/tex/generic/pgf/math/pgfmathcalc.code.tex)
(d:/texlive/2023/texmf-dist/tex/generic/pgf/math/pgfmathfloat.code.tex
\c@pgfmathroundto@lastzeros=\count364
))
(d:/texlive/2023/texmf-dist/tex/generic/pgf/math/pgfint.code.tex)
(d:/texlive/2023/texmf-dist/tex/generic/pgf/basiclayer/pgfcorepoints.code.tex
File: pgfcorepoints.code.tex 2023-01-15 v3.1.10 (3.1.10)
\pgf@picminx=\dimen330
\pgf@picmaxx=\dimen331
\pgf@picminy=\dimen332
\pgf@picmaxy=\dimen333
\pgf@pathminx=\dimen334
\pgf@pathmaxx=\dimen335
\pgf@pathminy=\dimen336
\pgf@pathmaxy=\dimen337
\pgf@xx=\dimen338
\pgf@xy=\dimen339
\pgf@yx=\dimen340
\pgf@yy=\dimen341
\pgf@zx=\dimen342
\pgf@zy=\dimen343
)
(d:/texlive/2023/texmf-dist/tex/generic/pgf/basiclayer/pgfcorepathconstruct.cod
e.tex
File: pgfcorepathconstruct.code.tex 2023-01-15 v3.1.10 (3.1.10)
\pgf@path@lastx=\dimen344
\pgf@path@lasty=\dimen345
)
(d:/texlive/2023/texmf-dist/tex/generic/pgf/basiclayer/pgfcorepathusage.code.te
x
File: pgfcorepathusage.code.tex 2023-01-15 v3.1.10 (3.1.10)
\pgf@shorten@end@additional=\dimen346
\pgf@shorten@start@additional=\dimen347
)
(d:/texlive/2023/texmf-dist/tex/generic/pgf/basiclayer/pgfcorescopes.code.tex
File: pgfcorescopes.code.tex 2023-01-15 v3.1.10 (3.1.10)
\pgfpic=\box96
\pgf@hbox=\box97
\pgf@layerbox@main=\box98
\pgf@picture@serial@count=\count365
)
(d:/texlive/2023/texmf-dist/tex/generic/pgf/basiclayer/pgfcoregraphicstate.code
.tex
File: pgfcoregraphicstate.code.tex 2023-01-15 v3.1.10 (3.1.10)
\pgflinewidth=\dimen348
)
(d:/texlive/2023/texmf-dist/tex/generic/pgf/basiclayer/pgfcoretransformations.c
ode.tex
File: pgfcoretransformations.code.tex 2023-01-15 v3.1.10 (3.1.10)
\pgf@pt@x=\dimen349
\pgf@pt@y=\dimen350
\pgf@pt@temp=\dimen351
)
(d:/texlive/2023/texmf-dist/tex/generic/pgf/basiclayer/pgfcorequick.code.tex
File: pgfcorequick.code.tex 2023-01-15 v3.1.10 (3.1.10)
)
(d:/texlive/2023/texmf-dist/tex/generic/pgf/basiclayer/pgfcoreobjects.code.tex
File: pgfcoreobjects.code.tex 2023-01-15 v3.1.10 (3.1.10)
)
(d:/texlive/2023/texmf-dist/tex/generic/pgf/basiclayer/pgfcorepathprocessing.co
de.tex
File: pgfcorepathprocessing.code.tex 2023-01-15 v3.1.10 (3.1.10)
)
(d:/texlive/2023/texmf-dist/tex/generic/pgf/basiclayer/pgfcorearrows.code.tex
File: pgfcorearrows.code.tex 2023-01-15 v3.1.10 (3.1.10)
\pgfarrowsep=\dimen352
)
(d:/texlive/2023/texmf-dist/tex/generic/pgf/basiclayer/pgfcoreshade.code.tex
File: pgfcoreshade.code.tex 2023-01-15 v3.1.10 (3.1.10)
\pgf@max=\dimen353
\pgf@sys@shading@range@num=\count366
\pgf@shadingcount=\count367
)
(d:/texlive/2023/texmf-dist/tex/generic/pgf/basiclayer/pgfcoreimage.code.tex
File: pgfcoreimage.code.tex 2023-01-15 v3.1.10 (3.1.10)
)
(d:/texlive/2023/texmf-dist/tex/generic/pgf/basiclayer/pgfcoreexternal.code.tex
File: pgfcoreexternal.code.tex 2023-01-15 v3.1.10 (3.1.10)
\pgfexternal@startupbox=\box99
) (d:/texlive/2023/texmf-dist/tex/generic/pgf/basiclayer/pgfcorelayers.code.tex
File: pgfcorelayers.code.tex 2023-01-15 v3.1.10 (3.1.10)
)
(d:/texlive/2023/texmf-dist/tex/generic/pgf/basiclayer/pgfcoretransparency.code
.tex
File: pgfcoretransparency.code.tex 2023-01-15 v3.1.10 (3.1.10)
)
(d:/texlive/2023/texmf-dist/tex/generic/pgf/basiclayer/pgfcorepatterns.code.tex
File: pgfcorepatterns.code.tex 2023-01-15 v3.1.10 (3.1.10)
) (d:/texlive/2023/texmf-dist/tex/generic/pgf/basiclayer/pgfcorerdf.code.tex
File: pgfcorerdf.code.tex 2023-01-15 v3.1.10 (3.1.10)
))) (d:/texlive/2023/texmf-dist/tex/generic/pgf/modules/pgfmoduleshapes.code.te
x
File: pgfmoduleshapes.code.tex 2023-01-15 v3.1.10 (3.1.10)
\pgfnodeparttextbox=\box100
)
(d:/texlive/2023/texmf-dist/tex/generic/pgf/modules/pgfmoduleplot.code.tex
File: pgfmoduleplot.code.tex 2023-01-15 v3.1.10 (3.1.10)
)
(d:/texlive/2023/texmf-dist/tex/latex/pgf/compatibility/pgfcomp-version-0-65.st
y
Package: pgfcomp-version-0-65 2023-01-15 v3.1.10 (3.1.10)
\pgf@nodesepstart=\dimen354
\pgf@nodesepend=\dimen355
)
(d:/texlive/2023/texmf-dist/tex/latex/pgf/compatibility/pgfcomp-version-1-18.st
y
Package: pgfcomp-version-1-18 2023-01-15 v3.1.10 (3.1.10)
)) (d:/texlive/2023/texmf-dist/tex/latex/pgf/utilities/pgffor.sty
(d:/texlive/2023/texmf-dist/tex/latex/pgf/utilities/pgfkeys.sty
(d:/texlive/2023/texmf-dist/tex/generic/pgf/utilities/pgfkeys.code.tex))
(d:/texlive/2023/texmf-dist/tex/latex/pgf/math/pgfmath.sty
(d:/texlive/2023/texmf-dist/tex/generic/pgf/math/pgfmath.code.tex))
(d:/texlive/2023/texmf-dist/tex/generic/pgf/utilities/pgffor.code.tex
Package: pgffor 2023-01-15 v3.1.10 (3.1.10)
\pgffor@iter=\dimen356
\pgffor@skip=\dimen357
\pgffor@stack=\toks49
\pgffor@toks=\toks50
))
(d:/texlive/2023/texmf-dist/tex/generic/pgf/frontendlayer/tikz/tikz.code.tex
Package: tikz 2023-01-15 v3.1.10 (3.1.10)

(d:/texlive/2023/texmf-dist/tex/generic/pgf/libraries/pgflibraryplothandlers.co
de.tex
File: pgflibraryplothandlers.code.tex 2023-01-15 v3.1.10 (3.1.10)
\pgf@plot@mark@count=\count368
\pgfplotmarksize=\dimen358
)
\tikz@lastx=\dimen359
\tikz@lasty=\dimen360
\tikz@lastxsaved=\dimen361
\tikz@lastysaved=\dimen362
\tikz@lastmovetox=\dimen363
\tikz@lastmovetoy=\dimen364
\tikzleveldistance=\dimen365
\tikzsiblingdistance=\dimen366
\tikz@figbox=\box101
\tikz@figbox@bg=\box102
\tikz@tempbox=\box103
\tikz@tempbox@bg=\box104
\tikztreelevel=\count369
\tikznumberofchildren=\count370
\tikznumberofcurrentchild=\count371
\tikz@fig@count=\count372

(d:/texlive/2023/texmf-dist/tex/generic/pgf/modules/pgfmodulematrix.code.tex
File: pgfmodulematrix.code.tex 2023-01-15 v3.1.10 (3.1.10)
\pgfmatrixcurrentrow=\count373
\pgfmatrixcurrentcolumn=\count374
\pgf@matrix@numberofcolumns=\count375
)
\tikz@expandcount=\count376

(d:/texlive/2023/texmf-dist/tex/generic/pgf/frontendlayer/tikz/libraries/tikzli
brarytopaths.code.tex
File: tikzlibrarytopaths.code.tex 2023-01-15 v3.1.10 (3.1.10)
)))
(d:/texlive/2023/texmf-dist/tex/latex/makecell/makecell.sty
Package: makecell 2009/08/03 V0.1e Managing of Tab Column Heads and Cells
\rotheadsize=\dimen367
\c@nlinenum=\count377
\TeXr@lab=\toks51
)
(d:/texlive/2023/texmf-dist/tex/latex/footmisc/footmisc.sty
Package: footmisc 2023/07/05 v6.0f a miscellany of footnote facilities
\FN@temptoken=\toks52
\footnotemargin=\dimen368
\@outputbox@depth=\dimen369

(d:/texlive/2023/texmf-dist/tex/latex/bigfoot/perpage.sty
Package: perpage 2014/10/25 2.0 Reset/sort counters per page
\c@abspage=\count378
)
\c@pp@a@footnote=\count379
Package footmisc Info: Declaring symbol style bringhurst on input line 696.
Package footmisc Info: Declaring symbol style chicago on input line 704.
Package footmisc Info: Declaring symbol style wiley on input line 713.
Package footmisc Info: Declaring symbol style lamport-robust on input line 724.

Package footmisc Info: Declaring symbol style lamport* on input line 744.
Package footmisc Info: Declaring symbol style lamport*-robust on input line 765
.
)
(d:/texlive/2023/texmf-dist/tex/latex/tools/hhline.sty
Package: hhline 2020/01/04 v2.04 Table rule package (DPC)
)
(d:/texlive/2023/texmf-dist/tex/generic/ulem/ulem.sty
\UL@box=\box105
\UL@hyphenbox=\box106
\UL@skip=\skip118
\UL@hook=\toks53
\UL@height=\dimen370
\UL@pe=\count380
\UL@pixel=\dimen371
\ULC@box=\box107
Package: ulem 2019/11/18
\ULdepth=\dimen372
)
(d:/texlive/2023/texmf-dist/tex/latex/placeins/placeins.sty
Package: placeins 2005/04/18  v 2.2
)) (./general.aux

LaTeX Warning: Label `zavr:tbl1' multiply defined.


LaTeX Warning: Label `zavr:img1' multiply defined.


LaTeX Warning: Label `appcard:img1' multiply defined.

)
\openout1 = general.aux

LaTeX Font Info:    Checking defaults for OML/cmm/m/it on input line 34.
LaTeX Font Info:    ... okay on input line 34.
LaTeX Font Info:    Checking defaults for OMS/cmsy/m/n on input line 34.
LaTeX Font Info:    ... okay on input line 34.
LaTeX Font Info:    Checking defaults for OT1/cmr/m/n on input line 34.
LaTeX Font Info:    ... okay on input line 34.
LaTeX Font Info:    Checking defaults for T1/cmr/m/n on input line 34.
LaTeX Font Info:    ... okay on input line 34.
LaTeX Font Info:    Checking defaults for TS1/cmr/m/n on input line 34.
LaTeX Font Info:    ... okay on input line 34.
LaTeX Font Info:    Checking defaults for TU/lmr/m/n on input line 34.
LaTeX Font Info:    ... okay on input line 34.
LaTeX Font Info:    Checking defaults for OMX/cmex/m/n on input line 34.
LaTeX Font Info:    ... okay on input line 34.
LaTeX Font Info:    Checking defaults for U/cmr/m/n on input line 34.
LaTeX Font Info:    ... okay on input line 34.
LaTeX Font Info:    Checking defaults for PD1/pdf/m/n on input line 34.
LaTeX Font Info:    ... okay on input line 34.
LaTeX Font Info:    Checking defaults for PU/pdf/m/n on input line 34.
LaTeX Font Info:    ... okay on input line 34.
LaTeX Info: Redefining \th on input line 34.
 (d:/texlive/2023/texmf-dist/tex/context/base/mkii/supp-pdf.mkii
[Loading MPS to PDF converter (version 2006.09.02).]
\scratchcounter=\count381
\scratchdimen=\dimen373
\scratchbox=\box108
\nofMPsegments=\count382
\nofMParguments=\count383
\everyMPshowfont=\toks54
\MPscratchCnt=\count384
\MPscratchDim=\dimen374
\MPnumerator=\count385
\makeMPintoPDFobject=\count386
\everyMPtoPDFconversion=\toks55
) (d:/texlive/2023/texmf-dist/tex/latex/epstopdf-pkg/epstopdf-base.sty
Package: epstopdf-base 2020-01-24 v2.11 Base part for package epstopdf
Package epstopdf-base Info: Redefining graphics rule for `.eps' on input line 4
85.

(d:/texlive/2023/texmf-dist/tex/latex/latexconfig/epstopdf-sys.cfg
File: epstopdf-sys.cfg 2010/07/13 v1.3 Configuration of (r)epstopdf for TeX Liv
e
))
LaTeX Font Info:    Overwriting math alphabet `\mathrm' in version `normal'
(Font)                  TU/StixTwoMath(1)/m/n --> TU/ArialNarrow(0)/m/n on inpu
t line 34.
LaTeX Font Info:    Overwriting math alphabet `\mathit' in version `normal'
(Font)                  OT1/cmr/m/it --> TU/ArialNarrow(0)/m/it on input line 3
4.
LaTeX Font Info:    Overwriting math alphabet `\mathbf' in version `normal'
(Font)                  OT1/cmr/bx/n --> TU/ArialNarrow(0)/b/n on input line 34
.
LaTeX Font Info:    Overwriting math alphabet `\mathtt' in version `normal'
(Font)                  OT1/cmtt/m/n --> TU/lmtt/m/n on input line 34.
LaTeX Font Info:    Overwriting math alphabet `\mathtt' in version `bold'
(Font)                  OT1/cmtt/m/n --> TU/lmtt/b/n on input line 34.

*geometry* driver: auto-detecting
*geometry* detected driver: luatex
*geometry* verbose mode - [ preamble ] result:
* driver: luatex
* paper: a4paper
* layout: <same size as paper>
* layoutoffset:(h,v)=(0.0pt,0.0pt)
* modes: includehead includefoot 
* h-part:(L,W,R)=(62.59605pt, 506.45908pt, 28.45274pt)
* v-part:(T,H,B)=(17.07164pt, 810.90356pt, 17.07164pt)
* \paperwidth=597.50787pt
* \paperheight=845.04684pt
* \textwidth=506.45908pt
* \textheight=767.95084pt
* \oddsidemargin=-9.67393pt
* \evensidemargin=-9.67393pt
* \topmargin=-55.19835pt
* \headheight=14.5pt
* \headsep=8.53581pt
* \topskip=22.0pt
* \footskip=19.91692pt
* \marginparwidth=0.0pt
* \marginparsep=0.0pt
* \columnsep=10.0pt
* \skip\footins=10.8pt plus 4.0pt minus 2.0pt
* \hoffset=0.0pt
* \voffset=0.0pt
* \mag=1000
* \@twocolumnfalse
* \@twosidefalse
* \@mparswitchfalse
* \@reversemarginfalse
* (1in=72.27pt=25.4mm, 1cm=28.453pt)

Package hyperref Info: Link coloring OFF on input line 34.
(./general.out) (./general.out)
\@outlinefile=\write4

\openout4 = general.out
Package caption Info: Begin \AtBeginDocument code.
Package caption Info: float package is loaded.
Package caption Info: End \AtBeginDocument code.

(d:/texlive/2023/texmf-dist/tex/latex/ninecolors/ninecolors.sty
Package: ninecolors 2022-02-13 v2022D Select colors with proper color contrast
)
LaTeX Info: Redefining \microtypecontext on input line 34.
Package microtype Info: Applying patch `item' on input line 34.
Package microtype Info: Applying patch `toc' on input line 34.
Package microtype Info: Applying patch `eqnum' on input line 34.
Package microtype Info: Applying patch `footnote' on input line 34.
Package microtype Info: Applying patch `verbatim' on input line 34.
Package microtype Info: Generating PDF output.
Package microtype Info: Character protrusion enabled (level 2).
Package microtype Info: Using default protrusion set `alltext'.
Package microtype Info: Automatic font expansion enabled (level 2),
(microtype)             stretch: 20, shrink: 20, step: 1, non-selected.
Package microtype Info: Using default expansion set `alltext-nott'.
LaTeX Info: Redefining \showhyphens on input line 34.
Package microtype Info: No adjustment of tracking.
Package microtype Info: No adjustment of spacing.
Package microtype Info: No adjustment of kerning.
Package microtype Info: Loading generic protrusion settings for font family
(microtype)             `ArialNarrow' (encoding: TU).
(microtype)             For optimal results, create family-specific settings.
(microtype)             See the microtype manual for details.
 (./title0.tex)
warning  (file ./images/uni.pdf) (pdf inclusion): PDF inclusion: found PDF versi
on '1.6', but at most version '1.5' allowed
<./images/uni.pdf, id=83, 455.11758pt x 94.86363pt>
File: ./images/uni.pdf Graphic file (type pdf)
<use ./images/uni.pdf>
Package luatex.def Info: ./images/uni.pdf  used on input line 45.
(luatex.def)             Requested size: 204.80101pt x 42.68823pt.

Package fancyhdr Warning: \headheight is too small (14.5pt): 
(fancyhdr)                Make it at least 81.83154pt, for example:
(fancyhdr)                \setlength{\headheight}{81.83154pt}.
(fancyhdr)                You might also make \topmargin smaller to compensate:

(fancyhdr)                \addtolength{\topmargin}{-67.33154pt}.

[1

{d:/texlive/2023/texmf-var/fonts/map/pdftex/updmap/pdftex.map}<./images/uni.pdf>
] (./title1.tex
Package microtype Info: Loading generic protrusion settings for font family
(microtype)             `StixTwoMath' (encoding: TU).
(microtype)             For optimal results, create family-specific settings.
(microtype)             See the microtype manual for details.
) [2

] (./section_format.tex) (./toc.tex (./general.toc
[3


]
Overfull \hbox (2.8558pt too wide) in paragraph at lines 58--58
 [][] []\TU/ArialNarrow(1)/m/n/12 ПРИЛОЖЕНИЕ [](СПРАВОЧНОЕ) 
ГРАФИКИ ОБРАТНОЗАВИСИМЫХ ВРЕМЯТОКОВЫХ ХА
РАКТЕРИСТИК[] []  
 []


Overfull \hbox (2.27592pt too wide) in paragraph at lines 61--61
 [][] []\TU/ArialNarrow(1)/m/n/12 ПРИЛОЖЕНИЕ [](СПРАВОЧНОЕ) 
ФУНКЦИОНАЛЬНАЯ СХЕМА ПРЕДУПРЕДИТЕЛЬНОЙ С
ИГНАЛИЗАЦИИ[] []  
 []

)
\tf@toc=\write5

\openout5 = general.toc
) [4] (./toa_general.tex
Overfull \hbox (169.7279pt too wide) in alignment at lines 5--6
 [][][] 
 []


Overfull \hbox (169.7279pt too wide) in alignment at lines 6--6
 [][][] 
 []


Overfull \hbox (169.7279pt too wide) in alignment at lines 6--6
 [][][] 
 []


Overfull \hbox (169.7279pt too wide) in alignment at lines 6--6
 [][][] 
 []


Overfull \hbox (169.7279pt too wide) in alignment at lines 6--100
 [][][] 
 []

[5

]) [6] (./section0.tex) [7] (./section1.tex
Inserting `luaotfload.letterspace' in `pre_linebreak_filter'.
Inserting `luaotfload.letterspace' in `hpack_filter'.
warning  (file ./images/314.jpg) (readjpg): Exif resolution 96dpi x 96dpi differ
s from the input resolution 192dpi x 192dpi
<./images/314.jpg, id=235, 846.91406pt x 298.86656pt>
File: ./images/314.jpg Graphic file (type jpg)
<use ./images/314.jpg>
Package luatex.def Info: ./images/314.jpg  used on input line 91.
(luatex.def)             Requested size: 354.51257pt x 125.10353pt.
[8]
warning  (file ./images/319.jpg) (readjpg): Exif resolution 96dpi x 96dpi differ
s from the input resolution 199dpi x 199dpi
<./images/319.jpg, id=253, 1028.34187pt x 282.30469pt>
File: ./images/319.jpg Graphic file (type jpg)
<use ./images/319.jpg>
Package luatex.def Info: ./images/319.jpg  used on input line 98.
(luatex.def)             Requested size: 455.81406pt x 125.13196pt.
[9<./images/314.jpg
warning  (readjpg): Exif resolution 96dpi x 96dpi differs from the input resolut
ion 192dpi x 192dpi
><./images/319.jpg
warning  (readjpg): Exif resolution 96dpi x 96dpi differs from the input resolut
ion 199dpi x 199dpi
>] [10]
Overfull \hbox (1.6304pt too wide) in alignment at lines 196--202
 [][][][] 
 []


Overfull \hbox (1.6304pt too wide) in alignment at lines 202--208
 [][][][] 
 []


Overfull \hbox (1.6304pt too wide) in alignment at lines 208--210
 [][][][] 
 []


Overfull \hbox (1.6304pt too wide) in alignment at lines 210--212
 [][][][] 
 []


Overfull \hbox (1.6304pt too wide) in alignment at lines 212--244
 [][][][] 
 []

[11] [12] (d:/texlive/2023/texmf-dist/tex/latex/microtype/mt-TU-empty.cfg
File: mt-TU-empty.cfg 2021/06/22 v1.1 microtype config. file: fonts with nonsta
ndard glyph set (RS)
)
Underfull \hbox (badness 3758) in paragraph at lines 426--426
[]| []\TU/FontAwesome(0)/m/n/17.28 []  \TU/ArialNarrow(1)/m/n/12 При у
те-ре па-ро-ля учет-ной за-пи-си поль-зо-ва-т
е-ля с ро-лью Администратор, вос-ста-нов-ле-
ние
 []


Underfull \hbox (badness 4001) in paragraph at lines 426--426
\TU/ArialNarrow(1)/m/n/12 ад-ми-ни-стра-тив-ных прав во
з-мож-но толь-ко пу-тем пе-ре-про-грам-ми-ро-
ва-ния устрой-ства спе-ци-а-ли-стом
 []

[13]) [14] (./section2.tex)
("//uni-eng.ru/unit/Ivanovo/Документация ЮНИТ М300/Разра
ботка/Схемы ФБ ЮНИТ-М300/Проект/БД/desc//401. ДЗ С
В/_latex/dz.tex" [15]
LaTeX Font Info:    Font shape `TU/ArialNarrow(1)/m/sl' in size <12> not availa
ble
(Font)              Font shape `TU/ArialNarrow(1)/m/it' tried instead on input 
line 32.

Underfull \hbox (badness 1087) in paragraph at lines 38--39
[]\TU/ArialNarrow(1)/m/n/12 вре-мя воз-вра-та ре-ле со-пр
о-тив-ле-ния при скач-ко-об-раз-ном из-ме-не-
нии со-про-тив-ле-ния на вхо-де от
 []

[16]
warning  (file //uni-eng.ru/unit/Ivanovo/Документация ЮНИТ М300
/Разработка/Схемы ФБ ЮНИТ-М300/Проект/БД/desc//401
. ДЗ СВ/_latex/img/1.pdf) (pdf inclusion): PDF inclusion: found PDF version 
'1.7', but at most version '1.5' allowed
<//uni-eng.ru/unit/Ivanovo/Документация ЮНИТ М300/Разра
ботка/Схемы ФБ ЮНИТ-М300/Проект/БД/desc//401. ДЗ С
В/_latex/img/1.pdf, id=391, 752.97044pt x 514.84741pt>
File: //uni-eng.ru/unit/Ivanovo/Документация ЮНИТ М300/Раз
работка/Схемы ФБ ЮНИТ-М300/Проект/БД/desc//401. Д
З СВ/_latex/img/1.pdf Graphic file (type pdf)
<use //uni-eng.ru/unit/Ivanovo/Документация ЮНИТ М300/Раз
работка/Схемы ФБ ЮНИТ-М300/Проект/БД/desc//401. Д
З СВ/_latex/img/1.pdf>
Package luatex.def Info: //uni-eng.ru/unit/Ivanovo/Документация Ю
НИТ М300/Разработка/Схемы ФБ ЮНИТ-М300/Проект/
БД/desc//401. ДЗ СВ/_latex/img/1.pdf  used on input line 115.
(luatex.def)             Requested size: 303.88284pt x 207.78145pt.
[17<//uni-eng.ru/unit/Ivanovo/Документация ЮНИТ М300/Разр
аботка/Схемы ФБ ЮНИТ-М300/Проект/БД/desc//401. ДЗ 
СВ/_latex/img/1.pdf>]
warning  (file //uni-eng.ru/unit/Ivanovo/Документация ЮНИТ М300
/Разработка/Схемы ФБ ЮНИТ-М300/Проект/БД/desc//401
. ДЗ СВ/_latex/img/2.pdf) (pdf inclusion): PDF inclusion: found PDF version 
'1.7', but at most version '1.5' allowed
<//uni-eng.ru/unit/Ivanovo/Документация ЮНИТ М300/Разра
ботка/Схемы ФБ ЮНИТ-М300/Проект/БД/desc//401. ДЗ С
В/_latex/img/2.pdf, id=419, 1302.57208pt x 522.57625pt>
File: //uni-eng.ru/unit/Ivanovo/Документация ЮНИТ М300/Раз
работка/Схемы ФБ ЮНИТ-М300/Проект/БД/desc//401. Д
З СВ/_latex/img/2.pdf Graphic file (type pdf)
<use //uni-eng.ru/unit/Ivanovo/Документация ЮНИТ М300/Раз
работка/Схемы ФБ ЮНИТ-М300/Проект/БД/desc//401. Д
З СВ/_latex/img/2.pdf>
Package luatex.def Info: //uni-eng.ru/unit/Ivanovo/Документация Ю
НИТ М300/Разработка/Схемы ФБ ЮНИТ-М300/Проект/
БД/desc//401. ДЗ СВ/_latex/img/2.pdf  used on input line 147.
(luatex.def)             Requested size: 506.45078pt x 203.18195pt.
[18<//uni-eng.ru/unit/Ivanovo/Документация ЮНИТ М300/Разр
аботка/Схемы ФБ ЮНИТ-М300/Проект/БД/desc//401. ДЗ 
СВ/_latex/img/2.pdf>] [19]
warning  (file //uni-eng.ru/unit/Ivanovo/Документация ЮНИТ М300
/Разработка/Схемы ФБ ЮНИТ-М300/Проект/БД/desc//401
. ДЗ СВ/_latex/img/dz1ff.pdf) (pdf inclusion): PDF inclusion: found PDF vers
ion '1.7', but at most version '1.5' allowed
<//uni-eng.ru/unit/Ivanovo/Документация ЮНИТ М300/Разра
ботка/Схемы ФБ ЮНИТ-М300/Проект/БД/desc//401. ДЗ С
В/_latex/img/dz1ff.pdf, id=462, 2400.67851pt x 2218.36073pt>
File: //uni-eng.ru/unit/Ivanovo/Документация ЮНИТ М300/Раз
работка/Схемы ФБ ЮНИТ-М300/Проект/БД/desc//401. Д
З СВ/_latex/img/dz1ff.pdf Graphic file (type pdf)
<use //uni-eng.ru/unit/Ivanovo/Документация ЮНИТ М300/Раз
работка/Схемы ФБ ЮНИТ-М300/Проект/БД/desc//401. Д
З СВ/_latex/img/dz1ff.pdf>
Package luatex.def Info: //uni-eng.ru/unit/Ivanovo/Документация Ю
НИТ М300/Разработка/Схемы ФБ ЮНИТ-М300/Проект/
БД/desc//401. ДЗ СВ/_latex/img/dz1ff.pdf  used on input line 231.
(luatex.def)             Requested size: 455.80399pt x 421.18828pt.
[20<//uni-eng.ru/unit/Ivanovo/Документация ЮНИТ М300/Разр
аботка/Схемы ФБ ЮНИТ-М300/Проект/БД/desc//401. ДЗ 
СВ/_latex/img/dz1ff.pdf>] [21]
warning  (file //uni-eng.ru/unit/Ivanovo/Документация ЮНИТ М300
/Разработка/Схемы ФБ ЮНИТ-М300/Проект/БД/desc//401
. ДЗ СВ/_latex/img/dz2ff.pdf) (pdf inclusion): PDF inclusion: found PDF vers
ion '1.7', but at most version '1.5' allowed
<//uni-eng.ru/unit/Ivanovo/Документация ЮНИТ М300/Разра
ботка/Схемы ФБ ЮНИТ-М300/Проект/БД/desc//401. ДЗ С
В/_latex/img/dz2ff.pdf, id=497, 2316.33852pt x 2254.48051pt>
File: //uni-eng.ru/unit/Ivanovo/Документация ЮНИТ М300/Раз
работка/Схемы ФБ ЮНИТ-М300/Проект/БД/desc//401. Д
З СВ/_latex/img/dz2ff.pdf Graphic file (type pdf)
<use //uni-eng.ru/unit/Ivanovo/Документация ЮНИТ М300/Раз
работка/Схемы ФБ ЮНИТ-М300/Проект/БД/desc//401. Д
З СВ/_latex/img/dz2ff.pdf>
Package luatex.def Info: //uni-eng.ru/unit/Ivanovo/Документация Ю
НИТ М300/Разработка/Схемы ФБ ЮНИТ-М300/Проект/
БД/desc//401. ДЗ СВ/_latex/img/dz2ff.pdf  used on input line 338.
(luatex.def)             Requested size: 455.80183pt x 443.62961pt.
[22<//uni-eng.ru/unit/Ivanovo/Документация ЮНИТ М300/Разр
аботка/Схемы ФБ ЮНИТ-М300/Проект/БД/desc//401. ДЗ 
СВ/_latex/img/dz2ff.pdf>]
warning  (file //uni-eng.ru/unit/Ivanovo/Документация ЮНИТ М300
/Разработка/Схемы ФБ ЮНИТ-М300/Проект/БД/desc//401
. ДЗ СВ/_latex/img/charon.pdf) (pdf inclusion): PDF inclusion: found PDF ver
sion '1.7', but at most version '1.5' allowed
<//uni-eng.ru/unit/Ivanovo/Документация ЮНИТ М300/Разра
ботка/Схемы ФБ ЮНИТ-М300/Проект/БД/desc//401. ДЗ С
В/_latex/img/charon.pdf, id=515, 407.15517pt x 405.29028pt>
File: //uni-eng.ru/unit/Ivanovo/Документация ЮНИТ М300/Раз
работка/Схемы ФБ ЮНИТ-М300/Проект/БД/desc//401. Д
З СВ/_latex/img/charon.pdf Graphic file (type pdf)
<use //uni-eng.ru/unit/Ivanovo/Документация ЮНИТ М300/Раз
работка/Схемы ФБ ЮНИТ-М300/Проект/БД/desc//401. Д
З СВ/_latex/img/charon.pdf>
Package luatex.def Info: //uni-eng.ru/unit/Ivanovo/Документация Ю
НИТ М300/Разработка/Схемы ФБ ЮНИТ-М300/Проект/
БД/desc//401. ДЗ СВ/_latex/img/charon.pdf  used on input line 362.
(luatex.def)             Requested size: 253.23502pt x 252.07513pt.
[23<//uni-eng.ru/unit/Ivanovo/Документация ЮНИТ М300/Разр
аботка/Схемы ФБ ЮНИТ-М300/Проект/БД/desc//401. ДЗ 
СВ/_latex/img/charon.pdf>]
warning  (file //uni-eng.ru/unit/Ivanovo/Документация ЮНИТ М300
/Разработка/Схемы ФБ ЮНИТ-М300/Проект/БД/desc//301
. ДЗ ВВ/_latex/img/on1.pdf) (pdf inclusion): PDF inclusion: found PDF versio
n '1.7', but at most version '1.5' allowed
<//uni-eng.ru/unit/Ivanovo/Документация ЮНИТ М300/Разра
ботка/Схемы ФБ ЮНИТ-М300/Проект/БД/desc//301. ДЗ В
В/_latex/img/on1.pdf, id=553, 2189.38188pt x 1098.90506pt>
File: //uni-eng.ru/unit/Ivanovo/Документация ЮНИТ М300/Раз
работка/Схемы ФБ ЮНИТ-М300/Проект/БД/desc//301. Д
З ВВ/_latex/img/on1.pdf Graphic file (type pdf)
<use //uni-eng.ru/unit/Ivanovo/Документация ЮНИТ М300/Раз
работка/Схемы ФБ ЮНИТ-М300/Проект/БД/desc//301. Д
З ВВ/_latex/img/on1.pdf>
Package luatex.def Info: //uni-eng.ru/unit/Ivanovo/Документация Ю
НИТ М300/Разработка/Схемы ФБ ЮНИТ-М300/Проект/
БД/desc//301. ДЗ ВВ/_latex/img/on1.pdf  used on input line 400.
(luatex.def)             Requested size: 506.45367pt x 254.20166pt.

warning  (file //uni-eng.ru/unit/Ivanovo/Документация ЮНИТ М300
/Разработка/Схемы ФБ ЮНИТ-М300/Проект/БД/desc//301
. ДЗ ВВ/_latex/img/on2.pdf) (pdf inclusion): PDF inclusion: found PDF versio
n '1.7', but at most version '1.5' allowed
<//uni-eng.ru/unit/Ivanovo/Документация ЮНИТ М300/Разра
ботка/Схемы ФБ ЮНИТ-М300/Проект/БД/desc//301. ДЗ В
В/_latex/img/on2.pdf, id=556, 2070.87123pt x 1439.80463pt>
File: //uni-eng.ru/unit/Ivanovo/Документация ЮНИТ М300/Раз
работка/Схемы ФБ ЮНИТ-М300/Проект/БД/desc//301. Д
З ВВ/_latex/img/on2.pdf Graphic file (type pdf)
<use //uni-eng.ru/unit/Ivanovo/Документация ЮНИТ М300/Раз
работка/Схемы ФБ ЮНИТ-М300/Проект/БД/desc//301. Д
З ВВ/_latex/img/on2.pdf>
Package luatex.def Info: //uni-eng.ru/unit/Ivanovo/Документация Ю
НИТ М300/Разработка/Схемы ФБ ЮНИТ-М300/Проект/
БД/desc//301. ДЗ ВВ/_latex/img/on2.pdf  used on input line 434.
(luatex.def)             Requested size: 405.16122pt x 281.69447pt.
[24<//uni-eng.ru/unit/Ivanovo/Документация ЮНИТ М300/Разр
аботка/Схемы ФБ ЮНИТ-М300/Проект/БД/desc//301. ДЗ 
ВВ/_latex/img/on1.pdf><//uni-eng.ru/unit/Ivanovo/Документация Ю
НИТ М300/Разработка/Схемы ФБ ЮНИТ-М300/Проект/
БД/desc//301. ДЗ ВВ/_latex/img/on2.pdf>]
warning  (file //uni-eng.ru/unit/Ivanovo/Документация ЮНИТ М300
/Разработка/Схемы ФБ ЮНИТ-М300/Проект/БД/desc//401
. ДЗ СВ/_latex/img/opo.pdf) (pdf inclusion): PDF inclusion: found PDF versio
n '1.7', but at most version '1.5' allowed
<//uni-eng.ru/unit/Ivanovo/Документация ЮНИТ М300/Разра
ботка/Схемы ФБ ЮНИТ-М300/Проект/БД/desc//401. ДЗ С
В/_latex/img/opo.pdf, id=593, 347.4101pt x 185.95448pt>
File: //uni-eng.ru/unit/Ivanovo/Документация ЮНИТ М300/Раз
работка/Схемы ФБ ЮНИТ-М300/Проект/БД/desc//401. Д
З СВ/_latex/img/opo.pdf Graphic file (type pdf)
<use //uni-eng.ru/unit/Ivanovo/Документация ЮНИТ М300/Раз
работка/Схемы ФБ ЮНИТ-М300/Проект/БД/desc//401. Д
З СВ/_latex/img/opo.pdf>
Package luatex.def Info: //uni-eng.ru/unit/Ivanovo/Документация Ю
НИТ М300/Разработка/Схемы ФБ ЮНИТ-М300/Проект/
БД/desc//401. ДЗ СВ/_latex/img/opo.pdf  used on input line 465.
(luatex.def)             Requested size: 405.16942pt x 216.8707pt.
Package microtype Info: Loading generic protrusion settings for font family
(microtype)             `lmtt' (encoding: TU).
(microtype)             For optimal results, create family-specific settings.
(microtype)             See the microtype manual for details.

warning  (file //uni-eng.ru/unit/Ivanovo/Документация ЮНИТ М300
/Разработка/Схемы ФБ ЮНИТ-М300/Проект/БД/desc//401
. ДЗ СВ/_latex/img/audz.pdf) (pdf inclusion): PDF inclusion: found PDF versi
on '1.7', but at most version '1.5' allowed
<//uni-eng.ru/unit/Ivanovo/Документация ЮНИТ М300/Разра
ботка/Схемы ФБ ЮНИТ-М300/Проект/БД/desc//401. ДЗ С
В/_latex/img/audz.pdf, id=598, 298.47913pt x 123.09122pt>
File: //uni-eng.ru/unit/Ivanovo/Документация ЮНИТ М300/Раз
работка/Схемы ФБ ЮНИТ-М300/Проект/БД/desc//401. Д
З СВ/_latex/img/audz.pdf Graphic file (type pdf)
<use //uni-eng.ru/unit/Ivanovo/Документация ЮНИТ М300/Раз
работка/Схемы ФБ ЮНИТ-М300/Проект/БД/desc//401. Д
З СВ/_latex/img/audz.pdf>
Package luatex.def Info: //uni-eng.ru/unit/Ivanovo/Документация Ю
НИТ М300/Разработка/Схемы ФБ ЮНИТ-М300/Проект/
БД/desc//401. ДЗ СВ/_latex/img/audz.pdf  used on input line 517.
(luatex.def)             Requested size: 405.1793pt x 167.09378pt.
[25<//uni-eng.ru/unit/Ivanovo/Документация ЮНИТ М300/Разр
аботка/Схемы ФБ ЮНИТ-М300/Проект/БД/desc//401. ДЗ 
СВ/_latex/img/opo.pdf>]
warning  (file //uni-eng.ru/unit/Ivanovo/Документация ЮНИТ М300
/Разработка/Схемы ФБ ЮНИТ-М300/Проект/БД/desc//401
. ДЗ СВ/_latex/img/oudz.pdf) (pdf inclusion): PDF inclusion: found PDF versi
on '1.7', but at most version '1.5' allowed
<//uni-eng.ru/unit/Ivanovo/Документация ЮНИТ М300/Разра
ботка/Схемы ФБ ЮНИТ-М300/Проект/БД/desc//401. ДЗ С
В/_latex/img/oudz.pdf, id=629, 352.81813pt x 145.04187pt>
File: //uni-eng.ru/unit/Ivanovo/Документация ЮНИТ М300/Раз
работка/Схемы ФБ ЮНИТ-М300/Проект/БД/desc//401. Д
З СВ/_latex/img/oudz.pdf Graphic file (type pdf)
<use //uni-eng.ru/unit/Ivanovo/Документация ЮНИТ М300/Раз
работка/Схемы ФБ ЮНИТ-М300/Проект/БД/desc//401. Д
З СВ/_latex/img/oudz.pdf>
Package luatex.def Info: //uni-eng.ru/unit/Ivanovo/Документация Ю
НИТ М300/Разработка/Схемы ФБ ЮНИТ-М300/Проект/
БД/desc//401. ДЗ СВ/_latex/img/oudz.pdf  used on input line 573.
(luatex.def)             Requested size: 405.17241pt x 166.56445pt.
[26<//uni-eng.ru/unit/Ivanovo/Документация ЮНИТ М300/Разр
аботка/Схемы ФБ ЮНИТ-М300/Проект/БД/desc//401. ДЗ 
СВ/_latex/img/audz.pdf><//uni-eng.ru/unit/Ivanovo/Документация 
ЮНИТ М300/Разработка/Схемы ФБ ЮНИТ-М300/Проек
т/БД/desc//401. ДЗ СВ/_latex/img/oudz.pdf>]
warning  (file //uni-eng.ru/unit/Ivanovo/Документация ЮНИТ М300
/Разработка/Схемы ФБ ЮНИТ-М300/Проект/БД/desc//401
. ДЗ СВ/_latex/img/vldz.pdf) (pdf inclusion): PDF inclusion: found PDF versi
on '1.7', but at most version '1.5' allowed
<//uni-eng.ru/unit/Ivanovo/Документация ЮНИТ М300/Разра
ботка/Схемы ФБ ЮНИТ-М300/Проект/БД/desc//401. ДЗ С
В/_latex/img/vldz.pdf, id=666, 276.2719pt x 91.4715pt>
File: //uni-eng.ru/unit/Ivanovo/Документация ЮНИТ М300/Раз
работка/Схемы ФБ ЮНИТ-М300/Проект/БД/desc//401. Д
З СВ/_latex/img/vldz.pdf Graphic file (type pdf)
<use //uni-eng.ru/unit/Ivanovo/Документация ЮНИТ М300/Раз
работка/Схемы ФБ ЮНИТ-М300/Проект/БД/desc//401. Д
З СВ/_latex/img/vldz.pdf>
Package luatex.def Info: //uni-eng.ru/unit/Ivanovo/Документация Ю
НИТ М300/Разработка/Схемы ФБ ЮНИТ-М300/Проект/
БД/desc//401. ДЗ СВ/_latex/img/vldz.pdf  used on input line 620.
(luatex.def)             Requested size: 303.90001pt x 100.61893pt.
)
("//uni-eng.ru/unit/Ivanovo/Документация ЮНИТ М300/Разра
ботка/Схемы ФБ ЮНИТ-М300/Проект/БД/desc//102. БК/_la
tex/bk.tex" [27<//uni-eng.ru/unit/Ivanovo/Документация ЮНИТ М30
0/Разработка/Схемы ФБ ЮНИТ-М300/Проект/БД/desc//40
1. ДЗ СВ/_latex/img/vldz.pdf>]
warning  (file //uni-eng.ru/unit/Ivanovo/Документация ЮНИТ М300
/Разработка/Схемы ФБ ЮНИТ-М300/Проект/БД/desc//102
. БК/_latex/img/1.pdf) (pdf inclusion): PDF inclusion: found PDF version '1.7'
, but at most version '1.5' allowed
<//uni-eng.ru/unit/Ivanovo/Документация ЮНИТ М300/Разра
ботка/Схемы ФБ ЮНИТ-М300/Проект/БД/desc//102. БК/_la
tex/img/1.pdf, id=693, 1730.24493pt x 1092.12166pt>
File: //uni-eng.ru/unit/Ivanovo/Документация ЮНИТ М300/Раз
работка/Схемы ФБ ЮНИТ-М300/Проект/БД/desc//102. Б
К/_latex/img/1.pdf Graphic file (type pdf)
<use //uni-eng.ru/unit/Ivanovo/Документация ЮНИТ М300/Раз
работка/Схемы ФБ ЮНИТ-М300/Проект/БД/desc//102. Б
К/_latex/img/1.pdf>
Package luatex.def Info: //uni-eng.ru/unit/Ivanovo/Документация Ю
НИТ М300/Разработка/Схемы ФБ ЮНИТ-М300/Проект/
БД/desc//102. БК/_latex/img/1.pdf  used on input line 63.
(luatex.def)             Requested size: 506.45763pt x 319.67343pt.
[28<//uni-eng.ru/unit/Ivanovo/Документация ЮНИТ М300/Разр
аботка/Схемы ФБ ЮНИТ-М300/Проект/БД/desc//102. БК/_l
atex/img/1.pdf>])
("//uni-eng.ru/unit/Ivanovo/Документация ЮНИТ М300/Разра
ботка/Схемы ФБ ЮНИТ-М300/Проект/БД/desc//105. АУ/_la
tex/au.tex"
warning  (file //uni-eng.ru/unit/Ivanovo/Документация ЮНИТ М300
/Разработка/Схемы ФБ ЮНИТ-М300/Проект/БД/desc//105
. АУ/_latex/img/au.pdf) (pdf inclusion): PDF inclusion: found PDF version '1.7
', but at most version '1.5' allowed
<//uni-eng.ru/unit/Ivanovo/Документация ЮНИТ М300/Разра
ботка/Схемы ФБ ЮНИТ-М300/Проект/БД/desc//105. АУ/_la
tex/img/au.pdf, id=721, 1629.42795pt x 703.0226pt>
File: //uni-eng.ru/unit/Ivanovo/Документация ЮНИТ М300/Раз
работка/Схемы ФБ ЮНИТ-М300/Проект/БД/desc//105. А
У/_latex/img/au.pdf Graphic file (type pdf)
<use //uni-eng.ru/unit/Ivanovo/Документация ЮНИТ М300/Раз
работка/Схемы ФБ ЮНИТ-М300/Проект/БД/desc//105. А
У/_latex/img/au.pdf>
Package luatex.def Info: //uni-eng.ru/unit/Ivanovo/Документация Ю
НИТ М300/Разработка/Схемы ФБ ЮНИТ-М300/Проект/
БД/desc//105. АУ/_latex/img/au.pdf  used on input line 25.
(luatex.def)             Requested size: 455.81406pt x 196.66261pt.
[29])
("//uni-eng.ru/unit/Ivanovo/Документация ЮНИТ М300/Разра
ботка/Схемы ФБ ЮНИТ-М300/Проект/БД/desc//402. МТЗ 
СВ/_latex/mtz.tex" [30<//uni-eng.ru/unit/Ivanovo/Документация Ю
НИТ М300/Разработка/Схемы ФБ ЮНИТ-М300/Проект/
БД/desc//105. АУ/_latex/img/au.pdf>] [31]
warning  (file //uni-eng.ru/unit/Ivanovo/Документация ЮНИТ М300
/Разработка/Схемы ФБ ЮНИТ-М300/Проект/БД/desc//402
. МТЗ СВ/_latex/img/mtzst.pdf) (pdf inclusion): PDF inclusion: found PDF ve
rsion '1.7', but at most version '1.5' allowed
<//uni-eng.ru/unit/Ivanovo/Документация ЮНИТ М300/Разра
ботка/Схемы ФБ ЮНИТ-М300/Проект/БД/desc//402. МТЗ 
СВ/_latex/img/mtzst.pdf, id=775, 536.76524pt x 632.1577pt>
File: //uni-eng.ru/unit/Ivanovo/Документация ЮНИТ М300/Раз
работка/Схемы ФБ ЮНИТ-М300/Проект/БД/desc//402. М
ТЗ СВ/_latex/img/mtzst.pdf Graphic file (type pdf)
<use //uni-eng.ru/unit/Ivanovo/Документация ЮНИТ М300/Раз
работка/Схемы ФБ ЮНИТ-М300/Проект/БД/desc//402. М
ТЗ СВ/_latex/img/mtzst.pdf>
Package luatex.def Info: //uni-eng.ru/unit/Ivanovo/Документация Ю
НИТ М300/Разработка/Схемы ФБ ЮНИТ-М300/Проект/
БД/desc//402. МТЗ СВ/_latex/img/mtzst.pdf  used on input line 132.
(luatex.def)             Requested size: 481.14314pt x 566.65059pt.
[32] [33<//uni-eng.ru/unit/Ivanovo/Документация ЮНИТ М300/Р
азработка/Схемы ФБ ЮНИТ-М300/Проект/БД/desc//402. 
МТЗ СВ/_latex/img/mtzst.pdf>] [34]
warning  (file //uni-eng.ru/unit/Ivanovo/Документация ЮНИТ М300
/Разработка/Схемы ФБ ЮНИТ-М300/Проект/БД/desc//402
. МТЗ СВ/_latex/img/char.pdf) (pdf inclusion): PDF inclusion: found PDF ver
sion '1.7', but at most version '1.5' allowed
<//uni-eng.ru/unit/Ivanovo/Документация ЮНИТ М300/Разра
ботка/Схемы ФБ ЮНИТ-М300/Проект/БД/desc//402. МТЗ 
СВ/_latex/img/char.pdf, id=819, 542.025pt x 488.82625pt>
File: //uni-eng.ru/unit/Ivanovo/Документация ЮНИТ М300/Раз
работка/Схемы ФБ ЮНИТ-М300/Проект/БД/desc//402. М
ТЗ СВ/_latex/img/char.pdf Graphic file (type pdf)
<use //uni-eng.ru/unit/Ivanovo/Документация ЮНИТ М300/Раз
работка/Схемы ФБ ЮНИТ-М300/Проект/БД/desc//402. М
ТЗ СВ/_latex/img/char.pdf>
Package luatex.def Info: //uni-eng.ru/unit/Ivanovo/Документация Ю
НИТ М300/Разработка/Схемы ФБ ЮНИТ-М300/Проект/
БД/desc//402. МТЗ СВ/_latex/img/char.pdf  used on input line 227.
(luatex.def)             Requested size: 253.22998pt x 228.37593pt.

warning  (file //uni-eng.ru/unit/Ivanovo/Документация ЮНИТ М300
/Разработка/Схемы ФБ ЮНИТ-М300/Проект/БД/desc//402
. МТЗ СВ/_latex/img/onm.pdf) (pdf inclusion): PDF inclusion: found PDF vers
ion '1.7', but at most version '1.5' allowed
<//uni-eng.ru/unit/Ivanovo/Документация ЮНИТ М300/Разра
ботка/Схемы ФБ ЮНИТ-М300/Проект/БД/desc//402. МТЗ 
СВ/_latex/img/onm.pdf, id=825, 1350.8289pt x 1080.87836pt>
File: //uni-eng.ru/unit/Ivanovo/Документация ЮНИТ М300/Раз
работка/Схемы ФБ ЮНИТ-М300/Проект/БД/desc//402. М
ТЗ СВ/_latex/img/onm.pdf Graphic file (type pdf)
<use //uni-eng.ru/unit/Ivanovo/Документация ЮНИТ М300/Раз
работка/Схемы ФБ ЮНИТ-М300/Проект/БД/desc//402. М
ТЗ СВ/_latex/img/onm.pdf>
Package luatex.def Info: //uni-eng.ru/unit/Ivanovo/Документация Ю
НИТ М300/Разработка/Схемы ФБ ЮНИТ-М300/Проект/
БД/desc//402. МТЗ СВ/_latex/img/onm.pdf  used on input line 262.
(luatex.def)             Requested size: 405.16934pt x 324.20003pt.
[35<//uni-eng.ru/unit/Ivanovo/Документация ЮНИТ М300/Разр
аботка/Схемы ФБ ЮНИТ-М300/Проект/БД/desc//402. МТ
З СВ/_latex/img/char.pdf>]
warning  (file //uni-eng.ru/unit/Ivanovo/Документация ЮНИТ М300
/Разработка/Схемы ФБ ЮНИТ-М300/Проект/БД/desc//402
. МТЗ СВ/_latex/img/onm1.pdf) (pdf inclusion): PDF inclusion: found PDF ver
sion '1.7', but at most version '1.5' allowed
<//uni-eng.ru/unit/Ivanovo/Документация ЮНИТ М300/Разра
ботка/Схемы ФБ ЮНИТ-М300/Проект/БД/desc//402. МТЗ 
СВ/_latex/img/onm1.pdf, id=849, 1605.333pt x 868.61679pt>
File: //uni-eng.ru/unit/Ivanovo/Документация ЮНИТ М300/Раз
работка/Схемы ФБ ЮНИТ-М300/Проект/БД/desc//402. М
ТЗ СВ/_latex/img/onm1.pdf Graphic file (type pdf)
<use //uni-eng.ru/unit/Ivanovo/Документация ЮНИТ М300/Раз
работка/Схемы ФБ ЮНИТ-М300/Проект/БД/desc//402. М
ТЗ СВ/_latex/img/onm1.pdf>
Package luatex.def Info: //uni-eng.ru/unit/Ivanovo/Документация Ю
НИТ М300/Разработка/Схемы ФБ ЮНИТ-М300/Проект/
БД/desc//402. МТЗ СВ/_latex/img/onm1.pdf  used on input line 269.
(luatex.def)             Requested size: 455.80998pt x 246.63057pt.
[36<//uni-eng.ru/unit/Ivanovo/Документация ЮНИТ М300/Разр
аботка/Схемы ФБ ЮНИТ-М300/Проект/БД/desc//402. МТ
З СВ/_latex/img/onm.pdf><//uni-eng.ru/unit/Ivanovo/Документация 
ЮНИТ М300/Разработка/Схемы ФБ ЮНИТ-М300/Проек
т/БД/desc//402. МТЗ СВ/_latex/img/onm1.pdf>]
Overfull \hbox (2.03914pt too wide) in paragraph at lines 288--289
[]\TU/ArialNarrow(1)/m/n/12 при при-е-ме сиг-на-ла от вне
ш-не-го КПОН <<КПОН внеш.>> (со-сто-я-ние про-г
рамм-но-го пе-ре-клю-ча-те-ля <<Внешний>>). 
 []


warning  (file //uni-eng.ru/unit/Ivanovo/Документация ЮНИТ М300
/Разработка/Схемы ФБ ЮНИТ-М300/Проект/БД/desc//402
. МТЗ СВ/_latex/img/kpon.pdf) (pdf inclusion): PDF inclusion: found PDF ver
sion '1.7', but at most version '1.5' allowed
<//uni-eng.ru/unit/Ivanovo/Документация ЮНИТ М300/Разра
ботка/Схемы ФБ ЮНИТ-М300/Проект/БД/desc//402. МТЗ 
СВ/_latex/img/kpon.pdf, id=884, 1697.19534pt x 585.60126pt>
File: //uni-eng.ru/unit/Ivanovo/Документация ЮНИТ М300/Раз
работка/Схемы ФБ ЮНИТ-М300/Проект/БД/desc//402. М
ТЗ СВ/_latex/img/kpon.pdf Graphic file (type pdf)
<use //uni-eng.ru/unit/Ivanovo/Документация ЮНИТ М300/Раз
работка/Схемы ФБ ЮНИТ-М300/Проект/БД/desc//402. М
ТЗ СВ/_latex/img/kpon.pdf>
Package luatex.def Info: //uni-eng.ru/unit/Ivanovo/Документация Ю
НИТ М300/Разработка/Схемы ФБ ЮНИТ-М300/Проект/
БД/desc//402. МТЗ СВ/_latex/img/kpon.pdf  used on input line 300.
(luatex.def)             Requested size: 405.15985pt x 139.79659pt.
[37<//uni-eng.ru/unit/Ivanovo/Документация ЮНИТ М300/Разр
аботка/Схемы ФБ ЮНИТ-М300/Проект/БД/desc//402. МТ
З СВ/_latex/img/kpon.pdf>]
warning  (file //uni-eng.ru/unit/Ivanovo/Документация ЮНИТ М300
/Разработка/Схемы ФБ ЮНИТ-М300/Проект/БД/desc//402
. МТЗ СВ/_latex/img/bnt.pdf) (pdf inclusion): PDF inclusion: found PDF vers
ion '1.7', but at most version '1.5' allowed
<//uni-eng.ru/unit/Ivanovo/Документация ЮНИТ М300/Разра
ботка/Схемы ФБ ЮНИТ-М300/Проект/БД/desc//402. МТЗ 
СВ/_latex/img/bnt.pdf, id=911, 447.95665pt x 444.86551pt>
File: //uni-eng.ru/unit/Ivanovo/Документация ЮНИТ М300/Раз
работка/Схемы ФБ ЮНИТ-М300/Проект/БД/desc//402. М
ТЗ СВ/_latex/img/bnt.pdf Graphic file (type pdf)
<use //uni-eng.ru/unit/Ivanovo/Документация ЮНИТ М300/Раз
работка/Схемы ФБ ЮНИТ-М300/Проект/БД/desc//402. М
ТЗ СВ/_latex/img/bnt.pdf>
Package luatex.def Info: //uni-eng.ru/unit/Ivanovo/Документация Ю
НИТ М300/Разработка/Схемы ФБ ЮНИТ-М300/Проект/
БД/desc//402. МТЗ СВ/_latex/img/bnt.pdf  used on input line 361.
(luatex.def)             Requested size: 430.50513pt x 427.53441pt.

warning  (file //uni-eng.ru/unit/Ivanovo/Документация ЮНИТ М300
/Разработка/Схемы ФБ ЮНИТ-М300/Проект/БД/desc//402
. МТЗ СВ/_latex/img/blzsh.pdf) (pdf inclusion): PDF inclusion: found PDF ve
rsion '1.7', but at most version '1.5' allowed
<//uni-eng.ru/unit/Ivanovo/Документация ЮНИТ М300/Разра
ботка/Схемы ФБ ЮНИТ-М300/Проект/БД/desc//402. МТЗ 
СВ/_latex/img/blzsh.pdf, id=916, 318.69063pt x 97.11281pt>
File: //uni-eng.ru/unit/Ivanovo/Документация ЮНИТ М300/Раз
работка/Схемы ФБ ЮНИТ-М300/Проект/БД/desc//402. М
ТЗ СВ/_latex/img/blzsh.pdf Graphic file (type pdf)
<use //uni-eng.ru/unit/Ivanovo/Документация ЮНИТ М300/Раз
работка/Схемы ФБ ЮНИТ-М300/Проект/БД/desc//402. М
ТЗ СВ/_latex/img/blzsh.pdf>
Package luatex.def Info: //uni-eng.ru/unit/Ivanovo/Документация Ю
НИТ М300/Разработка/Схемы ФБ ЮНИТ-М300/Проект/
БД/desc//402. МТЗ СВ/_latex/img/blzsh.pdf  used on input line 408.
(luatex.def)             Requested size: 329.19353pt x 100.3133pt.
[38<//uni-eng.ru/unit/Ivanovo/Документация ЮНИТ М300/Разр
аботка/Схемы ФБ ЮНИТ-М300/Проект/БД/desc//402. МТ
З СВ/_latex/img/bnt.pdf>]
warning  (file //uni-eng.ru/unit/Ivanovo/Документация ЮНИТ М300
/Разработка/Схемы ФБ ЮНИТ-М300/Проект/БД/desc//402
. МТЗ СВ/_latex/img/au.pdf) (pdf inclusion): PDF inclusion: found PDF versi
on '1.7', but at most version '1.5' allowed
<//uni-eng.ru/unit/Ivanovo/Документация ЮНИТ М300/Разра
ботка/Схемы ФБ ЮНИТ-М300/Проект/БД/desc//402. МТЗ 
СВ/_latex/img/au.pdf, id=944, 322.19186pt x 91.4715pt>
File: //uni-eng.ru/unit/Ivanovo/Документация ЮНИТ М300/Раз
работка/Схемы ФБ ЮНИТ-М300/Проект/БД/desc//402. М
ТЗ СВ/_latex/img/au.pdf Graphic file (type pdf)
<use //uni-eng.ru/unit/Ivanovo/Документация ЮНИТ М300/Раз
работка/Схемы ФБ ЮНИТ-М300/Проект/БД/desc//402. М
ТЗ СВ/_latex/img/au.pdf>
Package luatex.def Info: //uni-eng.ru/unit/Ivanovo/Документация Ю
НИТ М300/Разработка/Схемы ФБ ЮНИТ-М300/Проект/
БД/desc//402. МТЗ СВ/_latex/img/au.pdf  used on input line 457.
(luatex.def)             Requested size: 303.87804pt x 86.27211pt.

Overfull \hbox (21.99968pt too wide) in paragraph at lines 497--499
[]\TU/ArialNarrow(1)/m/n/12 Оперативное уско-ре-ние пре
ду-смат-ри-ва-ет уско-ре-ние од-ной или неск
оль-ких сту-пе-ней МТЗ. Оперативное
 []

[39<//uni-eng.ru/unit/Ivanovo/Документация ЮНИТ М300/Разр
аботка/Схемы ФБ ЮНИТ-М300/Проект/БД/desc//402. МТ
З СВ/_latex/img/blzsh.pdf><//uni-eng.ru/unit/Ivanovo/Документаци
я ЮНИТ М300/Разработка/Схемы ФБ ЮНИТ-М300/Прое
кт/БД/desc//402. МТЗ СВ/_latex/img/au.pdf>]
warning  (file //uni-eng.ru/unit/Ivanovo/Документация ЮНИТ М300
/Разработка/Схемы ФБ ЮНИТ-М300/Проект/БД/desc//402
. МТЗ СВ/_latex/img/ou.pdf) (pdf inclusion): PDF inclusion: found PDF versi
on '1.7', but at most version '1.5' allowed
<//uni-eng.ru/unit/Ivanovo/Документация ЮНИТ М300/Разра
ботка/Схемы ФБ ЮНИТ-М300/Проект/БД/desc//402. МТЗ 
СВ/_latex/img/ou.pdf, id=979, 363.3575pt x 111.41624pt>
File: //uni-eng.ru/unit/Ivanovo/Документация ЮНИТ М300/Раз
работка/Схемы ФБ ЮНИТ-М300/Проект/БД/desc//402. М
ТЗ СВ/_latex/img/ou.pdf Graphic file (type pdf)
<use //uni-eng.ru/unit/Ivanovo/Документация ЮНИТ М300/Раз
работка/Схемы ФБ ЮНИТ-М300/Проект/БД/desc//402. М
ТЗ СВ/_latex/img/ou.pdf>
Package luatex.def Info: //uni-eng.ru/unit/Ivanovo/Документация Ю
НИТ М300/Разработка/Схемы ФБ ЮНИТ-М300/Проект/
БД/desc//402. МТЗ СВ/_latex/img/ou.pdf  used on input line 513.
(luatex.def)             Requested size: 379.85667pt x 116.47537pt.

warning  (file //uni-eng.ru/unit/Ivanovo/Документация ЮНИТ М300
/Разработка/Схемы ФБ ЮНИТ-М300/Проект/БД/desc//402
. МТЗ СВ/_latex/img/vl.pdf) (pdf inclusion): PDF inclusion: found PDF versi
on '1.7', but at most version '1.5' allowed
<//uni-eng.ru/unit/Ivanovo/Документация ЮНИТ М300/Разра
ботка/Схемы ФБ ЮНИТ-М300/Проект/БД/desc//402. МТЗ 
СВ/_latex/img/vl.pdf, id=983, 280.29718pt x 84.56593pt>
File: //uni-eng.ru/unit/Ivanovo/Документация ЮНИТ М300/Раз
работка/Схемы ФБ ЮНИТ-М300/Проект/БД/desc//402. М
ТЗ СВ/_latex/img/vl.pdf Graphic file (type pdf)
<use //uni-eng.ru/unit/Ivanovo/Документация ЮНИТ М300/Раз
работка/Схемы ФБ ЮНИТ-М300/Проект/БД/desc//402. М
ТЗ СВ/_latex/img/vl.pdf>
Package luatex.def Info: //uni-eng.ru/unit/Ivanovo/Документация Ю
НИТ М300/Разработка/Схемы ФБ ЮНИТ-М300/Проект/
БД/desc//402. МТЗ СВ/_latex/img/vl.pdf  used on input line 563.
(luatex.def)             Requested size: 329.21236pt x 99.32368pt.
)
("//uni-eng.ru/unit/Ivanovo/Документация ЮНИТ М300/Разра
ботка/Схемы ФБ ЮНИТ-М300/Проект/БД/desc//302. ЛЗШ/_
latex/lzsh.tex" [40<//uni-eng.ru/unit/Ivanovo/Документация ЮНИ
Т М300/Разработка/Схемы ФБ ЮНИТ-М300/Проект/БД/d
esc//402. МТЗ СВ/_latex/img/ou.pdf><//uni-eng.ru/unit/Ivanovo/Докум
ентация ЮНИТ М300/Разработка/Схемы ФБ ЮНИТ-М30
0/Проект/БД/desc//402. МТЗ СВ/_latex/img/vl.pdf>]
warning  (file //uni-eng.ru/unit/Ivanovo/Документация ЮНИТ М300
/Разработка/Схемы ФБ ЮНИТ-М300/Проект/БД/desc//302
. ЛЗШ/_latex/img/lzsh.pdf) (pdf inclusion): PDF inclusion: found PDF version 
'1.7', but at most version '1.5' allowed
<//uni-eng.ru/unit/Ivanovo/Документация ЮНИТ М300/Разра
ботка/Схемы ФБ ЮНИТ-М300/Проект/БД/desc//302. ЛЗШ/_
latex/img/lzsh.pdf, id=1020, 1932.41196pt x 1656.67902pt>
File: //uni-eng.ru/unit/Ivanovo/Документация ЮНИТ М300/Раз
работка/Схемы ФБ ЮНИТ-М300/Проект/БД/desc//302. Л
ЗШ/_latex/img/lzsh.pdf Graphic file (type pdf)
<use //uni-eng.ru/unit/Ivanovo/Документация ЮНИТ М300/Раз
работка/Схемы ФБ ЮНИТ-М300/Проект/БД/desc//302. Л
ЗШ/_latex/img/lzsh.pdf>
Package luatex.def Info: //uni-eng.ru/unit/Ivanovo/Документация Ю
НИТ М300/Разработка/Схемы ФБ ЮНИТ-М300/Проект/
БД/desc//302. ЛЗШ/_latex/img/lzsh.pdf  used on input line 36.
(luatex.def)             Requested size: 506.45488pt x 434.18959pt.
[41] [42<//uni-eng.ru/unit/Ivanovo/Документация ЮНИТ М300/Р
азработка/Схемы ФБ ЮНИТ-М300/Проект/БД/desc//302. 
ЛЗШ/_latex/img/lzsh.pdf>])
("//uni-eng.ru/unit/Ivanovo/Документация ЮНИТ М300/Разра
ботка/Схемы ФБ ЮНИТ-М300/Проект/БД/desc//403. ЗДЗ 
СВ/_latex/zdz.tex"
Overfull \hbox (17.96303pt too wide) in paragraph at lines 17--19
[]\TU/ArialNarrow(1)/m/n/12 Функция кон-тро-ли-ру-ет сиг-
на-лы от-клю-че-ния от ду-го-вой за-щи-ты <<Ср
абатывание ЗДЗ 1>> и <<Срабатывание
 []


Overfull \hbox (4.58821pt too wide) in paragraph at lines 22--24
[]\TU/ArialNarrow(1)/m/n/12 Пусковые усло-вия функ-ции 
фор-ми-ру-ют-ся при на-ли-чии вход-но-го дис-
крет-но-го сиг-на-ла <<Срабатывание
 []

[43]
warning  (file //uni-eng.ru/unit/Ivanovo/Документация ЮНИТ М300
/Разработка/Схемы ФБ ЮНИТ-М300/Проект/БД/desc//403
. ЗДЗ СВ/_latex/img/zdz.pdf) (pdf inclusion): PDF inclusion: found PDF vers
ion '1.7', but at most version '1.5' allowed
<//uni-eng.ru/unit/Ivanovo/Документация ЮНИТ М300/Разра
ботка/Схемы ФБ ЮНИТ-М300/Проект/БД/desc//403. ЗДЗ 
СВ/_latex/img/zdz.pdf, id=1075, 473.77pt x 264.99pt>
File: //uni-eng.ru/unit/Ivanovo/Документация ЮНИТ М300/Раз
работка/Схемы ФБ ЮНИТ-М300/Проект/БД/desc//403. З
ДЗ СВ/_latex/img/zdz.pdf Graphic file (type pdf)
<use //uni-eng.ru/unit/Ivanovo/Документация ЮНИТ М300/Раз
работка/Схемы ФБ ЮНИТ-М300/Проект/БД/desc//403. З
ДЗ СВ/_latex/img/zdz.pdf>
Package luatex.def Info: //uni-eng.ru/unit/Ivanovo/Документация Ю
НИТ М300/Разработка/Схемы ФБ ЮНИТ-М300/Проект/
БД/desc//403. ЗДЗ СВ/_latex/img/zdz.pdf  used on input line 78.
(luatex.def)             Requested size: 506.47346pt x 283.28175pt.
)
("//uni-eng.ru/unit/Ivanovo/Документация ЮНИТ М300/Разра
ботка/Схемы ФБ ЮНИТ-М300/Проект/БД/desc//12. ТК З
ДЗ 35/_latex/tkzdz.tex"
warning  (file //uni-eng.ru/unit/Ivanovo/Документация ЮНИТ М300
/Разработка/Схемы ФБ ЮНИТ-М300/Проект/БД/desc//12.
 ТК ЗДЗ 35/_latex/img/1.pdf) (pdf inclusion): PDF inclusion: found PDF vers
ion '1.7', but at most version '1.5' allowed
<//uni-eng.ru/unit/Ivanovo/Документация ЮНИТ М300/Разра
ботка/Схемы ФБ ЮНИТ-М300/Проект/БД/desc//12. ТК З
ДЗ 35/_latex/img/1.pdf, id=1078, 2141.44785pt x 573.55809pt>
File: //uni-eng.ru/unit/Ivanovo/Документация ЮНИТ М300/Раз
работка/Схемы ФБ ЮНИТ-М300/Проект/БД/desc//12. ТК 
ЗДЗ 35/_latex/img/1.pdf Graphic file (type pdf)
<use //uni-eng.ru/unit/Ivanovo/Документация ЮНИТ М300/Раз
работка/Схемы ФБ ЮНИТ-М300/Проект/БД/desc//12. ТК 
ЗДЗ 35/_latex/img/1.pdf>
Package luatex.def Info: //uni-eng.ru/unit/Ivanovo/Документация Ю
НИТ М300/Разработка/Схемы ФБ ЮНИТ-М300/Проект/
БД/desc//12. ТК ЗДЗ 35/_latex/img/1.pdf  used on input line 25.
(luatex.def)             Requested size: 506.44255pt x 135.64384pt.

LaTeX Warning: `!h' float specifier changed to `!ht'.

[44<//uni-eng.ru/unit/Ivanovo/Документация ЮНИТ М300/Разр
аботка/Схемы ФБ ЮНИТ-М300/Проект/БД/desc//403. ЗД
З СВ/_latex/img/zdz.pdf>])
("//uni-eng.ru/unit/Ivanovo/Документация ЮНИТ М300/Разра
ботка/Схемы ФБ ЮНИТ-М300/Проект/БД/desc//55. ЗОП/_l
atex/zop.tex" [45<//uni-eng.ru/unit/Ivanovo/Документация ЮНИТ 
М300/Разработка/Схемы ФБ ЮНИТ-М300/Проект/БД/desc
//12. ТК ЗДЗ 35/_latex/img/1.pdf>]
warning  (file //uni-eng.ru/unit/Ivanovo/Документация ЮНИТ М300
/Разработка/Схемы ФБ ЮНИТ-М300/Проект/БД/desc//55.
 ЗОП/_latex/img/zop.pdf) (pdf inclusion): PDF inclusion: found PDF version '1
.7', but at most version '1.5' allowed
<//uni-eng.ru/unit/Ivanovo/Документация ЮНИТ М300/Разра
ботка/Схемы ФБ ЮНИТ-М300/Проект/БД/desc//55. ЗОП/_l
atex/img/zop.pdf, id=1121, 1739.36171pt x 957.43536pt>
File: //uni-eng.ru/unit/Ivanovo/Документация ЮНИТ М300/Раз
работка/Схемы ФБ ЮНИТ-М300/Проект/БД/desc//55. ЗО
П/_latex/img/zop.pdf Graphic file (type pdf)
<use //uni-eng.ru/unit/Ivanovo/Документация ЮНИТ М300/Раз
работка/Схемы ФБ ЮНИТ-М300/Проект/БД/desc//55. ЗО
П/_latex/img/zop.pdf>
Package luatex.def Info: //uni-eng.ru/unit/Ivanovo/Документация Ю
НИТ М300/Разработка/Схемы ФБ ЮНИТ-М300/Проект/
БД/desc//55. ЗОП/_latex/img/zop.pdf  used on input line 60.
(luatex.def)             Requested size: 506.4456pt x 278.77406pt.
)
("//uni-eng.ru/unit/Ivanovo/Документация ЮНИТ М300/Разра
ботка/Схемы ФБ ЮНИТ-М300/Проект/БД/desc//404. ТЗН
П СВ/_latex/tznp.tex" [46<//uni-eng.ru/unit/Ivanovo/Документаци
я ЮНИТ М300/Разработка/Схемы ФБ ЮНИТ-М300/Прое
кт/БД/desc//55. ЗОП/_latex/img/zop.pdf>] [47]
Overfull \hbox (10.31795pt too wide) in paragraph at lines 115--116
[]\TU/ArialNarrow(1)/m/n/12 Работа сту-пе-ни при неис-пр
ав-но-сти це-пей на-пря-же-ния ре-гу-ли-ру-ет-
ся устав-кой SGF5 <<Реж_БНН_3U0>>.
 []

[48]
warning  (file //uni-eng.ru/unit/Ivanovo/Документация ЮНИТ М300
/Разработка/Схемы ФБ ЮНИТ-М300/Проект/БД/desc//404
. ТЗНП СВ/_latex/img/tznpst.pdf) (pdf inclusion): PDF inclusion: found PDF
 version '1.7', but at most version '1.5' allowed
<//uni-eng.ru/unit/Ivanovo/Документация ЮНИТ М300/Разра
ботка/Схемы ФБ ЮНИТ-М300/Проект/БД/desc//404. ТЗН
П СВ/_latex/img/tznpst.pdf, id=1186, 405.79608pt x 359.80664pt>
File: //uni-eng.ru/unit/Ivanovo/Документация ЮНИТ М300/Раз
работка/Схемы ФБ ЮНИТ-М300/Проект/БД/desc//404. Т
ЗНП СВ/_latex/img/tznpst.pdf Graphic file (type pdf)
<use //uni-eng.ru/unit/Ivanovo/Документация ЮНИТ М300/Раз
работка/Схемы ФБ ЮНИТ-М300/Проект/БД/desc//404. Т
ЗНП СВ/_latex/img/tznpst.pdf>
Package luatex.def Info: //uni-eng.ru/unit/Ivanovo/Документация Ю
НИТ М300/Разработка/Схемы ФБ ЮНИТ-М300/Проект/
БД/desc//404. ТЗНП СВ/_latex/img/tznpst.pdf  used on input line 182.
(luatex.def)             Requested size: 455.81976pt x 404.16107pt.
[49]
warning  (file //uni-eng.ru/unit/Ivanovo/Документация ЮНИТ М300
/Разработка/Схемы ФБ ЮНИТ-М300/Проект/БД/desc//404
. ТЗНП СВ/_latex/img/char.pdf) (pdf inclusion): PDF inclusion: found PDF v
ersion '1.7', but at most version '1.5' allowed
<//uni-eng.ru/unit/Ivanovo/Документация ЮНИТ М300/Разра
ботка/Схемы ФБ ЮНИТ-М300/Проект/БД/desc//404. ТЗН
П СВ/_latex/img/char.pdf, id=1192, 553.08517pt x 483.0727pt>
File: //uni-eng.ru/unit/Ivanovo/Документация ЮНИТ М300/Раз
работка/Схемы ФБ ЮНИТ-М300/Проект/БД/desc//404. Т
ЗНП СВ/_latex/img/char.pdf Graphic file (type pdf)
<use //uni-eng.ru/unit/Ivanovo/Документация ЮНИТ М300/Раз
работка/Схемы ФБ ЮНИТ-М300/Проект/БД/desc//404. Т
ЗНП СВ/_latex/img/char.pdf>
Package luatex.def Info: //uni-eng.ru/unit/Ivanovo/Документация Ю
НИТ М300/Разработка/Схемы ФБ ЮНИТ-М300/Проект/
БД/desc//404. ТЗНП СВ/_latex/img/char.pdf  used on input line 223.
(luatex.def)             Requested size: 253.22388pt x 221.16943pt.
[50<//uni-eng.ru/unit/Ivanovo/Документация ЮНИТ М300/Разр
аботка/Схемы ФБ ЮНИТ-М300/Проект/БД/desc//404. ТЗ
НП СВ/_latex/img/tznpst.pdf>]
warning  (file //uni-eng.ru/unit/Ivanovo/Документация ЮНИТ М300
/Разработка/Схемы ФБ ЮНИТ-М300/Проект/БД/desc//106
. ТЗНП ОЛ/_latex/img/onmnp.pdf) (pdf inclusion): PDF inclusion: found PDF 
version '1.7', but at most version '1.5' allowed
<//uni-eng.ru/unit/Ivanovo/Документация ЮНИТ М300/Разра
ботка/Схемы ФБ ЮНИТ-М300/Проект/БД/desc//106. ТЗН
П ОЛ/_latex/img/onmnp.pdf, id=1217, 2094.95134pt x 822.3152pt>
File: //uni-eng.ru/unit/Ivanovo/Документация ЮНИТ М300/Раз
работка/Схемы ФБ ЮНИТ-М300/Проект/БД/desc//106. Т
ЗНП ОЛ/_latex/img/onmnp.pdf Graphic file (type pdf)
<use //uni-eng.ru/unit/Ivanovo/Документация ЮНИТ М300/Раз
работка/Схемы ФБ ЮНИТ-М300/Проект/БД/desc//106. Т
ЗНП ОЛ/_latex/img/onmnp.pdf>
Package luatex.def Info: //uni-eng.ru/unit/Ivanovo/Документация Ю
НИТ М300/Разработка/Схемы ФБ ЮНИТ-М300/Проект/
БД/desc//106. ТЗНП ОЛ/_latex/img/onmnp.pdf  used on input line 258.
(luatex.def)             Requested size: 455.80807pt x 178.91484pt.
[51<//uni-eng.ru/unit/Ivanovo/Документация ЮНИТ М300/Разр
аботка/Схемы ФБ ЮНИТ-М300/Проект/БД/desc//404. ТЗ
НП СВ/_latex/img/char.pdf><//uni-eng.ru/unit/Ivanovo/Документац
ия ЮНИТ М300/Разработка/Схемы ФБ ЮНИТ-М300/Про
ект/БД/desc//106. ТЗНП ОЛ/_latex/img/onmnp.pdf>]
warning  (file //uni-eng.ru/unit/Ivanovo/Документация ЮНИТ М300
/Разработка/Схемы ФБ ЮНИТ-М300/Проект/БД/desc//404
. ТЗНП СВ/_latex/img/bntnp.pdf) (pdf inclusion): PDF inclusion: found PDF 
version '1.7', but at most version '1.5' allowed
<//uni-eng.ru/unit/Ivanovo/Документация ЮНИТ М300/Разра
ботка/Схемы ФБ ЮНИТ-М300/Проект/БД/desc//404. ТЗН
П СВ/_latex/img/bntnp.pdf, id=1259, 318.42792pt x 172.40314pt>
File: //uni-eng.ru/unit/Ivanovo/Документация ЮНИТ М300/Раз
работка/Схемы ФБ ЮНИТ-М300/Проект/БД/desc//404. Т
ЗНП СВ/_latex/img/bntnp.pdf Graphic file (type pdf)
<use //uni-eng.ru/unit/Ivanovo/Документация ЮНИТ М300/Раз
работка/Схемы ФБ ЮНИТ-М300/Проект/БД/desc//404. Т
ЗНП СВ/_latex/img/bntnp.pdf>
Package luatex.def Info: //uni-eng.ru/unit/Ivanovo/Документация Ю
НИТ М300/Разработка/Схемы ФБ ЮНИТ-М300/Проект/
БД/desc//404. ТЗНП СВ/_latex/img/bntnp.pdf  used on input line 288.
(luatex.def)             Requested size: 405.19095pt x 219.37834pt.

warning  (file //uni-eng.ru/unit/Ivanovo/Документация ЮНИТ М300
/Разработка/Схемы ФБ ЮНИТ-М300/Проект/БД/desc//404
. ТЗНП СВ/_latex/img/au.pdf) (pdf inclusion): PDF inclusion: found PDF ver
sion '1.7', but at most version '1.5' allowed
<//uni-eng.ru/unit/Ivanovo/Документация ЮНИТ М300/Разра
ботка/Схемы ФБ ЮНИТ-М300/Проект/БД/desc//404. ТЗН
П СВ/_latex/img/au.pdf, id=1264, 320.94907pt x 93.09781pt>
File: //uni-eng.ru/unit/Ivanovo/Документация ЮНИТ М300/Раз
работка/Схемы ФБ ЮНИТ-М300/Проект/БД/desc//404. Т
ЗНП СВ/_latex/img/au.pdf Graphic file (type pdf)
<use //uni-eng.ru/unit/Ivanovo/Документация ЮНИТ М300/Раз
работка/Схемы ФБ ЮНИТ-М300/Проект/БД/desc//404. Т
ЗНП СВ/_latex/img/au.pdf>
Package luatex.def Info: //uni-eng.ru/unit/Ivanovo/Документация Ю
НИТ М300/Разработка/Схемы ФБ ЮНИТ-М300/Проект/
БД/desc//404. ТЗНП СВ/_latex/img/au.pdf  used on input line 338.
(luatex.def)             Requested size: 303.88614pt x 88.14836pt.
[52<//uni-eng.ru/unit/Ivanovo/Документация ЮНИТ М300/Разр
аботка/Схемы ФБ ЮНИТ-М300/Проект/БД/desc//404. ТЗ
НП СВ/_latex/img/bntnp.pdf><//uni-eng.ru/unit/Ivanovo/Документац
ия ЮНИТ М300/Разработка/Схемы ФБ ЮНИТ-М300/Про
ект/БД/desc//404. ТЗНП СВ/_latex/img/au.pdf>]
warning  (file //uni-eng.ru/unit/Ivanovo/Документация ЮНИТ М300
/Разработка/Схемы ФБ ЮНИТ-М300/Проект/БД/desc//404
. ТЗНП СВ/_latex/img/ou.pdf) (pdf inclusion): PDF inclusion: found PDF ver
sion '1.7', but at most version '1.5' allowed
<//uni-eng.ru/unit/Ivanovo/Документация ЮНИТ М300/Разра
ботка/Схемы ФБ ЮНИТ-М300/Проект/БД/desc//404. ТЗН
П СВ/_latex/img/ou.pdf, id=1300, 366.2298pt x 110.29279pt>
File: //uni-eng.ru/unit/Ivanovo/Документация ЮНИТ М300/Раз
работка/Схемы ФБ ЮНИТ-М300/Проект/БД/desc//404. Т
ЗНП СВ/_latex/img/ou.pdf Graphic file (type pdf)
<use //uni-eng.ru/unit/Ivanovo/Документация ЮНИТ М300/Раз
работка/Схемы ФБ ЮНИТ-М300/Проект/БД/desc//404. Т
ЗНП СВ/_latex/img/ou.pdf>
Package luatex.def Info: //uni-eng.ru/unit/Ivanovo/Документация Ю
НИТ М300/Разработка/Схемы ФБ ЮНИТ-М300/Проект/
БД/desc//404. ТЗНП СВ/_latex/img/ou.pdf  used on input line 394.
(luatex.def)             Requested size: 405.17871pt x 122.02252pt.
)
("//uni-eng.ru/unit/Ivanovo/Документация ЮНИТ М300/Разра
ботка/Схемы ФБ ЮНИТ-М300/Проект/БД/desc//111. УРО
В ОЛ/_latex/urov.tex" [53<//uni-eng.ru/unit/Ivanovo/Документаци
я ЮНИТ М300/Разработка/Схемы ФБ ЮНИТ-М300/Прое
кт/БД/desc//404. ТЗНП СВ/_latex/img/ou.pdf>]
Underfull \hbox (badness 10000) in paragraph at lines 25--26
[]\TU/ArialNarrow(1)/m/n/12 ес-ли про-грамм-ный пе-ре-кл
ю-ча-тель SGF3 <<Подхват_по_току>> на-хо-дит-ся 
в со-сто-я-нии
 []


Underfull \hbox (badness 5924) in paragraph at lines 25--26
\TU/ArialNarrow(1)/m/n/12 <<Предусмотрено>> и че-рез вы-
клю-ча-тель про-те-ка-ет ток, пре-вы-ша-ю-щий 
за-дан-ную устав-ку
 []

[54]
warning  (file //uni-eng.ru/unit/Ivanovo/Документация ЮНИТ М300
/Разработка/Схемы ФБ ЮНИТ-М300/Проект/БД/desc//111
. УРОВ ОЛ/_latex/img/1.pdf) (pdf inclusion): PDF inclusion: found PDF vers
ion '1.7', but at most version '1.5' allowed
<//uni-eng.ru/unit/Ivanovo/Документация ЮНИТ М300/Разра
ботка/Схемы ФБ ЮНИТ-М300/Проект/БД/desc//111. УРО
В ОЛ/_latex/img/1.pdf, id=1344, 3177.81184pt x 1637.43314pt>
File: //uni-eng.ru/unit/Ivanovo/Документация ЮНИТ М300/Раз
работка/Схемы ФБ ЮНИТ-М300/Проект/БД/desc//111. У
РОВ ОЛ/_latex/img/1.pdf Graphic file (type pdf)
<use //uni-eng.ru/unit/Ivanovo/Документация ЮНИТ М300/Раз
работка/Схемы ФБ ЮНИТ-М300/Проект/БД/desc//111. У
РОВ ОЛ/_latex/img/1.pdf>
Package luatex.def Info: //uni-eng.ru/unit/Ivanovo/Документация Ю
НИТ М300/Разработка/Схемы ФБ ЮНИТ-М300/Проект/
БД/desc//111. УРОВ ОЛ/_latex/img/1.pdf  used on input line 95.
(luatex.def)             Requested size: 506.42374pt x 260.94528pt.
)
("//uni-eng.ru/unit/Ivanovo/Документация ЮНИТ М300/Разра
ботка/Схемы ФБ ЮНИТ-М300/Проект/БД/desc//405. БНН 1
сш/_latex/bnnsh1.tex" [55<//uni-eng.ru/unit/Ivanovo/Документация 
ЮНИТ М300/Разработка/Схемы ФБ ЮНИТ-М300/Проек
т/БД/desc//111. УРОВ ОЛ/_latex/img/1.pdf>] [56]
warning  (file //uni-eng.ru/unit/Ivanovo/Документация ЮНИТ М300
/Разработка/Схемы ФБ ЮНИТ-М300/Проект/БД/desc//405
. БНН 1сш/_latex/img/bnnsh1.pdf) (pdf inclusion): PDF inclusion: found PDF 
version '1.7', but at most version '1.5' allowed
<//uni-eng.ru/unit/Ivanovo/Документация ЮНИТ М300/Разра
ботка/Схемы ФБ ЮНИТ-М300/Проект/БД/desc//405. БНН 1
сш/_latex/img/bnnsh1.pdf, id=1375, 477.31854pt x 547.23729pt>
File: //uni-eng.ru/unit/Ivanovo/Документация ЮНИТ М300/Раз
работка/Схемы ФБ ЮНИТ-М300/Проект/БД/desc//405. Б
НН 1сш/_latex/img/bnnsh1.pdf Graphic file (type pdf)
<use //uni-eng.ru/unit/Ivanovo/Документация ЮНИТ М300/Раз
работка/Схемы ФБ ЮНИТ-М300/Проект/БД/desc//405. Б
НН 1сш/_latex/img/bnnsh1.pdf>
Package luatex.def Info: //uni-eng.ru/unit/Ivanovo/Документация Ю
НИТ М300/Разработка/Схемы ФБ ЮНИТ-М300/Проект/
БД/desc//405. БНН 1сш/_latex/img/bnnsh1.pdf  used on input line 108.
(luatex.def)             Requested size: 506.45778pt x 580.64493pt.
[57])
("//uni-eng.ru/unit/Ivanovo/Документация ЮНИТ М300/Разра
ботка/Схемы ФБ ЮНИТ-М300/Проект/БД/desc//406. БНН 2
сш/_latex/bnnsh2.tex" [58<//uni-eng.ru/unit/Ivanovo/Документация 
ЮНИТ М300/Разработка/Схемы ФБ ЮНИТ-М300/Проек
т/БД/desc//405. БНН 1сш/_latex/img/bnnsh1.pdf>]
warning  (file //uni-eng.ru/unit/Ivanovo/Документация ЮНИТ М300
/Разработка/Схемы ФБ ЮНИТ-М300/Проект/БД/desc//406
. БНН 2сш/_latex/img/bnnsh2.pdf) (pdf inclusion): PDF inclusion: found PDF 
version '1.7', but at most version '1.5' allowed
<//uni-eng.ru/unit/Ivanovo/Документация ЮНИТ М300/Разра
ботка/Схемы ФБ ЮНИТ-М300/Проект/БД/desc//406. БНН 2
сш/_latex/img/bnnsh2.pdf, id=1408, 463.70505pt x 342.10672pt>
File: //uni-eng.ru/unit/Ivanovo/Документация ЮНИТ М300/Раз
работка/Схемы ФБ ЮНИТ-М300/Проект/БД/desc//406. Б
НН 2сш/_latex/img/bnnsh2.pdf Graphic file (type pdf)
<use //uni-eng.ru/unit/Ivanovo/Документация ЮНИТ М300/Раз
работка/Схемы ФБ ЮНИТ-М300/Проект/БД/desc//406. Б
НН 2сш/_latex/img/bnnsh2.pdf>
Package luatex.def Info: //uni-eng.ru/unit/Ivanovo/Документация Ю
НИТ М300/Разработка/Схемы ФБ ЮНИТ-М300/Проект/
БД/desc//406. БНН 2сш/_latex/img/bnnsh2.pdf  used on input line 81.
(luatex.def)             Requested size: 506.47568pt x 373.66148pt.
[59])
("//uni-eng.ru/unit/Ivanovo/Документация ЮНИТ М300/Разра
ботка/Схемы ФБ ЮНИТ-М300/Проект/БД/desc//407. КНН 
сш/_latex/knnsh.tex"
warning  (file //uni-eng.ru/unit/Ivanovo/Документация ЮНИТ М300
/Разработка/Схемы ФБ ЮНИТ-М300/Проект/БД/desc//407
. КНН сш/_latex/img/knnsh.pdf) (pdf inclusion): PDF inclusion: found PDF ve
rsion '1.7', but at most version '1.5' allowed
<//uni-eng.ru/unit/Ivanovo/Документация ЮНИТ М300/Разра
ботка/Схемы ФБ ЮНИТ-М300/Проект/БД/desc//407. КНН 
сш/_latex/img/knnsh.pdf, id=1425, 377.1451pt x 189.34227pt>
File: //uni-eng.ru/unit/Ivanovo/Документация ЮНИТ М300/Раз
работка/Схемы ФБ ЮНИТ-М300/Проект/БД/desc//407. К
НН сш/_latex/img/knnsh.pdf Graphic file (type pdf)
<use //uni-eng.ru/unit/Ivanovo/Документация ЮНИТ М300/Раз
работка/Схемы ФБ ЮНИТ-М300/Проект/БД/desc//407. К
НН сш/_latex/img/knnsh.pdf>
Package luatex.def Info: //uni-eng.ru/unit/Ivanovo/Документация Ю
НИТ М300/Разработка/Схемы ФБ ЮНИТ-М300/Проект/
БД/desc//407. КНН сш/_latex/img/knnsh.pdf  used on input line 34.
(luatex.def)             Requested size: 455.82904pt x 228.84482pt.
[60<//uni-eng.ru/unit/Ivanovo/Документация ЮНИТ М300/Разр
аботка/Схемы ФБ ЮНИТ-М300/Проект/БД/desc//406. БН
Н 2сш/_latex/img/bnnsh2.pdf>])
("//uni-eng.ru/unit/Ivanovo/Документация ЮНИТ М300/Разра
ботка/Схемы ФБ ЮНИТ-М300/Проект/БД/desc//408. КОН 
сш/_latex/konsh.tex" [61<//uni-eng.ru/unit/Ivanovo/Документация 
ЮНИТ М300/Разработка/Схемы ФБ ЮНИТ-М300/Проек
т/БД/desc//407. КНН сш/_latex/img/knnsh.pdf>]
warning  (file //uni-eng.ru/unit/Ivanovo/Документация ЮНИТ М300
/Разработка/Схемы ФБ ЮНИТ-М300/Проект/БД/desc//408
. КОН сш/_latex/img/konsh.pdf) (pdf inclusion): PDF inclusion: found PDF ve
rsion '1.7', but at most version '1.5' allowed
<//uni-eng.ru/unit/Ivanovo/Документация ЮНИТ М300/Разра
ботка/Схемы ФБ ЮНИТ-М300/Проект/БД/desc//408. КОН 
сш/_latex/img/konsh.pdf, id=1475, 380.42125pt x 217.81375pt>
File: //uni-eng.ru/unit/Ivanovo/Документация ЮНИТ М300/Раз
работка/Схемы ФБ ЮНИТ-М300/Проект/БД/desc//408. К
ОН сш/_latex/img/konsh.pdf Graphic file (type pdf)
<use //uni-eng.ru/unit/Ivanovo/Документация ЮНИТ М300/Раз
работка/Схемы ФБ ЮНИТ-М300/Проект/БД/desc//408. К
ОН сш/_latex/img/konsh.pdf>
Package luatex.def Info: //uni-eng.ru/unit/Ivanovo/Документация Ю
НИТ М300/Разработка/Схемы ФБ ЮНИТ-М300/Проект/
БД/desc//408. КОН сш/_latex/img/konsh.pdf  used on input line 65.
(luatex.def)             Requested size: 430.50371pt x 246.48892pt.
)
("//uni-eng.ru/unit/Ivanovo/Документация ЮНИТ М300/Разра
ботка/Схемы ФБ ЮНИТ-М300/Проект/БД/desc//409. КС С
В/_latex/ks.tex" [62<//uni-eng.ru/unit/Ivanovo/Документация ЮН
ИТ М300/Разработка/Схемы ФБ ЮНИТ-М300/Проект/Б
Д/desc//408. КОН сш/_latex/img/konsh.pdf>]
Overfull \hbox (20.0522pt too wide) in paragraph at lines 40--41
[]\TU/ArialNarrow(1)/m/n/12 <<КС: УС>> (при вы-пол-не-нии у
сло-вий функ-ции улав-ли-ва-ния син-хро-низ-
ма) при за-дан-ной устав-ки <<Предусмотрено>>
 []

[63
Missing character: There is no ɸ (U+0278) in font ArialNarrow:mode=node;languag
e=dflt;+tlig;!
]
warning  (file //uni-eng.ru/unit/Ivanovo/Документация ЮНИТ М300
/Разработка/Схемы ФБ ЮНИТ-М300/Проект/БД/desc//409
. КС СВ/_latex/img/ks.pdf) (pdf inclusion): PDF inclusion: found PDF version
 '1.7', but at most version '1.5' allowed
<//uni-eng.ru/unit/Ivanovo/Документация ЮНИТ М300/Разра
ботка/Схемы ФБ ЮНИТ-М300/Проект/БД/desc//409. КС С
В/_latex/img/ks.pdf, id=1511, 419.34769pt x 435.8328pt>
File: //uni-eng.ru/unit/Ivanovo/Документация ЮНИТ М300/Раз
работка/Схемы ФБ ЮНИТ-М300/Проект/БД/desc//409. К
С СВ/_latex/img/ks.pdf Graphic file (type pdf)
<use //uni-eng.ru/unit/Ivanovo/Документация ЮНИТ М300/Раз
работка/Схемы ФБ ЮНИТ-М300/Проект/БД/desc//409. К
С СВ/_latex/img/ks.pdf>
Package luatex.def Info: //uni-eng.ru/unit/Ivanovo/Документация Ю
НИТ М300/Разработка/Схемы ФБ ЮНИТ-М300/Проект/
БД/desc//409. КС СВ/_latex/img/ks.pdf  used on input line 153.
(luatex.def)             Requested size: 455.81296pt x 473.73155pt.
[64] [65<//uni-eng.ru/unit/Ivanovo/Документация ЮНИТ М300/Р
азработка/Схемы ФБ ЮНИТ-М300/Проект/БД/desc//409. 
КС СВ/_latex/img/ks.pdf>])
("//uni-eng.ru/unit/Ivanovo/Документация ЮНИТ М300/Разра
ботка/Схемы ФБ ЮНИТ-М300/Проект/БД/desc//410. АВР 
СВ/_latex/avr.tex" [66]
warning  (file //uni-eng.ru/unit/Ivanovo/Документация ЮНИТ М300
/Разработка/Схемы ФБ ЮНИТ-М300/Проект/БД/desc//410
. АВР СВ/_latex/img/avr.pdf) (pdf inclusion): PDF inclusion: found PDF vers
ion '1.7', but at most version '1.5' allowed
<//uni-eng.ru/unit/Ivanovo/Документация ЮНИТ М300/Разра
ботка/Схемы ФБ ЮНИТ-М300/Проект/БД/desc//410. АВР 
СВ/_latex/img/avr.pdf, id=1568, 449.25189pt x 358.97112pt>
File: //uni-eng.ru/unit/Ivanovo/Документация ЮНИТ М300/Раз
работка/Схемы ФБ ЮНИТ-М300/Проект/БД/desc//410. А
ВР СВ/_latex/img/avr.pdf Graphic file (type pdf)
<use //uni-eng.ru/unit/Ivanovo/Документация ЮНИТ М300/Раз
работка/Схемы ФБ ЮНИТ-М300/Проект/БД/desc//410. А
ВР СВ/_latex/img/avr.pdf>
Package luatex.def Info: //uni-eng.ru/unit/Ivanovo/Документация Ю
НИТ М300/Разработка/Схемы ФБ ЮНИТ-М300/Проект/
БД/desc//410. АВР СВ/_latex/img/avr.pdf  used on input line 66.
(luatex.def)             Requested size: 455.80418pt x 364.20667pt.
[67<//uni-eng.ru/unit/Ivanovo/Документация ЮНИТ М300/Разр
аботка/Схемы ФБ ЮНИТ-М300/Проект/БД/desc//410. АВ
Р СВ/_latex/img/avr.pdf>]
warning  (file //uni-eng.ru/unit/Ivanovo/Документация ЮНИТ М300
/Разработка/Схемы ФБ ЮНИТ-М300/Проект/БД/desc//410
. АВР СВ/_latex/img/zavr.pdf) (pdf inclusion): PDF inclusion: found PDF ver
sion '1.7', but at most version '1.5' allowed
<//uni-eng.ru/unit/Ivanovo/Документация ЮНИТ М300/Разра
ботка/Схемы ФБ ЮНИТ-М300/Проект/БД/desc//410. АВР 
СВ/_latex/img/zavr.pdf, id=1596, 365.86688pt x 202.25563pt>
File: //uni-eng.ru/unit/Ivanovo/Документация ЮНИТ М300/Раз
работка/Схемы ФБ ЮНИТ-М300/Проект/БД/desc//410. А
ВР СВ/_latex/img/zavr.pdf Graphic file (type pdf)
<use //uni-eng.ru/unit/Ivanovo/Документация ЮНИТ М300/Раз
работка/Схемы ФБ ЮНИТ-М300/Проект/БД/desc//410. А
ВР СВ/_latex/img/zavr.pdf>
Package luatex.def Info: //uni-eng.ru/unit/Ivanovo/Документация Ю
НИТ М300/Разработка/Схемы ФБ ЮНИТ-М300/Проект/
БД/desc//410. АВР СВ/_latex/img/zavr.pdf  used on input line 122.
(luatex.def)             Requested size: 430.51889pt x 237.99603pt.
)
("//uni-eng.ru/unit/Ivanovo/Документация ЮНИТ М300/Разра
ботка/Схемы ФБ ЮНИТ-М300/Проект/БД/desc//411. ВНР 
СВ/_latex/vnr.tex" [68<//uni-eng.ru/unit/Ivanovo/Документация Ю
НИТ М300/Разработка/Схемы ФБ ЮНИТ-М300/Проект/
БД/desc//410. АВР СВ/_latex/img/zavr.pdf>]
warning  (file //uni-eng.ru/unit/Ivanovo/Документация ЮНИТ М300
/Разработка/Схемы ФБ ЮНИТ-М300/Проект/БД/desc//411
. ВНР СВ/_latex/img/vnr.pdf) (pdf inclusion): PDF inclusion: found PDF vers
ion '1.7', but at most version '1.5' allowed
<//uni-eng.ru/unit/Ivanovo/Документация ЮНИТ М300/Разра
ботка/Схемы ФБ ЮНИТ-М300/Проект/БД/desc//411. ВНР 
СВ/_latex/img/vnr.pdf, id=1625, 579.16376pt x 408.52625pt>
File: //uni-eng.ru/unit/Ivanovo/Документация ЮНИТ М300/Раз
работка/Схемы ФБ ЮНИТ-М300/Проект/БД/desc//411. В
НР СВ/_latex/img/vnr.pdf Graphic file (type pdf)
<use //uni-eng.ru/unit/Ivanovo/Документация ЮНИТ М300/Раз
работка/Схемы ФБ ЮНИТ-М300/Проект/БД/desc//411. В
НР СВ/_latex/img/vnr.pdf>
Package luatex.def Info: //uni-eng.ru/unit/Ivanovo/Документация Ю
НИТ М300/Разработка/Схемы ФБ ЮНИТ-М300/Проект/
БД/desc//411. ВНР СВ/_latex/img/vnr.pdf  used on input line 49.
(luatex.def)             Requested size: 506.45773pt x 357.24141pt.
[69])
("//uni-eng.ru/unit/Ivanovo/Документация ЮНИТ М300/Разра
ботка/Схемы ФБ ЮНИТ-М300/Проект/БД/desc//412. ЛО С
В/_latex/lo.tex" [70<//uni-eng.ru/unit/Ivanovo/Документация ЮН
ИТ М300/Разработка/Схемы ФБ ЮНИТ-М300/Проект/Б
Д/desc//411. ВНР СВ/_latex/img/vnr.pdf>]
warning  (file //uni-eng.ru/unit/Ivanovo/Документация ЮНИТ М300
/Разработка/Схемы ФБ ЮНИТ-М300/Проект/БД/desc//412
. ЛО СВ/_latex/img/lorz.pdf) (pdf inclusion): PDF inclusion: found PDF versi
on '1.7', but at most version '1.5' allowed
<//uni-eng.ru/unit/Ivanovo/Документация ЮНИТ М300/Разра
ботка/Схемы ФБ ЮНИТ-М300/Проект/БД/desc//412. ЛО С
В/_latex/img/lorz.pdf, id=1662, 348.12971pt x 371.56615pt>
File: //uni-eng.ru/unit/Ivanovo/Документация ЮНИТ М300/Раз
работка/Схемы ФБ ЮНИТ-М300/Проект/БД/desc//412. Л
О СВ/_latex/img/lorz.pdf Graphic file (type pdf)
<use //uni-eng.ru/unit/Ivanovo/Документация ЮНИТ М300/Раз
работка/Схемы ФБ ЮНИТ-М300/Проект/БД/desc//412. Л
О СВ/_latex/img/lorz.pdf>
Package luatex.def Info: //uni-eng.ru/unit/Ivanovo/Документация Ю
НИТ М300/Разработка/Схемы ФБ ЮНИТ-М300/Проект/
БД/desc//412. ЛО СВ/_latex/img/lorz.pdf  used on input line 56.
(luatex.def)             Requested size: 430.49712pt x 459.47859pt.
[71<//uni-eng.ru/unit/Ivanovo/Документация ЮНИТ М300/Разр
аботка/Схемы ФБ ЮНИТ-М300/Проект/БД/desc//412. ЛО 
СВ/_latex/img/lorz.pdf>]
warning  (file //uni-eng.ru/unit/Ivanovo/Документация ЮНИТ М300
/Разработка/Схемы ФБ ЮНИТ-М300/Проект/БД/desc//412
. ЛО СВ/_latex/img/lovnr.pdf) (pdf inclusion): PDF inclusion: found PDF vers
ion '1.7', but at most version '1.5' allowed
<//uni-eng.ru/unit/Ivanovo/Документация ЮНИТ М300/Разра
ботка/Схемы ФБ ЮНИТ-М300/Проект/БД/desc//412. ЛО С
В/_latex/img/lovnr.pdf, id=1691, 348.19405pt x 123.45659pt>
File: //uni-eng.ru/unit/Ivanovo/Документация ЮНИТ М300/Раз
работка/Схемы ФБ ЮНИТ-М300/Проект/БД/desc//412. Л
О СВ/_latex/img/lovnr.pdf Graphic file (type pdf)
<use //uni-eng.ru/unit/Ivanovo/Документация ЮНИТ М300/Раз
работка/Схемы ФБ ЮНИТ-М300/Проект/БД/desc//412. Л
О СВ/_latex/img/lovnr.pdf>
Package luatex.def Info: //uni-eng.ru/unit/Ivanovo/Документация Ю
НИТ М300/Разработка/Схемы ФБ ЮНИТ-М300/Проект/
БД/desc//412. ЛО СВ/_latex/img/lovnr.pdf  used on input line 113.
(luatex.def)             Requested size: 430.49696pt x 152.63812pt.
[72<//uni-eng.ru/unit/Ivanovo/Документация ЮНИТ М300/Разр
аботка/Схемы ФБ ЮНИТ-М300/Проект/БД/desc//412. ЛО 
СВ/_latex/img/lovnr.pdf>]
warning  (file //uni-eng.ru/unit/Ivanovo/Документация ЮНИТ М300
/Разработка/Схемы ФБ ЮНИТ-М300/Проект/БД/desc//412
. ЛО СВ/_latex/img/zavr.pdf) (pdf inclusion): PDF inclusion: found PDF versi
on '1.7', but at most version '1.5' allowed
<//uni-eng.ru/unit/Ivanovo/Документация ЮНИТ М300/Разра
ботка/Схемы ФБ ЮНИТ-М300/Проект/БД/desc//412. ЛО С
В/_latex/img/zavr.pdf, id=1724, 353.03206pt x 355.35384pt>
File: //uni-eng.ru/unit/Ivanovo/Документация ЮНИТ М300/Раз
работка/Схемы ФБ ЮНИТ-М300/Проект/БД/desc//412. Л
О СВ/_latex/img/zavr.pdf Graphic file (type pdf)
<use //uni-eng.ru/unit/Ivanovo/Документация ЮНИТ М300/Раз
работка/Схемы ФБ ЮНИТ-М300/Проект/БД/desc//412. Л
О СВ/_latex/img/zavr.pdf>
Package luatex.def Info: //uni-eng.ru/unit/Ivanovo/Документация Ю
НИТ М300/Разработка/Схемы ФБ ЮНИТ-М300/Проект/
БД/desc//412. ЛО СВ/_latex/img/zavr.pdf  used on input line 202.
(luatex.def)             Requested size: 405.20262pt x 407.86751pt.
)
("//uni-eng.ru/unit/Ivanovo/Документация ЮНИТ М300/Разра
ботка/Схемы ФБ ЮНИТ-М300/Проект/БД/desc//312. КП В
В/_latex/kp.tex" [73<//uni-eng.ru/unit/Ivanovo/Документация ЮН
ИТ М300/Разработка/Схемы ФБ ЮНИТ-М300/Проект/Б
Д/desc//412. ЛО СВ/_latex/img/zavr.pdf>]
warning  (file //uni-eng.ru/unit/Ivanovo/Документация ЮНИТ М300
/Разработка/Схемы ФБ ЮНИТ-М300/Проект/БД/desc//312
. КП ВВ/_latex/img/1.pdf) (pdf inclusion): PDF inclusion: found PDF version 
'1.7', but at most version '1.5' allowed
<//uni-eng.ru/unit/Ivanovo/Документация ЮНИТ М300/Разра
ботка/Схемы ФБ ЮНИТ-М300/Проект/БД/desc//312. КП В
В/_latex/img/1.pdf, id=1744, 661.97313pt x 103.38625pt>
File: //uni-eng.ru/unit/Ivanovo/Документация ЮНИТ М300/Раз
работка/Схемы ФБ ЮНИТ-М300/Проект/БД/desc//312. К
П ВВ/_latex/img/1.pdf Graphic file (type pdf)
<use //uni-eng.ru/unit/Ivanovo/Документация ЮНИТ М300/Раз
работка/Схемы ФБ ЮНИТ-М300/Проект/БД/desc//312. К
П ВВ/_latex/img/1.pdf>
Package luatex.def Info: //uni-eng.ru/unit/Ivanovo/Документация Ю
НИТ М300/Разработка/Схемы ФБ ЮНИТ-М300/Проект/
БД/desc//312. КП ВВ/_latex/img/1.pdf  used on input line 43.
(luatex.def)             Requested size: 506.4583pt x 79.0981pt.

warning  (file //uni-eng.ru/unit/Ivanovo/Документация ЮНИТ М300
/Разработка/Схемы ФБ ЮНИТ-М300/Проект/БД/desc//312
. КП ВВ/_latex/img/2.pdf) (pdf inclusion): PDF inclusion: found PDF version 
'1.7', but at most version '1.5' allowed
<//uni-eng.ru/unit/Ivanovo/Документация ЮНИТ М300/Разра
ботка/Схемы ФБ ЮНИТ-М300/Проект/БД/desc//312. КП В
В/_latex/img/2.pdf, id=1745, 278.1788pt x 95.60364pt>
File: //uni-eng.ru/unit/Ivanovo/Документация ЮНИТ М300/Раз
работка/Схемы ФБ ЮНИТ-М300/Проект/БД/desc//312. К
П ВВ/_latex/img/2.pdf Graphic file (type pdf)
<use //uni-eng.ru/unit/Ivanovo/Документация ЮНИТ М300/Раз
работка/Схемы ФБ ЮНИТ-М300/Проект/БД/desc//312. К
П ВВ/_latex/img/2.pdf>
Package luatex.def Info: //uni-eng.ru/unit/Ivanovo/Документация Ю
НИТ М300/Разработка/Схемы ФБ ЮНИТ-М300/Проект/
БД/desc//312. КП ВВ/_latex/img/2.pdf  used on input line 50.
(luatex.def)             Requested size: 303.90076pt x 104.44366pt.
[74<//uni-eng.ru/unit/Ivanovo/Документация ЮНИТ М300/Разр
аботка/Схемы ФБ ЮНИТ-М300/Проект/БД/desc//312. КП 
ВВ/_latex/img/1.pdf><//uni-eng.ru/unit/Ivanovo/Документация ЮН
ИТ М300/Разработка/Схемы ФБ ЮНИТ-М300/Проект/Б
Д/desc//312. КП ВВ/_latex/img/2.pdf>]
Overfull \hbox (13.59084pt too wide) in paragraph at lines 152--153
[]\TU/ArialNarrow(1)/m/n/12 Логика функ-ции <<УВ>> фор-ми-
ру-ет сиг-на-лы со-сто-я-ния вы-клю-ча-те-ля <<
УВ: Отключено>>, <<УВ: Включено>>,
 []


warning  (file //uni-eng.ru/unit/Ivanovo/Документация ЮНИТ М300
/Разработка/Схемы ФБ ЮНИТ-М300/Проект/БД/desc//312
. КП ВВ/_latex/img/uv.pdf) (pdf inclusion): PDF inclusion: found PDF version
 '1.7', but at most version '1.5' allowed
<//uni-eng.ru/unit/Ivanovo/Документация ЮНИТ М300/Разра
ботка/Схемы ФБ ЮНИТ-М300/Проект/БД/desc//312. КП В
В/_latex/img/uv.pdf, id=1781, 463.91434pt x 562.07991pt>
File: //uni-eng.ru/unit/Ivanovo/Документация ЮНИТ М300/Раз
работка/Схемы ФБ ЮНИТ-М300/Проект/БД/desc//312. К
П ВВ/_latex/img/uv.pdf Graphic file (type pdf)
<use //uni-eng.ru/unit/Ivanovo/Документация ЮНИТ М300/Раз
работка/Схемы ФБ ЮНИТ-М300/Проект/БД/desc//312. К
П ВВ/_latex/img/uv.pdf>
Package luatex.def Info: //uni-eng.ru/unit/Ivanovo/Документация Ю
НИТ М300/Разработка/Схемы ФБ ЮНИТ-М300/Проект/
БД/desc//312. КП ВВ/_latex/img/uv.pdf  used on input line 163.
(luatex.def)             Requested size: 506.46358pt x 613.6327pt.
[75] [76<//uni-eng.ru/unit/Ivanovo/Документация ЮНИТ М300/Р
азработка/Схемы ФБ ЮНИТ-М300/Проект/БД/desc//312. 
КП ВВ/_latex/img/uv.pdf>]
warning  (file //uni-eng.ru/unit/Ivanovo/Документация ЮНИТ М300
/Разработка/Схемы ФБ ЮНИТ-М300/Проект/БД/desc//128
. КП ОЛ/_latex/img/uzn.pdf) (pdf inclusion): PDF inclusion: found PDF versio
n '1.7', but at most version '1.5' allowed
<//uni-eng.ru/unit/Ivanovo/Документация ЮНИТ М300/Разра
ботка/Схемы ФБ ЮНИТ-М300/Проект/БД/desc//128. КП О
Л/_latex/img/uzn.pdf, id=1818, 674.4493pt x 493.12877pt>
File: //uni-eng.ru/unit/Ivanovo/Документация ЮНИТ М300/Раз
работка/Схемы ФБ ЮНИТ-М300/Проект/БД/desc//128. К
П ОЛ/_latex/img/uzn.pdf Graphic file (type pdf)
<use //uni-eng.ru/unit/Ivanovo/Документация ЮНИТ М300/Раз
работка/Схемы ФБ ЮНИТ-М300/Проект/БД/desc//128. К
П ОЛ/_latex/img/uzn.pdf>
Package luatex.def Info: //uni-eng.ru/unit/Ivanovo/Документация Ю
НИТ М300/Разработка/Схемы ФБ ЮНИТ-М300/Проект/
БД/desc//128. КП ОЛ/_latex/img/uzn.pdf  used on input line 277.
(luatex.def)             Requested size: 506.4635pt x 370.30466pt.
[77] [78<//uni-eng.ru/unit/Ivanovo/Документация ЮНИТ М300/Р
азработка/Схемы ФБ ЮНИТ-М300/Проект/БД/desc//128. 
КП ОЛ/_latex/img/uzn.pdf>]
warning  (file //uni-eng.ru/unit/Ivanovo/Документация ЮНИТ М300
/Разработка/Схемы ФБ ЮНИТ-М300/Проект/БД/desc//312
. КП ВВ/_latex/img/uve.pdf) (pdf inclusion): PDF inclusion: found PDF versio
n '1.7', but at most version '1.5' allowed
<//uni-eng.ru/unit/Ivanovo/Документация ЮНИТ М300/Разра
ботка/Схемы ФБ ЮНИТ-М300/Проект/БД/desc//312. КП В
В/_latex/img/uve.pdf, id=1857, 461.22313pt x 337.76187pt>
File: //uni-eng.ru/unit/Ivanovo/Документация ЮНИТ М300/Раз
работка/Схемы ФБ ЮНИТ-М300/Проект/БД/desc//312. К
П ВВ/_latex/img/uve.pdf Graphic file (type pdf)
<use //uni-eng.ru/unit/Ivanovo/Документация ЮНИТ М300/Раз
работка/Схемы ФБ ЮНИТ-М300/Проект/БД/desc//312. К
П ВВ/_latex/img/uve.pdf>
Package luatex.def Info: //uni-eng.ru/unit/Ivanovo/Документация Ю
НИТ М300/Разработка/Схемы ФБ ЮНИТ-М300/Проект/
БД/desc//312. КП ВВ/_latex/img/uve.pdf  used on input line 383.
(luatex.def)             Requested size: 506.46027pt x 370.88983pt.
[79]
warning  (file //uni-eng.ru/unit/Ivanovo/Документация ЮНИТ М300
/Разработка/Схемы ФБ ЮНИТ-М300/Проект/БД/desc//312
. КП ВВ/_latex/img/svobrka.pdf) (pdf inclusion): PDF inclusion: found PDF ve
rsion '1.6', but at most version '1.5' allowed
<//uni-eng.ru/unit/Ivanovo/Документация ЮНИТ М300/Разра
ботка/Схемы ФБ ЮНИТ-М300/Проект/БД/desc//312. КП В
В/_latex/img/svobrka.pdf, id=1874, 252.75429pt x 356.97365pt>
File: //uni-eng.ru/unit/Ivanovo/Документация ЮНИТ М300/Раз
работка/Схемы ФБ ЮНИТ-М300/Проект/БД/desc//312. К
П ВВ/_latex/img/svobrka.pdf Graphic file (type pdf)
<use //uni-eng.ru/unit/Ivanovo/Документация ЮНИТ М300/Раз
работка/Схемы ФБ ЮНИТ-М300/Проект/БД/desc//312. К
П ВВ/_latex/img/svobrka.pdf>
Package luatex.def Info: //uni-eng.ru/unit/Ivanovo/Документация Ю
НИТ М300/Разработка/Схемы ФБ ЮНИТ-М300/Проект/
БД/desc//312. КП ВВ/_latex/img/svobrka.pdf  used on input line 710.
(luatex.def)             Requested size: 253.23189pt x 357.64818pt.
[80<//uni-eng.ru/unit/Ivanovo/Документация ЮНИТ М300/Разр
аботка/Схемы ФБ ЮНИТ-М300/Проект/БД/desc//312. КП 
ВВ/_latex/img/uve.pdf>]
Overfull \hbox (9.32463pt too wide) in paragraph at lines 734--735
[]\TU/ArialNarrow(1)/m/n/12 Внешние дис-крет-ные вхо-ды 
на-зна-ча-ют-ся в про-ек-те непо-сред-ствен-н
о под схе-му объ-ек-та. Блокировка
 []


warning  (file //uni-eng.ru/unit/Ivanovo/Документация ЮНИТ М300
/Разработка/Схемы ФБ ЮНИТ-М300/Проект/БД/desc//312
. КП ВВ/_latex/img/svobrv.pdf) (pdf inclusion): PDF inclusion: found PDF ver
sion '1.7', but at most version '1.5' allowed
<//uni-eng.ru/unit/Ivanovo/Документация ЮНИТ М300/Разра
ботка/Схемы ФБ ЮНИТ-М300/Проект/БД/desc//312. КП В
В/_latex/img/svobrv.pdf, id=1894, 333.74687pt x 238.8925pt>
File: //uni-eng.ru/unit/Ivanovo/Документация ЮНИТ М300/Раз
работка/Схемы ФБ ЮНИТ-М300/Проект/БД/desc//312. К
П ВВ/_latex/img/svobrv.pdf Graphic file (type pdf)
<use //uni-eng.ru/unit/Ivanovo/Документация ЮНИТ М300/Раз
работка/Схемы ФБ ЮНИТ-М300/Проект/БД/desc//312. К
П ВВ/_latex/img/svobrv.pdf>
Package luatex.def Info: //uni-eng.ru/unit/Ivanovo/Документация Ю
НИТ М300/Разработка/Схемы ФБ ЮНИТ-М300/Проект/
БД/desc//312. КП ВВ/_latex/img/svobrv.pdf  used on input line 742.
(luatex.def)             Requested size: 379.87447pt x 271.91013pt.
[81<//uni-eng.ru/unit/Ivanovo/Документация ЮНИТ М300/Разр
аботка/Схемы ФБ ЮНИТ-М300/Проект/БД/desc//312. КП 
ВВ/_latex/img/svobrka.pdf>]
Overfull \hbox (9.32463pt too wide) in paragraph at lines 804--805
[]\TU/ArialNarrow(1)/m/n/12 Внешние дис-крет-ные вхо-ды 
на-зна-ча-ют-ся в про-ек-те непо-сред-ствен-н
о под схе-му объ-ек-та. Блокировка
 []

[82<//uni-eng.ru/unit/Ivanovo/Документация ЮНИТ М300/Разр
аботка/Схемы ФБ ЮНИТ-М300/Проект/БД/desc//312. КП 
ВВ/_latex/img/svobrv.pdf>]
warning  (file //uni-eng.ru/unit/Ivanovo/Документация ЮНИТ М300
/Разработка/Схемы ФБ ЮНИТ-М300/Проект/БД/desc//312
. КП ВВ/_latex/img/svobrzn.pdf) (pdf inclusion): PDF inclusion: found PDF ve
rsion '1.7', but at most version '1.5' allowed
<//uni-eng.ru/unit/Ivanovo/Документация ЮНИТ М300/Разра
ботка/Схемы ФБ ЮНИТ-М300/Проект/БД/desc//312. КП В
В/_latex/img/svobrzn.pdf, id=1933, 436.27776pt x 144.53473pt>
File: //uni-eng.ru/unit/Ivanovo/Документация ЮНИТ М300/Раз
работка/Схемы ФБ ЮНИТ-М300/Проект/БД/desc//312. К
П ВВ/_latex/img/svobrzn.pdf Graphic file (type pdf)
<use //uni-eng.ru/unit/Ivanovo/Документация ЮНИТ М300/Раз
работка/Схемы ФБ ЮНИТ-М300/Проект/БД/desc//312. К
П ВВ/_latex/img/svobrzn.pdf>
Package luatex.def Info: //uni-eng.ru/unit/Ivanovo/Документация Ю
НИТ М300/Разработка/Схемы ФБ ЮНИТ-М300/Проект/
БД/desc//312. КП ВВ/_latex/img/svobrzn.pdf  used on input line 812.
(luatex.def)             Requested size: 506.48862pt x 167.7949pt.

Overfull \hbox (9.32463pt too wide) in paragraph at lines 838--839
[]\TU/ArialNarrow(1)/m/n/12 Внешние дис-крет-ные вхо-ды 
на-зна-ча-ют-ся в про-ек-те непо-сред-ствен-н
о под схе-му объ-ек-та. Блокировка
 []


warning  (file //uni-eng.ru/unit/Ivanovo/Документация ЮНИТ М300
/Разработка/Схемы ФБ ЮНИТ-М300/Проект/БД/desc//312
. КП ВВ/_latex/img/svobrve1.pdf) (pdf inclusion): PDF inclusion: found PDF v
ersion '1.7', but at most version '1.5' allowed
<//uni-eng.ru/unit/Ivanovo/Документация ЮНИТ М300/Разра
ботка/Схемы ФБ ЮНИТ-М300/Проект/БД/desc//312. КП В
В/_latex/img/svobrve1.pdf, id=1937, 432.11438pt x 262.48062pt>
File: //uni-eng.ru/unit/Ivanovo/Документация ЮНИТ М300/Раз
работка/Схемы ФБ ЮНИТ-М300/Проект/БД/desc//312. К
П ВВ/_latex/img/svobrve1.pdf Graphic file (type pdf)
<use //uni-eng.ru/unit/Ivanovo/Документация ЮНИТ М300/Раз
работка/Схемы ФБ ЮНИТ-М300/Проект/БД/desc//312. К
П ВВ/_latex/img/svobrve1.pdf>
Package luatex.def Info: //uni-eng.ru/unit/Ivanovo/Документация Ю
НИТ М300/Разработка/Схемы ФБ ЮНИТ-М300/Проект/
БД/desc//312. КП ВВ/_latex/img/svobrve1.pdf  used on input line 846.
(luatex.def)             Requested size: 455.83022pt x 276.88641pt.
[83<//uni-eng.ru/unit/Ivanovo/Документация ЮНИТ М300/Разр
аботка/Схемы ФБ ЮНИТ-М300/Проект/БД/desc//312. КП 
ВВ/_latex/img/svobrzn.pdf>]
Overfull \hbox (9.32463pt too wide) in paragraph at lines 900--901
[]\TU/ArialNarrow(1)/m/n/12 Внешние дис-крет-ные вхо-ды 
на-зна-ча-ют-ся в про-ек-те непо-сред-ствен-н
о под схе-му объ-ек-та. Блокировка
 []


warning  (file //uni-eng.ru/unit/Ivanovo/Документация ЮНИТ М300
/Разработка/Схемы ФБ ЮНИТ-М300/Проект/БД/desc//312
. КП ВВ/_latex/img/svobrve2.pdf) (pdf inclusion): PDF inclusion: found PDF v
ersion '1.7', but at most version '1.5' allowed
<//uni-eng.ru/unit/Ivanovo/Документация ЮНИТ М300/Разра
ботка/Схемы ФБ ЮНИТ-М300/Проект/БД/desc//312. КП В
В/_latex/img/svobrve2.pdf, id=1968, 435.52489pt x 179.91545pt>
File: //uni-eng.ru/unit/Ivanovo/Документация ЮНИТ М300/Раз
работка/Схемы ФБ ЮНИТ-М300/Проект/БД/desc//312. К
П ВВ/_latex/img/svobrve2.pdf Graphic file (type pdf)
<use //uni-eng.ru/unit/Ivanovo/Документация ЮНИТ М300/Раз
работка/Схемы ФБ ЮНИТ-М300/Проект/БД/desc//312. К
П ВВ/_latex/img/svobrve2.pdf>
Package luatex.def Info: //uni-eng.ru/unit/Ivanovo/Документация Ю
НИТ М300/Разработка/Схемы ФБ ЮНИТ-М300/Проект/
БД/desc//312. КП ВВ/_latex/img/svobrve2.pdf  used on input line 908.
(luatex.def)             Requested size: 506.48517pt x 209.22914pt.
[84<//uni-eng.ru/unit/Ivanovo/Документация ЮНИТ М300/Разр
аботка/Схемы ФБ ЮНИТ-М300/Проект/БД/desc//312. КП 
ВВ/_latex/img/svobrve1.pdf>])
("//uni-eng.ru/unit/Ivanovo/Документация ЮНИТ М300/Разра
ботка/Схемы ФБ ЮНИТ-М300/Проект/БД/desc//129. УВ О
Л/_latex/uv.tex"
warning  (file //uni-eng.ru/unit/Ivanovo/Документация ЮНИТ М300
/Разработка/Схемы ФБ ЮНИТ-М300/Проект/БД/desc//129
. УВ ОЛ/_latex/img/uv.pdf) (pdf inclusion): PDF inclusion: found PDF version
 '1.7', but at most version '1.5' allowed
<//uni-eng.ru/unit/Ivanovo/Документация ЮНИТ М300/Разра
ботка/Схемы ФБ ЮНИТ-М300/Проект/БД/desc//129. УВ О
Л/_latex/img/uv.pdf, id=1995, 1770.34547pt x 778.27237pt>
File: //uni-eng.ru/unit/Ivanovo/Документация ЮНИТ М300/Раз
работка/Схемы ФБ ЮНИТ-М300/Проект/БД/desc//129. У
В ОЛ/_latex/img/uv.pdf Graphic file (type pdf)
<use //uni-eng.ru/unit/Ivanovo/Документация ЮНИТ М300/Раз
работка/Схемы ФБ ЮНИТ-М300/Проект/БД/desc//129. У
В ОЛ/_latex/img/uv.pdf>
Package luatex.def Info: //uni-eng.ru/unit/Ivanovo/Документация Ю
НИТ М300/Разработка/Схемы ФБ ЮНИТ-М300/Проект/
БД/desc//129. УВ ОЛ/_latex/img/uv.pdf  used on input line 28.
(luatex.def)             Requested size: 506.44464pt x 222.6412pt.
[85<//uni-eng.ru/unit/Ivanovo/Документация ЮНИТ М300/Разр
аботка/Схемы ФБ ЮНИТ-М300/Проект/БД/desc//312. КП 
ВВ/_latex/img/svobrve2.pdf>])
("//uni-eng.ru/unit/Ivanovo/Документация ЮНИТ М300/Разра
ботка/Схемы ФБ ЮНИТ-М300/Проект/БД/desc//313. КА В
В/_latex/ka.tex"
warning  (file //uni-eng.ru/unit/Ivanovo/Документация ЮНИТ М300
/Разработка/Схемы ФБ ЮНИТ-М300/Проект/БД/desc//313
. КА ВВ/_latex/img/1.pdf) (pdf inclusion): PDF inclusion: found PDF version 
'1.7', but at most version '1.5' allowed
<//uni-eng.ru/unit/Ivanovo/Документация ЮНИТ М300/Разра
ботка/Схемы ФБ ЮНИТ-М300/Проект/БД/desc//313. КА В
В/_latex/img/1.pdf, id=2023, 1041.45401pt x 161.98187pt>
File: //uni-eng.ru/unit/Ivanovo/Документация ЮНИТ М300/Раз
работка/Схемы ФБ ЮНИТ-М300/Проект/БД/desc//313. К
А ВВ/_latex/img/1.pdf Graphic file (type pdf)
<use //uni-eng.ru/unit/Ivanovo/Документация ЮНИТ М300/Раз
работка/Схемы ФБ ЮНИТ-М300/Проект/БД/desc//313. К
А ВВ/_latex/img/1.pdf>
Package luatex.def Info: //uni-eng.ru/unit/Ivanovo/Документация Ю
НИТ М300/Разработка/Схемы ФБ ЮНИТ-М300/Проект/
БД/desc//313. КА ВВ/_latex/img/1.pdf  used on input line 35.
(luatex.def)             Requested size: 506.45535pt x 78.7712pt.
[86<//uni-eng.ru/unit/Ivanovo/Документация ЮНИТ М300/Разр
аботка/Схемы ФБ ЮНИТ-М300/Проект/БД/desc//129. УВ 
ОЛ/_latex/img/uv.pdf>]
warning  (file //uni-eng.ru/unit/Ivanovo/Документация ЮНИТ М300
/Разработка/Схемы ФБ ЮНИТ-М300/Проект/БД/desc//313
. КА ВВ/_latex/img/sv.pdf) (pdf inclusion): PDF inclusion: found PDF version
 '1.7', but at most version '1.5' allowed
<//uni-eng.ru/unit/Ivanovo/Документация ЮНИТ М300/Разра
ботка/Схемы ФБ ЮНИТ-М300/Проект/БД/desc//313. КА В
В/_latex/img/sv.pdf, id=2050, 422.21269pt x 404.68794pt>
File: //uni-eng.ru/unit/Ivanovo/Документация ЮНИТ М300/Раз
работка/Схемы ФБ ЮНИТ-М300/Проект/БД/desc//313. К
А ВВ/_latex/img/sv.pdf Graphic file (type pdf)
<use //uni-eng.ru/unit/Ivanovo/Документация ЮНИТ М300/Раз
работка/Схемы ФБ ЮНИТ-М300/Проект/БД/desc//313. К
А ВВ/_latex/img/sv.pdf>
Package luatex.def Info: //uni-eng.ru/unit/Ivanovo/Документация Ю
НИТ М300/Разработка/Схемы ФБ ЮНИТ-М300/Проект/
БД/desc//313. КА ВВ/_latex/img/sv.pdf  used on input line 185.
(luatex.def)             Requested size: 455.83473pt x 436.91444pt.
[87<//uni-eng.ru/unit/Ivanovo/Документация ЮНИТ М300/Разр
аботка/Схемы ФБ ЮНИТ-М300/Проект/БД/desc//313. КА 
ВВ/_latex/img/1.pdf>] [88<//uni-eng.ru/unit/Ivanovo/Документация 
ЮНИТ М300/Разработка/Схемы ФБ ЮНИТ-М300/Проек
т/БД/desc//313. КА ВВ/_latex/img/sv.pdf>]
Overfull \hbox (3.5535pt too wide) in paragraph at lines 252--253
[]\TU/ArialNarrow(1)/m/n/12 Логика функ-ции <<ЗН>> фор-ми-
ру-ет сиг-на-лы со-сто-я-ния вы-клю-ча-те-ля <<
ЗН: Отключен>>, <<ЗН: Включен>>,
 []

[89]
warning  (file //uni-eng.ru/unit/Ivanovo/Документация ЮНИТ М300
/Разработка/Схемы ФБ ЮНИТ-М300/Проект/БД/desc//313
. КА ВВ/_latex/img/zn.pdf) (pdf inclusion): PDF inclusion: found PDF version
 '1.7', but at most version '1.5' allowed
<//uni-eng.ru/unit/Ivanovo/Документация ЮНИТ М300/Разра
ботка/Схемы ФБ ЮНИТ-М300/Проект/БД/desc//313. КА В
В/_latex/img/zn.pdf, id=2109, 375.90437pt x 290.58563pt>
File: //uni-eng.ru/unit/Ivanovo/Документация ЮНИТ М300/Раз
работка/Схемы ФБ ЮНИТ-М300/Проект/БД/desc//313. К
А ВВ/_latex/img/zn.pdf Graphic file (type pdf)
<use //uni-eng.ru/unit/Ivanovo/Документация ЮНИТ М300/Раз
работка/Схемы ФБ ЮНИТ-М300/Проект/БД/desc//313. К
А ВВ/_latex/img/zn.pdf>
Package luatex.def Info: //uni-eng.ru/unit/Ivanovo/Документация Ю
НИТ М300/Разработка/Схемы ФБ ЮНИТ-М300/Проект/
БД/desc//313. КА ВВ/_latex/img/zn.pdf  used on input line 317.
(luatex.def)             Requested size: 405.19632pt x 313.22922pt.
[90<//uni-eng.ru/unit/Ivanovo/Документация ЮНИТ М300/Разр
аботка/Схемы ФБ ЮНИТ-М300/Проект/БД/desc//313. КА 
ВВ/_latex/img/zn.pdf>]
warning  (file //uni-eng.ru/unit/Ivanovo/Документация ЮНИТ М300
/Разработка/Схемы ФБ ЮНИТ-М300/Проект/БД/desc//313
. КА ВВ/_latex/img/ve1.pdf) (pdf inclusion): PDF inclusion: found PDF versio
n '1.7', but at most version '1.5' allowed
<//uni-eng.ru/unit/Ivanovo/Документация ЮНИТ М300/Разра
ботка/Схемы ФБ ЮНИТ-М300/Проект/БД/desc//313. КА В
В/_latex/img/ve1.pdf, id=2131, 374.90062pt x 303.1325pt>
File: //uni-eng.ru/unit/Ivanovo/Документация ЮНИТ М300/Раз
работка/Схемы ФБ ЮНИТ-М300/Проект/БД/desc//313. К
А ВВ/_latex/img/ve1.pdf Graphic file (type pdf)
<use //uni-eng.ru/unit/Ivanovo/Документация ЮНИТ М300/Раз
работка/Схемы ФБ ЮНИТ-М300/Проект/БД/desc//313. К
А ВВ/_latex/img/ve1.pdf>
Package luatex.def Info: //uni-eng.ru/unit/Ivanovo/Документация Ю
НИТ М300/Разработка/Схемы ФБ ЮНИТ-М300/Проект/
БД/desc//313. КА ВВ/_latex/img/ve1.pdf  used on input line 354.
(luatex.def)             Requested size: 405.18982pt x 327.62337pt.
[91<//uni-eng.ru/unit/Ivanovo/Документация ЮНИТ М300/Разр
аботка/Схемы ФБ ЮНИТ-М300/Проект/БД/desc//313. КА 
ВВ/_latex/img/ve1.pdf>])
("//uni-eng.ru/unit/Ivanovo/Документация ЮНИТ М300/Разра
ботка/Схемы ФБ ЮНИТ-М300/Проект/БД/desc//314. КСВ 
ВВ/_latex/ksv.tex" [92] [93]
warning  (file //uni-eng.ru/unit/Ivanovo/Документация ЮНИТ М300
/Разработка/Схемы ФБ ЮНИТ-М300/Проект/БД/desc//314
. КСВ ВВ/_latex/img/svksv.pdf) (pdf inclusion): PDF inclusion: found PDF ve
rsion '1.7', but at most version '1.5' allowed
<//uni-eng.ru/unit/Ivanovo/Документация ЮНИТ М300/Разра
ботка/Схемы ФБ ЮНИТ-М300/Проект/БД/desc//314. КСВ 
ВВ/_latex/img/svksv.pdf, id=2178, 491.00418pt x 615.12758pt>
File: //uni-eng.ru/unit/Ivanovo/Документация ЮНИТ М300/Раз
работка/Схемы ФБ ЮНИТ-М300/Проект/БД/desc//314. К
СВ ВВ/_latex/img/svksv.pdf Graphic file (type pdf)
<use //uni-eng.ru/unit/Ivanovo/Документация ЮНИТ М300/Раз
работка/Схемы ФБ ЮНИТ-М300/Проект/БД/desc//314. К
СВ ВВ/_latex/img/svksv.pdf>
Package luatex.def Info: //uni-eng.ru/unit/Ivanovo/Документация Ю
НИТ М300/Разработка/Схемы ФБ ЮНИТ-М300/Проект/
БД/desc//314. КСВ ВВ/_latex/img/svksv.pdf  used on input line 160.
(luatex.def)             Requested size: 455.81253pt x 571.03964pt.
[94])
("//uni-eng.ru/unit/Ivanovo/Документация ЮНИТ М300/Разра
ботка/Схемы ФБ ЮНИТ-М300/Проект/БД/desc//30. КРВ/_l
atex/krv.tex" [95<//uni-eng.ru/unit/Ivanovo/Документация ЮНИТ 
М300/Разработка/Схемы ФБ ЮНИТ-М300/Проект/БД/desc
//314. КСВ ВВ/_latex/img/svksv.pdf>]
warning  (file //uni-eng.ru/unit/Ivanovo/Документация ЮНИТ М300
/Разработка/Схемы ФБ ЮНИТ-М300/Проект/БД/desc//30.
 КРВ/_latex/img/1.pdf) (pdf inclusion): PDF inclusion: found PDF version '1.7
', but at most version '1.5' allowed
<//uni-eng.ru/unit/Ivanovo/Документация ЮНИТ М300/Разра
ботка/Схемы ФБ ЮНИТ-М300/Проект/БД/desc//30. КРВ/_l
atex/img/1.pdf, id=2205, 2601.16072pt x 1546.38103pt>
File: //uni-eng.ru/unit/Ivanovo/Документация ЮНИТ М300/Раз
работка/Схемы ФБ ЮНИТ-М300/Проект/БД/desc//30. КР
В/_latex/img/1.pdf Graphic file (type pdf)
<use //uni-eng.ru/unit/Ivanovo/Документация ЮНИТ М300/Раз
работка/Схемы ФБ ЮНИТ-М300/Проект/БД/desc//30. КР
В/_latex/img/1.pdf>
Package luatex.def Info: //uni-eng.ru/unit/Ivanovo/Документация Ю
НИТ М300/Разработка/Схемы ФБ ЮНИТ-М300/Проект/
БД/desc//30. КРВ/_latex/img/1.pdf  used on input line 85.
(luatex.def)             Requested size: 506.45035pt x 301.08296pt.
[96] [97<//uni-eng.ru/unit/Ivanovo/Документация ЮНИТ М300/Р
азработка/Схемы ФБ ЮНИТ-М300/Проект/БД/desc//30. 
КРВ/_latex/img/1.pdf>])
("//uni-eng.ru/unit/Ivanovo/Документация ЮНИТ М300/Разра
ботка/Схемы ФБ ЮНИТ-М300/Проект/БД/desc//413. ПС С
В/_latex/ps.tex"
Overfull \hbox (0.51666pt too wide) in paragraph at lines 23--25
[]\TU/ArialNarrow(1)/m/n/12 Инвертированное со-сто-я-ни
е дис-крет-ных сиг-на-лов при вве-ден-ной ус
тав-ке SGF7 <<Полож.пер.ав.дебл.
 []


Overfull \hbox (11.18494pt too wide) in alignment at lines 33--39
 [][][][][] 
 []


Overfull \hbox (11.18494pt too wide) in alignment at lines 39--46
 [][][][][] 
 []


Overfull \hbox (11.18494pt too wide) in alignment at lines 46--48
 [][][][][] 
 []


Overfull \hbox (11.18494pt too wide) in alignment at lines 48--50
 [][][][][] 
 []


Overfull \hbox (11.18494pt too wide) in alignment at lines 50--69
 [][][][][] 
 []

)
("//uni-eng.ru/unit/Ivanovo/Документация ЮНИТ М300/Разра
ботка/Схемы ФБ ЮНИТ-М300/Проект/БД/desc//414. СС С
В/_latex/ss.tex" [98]
Overfull \hbox (11.18494pt too wide) in alignment at lines 29--35
 [][][][][] 
 []


Overfull \hbox (11.18494pt too wide) in alignment at lines 35--41
 [][][][][] 
 []


Overfull \hbox (11.18494pt too wide) in alignment at lines 41--43
 [][][][][] 
 []


Overfull \hbox (11.18494pt too wide) in alignment at lines 43--45
 [][][][][] 
 []


Overfull \hbox (11.18494pt too wide) in alignment at lines 45--68
 [][][][][] 
 []


warning  (file //uni-eng.ru/unit/Ivanovo/Документация ЮНИТ М300
/Разработка/Схемы ФБ ЮНИТ-М300/Проект/БД/desc//414
. СС СВ/_latex/img/ss.pdf) (pdf inclusion): PDF inclusion: found PDF version
 '1.7', but at most version '1.5' allowed
<//uni-eng.ru/unit/Ivanovo/Документация ЮНИТ М300/Разра
ботка/Схемы ФБ ЮНИТ-М300/Проект/БД/desc//414. СС С
В/_latex/img/ss.pdf, id=2260, 377.87224pt x 490.87015pt>
File: //uni-eng.ru/unit/Ivanovo/Документация ЮНИТ М300/Раз
работка/Схемы ФБ ЮНИТ-М300/Проект/БД/desc//414. С
С СВ/_latex/img/ss.pdf Graphic file (type pdf)
<use //uni-eng.ru/unit/Ivanovo/Документация ЮНИТ М300/Раз
работка/Схемы ФБ ЮНИТ-М300/Проект/БД/desc//414. С
С СВ/_latex/img/ss.pdf>
Package luatex.def Info: //uni-eng.ru/unit/Ivanovo/Документация Ю
НИТ М300/Разработка/Схемы ФБ ЮНИТ-М300/Проект/
БД/desc//414. СС СВ/_latex/img/ss.pdf  used on input line 74.
(luatex.def)             Requested size: 440.6442pt x 572.41328pt.
[99]) [100<//uni-eng.ru/unit/Ivanovo/Документация ЮНИТ М300/
Разработка/Схемы ФБ ЮНИТ-М300/Проект/БД/desc//414.
 СС СВ/_latex/img/ss.pdf>] (./section3.tex) [101]
("//uni-eng.ru/unit/Ivanovo/Документация ЮНИТ М300/Разра
ботка/Схемы ФБ ЮНИТ-М300/Проект/РЭ/103. Общие р
азделы РЭ//Тех обсл и ремонт/_latex/repair.tex")
("//uni-eng.ru/unit/Ivanovo/Документация ЮНИТ М300/Разра
ботка/Схемы ФБ ЮНИТ-М300/Проект/РЭ/103. Общие р
азделы РЭ//Трансп и хранение/_latex/trans.tex")
("//uni-eng.ru/unit/Ivanovo/Документация ЮНИТ М300/Разра
ботка/Схемы ФБ ЮНИТ-М300/Проект/РЭ/103. Общие р
азделы РЭ//Утилизация/_latex/util.tex")
("//uni-eng.ru/unit/Ivanovo/Документация ЮНИТ М300/Разра
ботка/Схемы ФБ ЮНИТ-М300/Проект/РЭ/103. Общие р
азделы РЭ//Гарантия/_latex/garant.tex")
("//uni-eng.ru/unit/Ivanovo/Документация ЮНИТ М300/Разра
ботка/Схемы ФБ ЮНИТ-М300/Проект/РЭ/103. Общие р
азделы РЭ//Тех поддержка/_latex/support.tex" [102])
(./startapp.tex) [103]
("//uni-eng.ru/unit/Ivanovo/Документация ЮНИТ М300/Разра
ботка/Схемы ФБ ЮНИТ-М300/Проект/РЭ/08. РЭ ЮНИТ-
М3-СВ//Приложение. Карта/_latex/apporder.tex"
*geometry* verbose mode - [ newgeometry ] result:
* driver: luatex
* paper: a4paper
* layout: <same size as paper>
* layoutoffset:(h,v)=(0.0pt,0.0pt)
* modes: 
* h-part:(L,W,R)=(62.59605pt, 506.45908pt, 28.45274pt)
* v-part:(T,H,B)=(39.83385pt, 773.91498pt, 31.29802pt)
* \paperwidth=597.50787pt
* \paperheight=845.04684pt
* \textwidth=506.45908pt
* \textheight=773.91498pt
* \oddsidemargin=-9.67393pt
* \evensidemargin=-9.67393pt
* \topmargin=-55.47195pt
* \headheight=14.5pt
* \headsep=8.53581pt
* \topskip=22.0pt
* \footskip=19.91692pt
* \marginparwidth=0.0pt
* \marginparsep=0.0pt
* \columnsep=10.0pt
* \skip\footins=10.8pt plus 4.0pt minus 2.0pt
* \hoffset=0.0pt
* \voffset=0.0pt
* \mag=1000
* \@twocolumnfalse
* \@twosidefalse
* \@mparswitchfalse
* \@reversemarginfalse
* (1in=72.27pt=25.4mm, 1cm=28.453pt)

<//uni-eng.ru/unit/Ivanovo/Документация ЮНИТ М300/Разра
ботка/Схемы ФБ ЮНИТ-М300/Проект/РЭ/08. РЭ ЮНИТ-
М3-СВ//Приложение. Карта/ordercard.pdf, id=2316, 623.4492pt x
 558.16531pt>
File: //uni-eng.ru/unit/Ivanovo/Документация ЮНИТ М300/Раз
работка/Схемы ФБ ЮНИТ-М300/Проект/РЭ/08. РЭ ЮН
ИТ-М3-СВ//Приложение. Карта/ordercard.pdf Graphic file (typ
e pdf)
<use //uni-eng.ru/unit/Ivanovo/Документация ЮНИТ М300/Раз
работка/Схемы ФБ ЮНИТ-М300/Проект/РЭ/08. РЭ ЮН
ИТ-М3-СВ//Приложение. Карта/ordercard.pdf>
Package luatex.def Info: //uni-eng.ru/unit/Ivanovo/Документация Ю
НИТ М300/Разработка/Схемы ФБ ЮНИТ-М300/Проект/
РЭ/08. РЭ ЮНИТ-М3-СВ//Приложение. Карта/ordercard.pdf
  used on input line 15.
(luatex.def)             Requested size: 430.49434pt x 385.41553pt.
<//uni-eng.ru/unit/Ivanovo/Документация ЮНИТ М300/Разра
ботка/Схемы ФБ ЮНИТ-М300/Проект/РЭ/08. РЭ ЮНИТ-
М3-СВ//Приложение. Карта/ordercard2.pdf, id=2317, 709.69138pt
 x 558.16531pt>
File: //uni-eng.ru/unit/Ivanovo/Документация ЮНИТ М300/Раз
работка/Схемы ФБ ЮНИТ-М300/Проект/РЭ/08. РЭ ЮН
ИТ-М3-СВ//Приложение. Карта/ordercard2.pdf Graphic file (ty
pe pdf)
<use //uni-eng.ru/unit/Ivanovo/Документация ЮНИТ М300/Раз
работка/Схемы ФБ ЮНИТ-М300/Проект/РЭ/08. РЭ ЮН
ИТ-М3-СВ//Приложение. Карта/ordercard2.pdf>
Package luatex.def Info: //uni-eng.ru/unit/Ivanovo/Документация Ю
НИТ М300/Разработка/Схемы ФБ ЮНИТ-М300/Проект/
РЭ/08. РЭ ЮНИТ-М3-СВ//Приложение. Карта/ordercard2.pd
f  used on input line 21.
(luatex.def)             Requested size: 455.80362pt x 358.48508pt.
 [104


<//uni-eng.ru/unit/Ivanovo/Документация ЮНИТ М300/Разра
ботка/Схемы ФБ ЮНИТ-М300/Проект/РЭ/08. РЭ ЮНИТ-
М3-СВ//Приложение. Карта/ordercard.pdf>] [105<//uni-eng.ru/uni
t/Ivanovo/Документация ЮНИТ М300/Разработка/Схе
мы ФБ ЮНИТ-М300/Проект/РЭ/08. РЭ ЮНИТ-М3-СВ//При
ложение. Карта/ordercard2.pdf>])
("//uni-eng.ru/unit/Ivanovo/Документация ЮНИТ М300/Разра
ботка/Схемы ФБ ЮНИТ-М300/Проект/РЭ/08. РЭ ЮНИТ-
М3-СВ//Приложение. ФСУ/_latex/app2.tex"
Package typearea Info: These are the values describing the layout:
(typearea)             DIV  = areaset
(typearea)             BCOR = 0.0pt
(typearea)             \paperwidth      = 1195.01587pt
(typearea)              \textwidth      = 1109.65747pt
(typearea)              \evensidemargin = -29.5908pt
(typearea)              \oddsidemargin  = -29.5908pt
(typearea)             \paperheight     = 845.04694pt
(typearea)              \textheight     = 768.2244pt
(typearea)              \topmargin      = -85.41248pt
(typearea)              \headheight     = 17.0pt
(typearea)              \headsep        = 21.75pt
(typearea)              \topskip        = 22.0pt
(typearea)              \footskip       = 50.75pt
(typearea)              \baselineskip   = 14.5pt
(typearea)              on input line 4.
Package typearea Info: Using dirty hack to recalculate internal output
(typearea)             dimensions of LaTeX on input line 4.


Package typearea Warning: page content and margins higher than paper.
(typearea)                This may result in page footer out of paper.
(typearea)                You should decrease DIV, decrease foot height,
(typearea)                or decreate height of text area.


warning  (file //uni-eng.ru/unit/Ivanovo/Документация ЮНИТ М300
/Разработка/Схемы ФБ ЮНИТ-М300/Проект/РЭ/08. Р
Э ЮНИТ-М3-СВ//Приложение. ФСУ/_latex/img/1.pdf) (pdf inclus
ion): PDF inclusion: found PDF version '1.7', but at most version '1.5' allowed
<//uni-eng.ru/unit/Ivanovo/Документация ЮНИТ М300/Разра
ботка/Схемы ФБ ЮНИТ-М300/Проект/РЭ/08. РЭ ЮНИТ-
М3-СВ//Приложение. ФСУ/_latex/img/1.pdf, id=2354, 2629.60165pt 
x 2311.67032pt>
File: //uni-eng.ru/unit/Ivanovo/Документация ЮНИТ М300/Раз
работка/Схемы ФБ ЮНИТ-М300/Проект/РЭ/08. РЭ ЮН
ИТ-М3-СВ//Приложение. ФСУ/_latex/img/1.pdf Graphic file (type
 pdf)
<use //uni-eng.ru/unit/Ivanovo/Документация ЮНИТ М300/Раз
работка/Схемы ФБ ЮНИТ-М300/Проект/РЭ/08. РЭ ЮН
ИТ-М3-СВ//Приложение. ФСУ/_latex/img/1.pdf>
Package luatex.def Info: //uni-eng.ru/unit/Ivanovo/Документация Ю
НИТ М300/Разработка/Схемы ФБ ЮНИТ-М300/Проект/
РЭ/08. РЭ ЮНИТ-М3-СВ//Приложение. ФСУ/_latex/img/1.pdf 
 used on input line 18.
(luatex.def)             Requested size: 786.47913pt x 691.39006pt.

Package fancyhdr Warning: \footskip is too small (-22.76228pt): 
(fancyhdr)                Make it at least 15.49998pt, for example:
(fancyhdr)                \setlength{\footskip}{15.49998pt}.

[106



<//uni-eng.ru/unit/Ivanovo/Документация ЮНИТ М300/Разра
ботка/Схемы ФБ ЮНИТ-М300/Проект/РЭ/08. РЭ ЮНИТ-
М3-СВ//Приложение. ФСУ/_latex/img/1.pdf>])
("//uni-eng.ru/unit/Ivanovo/Документация ЮНИТ М300/Разра
ботка/Схемы ФБ ЮНИТ-М300/Проект/РЭ/08. РЭ ЮНИТ-
М3-СВ//Приложение. Аналоги/_latex/appanalog.tex"
Package typearea Info: These are the values describing the layout:
(typearea)             DIV  = areaset
(typearea)             BCOR = 0.0pt
(typearea)             \paperwidth      = 597.50793pt
(typearea)              \textwidth      = 759.68857pt
(typearea)              \evensidemargin = -153.3603pt
(typearea)              \oddsidemargin  = -153.3603pt
(typearea)             \paperheight     = 845.04694pt
(typearea)              \textheight     = 512.1496pt
(typearea)              \topmargin      = -0.05421pt
(typearea)              \headheight     = 17.0pt
(typearea)              \headsep        = 21.75pt
(typearea)              \topskip        = 22.0pt
(typearea)              \footskip       = 50.75pt
(typearea)              \baselineskip   = 14.5pt
(typearea)              on input line 2.
Package typearea Info: Using dirty hack to recalculate internal output
(typearea)             dimensions of LaTeX on input line 2.
*geometry* verbose mode - [ newgeometry ] result:
* driver: luatex
* paper: a4paper
* layout: <same size as paper>
* layoutoffset:(h,v)=(0.0pt,0.0pt)
* modes: 
* h-part:(L,W,R)=(62.59605pt, 506.45908pt, 28.45274pt)
* v-part:(T,H,B)=(39.83385pt, 773.91498pt, 31.29802pt)
* \paperwidth=597.50787pt
* \paperheight=845.04684pt
* \textwidth=506.45908pt
* \textheight=773.91498pt
* \oddsidemargin=-9.67393pt
* \evensidemargin=-9.67393pt
* \topmargin=-55.47195pt
* \headheight=14.5pt
* \headsep=8.53581pt
* \topskip=22.0pt
* \footskip=19.91692pt
* \marginparwidth=0.0pt
* \marginparsep=0.0pt
* \columnsep=10.0pt
* \skip\footins=10.8pt plus 4.0pt minus 2.0pt
* \hoffset=0.0pt
* \voffset=0.0pt
* \mag=1000
* \@twocolumnfalse
* \@twosidefalse
* \@mparswitchfalse
* \@reversemarginfalse
* (1in=72.27pt=25.4mm, 1cm=28.453pt)


warning  (file //uni-eng.ru/unit/Ivanovo/Документация ЮНИТ М300
/Разработка/Схемы ФБ ЮНИТ-М300/Проект/РЭ/08. Р
Э ЮНИТ-М3-СВ//Приложение. Аналоги/_latex/img/1.pdf) (pd
f inclusion): PDF inclusion: found PDF version '1.6', but at most version '1.5' 
allowed
<//uni-eng.ru/unit/Ivanovo/Документация ЮНИТ М300/Разра
ботка/Схемы ФБ ЮНИТ-М300/Проект/РЭ/08. РЭ ЮНИТ-
М3-СВ//Приложение. Аналоги/_latex/img/1.pdf, id=2378, 498.2
4142pt x 469.1929pt>
File: //uni-eng.ru/unit/Ivanovo/Документация ЮНИТ М300/Раз
работка/Схемы ФБ ЮНИТ-М300/Проект/РЭ/08. РЭ ЮН
ИТ-М3-СВ//Приложение. Аналоги/_latex/img/1.pdf Graphic fi
le (type pdf)
<use //uni-eng.ru/unit/Ivanovo/Документация ЮНИТ М300/Раз
работка/Схемы ФБ ЮНИТ-М300/Проект/РЭ/08. РЭ ЮН
ИТ-М3-СВ//Приложение. Аналоги/_latex/img/1.pdf>
Package luatex.def Info: //uni-eng.ru/unit/Ivanovo/Документация Ю
НИТ М300/Разработка/Схемы ФБ ЮНИТ-М300/Проект/
РЭ/08. РЭ ЮНИТ-М3-СВ//Приложение. Аналоги/_latex/im
g/1.pdf  used on input line 23.
(luatex.def)             Requested size: 405.18507pt x 381.56194pt.
[107



<//uni-eng.ru/unit/Ivanovo/Документация ЮНИТ М300/Разра
ботка/Схемы ФБ ЮНИТ-М300/Проект/РЭ/08. РЭ ЮНИТ-
М3-СВ//Приложение. Аналоги/_latex/img/1.pdf>])
("//uni-eng.ru/unit/Ivanovo/Документация ЮНИТ М300/Разра
ботка/Схемы ФБ ЮНИТ-М300/Проект/РЭ/08. РЭ ЮНИТ-
М3-СВ//Приложение. Размеры/_latex/app1.tex"
Package typearea Info: These are the values describing the layout:
(typearea)             DIV  = areaset
(typearea)             BCOR = 0.0pt
(typearea)             \paperwidth      = 597.50793pt
(typearea)              \textwidth      = 759.68857pt
(typearea)              \evensidemargin = -153.3603pt
(typearea)              \oddsidemargin  = -153.3603pt
(typearea)             \paperheight     = 845.04694pt
(typearea)              \textheight     = 512.1496pt
(typearea)              \topmargin      = -0.05421pt
(typearea)              \headheight     = 17.0pt
(typearea)              \headsep        = 21.75pt
(typearea)              \topskip        = 22.0pt
(typearea)              \footskip       = 50.75pt
(typearea)              \baselineskip   = 14.5pt
(typearea)              on input line 2.
Package typearea Info: Using dirty hack to recalculate internal output
(typearea)             dimensions of LaTeX on input line 2.
*geometry* verbose mode - [ newgeometry ] result:
* driver: luatex
* paper: a4paper
* layout: <same size as paper>
* layoutoffset:(h,v)=(0.0pt,0.0pt)
* modes: 
* h-part:(L,W,R)=(62.59605pt, 506.45908pt, 28.45274pt)
* v-part:(T,H,B)=(39.83385pt, 773.91498pt, 31.29802pt)
* \paperwidth=597.50787pt
* \paperheight=845.04684pt
* \textwidth=506.45908pt
* \textheight=773.91498pt
* \oddsidemargin=-9.67393pt
* \evensidemargin=-9.67393pt
* \topmargin=-55.47195pt
* \headheight=14.5pt
* \headsep=8.53581pt
* \topskip=22.0pt
* \footskip=19.91692pt
* \marginparwidth=0.0pt
* \marginparsep=0.0pt
* \columnsep=10.0pt
* \skip\footins=10.8pt plus 4.0pt minus 2.0pt
* \hoffset=0.0pt
* \voffset=0.0pt
* \mag=1000
* \@twocolumnfalse
* \@twosidefalse
* \@mparswitchfalse
* \@reversemarginfalse
* (1in=72.27pt=25.4mm, 1cm=28.453pt)

<//uni-eng.ru/unit/Ivanovo/Документация ЮНИТ М300/Разра
ботка/Схемы ФБ ЮНИТ-М300/Проект/РЭ/08. РЭ ЮНИТ-
М3-СВ//Приложение. Размеры/_latex/img/319.png, id=2388, 500
7.70876pt x 1096.095pt>
File: //uni-eng.ru/unit/Ivanovo/Документация ЮНИТ М300/Раз
работка/Схемы ФБ ЮНИТ-М300/Проект/РЭ/08. РЭ ЮН
ИТ-М3-СВ//Приложение. Размеры/_latex/img/319.png Graphic 
file (type png)
<use //uni-eng.ru/unit/Ivanovo/Документация ЮНИТ М300/Раз
работка/Схемы ФБ ЮНИТ-М300/Проект/РЭ/08. РЭ ЮН
ИТ-М3-СВ//Приложение. Размеры/_latex/img/319.png>
Package luatex.def Info: //uni-eng.ru/unit/Ivanovo/Документация Ю
НИТ М300/Разработка/Схемы ФБ ЮНИТ-М300/Проект/
РЭ/08. РЭ ЮНИТ-М3-СВ//Приложение. Размеры/_latex/im
g/319.png  used on input line 26.
(luatex.def)             Requested size: 709.03961pt x 155.19165pt.
<//uni-eng.ru/unit/Ivanovo/Документация ЮНИТ М300/Разра
ботка/Схемы ФБ ЮНИТ-М300/Проект/РЭ/08. РЭ ЮНИТ-
М3-СВ//Приложение. Размеры/_latex/img/314.png, id=2389, 470
4.32532pt x 1108.8928pt>
File: //uni-eng.ru/unit/Ivanovo/Документация ЮНИТ М300/Раз
работка/Схемы ФБ ЮНИТ-М300/Проект/РЭ/08. РЭ ЮН
ИТ-М3-СВ//Приложение. Размеры/_latex/img/314.png Graphic 
file (type png)
<use //uni-eng.ru/unit/Ivanovo/Документация ЮНИТ М300/Раз
работка/Схемы ФБ ЮНИТ-М300/Проект/РЭ/08. РЭ ЮН
ИТ-М3-СВ//Приложение. Размеры/_latex/img/314.png>
Package luatex.def Info: //uni-eng.ru/unit/Ivanovo/Документация Ю
НИТ М300/Разработка/Схемы ФБ ЮНИТ-М300/Проект/
РЭ/08. РЭ ЮНИТ-М3-СВ//Приложение. Размеры/_latex/im
g/314.png  used on input line 34.
(luatex.def)             Requested size: 709.03961pt x 167.122pt.


LaTeX Warning: `!h' float specifier changed to `!ht'.


Package fancyhdr Warning: \footskip is too small (0.0pt): 
(fancyhdr)                Make it at least 15.49998pt, for example:
(fancyhdr)                \setlength{\footskip}{15.49998pt}.

[108





<//uni-eng.ru/unit/Ivanovo/Документация ЮНИТ М300/Разра
ботка/Схемы ФБ ЮНИТ-М300/Проект/РЭ/08. РЭ ЮНИТ-
М3-СВ//Приложение. Размеры/_latex/img/319.png>]

Package fancyhdr Warning: \footskip is too small (0.0pt): 
(fancyhdr)                Make it at least 15.49998pt, for example:
(fancyhdr)                \setlength{\footskip}{15.49998pt}.

[109<//uni-eng.ru/unit/Ivanovo/Документация ЮНИТ М300/Раз
работка/Схемы ФБ ЮНИТ-М300/Проект/РЭ/08. РЭ ЮН
ИТ-М3-СВ//Приложение. Размеры/_latex/img/314.png>])
("//uni-eng.ru/unit/Ivanovo/Документация ЮНИТ М300/Разра
ботка/Схемы ФБ ЮНИТ-М300/Проект/РЭ/103. Общие р
азделы РЭ//Элементы ФС/_latex/appElmtFSU.tex"
Package typearea Info: These are the values describing the layout:
(typearea)             DIV  = areaset
(typearea)             BCOR = 0.0pt
(typearea)             \paperwidth      = 597.50793pt
(typearea)              \textwidth      = 512.1496pt
(typearea)              \evensidemargin = -29.59084pt
(typearea)              \oddsidemargin  = -29.59084pt
(typearea)             \paperheight     = 845.04694pt
(typearea)              \textheight     = 759.68857pt
(typearea)              \topmargin      = -82.5672pt
(typearea)              \headheight     = 17.0pt
(typearea)              \headsep        = 21.75pt
(typearea)              \topskip        = 22.0pt
(typearea)              \footskip       = 50.75pt
(typearea)              \baselineskip   = 14.5pt
(typearea)              on input line 2.
Package typearea Info: Using dirty hack to recalculate internal output
(typearea)             dimensions of LaTeX on input line 2.


Package typearea Warning: page content and margins higher than paper.
(typearea)                This may result in page footer out of paper.
(typearea)                You should decrease DIV, decrease foot height,
(typearea)                or decreate height of text area.

*geometry* verbose mode - [ newgeometry ] result:
* driver: luatex
* paper: a4paper
* layout: <same size as paper>
* layoutoffset:(h,v)=(0.0pt,0.0pt)
* modes: includehead includefoot 
* h-part:(L,W,R)=(62.59605pt, 506.45908pt, 28.45274pt)
* v-part:(T,H,B)=(17.07164pt, 810.90356pt, 17.07164pt)
* \paperwidth=597.50787pt
* \paperheight=845.04684pt
* \textwidth=506.45908pt
* \textheight=767.95084pt
* \oddsidemargin=-9.67393pt
* \evensidemargin=-9.67393pt
* \topmargin=-55.19835pt
* \headheight=14.5pt
* \headsep=8.53581pt
* \topskip=22.0pt
* \footskip=19.91692pt
* \marginparwidth=0.0pt
* \marginparsep=0.0pt
* \columnsep=10.0pt
* \skip\footins=10.8pt plus 4.0pt minus 2.0pt
* \hoffset=0.0pt
* \voffset=0.0pt
* \mag=1000
* \@twocolumnfalse
* \@twosidefalse
* \@mparswitchfalse
* \@reversemarginfalse
* (1in=72.27pt=25.4mm, 1cm=28.453pt)


Overfull \hbox (0.61133pt too wide) in alignment at lines 37--46
 [][][] 
 []


Overfull \hbox (0.61133pt too wide) in alignment at lines 46--53
 [][][] 
 []


Overfull \hbox (0.61133pt too wide) in alignment at lines 53--56
 [][][] 
 []


Overfull \hbox (0.61133pt too wide) in alignment at lines 56--59
 [][][] 
 []


warning  (file //uni-eng.ru/unit/Ivanovo/Документация ЮНИТ М300
/Разработка/Схемы ФБ ЮНИТ-М300/Проект/РЭ/103. О
бщие разделы РЭ//Элементы ФС/_latex/img/1_analog_canal.pd
f) (pdf inclusion): PDF inclusion: found PDF version '1.6', but at most version 
'1.5' allowed
<//uni-eng.ru/unit/Ivanovo/Документация ЮНИТ М300/Разра
ботка/Схемы ФБ ЮНИТ-М300/Проект/РЭ/103. Общие р
азделы РЭ//Элементы ФС/_latex/img/1_analog_canal.pdf, id=2404
, 114.4275pt x 41.41081pt>
File: //uni-eng.ru/unit/Ivanovo/Документация ЮНИТ М300/Раз
работка/Схемы ФБ ЮНИТ-М300/Проект/РЭ/103. Общи
е разделы РЭ//Элементы ФС/_latex/img/1_analog_canal.pdf Gra
phic file (type pdf)
<use //uni-eng.ru/unit/Ivanovo/Документация ЮНИТ М300/Раз
работка/Схемы ФБ ЮНИТ-М300/Проект/РЭ/103. Общи
е разделы РЭ//Элементы ФС/_latex/img/1_analog_canal.pdf>
Package luatex.def Info: //uni-eng.ru/unit/Ivanovo/Документация Ю
НИТ М300/Разработка/Схемы ФБ ЮНИТ-М300/Проект/
РЭ/103. Общие разделы РЭ//Элементы ФС/_latex/img/1_an
alog_canal.pdf  used on input line 61.
(luatex.def)             Requested size: 101.29364pt x 36.65771pt.

warning  (file //uni-eng.ru/unit/Ivanovo/Документация ЮНИТ М300
/Разработка/Схемы ФБ ЮНИТ-М300/Проект/РЭ/103. О
бщие разделы РЭ//Элементы ФС/_latex/img/2_po.pdf) (pdf in
clusion): PDF inclusion: found PDF version '1.6', but at most version '1.5' allo
wed
<//uni-eng.ru/unit/Ivanovo/Документация ЮНИТ М300/Разра
ботка/Схемы ФБ ЮНИТ-М300/Проект/РЭ/103. Общие р
азделы РЭ//Элементы ФС/_latex/img/2_po.pdf, id=2405, 114.4275
pt x 40.64888pt>
File: //uni-eng.ru/unit/Ivanovo/Документация ЮНИТ М300/Раз
работка/Схемы ФБ ЮНИТ-М300/Проект/РЭ/103. Общи
е разделы РЭ//Элементы ФС/_latex/img/2_po.pdf Graphic file 
(type pdf)
<use //uni-eng.ru/unit/Ivanovo/Документация ЮНИТ М300/Раз
работка/Схемы ФБ ЮНИТ-М300/Проект/РЭ/103. Общи
е разделы РЭ//Элементы ФС/_latex/img/2_po.pdf>
Package luatex.def Info: //uni-eng.ru/unit/Ivanovo/Документация Ю
НИТ М300/Разработка/Схемы ФБ ЮНИТ-М300/Проект/
РЭ/103. Общие разделы РЭ//Элементы ФС/_latex/img/2_po
.pdf  used on input line 64.
(luatex.def)             Requested size: 101.29364pt x 35.98323pt.

warning  (file //uni-eng.ru/unit/Ivanovo/Документация ЮНИТ М300
/Разработка/Схемы ФБ ЮНИТ-М300/Проект/РЭ/103. О
бщие разделы РЭ//Элементы ФС/_latex/img/3_out_sig.pdf) (p
df inclusion): PDF inclusion: found PDF version '1.6', but at most version '1.5'
 allowed
<//uni-eng.ru/unit/Ivanovo/Документация ЮНИТ М300/Разра
ботка/Схемы ФБ ЮНИТ-М300/Проект/РЭ/103. Общие р
азделы РЭ//Элементы ФС/_latex/img/3_out_sig.pdf, id=2406, 114
.80391pt x 41.02827pt>
File: //uni-eng.ru/unit/Ivanovo/Документация ЮНИТ М300/Раз
работка/Схемы ФБ ЮНИТ-М300/Проект/РЭ/103. Общи
е разделы РЭ//Элементы ФС/_latex/img/3_out_sig.pdf Graphic 
file (type pdf)
<use //uni-eng.ru/unit/Ivanovo/Документация ЮНИТ М300/Раз
работка/Схемы ФБ ЮНИТ-М300/Проект/РЭ/103. Общи
е разделы РЭ//Элементы ФС/_latex/img/3_out_sig.pdf>
Package luatex.def Info: //uni-eng.ru/unit/Ivanovo/Документация Ю
НИТ М300/Разработка/Схемы ФБ ЮНИТ-М300/Проект/
РЭ/103. Общие разделы РЭ//Элементы ФС/_latex/img/3_ou
t_sig.pdf  used on input line 67.
(luatex.def)             Requested size: 101.29576pt x 36.20076pt.

warning  (file //uni-eng.ru/unit/Ivanovo/Документация ЮНИТ М300
/Разработка/Схемы ФБ ЮНИТ-М300/Проект/РЭ/103. О
бщие разделы РЭ//Элементы ФС/_latex/img/4_inner.pdf) (pdf
 inclusion): PDF inclusion: found PDF version '1.6', but at most version '1.5' a
llowed
<//uni-eng.ru/unit/Ivanovo/Документация ЮНИТ М300/Разра
ботка/Схемы ФБ ЮНИТ-М300/Проект/РЭ/103. Общие р
азделы РЭ//Элементы ФС/_latex/img/4_inner.pdf, id=2407, 114.4
275pt x 40.27246pt>
File: //uni-eng.ru/unit/Ivanovo/Документация ЮНИТ М300/Раз
работка/Схемы ФБ ЮНИТ-М300/Проект/РЭ/103. Общи
е разделы РЭ//Элементы ФС/_latex/img/4_inner.pdf Graphic fi
le (type pdf)
<use //uni-eng.ru/unit/Ivanovo/Документация ЮНИТ М300/Раз
работка/Схемы ФБ ЮНИТ-М300/Проект/РЭ/103. Общи
е разделы РЭ//Элементы ФС/_latex/img/4_inner.pdf>
Package luatex.def Info: //uni-eng.ru/unit/Ivanovo/Документация Ю
НИТ М300/Разработка/Схемы ФБ ЮНИТ-М300/Проект/
РЭ/103. Общие разделы РЭ//Элементы ФС/_latex/img/4_in
ner.pdf  used on input line 70.
(luatex.def)             Requested size: 101.29364pt x 35.65002pt.

warning  (file //uni-eng.ru/unit/Ivanovo/Документация ЮНИТ М300
/Разработка/Схемы ФБ ЮНИТ-М300/Проект/РЭ/103. О
бщие разделы РЭ//Элементы ФС/_latex/img/5_out_inner.pdf) 
(pdf inclusion): PDF inclusion: found PDF version '1.6', but at most version '1.
5' allowed
<//uni-eng.ru/unit/Ivanovo/Документация ЮНИТ М300/Разра
ботка/Схемы ФБ ЮНИТ-М300/Проект/РЭ/103. Общие р
азделы РЭ//Элементы ФС/_latex/img/5_out_inner.pdf, id=2408, 1
13.86288pt x 40.27246pt>
File: //uni-eng.ru/unit/Ivanovo/Документация ЮНИТ М300/Раз
работка/Схемы ФБ ЮНИТ-М300/Проект/РЭ/103. Общи
е разделы РЭ//Элементы ФС/_latex/img/5_out_inner.pdf Graphi
c file (type pdf)
<use //uni-eng.ru/unit/Ivanovo/Документация ЮНИТ М300/Раз
работка/Схемы ФБ ЮНИТ-М300/Проект/РЭ/103. Общи
е разделы РЭ//Элементы ФС/_latex/img/5_out_inner.pdf>
Package luatex.def Info: //uni-eng.ru/unit/Ivanovo/Документация Ю
НИТ М300/Разработка/Схемы ФБ ЮНИТ-М300/Проект/
РЭ/103. Общие разделы РЭ//Элементы ФС/_latex/img/5_ou
t_inner.pdf  used on input line 73.
(luatex.def)             Requested size: 101.29247pt x 35.82639pt.

warning  (file //uni-eng.ru/unit/Ivanovo/Документация ЮНИТ М300
/Разработка/Схемы ФБ ЮНИТ-М300/Проект/РЭ/103. О
бщие разделы РЭ//Элементы ФС/_latex/img/6_virt_key.pdf) (
pdf inclusion): PDF inclusion: found PDF version '1.6', but at most version '1.5
' allowed
<//uni-eng.ru/unit/Ivanovo/Документация ЮНИТ М300/Разра
ботка/Схемы ФБ ЮНИТ-М300/Проект/РЭ/103. Общие р
азделы РЭ//Элементы ФС/_latex/img/6_virt_key.pdf, id=2409, 11
4.4275pt x 40.83705pt>
File: //uni-eng.ru/unit/Ivanovo/Документация ЮНИТ М300/Раз
работка/Схемы ФБ ЮНИТ-М300/Проект/РЭ/103. Общи
е разделы РЭ//Элементы ФС/_latex/img/6_virt_key.pdf Graphic
 file (type pdf)
<use //uni-eng.ru/unit/Ivanovo/Документация ЮНИТ М300/Раз
работка/Схемы ФБ ЮНИТ-М300/Проект/РЭ/103. Общи
е разделы РЭ//Элементы ФС/_latex/img/6_virt_key.pdf>
Package luatex.def Info: //uni-eng.ru/unit/Ivanovo/Документация Ю
НИТ М300/Разработка/Схемы ФБ ЮНИТ-М300/Проект/
РЭ/103. Общие разделы РЭ//Элементы ФС/_latex/img/6_vi
rt_key.pdf  used on input line 76.
(luatex.def)             Requested size: 101.29364pt x 36.1498pt.

warning  (file //uni-eng.ru/unit/Ivanovo/Документация ЮНИТ М300
/Разработка/Схемы ФБ ЮНИТ-М300/Проект/РЭ/103. О
бщие разделы РЭ//Элементы ФС/_latex/img/7_virt_but.pdf) (
pdf inclusion): PDF inclusion: found PDF version '1.6', but at most version '1.5
' allowed
<//uni-eng.ru/unit/Ivanovo/Документация ЮНИТ М300/Разра
ботка/Схемы ФБ ЮНИТ-М300/Проект/РЭ/103. Общие р
азделы РЭ//Элементы ФС/_latex/img/7_virt_but.pdf, id=2410, 11
5.18031pt x 40.83705pt>
File: //uni-eng.ru/unit/Ivanovo/Документация ЮНИТ М300/Раз
работка/Схемы ФБ ЮНИТ-М300/Проект/РЭ/103. Общи
е разделы РЭ//Элементы ФС/_latex/img/7_virt_but.pdf Graphic
 file (type pdf)
<use //uni-eng.ru/unit/Ivanovo/Документация ЮНИТ М300/Раз
работка/Схемы ФБ ЮНИТ-М300/Проект/РЭ/103. Общи
е разделы РЭ//Элементы ФС/_latex/img/7_virt_but.pdf>
Package luatex.def Info: //uni-eng.ru/unit/Ivanovo/Документация Ю
НИТ М300/Разработка/Схемы ФБ ЮНИТ-М300/Проект/
РЭ/103. Общие разделы РЭ//Элементы ФС/_latex/img/7_vi
rt_but.pdf  used on input line 79.
(luatex.def)             Requested size: 101.29042pt x 35.91238pt.

warning  (file //uni-eng.ru/unit/Ivanovo/Документация ЮНИТ М300
/Разработка/Схемы ФБ ЮНИТ-М300/Проект/РЭ/103. О
бщие разделы РЭ//Элементы ФС/_latex/img/8_switch.pdf) (pd
f inclusion): PDF inclusion: found PDF version '1.6', but at most version '1.5' 
allowed
<//uni-eng.ru/unit/Ivanovo/Документация ЮНИТ М300/Разра
ботка/Схемы ФБ ЮНИТ-М300/Проект/РЭ/103. Общие р
азделы РЭ//Элементы ФС/_latex/img/8_switch.pdf, id=2411, 114.
80391pt x 40.46068pt>
File: //uni-eng.ru/unit/Ivanovo/Документация ЮНИТ М300/Раз
работка/Схемы ФБ ЮНИТ-М300/Проект/РЭ/103. Общи
е разделы РЭ//Элементы ФС/_latex/img/8_switch.pdf Graphic f
ile (type pdf)
<use //uni-eng.ru/unit/Ivanovo/Документация ЮНИТ М300/Раз
работка/Схемы ФБ ЮНИТ-М300/Проект/РЭ/103. Общи
е разделы РЭ//Элементы ФС/_latex/img/8_switch.pdf>
Package luatex.def Info: //uni-eng.ru/unit/Ivanovo/Документация Ю
НИТ М300/Разработка/Схемы ФБ ЮНИТ-М300/Проект/
РЭ/103. Общие разделы РЭ//Элементы ФС/_latex/img/8_sw
itch.pdf  used on input line 82.
(luatex.def)             Requested size: 101.29576pt x 35.69995pt.

warning  (file //uni-eng.ru/unit/Ivanovo/Документация ЮНИТ М300
/Разработка/Схемы ФБ ЮНИТ-М300/Проект/РЭ/103. О
бщие разделы РЭ//Элементы ФС/_latex/img/9_1_and.pdf) (pdf
 inclusion): PDF inclusion: found PDF version '1.6', but at most version '1.5' a
llowed
<//uni-eng.ru/unit/Ivanovo/Документация ЮНИТ М300/Разра
ботка/Схемы ФБ ЮНИТ-М300/Проект/РЭ/103. Общие р
азделы РЭ//Элементы ФС/_latex/img/9_1_and.pdf, id=2412, 114.4
275pt x 40.65187pt>
File: //uni-eng.ru/unit/Ivanovo/Документация ЮНИТ М300/Раз
работка/Схемы ФБ ЮНИТ-М300/Проект/РЭ/103. Общи
е разделы РЭ//Элементы ФС/_latex/img/9_1_and.pdf Graphic fi
le (type pdf)
<use //uni-eng.ru/unit/Ivanovo/Документация ЮНИТ М300/Раз
работка/Схемы ФБ ЮНИТ-М300/Проект/РЭ/103. Общи
е разделы РЭ//Элементы ФС/_latex/img/9_1_and.pdf>
Package luatex.def Info: //uni-eng.ru/unit/Ivanovo/Документация Ю
НИТ М300/Разработка/Схемы ФБ ЮНИТ-М300/Проект/
РЭ/103. Общие разделы РЭ//Элементы ФС/_latex/img/9_1_
and.pdf  used on input line 85.
(luatex.def)             Requested size: 101.29364pt x 35.98589pt.

warning  (file //uni-eng.ru/unit/Ivanovo/Документация ЮНИТ М300
/Разработка/Схемы ФБ ЮНИТ-М300/Проект/РЭ/103. О
бщие разделы РЭ//Элементы ФС/_latex/img/9_2_and.pdf) (pdf
 inclusion): PDF inclusion: found PDF version '1.6', but at most version '1.5' a
llowed
<//uni-eng.ru/unit/Ivanovo/Документация ЮНИТ М300/Разра
ботка/Схемы ФБ ЮНИТ-М300/Проект/РЭ/103. Общие р
азделы РЭ//Элементы ФС/_latex/img/9_2_and.pdf, id=2413, 44.91
782pt x 28.105pt>
File: //uni-eng.ru/unit/Ivanovo/Документация ЮНИТ М300/Раз
работка/Схемы ФБ ЮНИТ-М300/Проект/РЭ/103. Общи
е разделы РЭ//Элементы ФС/_latex/img/9_2_and.pdf Graphic fi
le (type pdf)
<use //uni-eng.ru/unit/Ivanovo/Документация ЮНИТ М300/Раз
работка/Схемы ФБ ЮНИТ-М300/Проект/РЭ/103. Общи
е разделы РЭ//Элементы ФС/_latex/img/9_2_and.pdf>
Package luatex.def Info: //uni-eng.ru/unit/Ivanovo/Документация Ю
НИТ М300/Разработка/Схемы ФБ ЮНИТ-М300/Проект/
РЭ/103. Общие разделы РЭ//Элементы ФС/_latex/img/9_2_
and.pdf  used on input line 86.
(luatex.def)             Requested size: 50.65303pt x 31.6935pt.

warning  (file //uni-eng.ru/unit/Ivanovo/Документация ЮНИТ М300
/Разработка/Схемы ФБ ЮНИТ-М300/Проект/РЭ/103. О
бщие разделы РЭ//Элементы ФС/_latex/img/10_1_or.pdf) (pdf
 inclusion): PDF inclusion: found PDF version '1.6', but at most version '1.5' a
llowed
<//uni-eng.ru/unit/Ivanovo/Документация ЮНИТ М300/Разра
ботка/Схемы ФБ ЮНИТ-М300/Проект/РЭ/103. Общие р
азделы РЭ//Элементы ФС/_latex/img/10_1_or.pdf, id=2414, 114.8
0391pt x 40.77734pt>
File: //uni-eng.ru/unit/Ivanovo/Документация ЮНИТ М300/Раз
работка/Схемы ФБ ЮНИТ-М300/Проект/РЭ/103. Общи
е разделы РЭ//Элементы ФС/_latex/img/10_1_or.pdf Graphic fi
le (type pdf)
<use //uni-eng.ru/unit/Ivanovo/Документация ЮНИТ М300/Раз
работка/Схемы ФБ ЮНИТ-М300/Проект/РЭ/103. Общи
е разделы РЭ//Элементы ФС/_latex/img/10_1_or.pdf>
Package luatex.def Info: //uni-eng.ru/unit/Ivanovo/Документация Ю
НИТ М300/Разработка/Схемы ФБ ЮНИТ-М300/Проект/
РЭ/103. Общие разделы РЭ//Элементы ФС/_latex/img/10_1
_or.pdf  used on input line 89.
(luatex.def)             Requested size: 101.29576pt x 35.97934pt.

warning  (file //uni-eng.ru/unit/Ivanovo/Документация ЮНИТ М300
/Разработка/Схемы ФБ ЮНИТ-М300/Проект/РЭ/103. О
бщие разделы РЭ//Элементы ФС/_latex/img/10_2_or.pdf) (pdf
 inclusion): PDF inclusion: found PDF version '1.6', but at most version '1.5' a
llowed
<//uni-eng.ru/unit/Ivanovo/Документация ЮНИТ М300/Разра
ботка/Схемы ФБ ЮНИТ-М300/Проект/РЭ/103. Общие р
азделы РЭ//Элементы ФС/_latex/img/10_2_or.pdf, id=2415, 44.98
055pt x 27.6638pt>
File: //uni-eng.ru/unit/Ivanovo/Документация ЮНИТ М300/Раз
работка/Схемы ФБ ЮНИТ-М300/Проект/РЭ/103. Общи
е разделы РЭ//Элементы ФС/_latex/img/10_2_or.pdf Graphic fi
le (type pdf)
<use //uni-eng.ru/unit/Ivanovo/Документация ЮНИТ М300/Раз
работка/Схемы ФБ ЮНИТ-М300/Проект/РЭ/103. Общи
е разделы РЭ//Элементы ФС/_latex/img/10_2_or.pdf>
Package luatex.def Info: //uni-eng.ru/unit/Ivanovo/Документация Ю
НИТ М300/Разработка/Схемы ФБ ЮНИТ-М300/Проект/
РЭ/103. Общие разделы РЭ//Элементы ФС/_latex/img/10_2
_or.pdf  used on input line 90.
(luatex.def)             Requested size: 50.65308pt x 31.1525pt.

warning  (file //uni-eng.ru/unit/Ivanovo/Документация ЮНИТ М300
/Разработка/Схемы ФБ ЮНИТ-М300/Проект/РЭ/103. О
бщие разделы РЭ//Элементы ФС/_latex/img/11_1_xor.pdf) (pd
f inclusion): PDF inclusion: found PDF version '1.6', but at most version '1.5' 
allowed
<//uni-eng.ru/unit/Ivanovo/Документация ЮНИТ М300/Разра
ботка/Схемы ФБ ЮНИТ-М300/Проект/РЭ/103. Общие р
азделы РЭ//Элементы ФС/_latex/img/11_1_xor.pdf, id=2416, 114.
80391pt x 41.21342pt>
File: //uni-eng.ru/unit/Ivanovo/Документация ЮНИТ М300/Раз
работка/Схемы ФБ ЮНИТ-М300/Проект/РЭ/103. Общи
е разделы РЭ//Элементы ФС/_latex/img/11_1_xor.pdf Graphic f
ile (type pdf)
<use //uni-eng.ru/unit/Ivanovo/Документация ЮНИТ М300/Раз
работка/Схемы ФБ ЮНИТ-М300/Проект/РЭ/103. Общи
е разделы РЭ//Элементы ФС/_latex/img/11_1_xor.pdf>
Package luatex.def Info: //uni-eng.ru/unit/Ivanovo/Документация Ю
НИТ М300/Разработка/Схемы ФБ ЮНИТ-М300/Проект/
РЭ/103. Общие разделы РЭ//Элементы ФС/_latex/img/11_1
_xor.pdf  used on input line 93.
(luatex.def)             Requested size: 101.29576pt x 36.36412pt.

warning  (file //uni-eng.ru/unit/Ivanovo/Документация ЮНИТ М300
/Разработка/Схемы ФБ ЮНИТ-М300/Проект/РЭ/103. О
бщие разделы РЭ//Элементы ФС/_latex/img/11_2_xor.pdf) (pd
f inclusion): PDF inclusion: found PDF version '1.6', but at most version '1.5' 
allowed
<//uni-eng.ru/unit/Ivanovo/Документация ЮНИТ М300/Разра
ботка/Схемы ФБ ЮНИТ-М300/Проект/РЭ/103. Общие р
азделы РЭ//Элементы ФС/_latex/img/11_2_xor.pdf, id=2417, 44.1
65pt x 27.35219pt>
File: //uni-eng.ru/unit/Ivanovo/Документация ЮНИТ М300/Раз
работка/Схемы ФБ ЮНИТ-М300/Проект/РЭ/103. Общи
е разделы РЭ//Элементы ФС/_latex/img/11_2_xor.pdf Graphic f
ile (type pdf)
<use //uni-eng.ru/unit/Ivanovo/Документация ЮНИТ М300/Раз
работка/Схемы ФБ ЮНИТ-М300/Проект/РЭ/103. Общи
е разделы РЭ//Элементы ФС/_latex/img/11_2_xor.pdf>
Package luatex.def Info: //uni-eng.ru/unit/Ivanovo/Документация Ю
НИТ М300/Разработка/Схемы ФБ ЮНИТ-М300/Проект/
РЭ/103. Общие разделы РЭ//Элементы ФС/_latex/img/11_2
_xor.pdf  used on input line 94.
(luatex.def)             Requested size: 50.64983pt x 31.36835pt.

warning  (file //uni-eng.ru/unit/Ivanovo/Документация ЮНИТ М300
/Разработка/Схемы ФБ ЮНИТ-М300/Проект/РЭ/103. О
бщие разделы РЭ//Элементы ФС/_latex/img/12_1_sr_mem.pdf) 
(pdf inclusion): PDF inclusion: found PDF version '1.6', but at most version '1.
5' allowed
<//uni-eng.ru/unit/Ivanovo/Документация ЮНИТ М300/Разра
ботка/Схемы ФБ ЮНИТ-М300/Проект/РЭ/103. Общие р
азделы РЭ//Элементы ФС/_latex/img/12_1_sr_mem.pdf, id=2418, 1
14.2393pt x 40.64883pt>
File: //uni-eng.ru/unit/Ivanovo/Документация ЮНИТ М300/Раз
работка/Схемы ФБ ЮНИТ-М300/Проект/РЭ/103. Общи
е разделы РЭ//Элементы ФС/_latex/img/12_1_sr_mem.pdf Graphi
c file (type pdf)
<use //uni-eng.ru/unit/Ivanovo/Документация ЮНИТ М300/Раз
работка/Схемы ФБ ЮНИТ-М300/Проект/РЭ/103. Общи
е разделы РЭ//Элементы ФС/_latex/img/12_1_sr_mem.pdf>
Package luatex.def Info: //uni-eng.ru/unit/Ivanovo/Документация Ю
НИТ М300/Разработка/Схемы ФБ ЮНИТ-М300/Проект/
РЭ/103. Общие разделы РЭ//Элементы ФС/_latex/img/12_1
_sr_mem.pdf  used on input line 97.
(luatex.def)             Requested size: 101.29263pt x 36.04211pt.

warning  (file //uni-eng.ru/unit/Ivanovo/Документация ЮНИТ М300
/Разработка/Схемы ФБ ЮНИТ-М300/Проект/РЭ/103. О
бщие разделы РЭ//Элементы ФС/_latex/img/12_2.pdf) (pdf in
clusion): PDF inclusion: found PDF version '1.6', but at most version '1.5' allo
wed
<//uni-eng.ru/unit/Ivanovo/Документация ЮНИТ М300/Разра
ботка/Схемы ФБ ЮНИТ-М300/Проект/РЭ/103. Общие р
азделы РЭ//Элементы ФС/_latex/img/12_2.pdf, id=2419, 44.60414
pt x 27.38458pt>
File: //uni-eng.ru/unit/Ivanovo/Документация ЮНИТ М300/Раз
работка/Схемы ФБ ЮНИТ-М300/Проект/РЭ/103. Общи
е разделы РЭ//Элементы ФС/_latex/img/12_2.pdf Graphic file 
(type pdf)
<use //uni-eng.ru/unit/Ivanovo/Документация ЮНИТ М300/Раз
работка/Схемы ФБ ЮНИТ-М300/Проект/РЭ/103. Общи
е разделы РЭ//Элементы ФС/_latex/img/12_2.pdf>
Package luatex.def Info: //uni-eng.ru/unit/Ivanovo/Документация Ю
НИТ М300/Разработка/Схемы ФБ ЮНИТ-М300/Проект/
РЭ/103. Общие разделы РЭ//Элементы ФС/_latex/img/12_2
.pdf  used on input line 98.
(luatex.def)             Requested size: 50.65115pt x 31.09712pt.

Overfull \vbox (6.44719pt too high) detected at line 98
 []


warning  (file //uni-eng.ru/unit/Ivanovo/Документация ЮНИТ М300
/Разработка/Схемы ФБ ЮНИТ-М300/Проект/РЭ/103. О
бщие разделы РЭ//Элементы ФС/_latex/img/13_1_sr.pdf) (pdf
 inclusion): PDF inclusion: found PDF version '1.6', but at most version '1.5' a
llowed
<//uni-eng.ru/unit/Ivanovo/Документация ЮНИТ М300/Разра
ботка/Схемы ФБ ЮНИТ-М300/Проект/РЭ/103. Общие р
азделы РЭ//Элементы ФС/_latex/img/13_1_sr.pdf, id=2420, 114.6
157pt x 40.46065pt>
File: //uni-eng.ru/unit/Ivanovo/Документация ЮНИТ М300/Раз
работка/Схемы ФБ ЮНИТ-М300/Проект/РЭ/103. Общи
е разделы РЭ//Элементы ФС/_latex/img/13_1_sr.pdf Graphic fi
le (type pdf)
<use //uni-eng.ru/unit/Ivanovo/Документация ЮНИТ М300/Раз
работка/Схемы ФБ ЮНИТ-М300/Проект/РЭ/103. Общи
е разделы РЭ//Элементы ФС/_latex/img/13_1_sr.pdf>
Package luatex.def Info: //uni-eng.ru/unit/Ivanovo/Документация Ю
НИТ М300/Разработка/Схемы ФБ ЮНИТ-М300/Проект/
РЭ/103. Общие разделы РЭ//Элементы ФС/_latex/img/13_1
_sr.pdf  used on input line 101.
(luatex.def)             Requested size: 101.2941pt x 35.75797pt.

warning  (file //uni-eng.ru/unit/Ivanovo/Документация ЮНИТ М300
/Разработка/Схемы ФБ ЮНИТ-М300/Проект/РЭ/103. О
бщие разделы РЭ//Элементы ФС/_latex/img/14_1_rs_mem.pdf) 
(pdf inclusion): PDF inclusion: found PDF version '1.6', but at most version '1.
5' allowed
<//uni-eng.ru/unit/Ivanovo/Документация ЮНИТ М300/Разра
ботка/Схемы ФБ ЮНИТ-М300/Проект/РЭ/103. Общие р
азделы РЭ//Элементы ФС/_latex/img/14_1_rs_mem.pdf, id=2421, 1
14.67844pt x 40.65187pt>
File: //uni-eng.ru/unit/Ivanovo/Документация ЮНИТ М300/Раз
работка/Схемы ФБ ЮНИТ-М300/Проект/РЭ/103. Общи
е разделы РЭ//Элементы ФС/_latex/img/14_1_rs_mem.pdf Graphi
c file (type pdf)
<use //uni-eng.ru/unit/Ivanovo/Документация ЮНИТ М300/Раз
работка/Схемы ФБ ЮНИТ-М300/Проект/РЭ/103. Общи
е разделы РЭ//Элементы ФС/_latex/img/14_1_rs_mem.pdf>
Package luatex.def Info: //uni-eng.ru/unit/Ivanovo/Документация Ю
НИТ М300/Разработка/Схемы ФБ ЮНИТ-М300/Проект/
РЭ/103. Общие разделы РЭ//Элементы ФС/_latex/img/14_1
_rs_mem.pdf  used on input line 104.
(luatex.def)             Requested size: 101.29529pt x 35.90773pt.

warning  (file //uni-eng.ru/unit/Ivanovo/Документация ЮНИТ М300
/Разработка/Схемы ФБ ЮНИТ-М300/Проект/РЭ/103. О
бщие разделы РЭ//Элементы ФС/_latex/img/14_2.pdf) (pdf in
clusion): PDF inclusion: found PDF version '1.6', but at most version '1.5' allo
wed
<//uni-eng.ru/unit/Ivanovo/Документация ЮНИТ М300/Разра
ботка/Схемы ФБ ЮНИТ-М300/Проект/РЭ/103. Общие р
азделы РЭ//Элементы ФС/_latex/img/14_2.pdf, id=2422, 44.165pt
 x 27.47766pt>
File: //uni-eng.ru/unit/Ivanovo/Документация ЮНИТ М300/Раз
работка/Схемы ФБ ЮНИТ-М300/Проект/РЭ/103. Общи
е разделы РЭ//Элементы ФС/_latex/img/14_2.pdf Graphic file 
(type pdf)
<use //uni-eng.ru/unit/Ivanovo/Документация ЮНИТ М300/Раз
работка/Схемы ФБ ЮНИТ-М300/Проект/РЭ/103. Общи
е разделы РЭ//Элементы ФС/_latex/img/14_2.pdf>
Package luatex.def Info: //uni-eng.ru/unit/Ivanovo/Документация Ю
НИТ М300/Разработка/Схемы ФБ ЮНИТ-М300/Проект/
РЭ/103. Общие разделы РЭ//Элементы ФС/_latex/img/14_2
.pdf  used on input line 105.
(luatex.def)             Requested size: 50.64983pt x 31.51224pt.

Overfull \vbox (6.8623pt too high) detected at line 105
 []


warning  (file //uni-eng.ru/unit/Ivanovo/Документация ЮНИТ М300
/Разработка/Схемы ФБ ЮНИТ-М300/Проект/РЭ/103. О
бщие разделы РЭ//Элементы ФС/_latex/img/15_1_rs.pdf) (pdf
 inclusion): PDF inclusion: found PDF version '1.6', but at most version '1.5' a
llowed
<//uni-eng.ru/unit/Ivanovo/Документация ЮНИТ М300/Разра
ботка/Схемы ФБ ЮНИТ-М300/Проект/РЭ/103. Общие р
азделы РЭ//Элементы ФС/_latex/img/15_1_rs.pdf, id=2423, 114.9
9211pt x 40.83707pt>
File: //uni-eng.ru/unit/Ivanovo/Документация ЮНИТ М300/Раз
работка/Схемы ФБ ЮНИТ-М300/Проект/РЭ/103. Общи
е разделы РЭ//Элементы ФС/_latex/img/15_1_rs.pdf Graphic fi
le (type pdf)
<use //uni-eng.ru/unit/Ivanovo/Документация ЮНИТ М300/Раз
работка/Схемы ФБ ЮНИТ-М300/Проект/РЭ/103. Общи
е разделы РЭ//Элементы ФС/_latex/img/15_1_rs.pdf>
Package luatex.def Info: //uni-eng.ru/unit/Ivanovo/Документация Ю
НИТ М300/Разработка/Схемы ФБ ЮНИТ-М300/Проект/
РЭ/103. Общие разделы РЭ//Элементы ФС/_latex/img/15_1
_rs.pdf  used on input line 108.
(luatex.def)             Requested size: 101.2951pt x 35.97284pt.

warning  (file //uni-eng.ru/unit/Ivanovo/Документация ЮНИТ М300
/Разработка/Схемы ФБ ЮНИТ-М300/Проект/РЭ/103. О
бщие разделы РЭ//Элементы ФС/_latex/img/16_not.pdf) (pdf 
inclusion): PDF inclusion: found PDF version '1.6', but at most version '1.5' al
lowed
<//uni-eng.ru/unit/Ivanovo/Документация ЮНИТ М300/Разра
ботка/Схемы ФБ ЮНИТ-М300/Проект/РЭ/103. Общие р
азделы РЭ//Элементы ФС/_latex/img/16_not.pdf, id=2424, 115.05
484pt x 40.77734pt>
File: //uni-eng.ru/unit/Ivanovo/Документация ЮНИТ М300/Раз
работка/Схемы ФБ ЮНИТ-М300/Проект/РЭ/103. Общи
е разделы РЭ//Элементы ФС/_latex/img/16_not.pdf Graphic fil
e (type pdf)
<use //uni-eng.ru/unit/Ivanovo/Документация ЮНИТ М300/Раз
работка/Схемы ФБ ЮНИТ-М300/Проект/РЭ/103. Общи
е разделы РЭ//Элементы ФС/_latex/img/16_not.pdf>
Package luatex.def Info: //uni-eng.ru/unit/Ivanovo/Документация Ю
НИТ М300/Разработка/Схемы ФБ ЮНИТ-М300/Проект/
РЭ/103. Общие разделы РЭ//Элементы ФС/_latex/img/16_n
ot.pdf  used on input line 111.
(luatex.def)             Requested size: 101.29596pt x 35.90094pt.

warning  (file //uni-eng.ru/unit/Ivanovo/Документация ЮНИТ М300
/Разработка/Схемы ФБ ЮНИТ-М300/Проект/РЭ/103. О
бщие разделы РЭ//Элементы ФС/_latex/img/17_1_ton.pdf) (pd
f inclusion): PDF inclusion: found PDF version '1.6', but at most version '1.5' 
allowed
<//uni-eng.ru/unit/Ivanovo/Документация ЮНИТ М300/Разра
ботка/Схемы ФБ ЮНИТ-М300/Проект/РЭ/103. Общие р
азделы РЭ//Элементы ФС/_latex/img/17_1_ton.pdf, id=2425, 114.
92938pt x 41.65562pt>
File: //uni-eng.ru/unit/Ivanovo/Документация ЮНИТ М300/Раз
работка/Схемы ФБ ЮНИТ-М300/Проект/РЭ/103. Общи
е разделы РЭ//Элементы ФС/_latex/img/17_1_ton.pdf Graphic f
ile (type pdf)
<use //uni-eng.ru/unit/Ivanovo/Документация ЮНИТ М300/Раз
работка/Схемы ФБ ЮНИТ-М300/Проект/РЭ/103. Общи
е разделы РЭ//Элементы ФС/_latex/img/17_1_ton.pdf>
Package luatex.def Info: //uni-eng.ru/unit/Ivanovo/Документация Ю
НИТ М300/Разработка/Схемы ФБ ЮНИТ-М300/Проект/
РЭ/103. Общие разделы РЭ//Элементы ФС/_latex/img/17_1
_ton.pdf  used on input line 114.
(luatex.def)             Requested size: 101.29599pt x 36.71426pt.

warning  (file //uni-eng.ru/unit/Ivanovo/Документация ЮНИТ М300
/Разработка/Схемы ФБ ЮНИТ-М300/Проект/РЭ/103. О
бщие разделы РЭ//Элементы ФС/_latex/img/17_2_ton.pdf) (pd
f inclusion): PDF inclusion: found PDF version '1.6', but at most version '1.5' 
allowed
<//uni-eng.ru/unit/Ivanovo/Документация ЮНИТ М300/Разра
ботка/Схемы ФБ ЮНИТ-М300/Проект/РЭ/103. Общие р
азделы РЭ//Элементы ФС/_latex/img/17_2_ton.pdf, id=2426, 83.8
1313pt x 36.51141pt>
File: //uni-eng.ru/unit/Ivanovo/Документация ЮНИТ М300/Раз
работка/Схемы ФБ ЮНИТ-М300/Проект/РЭ/103. Общи
е разделы РЭ//Элементы ФС/_latex/img/17_2_ton.pdf Graphic f
ile (type pdf)
<use //uni-eng.ru/unit/Ivanovo/Документация ЮНИТ М300/Раз
работка/Схемы ФБ ЮНИТ-М300/Проект/РЭ/103. Общи
е разделы РЭ//Элементы ФС/_latex/img/17_2_ton.pdf>
Package luatex.def Info: //uni-eng.ru/unit/Ivanovo/Документация Ю
НИТ М300/Разработка/Схемы ФБ ЮНИТ-М300/Проект/
РЭ/103. Общие разделы РЭ//Элементы ФС/_latex/img/17_2
_ton.pdf  used on input line 115.
(luatex.def)             Requested size: 116.48325pt x 50.74344pt.

Overfull \vbox (26.0935pt too high) detected at line 115
 []


warning  (file //uni-eng.ru/unit/Ivanovo/Документация ЮНИТ М300
/Разработка/Схемы ФБ ЮНИТ-М300/Проект/РЭ/103. О
бщие разделы РЭ//Элементы ФС/_latex/img/18.pdf) (pdf incl
usion): PDF inclusion: found PDF version '1.6', but at most version '1.5' allowe
d
<//uni-eng.ru/unit/Ivanovo/Документация ЮНИТ М300/Разра
ботка/Схемы ФБ ЮНИТ-М300/Проект/РЭ/103. Общие р
азделы РЭ//Элементы ФС/_latex/img/18.pdf, id=2427, 114.92938p
t x 40.90282pt>
File: //uni-eng.ru/unit/Ivanovo/Документация ЮНИТ М300/Раз
работка/Схемы ФБ ЮНИТ-М300/Проект/РЭ/103. Общи
е разделы РЭ//Элементы ФС/_latex/img/18.pdf Graphic file (t
ype pdf)
<use //uni-eng.ru/unit/Ivanovo/Документация ЮНИТ М300/Раз
работка/Схемы ФБ ЮНИТ-М300/Проект/РЭ/103. Общи
е разделы РЭ//Элементы ФС/_latex/img/18.pdf>
Package luatex.def Info: //uni-eng.ru/unit/Ivanovo/Документация Ю
НИТ М300/Разработка/Схемы ФБ ЮНИТ-М300/Проект/
РЭ/103. Общие разделы РЭ//Элементы ФС/_latex/img/18.p
df  used on input line 118.
(luatex.def)             Requested size: 101.29599pt x 36.05074pt.

warning  (file //uni-eng.ru/unit/Ivanovo/Документация ЮНИТ М300
/Разработка/Схемы ФБ ЮНИТ-М300/Проект/РЭ/103. О
бщие разделы РЭ//Элементы ФС/_latex/img/19_1_tof.pdf) (pd
f inclusion): PDF inclusion: found PDF version '1.6', but at most version '1.5' 
allowed
<//uni-eng.ru/unit/Ivanovo/Документация ЮНИТ М300/Разра
ботка/Схемы ФБ ЮНИТ-М300/Проект/РЭ/103. Общие р
азделы РЭ//Элементы ФС/_latex/img/19_1_tof.pdf, id=2428, 114.
80391pt x 41.21349pt>
File: //uni-eng.ru/unit/Ivanovo/Документация ЮНИТ М300/Раз
работка/Схемы ФБ ЮНИТ-М300/Проект/РЭ/103. Общи
е разделы РЭ//Элементы ФС/_latex/img/19_1_tof.pdf Graphic f
ile (type pdf)
<use //uni-eng.ru/unit/Ivanovo/Документация ЮНИТ М300/Раз
работка/Схемы ФБ ЮНИТ-М300/Проект/РЭ/103. Общи
е разделы РЭ//Элементы ФС/_latex/img/19_1_tof.pdf>
Package luatex.def Info: //uni-eng.ru/unit/Ivanovo/Документация Ю
НИТ М300/Разработка/Схемы ФБ ЮНИТ-М300/Проект/
РЭ/103. Общие разделы РЭ//Элементы ФС/_latex/img/19_1
_tof.pdf  used on input line 121.
(luatex.def)             Requested size: 101.29576pt x 36.36417pt.

warning  (file //uni-eng.ru/unit/Ivanovo/Документация ЮНИТ М300
/Разработка/Схемы ФБ ЮНИТ-М300/Проект/РЭ/103. О
бщие разделы РЭ//Элементы ФС/_latex/img/20.pdf) (pdf incl
usion): PDF inclusion: found PDF version '1.6', but at most version '1.5' allowe
d
<//uni-eng.ru/unit/Ivanovo/Документация ЮНИТ М300/Разра
ботка/Схемы ФБ ЮНИТ-М300/Проект/РЭ/103. Общие р
азделы РЭ//Элементы ФС/_latex/img/20.pdf, id=2429, 84.6914pt 
x 38.57883pt>
File: //uni-eng.ru/unit/Ivanovo/Документация ЮНИТ М300/Раз
работка/Схемы ФБ ЮНИТ-М300/Проект/РЭ/103. Общи
е разделы РЭ//Элементы ФС/_latex/img/20.pdf Graphic file (t
ype pdf)
<use //uni-eng.ru/unit/Ivanovo/Документация ЮНИТ М300/Раз
работка/Схемы ФБ ЮНИТ-М300/Проект/РЭ/103. Общи
е разделы РЭ//Элементы ФС/_latex/img/20.pdf>
Package luatex.def Info: //uni-eng.ru/unit/Ivanovo/Документация Ю
НИТ М300/Разработка/Схемы ФБ ЮНИТ-М300/Проект/
РЭ/103. Общие разделы РЭ//Элементы ФС/_latex/img/20.p
df  used on input line 122.
(luatex.def)             Requested size: 116.48784pt x 53.0628pt.

Overfull \vbox (28.41287pt too high) detected at line 122
 []


warning  (file //uni-eng.ru/unit/Ivanovo/Документация ЮНИТ М300
/Разработка/Схемы ФБ ЮНИТ-М300/Проект/РЭ/103. О
бщие разделы РЭ//Элементы ФС/_latex/img/19_2_tof.pdf) (pd
f inclusion): PDF inclusion: found PDF version '1.6', but at most version '1.5' 
allowed
<//uni-eng.ru/unit/Ivanovo/Документация ЮНИТ М300/Разра
ботка/Схемы ФБ ЮНИТ-М300/Проект/РЭ/103. Общие р
азделы РЭ//Элементы ФС/_latex/img/19_2_tof.pdf, id=2430, 115.
05484pt x 41.65562pt>
File: //uni-eng.ru/unit/Ivanovo/Документация ЮНИТ М300/Раз
работка/Схемы ФБ ЮНИТ-М300/Проект/РЭ/103. Общи
е разделы РЭ//Элементы ФС/_latex/img/19_2_tof.pdf Graphic f
ile (type pdf)
<use //uni-eng.ru/unit/Ivanovo/Документация ЮНИТ М300/Раз
работка/Схемы ФБ ЮНИТ-М300/Проект/РЭ/103. Общи
е разделы РЭ//Элементы ФС/_latex/img/19_2_tof.pdf>
Package luatex.def Info: //uni-eng.ru/unit/Ivanovo/Документация Ю
НИТ М300/Разработка/Схемы ФБ ЮНИТ-М300/Проект/
РЭ/103. Общие разделы РЭ//Элементы ФС/_latex/img/19_2
_tof.pdf  used on input line 125.
(luatex.def)             Requested size: 101.29596pt x 36.67421pt.

warning  (file //uni-eng.ru/unit/Ivanovo/Документация ЮНИТ М300
/Разработка/Схемы ФБ ЮНИТ-М300/Проект/РЭ/103. О
бщие разделы РЭ//Элементы ФС/_latex/img/21_1_pls.pdf) (pd
f inclusion): PDF inclusion: found PDF version '1.6', but at most version '1.5' 
allowed
<//uni-eng.ru/unit/Ivanovo/Документация ЮНИТ М300/Разра
ботка/Схемы ФБ ЮНИТ-М300/Проект/РЭ/103. Общие р
азделы РЭ//Элементы ФС/_latex/img/21_1_pls.pdf, id=2431, 114.
80391pt x 41.02525pt>
File: //uni-eng.ru/unit/Ivanovo/Документация ЮНИТ М300/Раз
работка/Схемы ФБ ЮНИТ-М300/Проект/РЭ/103. Общи
е разделы РЭ//Элементы ФС/_latex/img/21_1_pls.pdf Graphic f
ile (type pdf)
<use //uni-eng.ru/unit/Ivanovo/Документация ЮНИТ М300/Раз
работка/Схемы ФБ ЮНИТ-М300/Проект/РЭ/103. Общи
е разделы РЭ//Элементы ФС/_latex/img/21_1_pls.pdf>
Package luatex.def Info: //uni-eng.ru/unit/Ivanovo/Документация Ю
НИТ М300/Разработка/Схемы ФБ ЮНИТ-М300/Проект/
РЭ/103. Общие разделы РЭ//Элементы ФС/_latex/img/21_1
_pls.pdf  used on input line 128.
(luatex.def)             Requested size: 101.29576pt x 36.19809pt.

warning  (file //uni-eng.ru/unit/Ivanovo/Документация ЮНИТ М300
/Разработка/Схемы ФБ ЮНИТ-М300/Проект/РЭ/103. О
бщие разделы РЭ//Элементы ФС/_latex/img/21_2_pls.pdf) (pd
f inclusion): PDF inclusion: found PDF version '1.6', but at most version '1.5' 
allowed
<//uni-eng.ru/unit/Ivanovo/Документация ЮНИТ М300/Разра
ботка/Схемы ФБ ЮНИТ-М300/Проект/РЭ/103. Общие р
азделы РЭ//Элементы ФС/_latex/img/21_2_pls.pdf, id=2432, 84.0
6406pt x 36.63687pt>
File: //uni-eng.ru/unit/Ivanovo/Документация ЮНИТ М300/Раз
работка/Схемы ФБ ЮНИТ-М300/Проект/РЭ/103. Общи
е разделы РЭ//Элементы ФС/_latex/img/21_2_pls.pdf Graphic f
ile (type pdf)
<use //uni-eng.ru/unit/Ivanovo/Документация ЮНИТ М300/Раз
работка/Схемы ФБ ЮНИТ-М300/Проект/РЭ/103. Общи
е разделы РЭ//Элементы ФС/_latex/img/21_2_pls.pdf>
Package luatex.def Info: //uni-eng.ru/unit/Ivanovo/Документация Ю
НИТ М300/Разработка/Схемы ФБ ЮНИТ-М300/Проект/
РЭ/103. Общие разделы РЭ//Элементы ФС/_latex/img/21_2
_pls.pdf  used on input line 129.
(luatex.def)             Requested size: 116.48439pt x 50.76631pt.

Overfull \vbox (26.11638pt too high) detected at line 129
 []


warning  (file //uni-eng.ru/unit/Ivanovo/Документация ЮНИТ М300
/Разработка/Схемы ФБ ЮНИТ-М300/Проект/РЭ/103. О
бщие разделы РЭ//Элементы ФС/_latex/img/22.pdf) (pdf incl
usion): PDF inclusion: found PDF version '1.6', but at most version '1.5' allowe
d
<//uni-eng.ru/unit/Ivanovo/Документация ЮНИТ М300/Разра
ботка/Схемы ФБ ЮНИТ-М300/Проект/РЭ/103. Общие р
азделы РЭ//Элементы ФС/_latex/img/22.pdf, id=2433, 115.05484p
t x 41.02827pt>
File: //uni-eng.ru/unit/Ivanovo/Документация ЮНИТ М300/Раз
работка/Схемы ФБ ЮНИТ-М300/Проект/РЭ/103. Общи
е разделы РЭ//Элементы ФС/_latex/img/22.pdf Graphic file (t
ype pdf)
<use //uni-eng.ru/unit/Ivanovo/Документация ЮНИТ М300/Раз
работка/Схемы ФБ ЮНИТ-М300/Проект/РЭ/103. Общи
е разделы РЭ//Элементы ФС/_latex/img/22.pdf>
Package luatex.def Info: //uni-eng.ru/unit/Ivanovo/Документация Ю
НИТ М300/Разработка/Схемы ФБ ЮНИТ-М300/Проект/
РЭ/103. Общие разделы РЭ//Элементы ФС/_latex/img/22.p
df  used on input line 132.
(luatex.def)             Requested size: 101.29596pt x 36.12189pt.

warning  (file //uni-eng.ru/unit/Ivanovo/Документация ЮНИТ М300
/Разработка/Схемы ФБ ЮНИТ-М300/Проект/РЭ/103. О
бщие разделы РЭ//Элементы ФС/_latex/img/23_1.pdf) (pdf in
clusion): PDF inclusion: found PDF version '1.6', but at most version '1.5' allo
wed
<//uni-eng.ru/unit/Ivanovo/Документация ЮНИТ М300/Разра
ботка/Схемы ФБ ЮНИТ-М300/Проект/РЭ/103. Общие р
азделы РЭ//Элементы ФС/_latex/img/23_1.pdf, id=2434, 114.9921
1pt x 49.11737pt>
File: //uni-eng.ru/unit/Ivanovo/Документация ЮНИТ М300/Раз
работка/Схемы ФБ ЮНИТ-М300/Проект/РЭ/103. Общи
е разделы РЭ//Элементы ФС/_latex/img/23_1.pdf Graphic file 
(type pdf)
<use //uni-eng.ru/unit/Ivanovo/Документация ЮНИТ М300/Раз
работка/Схемы ФБ ЮНИТ-М300/Проект/РЭ/103. Общи
е разделы РЭ//Элементы ФС/_latex/img/23_1.pdf>
Package luatex.def Info: //uni-eng.ru/unit/Ivanovo/Документация Ю
НИТ М300/Разработка/Схемы ФБ ЮНИТ-М300/Проект/
РЭ/103. Общие разделы РЭ//Элементы ФС/_latex/img/23_1
.pdf  used on input line 135.
(luatex.def)             Requested size: 101.2951pt x 43.26686pt.

warning  (file //uni-eng.ru/unit/Ivanovo/Документация ЮНИТ М300
/Разработка/Схемы ФБ ЮНИТ-М300/Проект/РЭ/103. О
бщие разделы РЭ//Элементы ФС/_latex/img/23_2.pdf) (pdf in
clusion): PDF inclusion: found PDF version '1.6', but at most version '1.5' allo
wed
<//uni-eng.ru/unit/Ivanovo/Документация ЮНИТ М300/Разра
ботка/Схемы ФБ ЮНИТ-М300/Проект/РЭ/103. Общие р
азделы РЭ//Элементы ФС/_latex/img/23_2.pdf, id=2435, 84.5032p
t x 47.80003pt>
File: //uni-eng.ru/unit/Ivanovo/Документация ЮНИТ М300/Раз
работка/Схемы ФБ ЮНИТ-М300/Проект/РЭ/103. Общи
е разделы РЭ//Элементы ФС/_latex/img/23_2.pdf Graphic file 
(type pdf)
<use //uni-eng.ru/unit/Ivanovo/Документация ЮНИТ М300/Раз
работка/Схемы ФБ ЮНИТ-М300/Проект/РЭ/103. Общи
е разделы РЭ//Элементы ФС/_latex/img/23_2.pdf>
Package luatex.def Info: //uni-eng.ru/unit/Ivanovo/Документация Ю
НИТ М300/Разработка/Схемы ФБ ЮНИТ-М300/Проект/
РЭ/103. Общие разделы РЭ//Элементы ФС/_latex/img/23_2
.pdf  used on input line 136.
(luatex.def)             Requested size: 101.2937pt x 57.29773pt.

warning  (file //uni-eng.ru/unit/Ivanovo/Документация ЮНИТ М300
/Разработка/Схемы ФБ ЮНИТ-М300/Проект/РЭ/103. О
бщие разделы РЭ//Элементы ФС/_latex/img/24_1.pdf) (pdf in
clusion): PDF inclusion: found PDF version '1.6', but at most version '1.5' allo
wed
<//uni-eng.ru/unit/Ivanovo/Документация ЮНИТ М300/Разра
ботка/Схемы ФБ ЮНИТ-М300/Проект/РЭ/103. Общие р
азделы РЭ//Элементы ФС/_latex/img/24_1.pdf, id=2436, 114.6157
pt x 41.21342pt>
File: //uni-eng.ru/unit/Ivanovo/Документация ЮНИТ М300/Раз
работка/Схемы ФБ ЮНИТ-М300/Проект/РЭ/103. Общи
е разделы РЭ//Элементы ФС/_latex/img/24_1.pdf Graphic file 
(type pdf)
<use //uni-eng.ru/unit/Ivanovo/Документация ЮНИТ М300/Раз
работка/Схемы ФБ ЮНИТ-М300/Проект/РЭ/103. Общи
е разделы РЭ//Элементы ФС/_latex/img/24_1.pdf>
Package luatex.def Info: //uni-eng.ru/unit/Ivanovo/Документация Ю
НИТ М300/Разработка/Схемы ФБ ЮНИТ-М300/Проект/
РЭ/103. Общие разделы РЭ//Элементы ФС/_latex/img/24_1
.pdf  used on input line 139.
(luatex.def)             Requested size: 101.2941pt x 36.42323pt.

warning  (file //uni-eng.ru/unit/Ivanovo/Документация ЮНИТ М300
/Разработка/Схемы ФБ ЮНИТ-М300/Проект/РЭ/103. О
бщие разделы РЭ//Элементы ФС/_latex/img/24_2.pdf) (pdf in
clusion): PDF inclusion: found PDF version '1.6', but at most version '1.5' allo
wed
<//uni-eng.ru/unit/Ivanovo/Документация ЮНИТ М300/Разра
ботка/Схемы ФБ ЮНИТ-М300/Проект/РЭ/103. Общие р
азделы РЭ//Элементы ФС/_latex/img/24_2.pdf, id=2437, 83.5622p
t x 36.38594pt>
File: //uni-eng.ru/unit/Ivanovo/Документация ЮНИТ М300/Раз
работка/Схемы ФБ ЮНИТ-М300/Проект/РЭ/103. Общи
е разделы РЭ//Элементы ФС/_latex/img/24_2.pdf Graphic file 
(type pdf)
<use //uni-eng.ru/unit/Ivanovo/Документация ЮНИТ М300/Раз
работка/Схемы ФБ ЮНИТ-М300/Проект/РЭ/103. Общи
е разделы РЭ//Элементы ФС/_latex/img/24_2.pdf>
Package luatex.def Info: //uni-eng.ru/unit/Ivanovo/Документация Ю
НИТ М300/Разработка/Схемы ФБ ЮНИТ-М300/Проект/
РЭ/103. Общие разделы РЭ//Элементы ФС/_latex/img/24_2
.pdf  used on input line 140.
(luatex.def)             Requested size: 101.29799pt x 44.1087pt.

warning  (file //uni-eng.ru/unit/Ivanovo/Документация ЮНИТ М300
/Разработка/Схемы ФБ ЮНИТ-М300/Проект/РЭ/103. О
бщие разделы РЭ//Элементы ФС/_latex/img/25.pdf) (pdf incl
usion): PDF inclusion: found PDF version '1.6', but at most version '1.5' allowe
d
<//uni-eng.ru/unit/Ivanovo/Документация ЮНИТ М300/Разра
ботка/Схемы ФБ ЮНИТ-М300/Проект/РЭ/103. Общие р
азделы РЭ//Элементы ФС/_latex/img/25.pdf, id=2438, 114.4275pt
 x 51.9402pt>
File: //uni-eng.ru/unit/Ivanovo/Документация ЮНИТ М300/Раз
работка/Схемы ФБ ЮНИТ-М300/Проект/РЭ/103. Общи
е разделы РЭ//Элементы ФС/_latex/img/25.pdf Graphic file (t
ype pdf)
<use //uni-eng.ru/unit/Ivanovo/Документация ЮНИТ М300/Раз
работка/Схемы ФБ ЮНИТ-М300/Проект/РЭ/103. Общи
е разделы РЭ//Элементы ФС/_latex/img/25.pdf>
Package luatex.def Info: //uni-eng.ru/unit/Ivanovo/Документация Ю
НИТ М300/Разработка/Схемы ФБ ЮНИТ-М300/Проект/
РЭ/103. Общие разделы РЭ//Элементы ФС/_latex/img/25.p
df  used on input line 143.
(luatex.def)             Requested size: 101.29364pt x 45.97855pt.

warning  (file //uni-eng.ru/unit/Ivanovo/Документация ЮНИТ М300
/Разработка/Схемы ФБ ЮНИТ-М300/Проект/РЭ/103. О
бщие разделы РЭ//Элементы ФС/_latex/img/26.pdf) (pdf incl
usion): PDF inclusion: found PDF version '1.6', but at most version '1.5' allowe
d
<//uni-eng.ru/unit/Ivanovo/Документация ЮНИТ М300/Разра
ботка/Схемы ФБ ЮНИТ-М300/Проект/РЭ/103. Общие р
азделы РЭ//Элементы ФС/_latex/img/26.pdf, id=2439, 114.6157pt
 x 51.56381pt>
File: //uni-eng.ru/unit/Ivanovo/Документация ЮНИТ М300/Раз
работка/Схемы ФБ ЮНИТ-М300/Проект/РЭ/103. Общи
е разделы РЭ//Элементы ФС/_latex/img/26.pdf Graphic file (t
ype pdf)
<use //uni-eng.ru/unit/Ivanovo/Документация ЮНИТ М300/Раз
работка/Схемы ФБ ЮНИТ-М300/Проект/РЭ/103. Общи
е разделы РЭ//Элементы ФС/_latex/img/26.pdf>
Package luatex.def Info: //uni-eng.ru/unit/Ivanovo/Документация Ю
НИТ М300/Разработка/Схемы ФБ ЮНИТ-М300/Проект/
РЭ/103. Общие разделы РЭ//Элементы ФС/_latex/img/26.p
df  used on input line 146.
(luatex.def)             Requested size: 101.2941pt x 45.5706pt.

warning  (file //uni-eng.ru/unit/Ivanovo/Документация ЮНИТ М300
/Разработка/Схемы ФБ ЮНИТ-М300/Проект/РЭ/103. О
бщие разделы РЭ//Элементы ФС/_latex/img/27.pdf) (pdf incl
usion): PDF inclusion: found PDF version '1.6', but at most version '1.5' allowe
d
<//uni-eng.ru/unit/Ivanovo/Документация ЮНИТ М300/Разра
ботка/Схемы ФБ ЮНИТ-М300/Проект/РЭ/103. Общие р
азделы РЭ//Элементы ФС/_latex/img/27.pdf, id=2440, 113.67468p
t x 42.65938pt>
File: //uni-eng.ru/unit/Ivanovo/Документация ЮНИТ М300/Раз
работка/Схемы ФБ ЮНИТ-М300/Проект/РЭ/103. Общи
е разделы РЭ//Элементы ФС/_latex/img/27.pdf Graphic file (t
ype pdf)
<use //uni-eng.ru/unit/Ivanovo/Документация ЮНИТ М300/Раз
работка/Схемы ФБ ЮНИТ-М300/Проект/РЭ/103. Общи
е разделы РЭ//Элементы ФС/_latex/img/27.pdf>
Package luatex.def Info: //uni-eng.ru/unit/Ivanovo/Документация Ю
НИТ М300/Разработка/Схемы ФБ ЮНИТ-М300/Проект/
РЭ/103. Общие разделы РЭ//Элементы ФС/_latex/img/27.p
df  used on input line 149.
(luatex.def)             Requested size: 101.29155pt x 38.01227pt.

Overfull \hbox (0.61133pt too wide) in alignment at lines 59--152
 [][][] 
 []

[110




<//uni-eng.ru/unit/Ivanovo/Документация ЮНИТ М300/Разра
ботка/Схемы ФБ ЮНИТ-М300/Проект/РЭ/103. Общие р
азделы РЭ//Элементы ФС/_latex/img/1_analog_canal.pdf><//uni-en
g.ru/unit/Ivanovo/Документация ЮНИТ М300/Разработка/
Схемы ФБ ЮНИТ-М300/Проект/РЭ/103. Общие раздел
ы РЭ//Элементы ФС/_latex/img/2_po.pdf><//uni-eng.ru/unit/Ivanovo/
Документация ЮНИТ М300/Разработка/Схемы ФБ 
ЮНИТ-М300/Проект/РЭ/103. Общие разделы РЭ//Элем
енты ФС/_latex/img/3_out_sig.pdf><//uni-eng.ru/unit/Ivanovo/Докуме
нтация ЮНИТ М300/Разработка/Схемы ФБ ЮНИТ-М300/
Проект/РЭ/103. Общие разделы РЭ//Элементы ФС/_la
tex/img/4_inner.pdf><//uni-eng.ru/unit/Ivanovo/Документация ЮНИ
Т М300/Разработка/Схемы ФБ ЮНИТ-М300/Проект/РЭ/1
03. Общие разделы РЭ//Элементы ФС/_latex/img/5_out_inner
.pdf><//uni-eng.ru/unit/Ivanovo/Документация ЮНИТ М300/Раз
работка/Схемы ФБ ЮНИТ-М300/Проект/РЭ/103. Общи
е разделы РЭ//Элементы ФС/_latex/img/6_virt_key.pdf><//uni-e
ng.ru/unit/Ivanovo/Документация ЮНИТ М300/Разработк
а/Схемы ФБ ЮНИТ-М300/Проект/РЭ/103. Общие разде
лы РЭ//Элементы ФС/_latex/img/7_virt_but.pdf><//uni-eng.ru/unit/Iv
anovo/Документация ЮНИТ М300/Разработка/Схемы 
ФБ ЮНИТ-М300/Проект/РЭ/103. Общие разделы РЭ//Э
лементы ФС/_latex/img/8_switch.pdf><//uni-eng.ru/unit/Ivanovo/Док
ументация ЮНИТ М300/Разработка/Схемы ФБ ЮНИ
Т-М300/Проект/РЭ/103. Общие разделы РЭ//Элемент
ы ФС/_latex/img/9_1_and.pdf><//uni-eng.ru/unit/Ivanovo/Документац
ия ЮНИТ М300/Разработка/Схемы ФБ ЮНИТ-М300/Про
ект/РЭ/103. Общие разделы РЭ//Элементы ФС/_latex/im
g/9_2_and.pdf><//uni-eng.ru/unit/Ivanovo/Документация ЮНИТ М300
/Разработка/Схемы ФБ ЮНИТ-М300/Проект/РЭ/103. О
бщие разделы РЭ//Элементы ФС/_latex/img/10_1_or.pdf><//un
i-eng.ru/unit/Ivanovo/Документация ЮНИТ М300/Разработ
ка/Схемы ФБ ЮНИТ-М300/Проект/РЭ/103. Общие разд
елы РЭ//Элементы ФС/_latex/img/10_2_or.pdf><//uni-eng.ru/unit/Iva
novo/Документация ЮНИТ М300/Разработка/Схемы 
ФБ ЮНИТ-М300/Проект/РЭ/103. Общие разделы РЭ//Э
лементы ФС/_latex/img/11_1_xor.pdf><//uni-eng.ru/unit/Ivanovo/Док
ументация ЮНИТ М300/Разработка/Схемы ФБ ЮНИ
Т-М300/Проект/РЭ/103. Общие разделы РЭ//Элемент
ы ФС/_latex/img/11_2_xor.pdf><//uni-eng.ru/unit/Ivanovo/Документа
ция ЮНИТ М300/Разработка/Схемы ФБ ЮНИТ-М300/Пр
оект/РЭ/103. Общие разделы РЭ//Элементы ФС/_latex/
img/12_1_sr_mem.pdf><//uni-eng.ru/unit/Ivanovo/Документация ЮНИ
Т М300/Разработка/Схемы ФБ ЮНИТ-М300/Проект/РЭ/1
03. Общие разделы РЭ//Элементы ФС/_latex/img/12_2.pdf></
/uni-eng.ru/unit/Ivanovo/Документация ЮНИТ М300/Разраб
отка/Схемы ФБ ЮНИТ-М300/Проект/РЭ/103. Общие ра
зделы РЭ//Элементы ФС/_latex/img/13_1_sr.pdf><//uni-eng.ru/unit
/Ivanovo/Документация ЮНИТ М300/Разработка/Схем
ы ФБ ЮНИТ-М300/Проект/РЭ/103. Общие разделы РЭ//
Элементы ФС/_latex/img/14_1_rs_mem.pdf><//uni-eng.ru/unit/Ivanovo/Д
окументация ЮНИТ М300/Разработка/Схемы ФБ Ю
НИТ-М300/Проект/РЭ/103. Общие разделы РЭ//Элеме
нты ФС/_latex/img/14_2.pdf><//uni-eng.ru/unit/Ivanovo/Документа
ция ЮНИТ М300/Разработка/Схемы ФБ ЮНИТ-М300/Пр
оект/РЭ/103. Общие разделы РЭ//Элементы ФС/_latex/
img/15_1_rs.pdf>] [111<//uni-eng.ru/unit/Ivanovo/Документация ЮН
ИТ М300/Разработка/Схемы ФБ ЮНИТ-М300/Проект/Р
Э/103. Общие разделы РЭ//Элементы ФС/_latex/img/16_not.
pdf><//uni-eng.ru/unit/Ivanovo/Документация ЮНИТ М300/Раз
работка/Схемы ФБ ЮНИТ-М300/Проект/РЭ/103. Общи
е разделы РЭ//Элементы ФС/_latex/img/17_1_ton.pdf><//uni-eng
.ru/unit/Ivanovo/Документация ЮНИТ М300/Разработка/
Схемы ФБ ЮНИТ-М300/Проект/РЭ/103. Общие раздел
ы РЭ//Элементы ФС/_latex/img/17_2_ton.pdf><//uni-eng.ru/unit/Ivanov
o/Документация ЮНИТ М300/Разработка/Схемы ФБ 
ЮНИТ-М300/Проект/РЭ/103. Общие разделы РЭ//Элем
енты ФС/_latex/img/18.pdf><//uni-eng.ru/unit/Ivanovo/Документа
ция ЮНИТ М300/Разработка/Схемы ФБ ЮНИТ-М300/Пр
оект/РЭ/103. Общие разделы РЭ//Элементы ФС/_latex/
img/19_1_tof.pdf><//uni-eng.ru/unit/Ivanovo/Документация ЮНИТ 
М300/Разработка/Схемы ФБ ЮНИТ-М300/Проект/РЭ/103.
 Общие разделы РЭ//Элементы ФС/_latex/img/20.pdf><//uni-
eng.ru/unit/Ivanovo/Документация ЮНИТ М300/Разработк
а/Схемы ФБ ЮНИТ-М300/Проект/РЭ/103. Общие разде
лы РЭ//Элементы ФС/_latex/img/19_2_tof.pdf><//uni-eng.ru/unit/Ivan
ovo/Документация ЮНИТ М300/Разработка/Схемы Ф
Б ЮНИТ-М300/Проект/РЭ/103. Общие разделы РЭ//Эл
ементы ФС/_latex/img/21_1_pls.pdf><//uni-eng.ru/unit/Ivanovo/Доку
ментация ЮНИТ М300/Разработка/Схемы ФБ ЮНИТ-
М300/Проект/РЭ/103. Общие разделы РЭ//Элементы 
ФС/_latex/img/21_2_pls.pdf><//uni-eng.ru/unit/Ivanovo/Документаци
я ЮНИТ М300/Разработка/Схемы ФБ ЮНИТ-М300/Прое
кт/РЭ/103. Общие разделы РЭ//Элементы ФС/_latex/img/
22.pdf><//uni-eng.ru/unit/Ivanovo/Документация ЮНИТ М300/Ра
зработка/Схемы ФБ ЮНИТ-М300/Проект/РЭ/103. Общ
ие разделы РЭ//Элементы ФС/_latex/img/23_1.pdf><//uni-eng.r
u/unit/Ivanovo/Документация ЮНИТ М300/Разработка/С
хемы ФБ ЮНИТ-М300/Проект/РЭ/103. Общие разделы 
РЭ//Элементы ФС/_latex/img/23_2.pdf><//uni-eng.ru/unit/Ivanovo/Д
окументация ЮНИТ М300/Разработка/Схемы ФБ Ю
НИТ-М300/Проект/РЭ/103. Общие разделы РЭ//Элеме
нты ФС/_latex/img/24_1.pdf><//uni-eng.ru/unit/Ivanovo/Документа
ция ЮНИТ М300/Разработка/Схемы ФБ ЮНИТ-М300/Пр
оект/РЭ/103. Общие разделы РЭ//Элементы ФС/_latex/
img/24_2.pdf><//uni-eng.ru/unit/Ivanovo/Документация ЮНИТ М300/
Разработка/Схемы ФБ ЮНИТ-М300/Проект/РЭ/103. О
бщие разделы РЭ//Элементы ФС/_latex/img/25.pdf><//uni-eng
.ru/unit/Ivanovo/Документация ЮНИТ М300/Разработка/
Схемы ФБ ЮНИТ-М300/Проект/РЭ/103. Общие раздел
ы РЭ//Элементы ФС/_latex/img/26.pdf><//uni-eng.ru/unit/Ivanovo/Д
окументация ЮНИТ М300/Разработка/Схемы ФБ Ю
НИТ-М300/Проект/РЭ/103. Общие разделы РЭ//Элеме
нты ФС/_latex/img/27.pdf>])
("//uni-eng.ru/unit/Ivanovo/Документация ЮНИТ М300/Разра
ботка/Схемы ФБ ЮНИТ-М300/Проект/РЭ/08. РЭ ЮНИТ-
М3-СВ//Приложение А. Сигналы/_latex/app1.tex"
Package typearea Info: These are the values describing the layout:
(typearea)             DIV  = areaset
(typearea)             BCOR = 0.0pt
(typearea)             \paperwidth      = 597.50793pt
(typearea)              \textwidth      = 759.68857pt
(typearea)              \evensidemargin = -153.3603pt
(typearea)              \oddsidemargin  = -153.3603pt
(typearea)             \paperheight     = 845.04694pt
(typearea)              \textheight     = 512.1496pt
(typearea)              \topmargin      = -0.05421pt
(typearea)              \headheight     = 17.0pt
(typearea)              \headsep        = 21.75pt
(typearea)              \topskip        = 22.0pt
(typearea)              \footskip       = 50.75pt
(typearea)              \baselineskip   = 14.5pt
(typearea)              on input line 2.
Package typearea Info: Using dirty hack to recalculate internal output
(typearea)             dimensions of LaTeX on input line 2.
*geometry* verbose mode - [ newgeometry ] result:
* driver: luatex
* paper: a4paper
* layout: <same size as paper>
* layoutoffset:(h,v)=(0.0pt,0.0pt)
* modes: 
* h-part:(L,W,R)=(62.59605pt, 506.45908pt, 28.45274pt)
* v-part:(T,H,B)=(39.83385pt, 773.91498pt, 31.29802pt)
* \paperwidth=597.50787pt
* \paperheight=845.04684pt
* \textwidth=506.45908pt
* \textheight=773.91498pt
* \oddsidemargin=-9.67393pt
* \evensidemargin=-9.67393pt
* \topmargin=-55.47195pt
* \headheight=14.5pt
* \headsep=8.53581pt
* \topskip=22.0pt
* \footskip=19.91692pt
* \marginparwidth=0.0pt
* \marginparsep=0.0pt
* \columnsep=10.0pt
* \skip\footins=10.8pt plus 4.0pt minus 2.0pt
* \hoffset=0.0pt
* \voffset=0.0pt
* \mag=1000
* \@twocolumnfalse
* \@twosidefalse
* \@mparswitchfalse
* \@reversemarginfalse
* (1in=72.27pt=25.4mm, 1cm=28.453pt)



Package hyperref Warning: Token not allowed in a PDF string (Unicode):
(hyperref)                removing `\newline' on input line 19.


Overfull \hbox (7.54622pt too wide) in alignment at lines 45--54
 [][][][][][][][][] 
 []


Overfull \hbox (7.54622pt too wide) in alignment at lines 54--61
 [][][][][][][][][] 
 []


Overfull \hbox (7.54622pt too wide) in alignment at lines 61--64
 [][][][][][][][][] 
 []


Overfull \hbox (7.54622pt too wide) in alignment at lines 64--67
 [][][][][][][][][] 
 []


Overfull \hbox (7.54622pt too wide) in alignment at lines 67--295
 [][][][][][][][][] 
 []


Overfull \hbox (7.54622pt too wide) in alignment at lines 295--550
 [][][][][][][][][] 
 []

[112



] [113] [114] [115] [116] [117] [118]
Overfull \hbox (7.54622pt too wide) in alignment at lines 550--801
 [][][][][][][][][] 
 []

[119] [120] [121] [122] [123] [124] [125]
Overfull \hbox (7.54622pt too wide) in alignment at lines 801--1027
 [][][][][][][][][] 
 []

[126] [127] [128] [129] [130] [131] [132] [133] [134] [135] [136] [137]
[138] [139] [140] [141] [142] [143] [144] [145] [146])
("//uni-eng.ru/unit/Ivanovo/Документация ЮНИТ М300/Разра
ботка/Схемы ФБ ЮНИТ-М300/Проект/РЭ/08. РЭ ЮНИТ-
М3-СВ//Приложение. Характеристики/appchars.tex"
Package typearea Info: These are the values describing the layout:
(typearea)             DIV  = areaset
(typearea)             BCOR = 0.0pt
(typearea)             \paperwidth      = 597.50793pt
(typearea)              \textwidth      = 512.1496pt
(typearea)              \evensidemargin = -29.59084pt
(typearea)              \oddsidemargin  = -29.59084pt
(typearea)             \paperheight     = 845.04694pt
(typearea)              \textheight     = 759.68857pt
(typearea)              \topmargin      = -82.5672pt
(typearea)              \headheight     = 17.0pt
(typearea)              \headsep        = 21.75pt
(typearea)              \topskip        = 22.0pt
(typearea)              \footskip       = 50.75pt
(typearea)              \baselineskip   = 14.5pt
(typearea)              on input line 13.
Package typearea Info: Using dirty hack to recalculate internal output
(typearea)             dimensions of LaTeX on input line 13.


Package typearea Warning: page content and margins higher than paper.
(typearea)                This may result in page footer out of paper.
(typearea)                You should decrease DIV, decrease foot height,
(typearea)                or decreate height of text area.

*geometry* verbose mode - [ newgeometry ] result:
* driver: luatex
* paper: a4paper
* layout: <same size as paper>
* layoutoffset:(h,v)=(0.0pt,0.0pt)
* modes: includehead includefoot 
* h-part:(L,W,R)=(62.59605pt, 506.45908pt, 28.45274pt)
* v-part:(T,H,B)=(17.07164pt, 810.90356pt, 17.07164pt)
* \paperwidth=597.50787pt
* \paperheight=845.04684pt
* \textwidth=506.45908pt
* \textheight=767.95084pt
* \oddsidemargin=-9.67393pt
* \evensidemargin=-9.67393pt
* \topmargin=-55.19835pt
* \headheight=14.5pt
* \headsep=8.53581pt
* \topskip=22.0pt
* \footskip=19.91692pt
* \marginparwidth=0.0pt
* \marginparsep=0.0pt
* \columnsep=10.0pt
* \skip\footins=10.8pt plus 4.0pt minus 2.0pt
* \hoffset=0.0pt
* \voffset=0.0pt
* \mag=1000
* \@twocolumnfalse
* \@twosidefalse
* \@mparswitchfalse
* \@reversemarginfalse
* (1in=72.27pt=25.4mm, 1cm=28.453pt)

<//uni-eng.ru/unit/Ivanovo/Документация ЮНИТ М300/Разра
ботка/Схемы ФБ ЮНИТ-М300/Проект/РЭ/08. РЭ ЮНИТ-
М3-СВ//Приложение. Характеристики/img/1.png, id=2933
, 567.62062pt x 700.11563pt>
File: //uni-eng.ru/unit/Ivanovo/Документация ЮНИТ М300/Раз
работка/Схемы ФБ ЮНИТ-М300/Проект/РЭ/08. РЭ ЮН
ИТ-М3-СВ//Приложение. Характеристики/img/1.png Gra
phic file (type png)
<use //uni-eng.ru/unit/Ivanovo/Документация ЮНИТ М300/Раз
работка/Схемы ФБ ЮНИТ-М300/Проект/РЭ/08. РЭ ЮН
ИТ-М3-СВ//Приложение. Характеристики/img/1.png>
Package luatex.def Info: //uni-eng.ru/unit/Ivanovo/Документация Ю
НИТ М300/Разработка/Схемы ФБ ЮНИТ-М300/Проект/
РЭ/08. РЭ ЮНИТ-М3-СВ//Приложение. Характерист
ики/img/1.png  used on input line 34.
(luatex.def)             Requested size: 253.22697pt x 312.33566pt.
<//uni-eng.ru/unit/Ivanovo/Документация ЮНИТ М300/Разра
ботка/Схемы ФБ ЮНИТ-М300/Проект/РЭ/08. РЭ ЮНИТ-
М3-СВ//Приложение. Характеристики/img/2.png, id=2934
, 542.025pt x 694.09312pt>
File: //uni-eng.ru/unit/Ivanovo/Документация ЮНИТ М300/Раз
работка/Схемы ФБ ЮНИТ-М300/Проект/РЭ/08. РЭ ЮН
ИТ-М3-СВ//Приложение. Характеристики/img/2.png Gra
phic file (type png)
<use //uni-eng.ru/unit/Ivanovo/Документация ЮНИТ М300/Раз
работка/Схемы ФБ ЮНИТ-М300/Проект/РЭ/08. РЭ ЮН
ИТ-М3-СВ//Приложение. Характеристики/img/2.png>
Package luatex.def Info: //uni-eng.ru/unit/Ivanovo/Документация Ю
НИТ М300/Разработка/Схемы ФБ ЮНИТ-М300/Проект/
РЭ/08. РЭ ЮНИТ-М3-СВ//Приложение. Характерист
ики/img/2.png  used on input line 41.
(luatex.def)             Requested size: 253.22998pt x 324.27507pt.
<//uni-eng.ru/unit/Ivanovo/Документация ЮНИТ М300/Разра
ботка/Схемы ФБ ЮНИТ-М300/Проект/РЭ/08. РЭ ЮНИТ-
М3-СВ//Приложение. Характеристики/img/3.png, id=2935
, 563.10374pt x 701.62125pt>
File: //uni-eng.ru/unit/Ivanovo/Документация ЮНИТ М300/Раз
работка/Схемы ФБ ЮНИТ-М300/Проект/РЭ/08. РЭ ЮН
ИТ-М3-СВ//Приложение. Характеристики/img/3.png Gra
phic file (type png)
<use //uni-eng.ru/unit/Ivanovo/Документация ЮНИТ М300/Раз
работка/Схемы ФБ ЮНИТ-М300/Проект/РЭ/08. РЭ ЮН
ИТ-М3-СВ//Приложение. Характеристики/img/3.png>
Package luatex.def Info: //uni-eng.ru/unit/Ivanovo/Документация Ю
НИТ М300/Разработка/Схемы ФБ ЮНИТ-М300/Проект/
РЭ/08. РЭ ЮНИТ-М3-СВ//Приложение. Характерист
ики/img/3.png  used on input line 48.
(luatex.def)             Requested size: 278.55247pt x 347.07341pt.

LaTeX Warning: `!h' float specifier changed to `!ht'.

<//uni-eng.ru/unit/Ivanovo/Документация ЮНИТ М300/Разра
ботка/Схемы ФБ ЮНИТ-М300/Проект/РЭ/08. РЭ ЮНИТ-
М3-СВ//Приложение. Характеристики/img/4.png, id=2936
, 554.07pt x 700.11563pt>
File: //uni-eng.ru/unit/Ivanovo/Документация ЮНИТ М300/Раз
работка/Схемы ФБ ЮНИТ-М300/Проект/РЭ/08. РЭ ЮН
ИТ-М3-СВ//Приложение. Характеристики/img/4.png Gra
phic file (type png)
<use //uni-eng.ru/unit/Ivanovo/Документация ЮНИТ М300/Раз
работка/Схемы ФБ ЮНИТ-М300/Проект/РЭ/08. РЭ ЮН
ИТ-М3-СВ//Приложение. Характеристики/img/4.png>
Package luatex.def Info: //uni-eng.ru/unit/Ivanovo/Документация Ю
НИТ М300/Разработка/Схемы ФБ ЮНИТ-М300/Проект/
РЭ/08. РЭ ЮНИТ-М3-СВ//Приложение. Характерист
ики/img/4.png  used on input line 55.
(luatex.def)             Requested size: 278.5561pt x 351.97987pt.

LaTeX Warning: `!h' float specifier changed to `!ht'.

<//uni-eng.ru/unit/Ivanovo/Документация ЮНИТ М300/Разра
ботка/Схемы ФБ ЮНИТ-М300/Проект/РЭ/08. РЭ ЮНИТ-
М3-СВ//Приложение. Характеристики/img/5.png, id=2937
, 569.12625pt x 694.09312pt>
File: //uni-eng.ru/unit/Ivanovo/Документация ЮНИТ М300/Раз
работка/Схемы ФБ ЮНИТ-М300/Проект/РЭ/08. РЭ ЮН
ИТ-М3-СВ//Приложение. Характеристики/img/5.png Gra
phic file (type png)
<use //uni-eng.ru/unit/Ivanovo/Документация ЮНИТ М300/Раз
работка/Схемы ФБ ЮНИТ-М300/Проект/РЭ/08. РЭ ЮН
ИТ-М3-СВ//Приложение. Характеристики/img/5.png>
Package luatex.def Info: //uni-eng.ru/unit/Ivanovo/Документация Ю
НИТ М300/Разработка/Схемы ФБ ЮНИТ-М300/Проект/
РЭ/08. РЭ ЮНИТ-М3-СВ//Приложение. Характерист
ики/img/5.png  used on input line 62.
(luatex.def)             Requested size: 278.56168pt x 339.72733pt.

LaTeX Warning: `!h' float specifier changed to `!ht'.

<//uni-eng.ru/unit/Ivanovo/Документация ЮНИТ М300/Разра
ботка/Схемы ФБ ЮНИТ-М300/Проект/РЭ/08. РЭ ЮНИТ-
М3-СВ//Приложение. Характеристики/img/6.png, id=2938
, 566.115pt x 698.61pt>
File: //uni-eng.ru/unit/Ivanovo/Документация ЮНИТ М300/Раз
работка/Схемы ФБ ЮНИТ-М300/Проект/РЭ/08. РЭ ЮН
ИТ-М3-СВ//Приложение. Характеристики/img/6.png Gra
phic file (type png)
<use //uni-eng.ru/unit/Ivanovo/Документация ЮНИТ М300/Раз
работка/Схемы ФБ ЮНИТ-М300/Проект/РЭ/08. РЭ ЮН
ИТ-М3-СВ//Приложение. Характеристики/img/6.png>
Package luatex.def Info: //uni-eng.ru/unit/Ivanovo/Документация Ю
НИТ М300/Разработка/Схемы ФБ ЮНИТ-М300/Проект/
РЭ/08. РЭ ЮНИТ-М3-СВ//Приложение. Характерист
ики/img/6.png  used on input line 69.
(luatex.def)             Requested size: 278.55629pt x 343.75032pt.

LaTeX Warning: `!h' float specifier changed to `!ht'.

<//uni-eng.ru/unit/Ivanovo/Документация ЮНИТ М300/Разра
ботка/Схемы ФБ ЮНИТ-М300/Проект/РЭ/08. РЭ ЮНИТ-
М3-СВ//Приложение. Характеристики/img/7.png, id=2939
, 921.4425pt x 683.55376pt>
File: //uni-eng.ru/unit/Ivanovo/Документация ЮНИТ М300/Раз
работка/Схемы ФБ ЮНИТ-М300/Проект/РЭ/08. РЭ ЮН
ИТ-М3-СВ//Приложение. Характеристики/img/7.png Gra
phic file (type png)
<use //uni-eng.ru/unit/Ivanovo/Документация ЮНИТ М300/Раз
работка/Схемы ФБ ЮНИТ-М300/Проект/РЭ/08. РЭ ЮН
ИТ-М3-СВ//Приложение. Характеристики/img/7.png>
Package luatex.def Info: //uni-eng.ru/unit/Ivanovo/Документация Ю
НИТ М300/Разработка/Схемы ФБ ЮНИТ-М300/Проект/
РЭ/08. РЭ ЮНИТ-М3-СВ//Приложение. Характерист
ики/img/7.png  used on input line 77.
(luatex.def)             Requested size: 430.49098pt x 319.35115pt.

LaTeX Warning: `!h' float specifier changed to `!ht'.

[147




<//uni-eng.ru/unit/Ivanovo/Документация ЮНИТ М300/Разра
ботка/Схемы ФБ ЮНИТ-М300/Проект/РЭ/08. РЭ ЮНИТ-
М3-СВ//Приложение. Характеристики/img/1.png><//uni-en
g.ru/unit/Ivanovo/Документация ЮНИТ М300/Разработка/
Схемы ФБ ЮНИТ-М300/Проект/РЭ/08. РЭ ЮНИТ-М3-СВ//
Приложение. Характеристики/img/2.png>] [148<//uni-eng.ru
/unit/Ivanovo/Документация ЮНИТ М300/Разработка/С
хемы ФБ ЮНИТ-М300/Проект/РЭ/08. РЭ ЮНИТ-М3-СВ//П
риложение. Характеристики/img/3.png><//uni-eng.ru/unit/Iv
anovo/Документация ЮНИТ М300/Разработка/Схемы 
ФБ ЮНИТ-М300/Проект/РЭ/08. РЭ ЮНИТ-М3-СВ//Прилож
ение. Характеристики/img/4.png>] [149<//uni-eng.ru/unit/Ivanov
o/Документация ЮНИТ М300/Разработка/Схемы ФБ 
ЮНИТ-М300/Проект/РЭ/08. РЭ ЮНИТ-М3-СВ//Приложен
ие. Характеристики/img/5.png><//uni-eng.ru/unit/Ivanovo/Док
ументация ЮНИТ М300/Разработка/Схемы ФБ ЮНИ
Т-М300/Проект/РЭ/08. РЭ ЮНИТ-М3-СВ//Приложение. 
Характеристики/img/6.png>] [150<//uni-eng.ru/unit/Ivanovo/Док
ументация ЮНИТ М300/Разработка/Схемы ФБ ЮНИ
Т-М300/Проект/РЭ/08. РЭ ЮНИТ-М3-СВ//Приложение. 
Характеристики/img/7.png>])
("//uni-eng.ru/unit/Ivanovo/Документация ЮНИТ М300/Разра
ботка/Схемы ФБ ЮНИТ-М300/Проект/РЭ/08. РЭ ЮНИТ-
М3-СВ//Приложение. ЛЗШ/_latex/app.tex"
Package typearea Info: These are the values describing the layout:
(typearea)             DIV  = areaset
(typearea)             BCOR = 0.0pt
(typearea)             \paperwidth      = 1195.01587pt
(typearea)              \textwidth      = 1109.65747pt
(typearea)              \evensidemargin = -29.5908pt
(typearea)              \oddsidemargin  = -29.5908pt
(typearea)             \paperheight     = 845.04694pt
(typearea)              \textheight     = 776.76022pt
(typearea)              \topmargin      = -88.25775pt
(typearea)              \headheight     = 17.0pt
(typearea)              \headsep        = 21.75pt
(typearea)              \topskip        = 22.0pt
(typearea)              \footskip       = 50.75pt
(typearea)              \baselineskip   = 14.5pt
(typearea)              on input line 2.
Package typearea Info: Using dirty hack to recalculate internal output
(typearea)             dimensions of LaTeX on input line 2.


Package typearea Warning: page content and margins higher than paper.
(typearea)                This may result in page footer out of paper.
(typearea)                You should decrease DIV, decrease foot height,
(typearea)                or decreate height of text area.


warning  (file //uni-eng.ru/unit/Ivanovo/Документация ЮНИТ М300
/Разработка/Схемы ФБ ЮНИТ-М300/Проект/РЭ/08. Р
Э ЮНИТ-М3-СВ//Приложение. ЛЗШ/_latex/img/1.pdf) (pdf inclus
ion): PDF inclusion: found PDF version '1.7', but at most version '1.5' allowed
<//uni-eng.ru/unit/Ivanovo/Документация ЮНИТ М300/Разра
ботка/Схемы ФБ ЮНИТ-М300/Проект/РЭ/08. РЭ ЮНИТ-
М3-СВ//Приложение. ЛЗШ/_latex/img/1.pdf, id=2971, 1130.96162pt 
x 1007.11377pt>
File: //uni-eng.ru/unit/Ivanovo/Документация ЮНИТ М300/Раз
работка/Схемы ФБ ЮНИТ-М300/Проект/РЭ/08. РЭ ЮН
ИТ-М3-СВ//Приложение. ЛЗШ/_latex/img/1.pdf Graphic file (type
 pdf)
<use //uni-eng.ru/unit/Ivanovo/Документация ЮНИТ М300/Раз
работка/Схемы ФБ ЮНИТ-М300/Проект/РЭ/08. РЭ ЮН
ИТ-М3-СВ//Приложение. ЛЗШ/_latex/img/1.pdf>
Package luatex.def Info: //uni-eng.ru/unit/Ivanovo/Документация Ю
НИТ М300/Разработка/Схемы ФБ ЮНИТ-М300/Проект/
РЭ/08. РЭ ЮНИТ-М3-СВ//Приложение. ЛЗШ/_latex/img/1.pdf 
 used on input line 18.
(luatex.def)             Requested size: 532.63924pt x 474.31168pt.

warning  (file //uni-eng.ru/unit/Ivanovo/Документация ЮНИТ М300
/Разработка/Схемы ФБ ЮНИТ-М300/Проект/РЭ/08. Р
Э ЮНИТ-М3-СВ//Приложение. ЛЗШ/_latex/img/2.pdf) (pdf inclus
ion): PDF inclusion: found PDF version '1.7', but at most version '1.5' allowed
<//uni-eng.ru/unit/Ivanovo/Документация ЮНИТ М300/Разра
ботка/Схемы ФБ ЮНИТ-М300/Проект/РЭ/08. РЭ ЮНИТ-
М3-СВ//Приложение. ЛЗШ/_latex/img/2.pdf, id=2972, 1114.39629pt 
x 1008.61914pt>
File: //uni-eng.ru/unit/Ivanovo/Документация ЮНИТ М300/Раз
работка/Схемы ФБ ЮНИТ-М300/Проект/РЭ/08. РЭ ЮН
ИТ-М3-СВ//Приложение. ЛЗШ/_latex/img/2.pdf Graphic file (type
 pdf)
<use //uni-eng.ru/unit/Ivanovo/Документация ЮНИТ М300/Раз
работка/Схемы ФБ ЮНИТ-М300/Проект/РЭ/08. РЭ ЮН
ИТ-М3-СВ//Приложение. ЛЗШ/_latex/img/2.pdf>
Package luatex.def Info: //uni-eng.ru/unit/Ivanovo/Документация Ю
НИТ М300/Разработка/Схемы ФБ ЮНИТ-М300/Проект/
РЭ/08. РЭ ЮНИТ-М3-СВ//Приложение. ЛЗШ/_latex/img/2.pdf 
 used on input line 24.
(luatex.def)             Requested size: 532.62556pt x 482.0694pt.

Package fancyhdr Warning: \footskip is too small (-14.22636pt): 
(fancyhdr)                Make it at least 15.49998pt, for example:
(fancyhdr)                \setlength{\footskip}{15.49998pt}.

[151


<//uni-eng.ru/unit/Ivanovo/Документация ЮНИТ М300/Разра
ботка/Схемы ФБ ЮНИТ-М300/Проект/РЭ/08. РЭ ЮНИТ-
М3-СВ//Приложение. ЛЗШ/_latex/img/1.pdf><//uni-eng.ru/unit/Ivano
vo/Документация ЮНИТ М300/Разработка/Схемы Ф
Б ЮНИТ-М300/Проект/РЭ/08. РЭ ЮНИТ-М3-СВ//Приложе
ние. ЛЗШ/_latex/img/2.pdf>])
("//uni-eng.ru/unit/Ivanovo/Документация ЮНИТ М300/Разра
ботка/Схемы ФБ ЮНИТ-М300/Проект/РЭ/08. РЭ ЮНИТ-
М3-СВ//Приложение. АВР/_latex/app.tex"
Package typearea Info: These are the values describing the layout:
(typearea)             DIV  = areaset
(typearea)             BCOR = 0.0pt
(typearea)             \paperwidth      = 1195.01587pt
(typearea)              \textwidth      = 1109.65747pt
(typearea)              \evensidemargin = -29.5908pt
(typearea)              \oddsidemargin  = -29.5908pt
(typearea)             \paperheight     = 845.04694pt
(typearea)              \textheight     = 776.76022pt
(typearea)              \topmargin      = -88.25775pt
(typearea)              \headheight     = 17.0pt
(typearea)              \headsep        = 21.75pt
(typearea)              \topskip        = 22.0pt
(typearea)              \footskip       = 50.75pt
(typearea)              \baselineskip   = 14.5pt
(typearea)              on input line 2.
Package typearea Info: Using dirty hack to recalculate internal output
(typearea)             dimensions of LaTeX on input line 2.


Package typearea Warning: page content and margins higher than paper.
(typearea)                This may result in page footer out of paper.
(typearea)                You should decrease DIV, decrease foot height,
(typearea)                or decreate height of text area.


warning  (file //uni-eng.ru/unit/Ivanovo/Документация ЮНИТ М300
/Разработка/Схемы ФБ ЮНИТ-М300/Проект/РЭ/08. Р
Э ЮНИТ-М3-СВ//Приложение. АВР/_latex/img/1.pdf) (pdf inclus
ion): PDF inclusion: found PDF version '1.7', but at most version '1.5' allowed
<//uni-eng.ru/unit/Ivanovo/Документация ЮНИТ М300/Разра
ботка/Схемы ФБ ЮНИТ-М300/Проект/РЭ/08. РЭ ЮНИТ-
М3-СВ//Приложение. АВР/_latex/img/1.pdf, id=2995, 1373.41806pt 
x 2429.71834pt>
File: //uni-eng.ru/unit/Ivanovo/Документация ЮНИТ М300/Раз
работка/Схемы ФБ ЮНИТ-М300/Проект/РЭ/08. РЭ ЮН
ИТ-М3-СВ//Приложение. АВР/_latex/img/1.pdf Graphic file (type
 pdf)
<use //uni-eng.ru/unit/Ivanovo/Документация ЮНИТ М300/Раз
работка/Схемы ФБ ЮНИТ-М300/Проект/РЭ/08. РЭ ЮН
ИТ-М3-СВ//Приложение. АВР/_latex/img/1.pdf>
Package luatex.def Info: //uni-eng.ru/unit/Ivanovo/Документация Ю
НИТ М300/Разработка/Схемы ФБ ЮНИТ-М300/Проект/
РЭ/08. РЭ ЮНИТ-М3-СВ//Приложение. АВР/_latex/img/1.pdf 
 used on input line 18.
(luatex.def)             Requested size: 533.158pt x 943.21158pt.

warning  (file //uni-eng.ru/unit/Ivanovo/Документация ЮНИТ М300
/Разработка/Схемы ФБ ЮНИТ-М300/Проект/РЭ/08. Р
Э ЮНИТ-М3-СВ//Приложение. АВР/_latex/img/2.pdf) (pdf inclus
ion): PDF inclusion: found PDF version '1.7', but at most version '1.5' allowed
<//uni-eng.ru/unit/Ivanovo/Документация ЮНИТ М300/Разра
ботка/Схемы ФБ ЮНИТ-М300/Проект/РЭ/08. РЭ ЮНИТ-
М3-СВ//Приложение. АВР/_latex/img/2.pdf, id=2996, 1411.06659pt 
x 2669.07709pt>
File: //uni-eng.ru/unit/Ivanovo/Документация ЮНИТ М300/Раз
работка/Схемы ФБ ЮНИТ-М300/Проект/РЭ/08. РЭ ЮН
ИТ-М3-СВ//Приложение. АВР/_latex/img/2.pdf Graphic file (type
 pdf)
<use //uni-eng.ru/unit/Ivanovo/Документация ЮНИТ М300/Раз
работка/Схемы ФБ ЮНИТ-М300/Проект/РЭ/08. РЭ ЮН
ИТ-М3-СВ//Приложение. АВР/_latex/img/2.pdf>
Package luatex.def Info: //uni-eng.ru/unit/Ivanovo/Документация Ю
НИТ М300/Разработка/Схемы ФБ ЮНИТ-М300/Проект/
РЭ/08. РЭ ЮНИТ-М3-СВ//Приложение. АВР/_latex/img/2.pdf 
 used on input line 24.
(luatex.def)             Requested size: 498.63908pt x 943.19162pt.

Package fancyhdr Warning: \footskip is too small (-14.22636pt): 
(fancyhdr)                Make it at least 15.49998pt, for example:
(fancyhdr)                \setlength{\footskip}{15.49998pt}.

[152




<//uni-eng.ru/unit/Ivanovo/Документация ЮНИТ М300/Разра
ботка/Схемы ФБ ЮНИТ-М300/Проект/РЭ/08. РЭ ЮНИТ-
М3-СВ//Приложение. АВР/_latex/img/1.pdf>]

Package fancyhdr Warning: \footskip is too small (-14.22636pt): 
(fancyhdr)                Make it at least 15.49998pt, for example:
(fancyhdr)                \setlength{\footskip}{15.49998pt}.

[153<//uni-eng.ru/unit/Ivanovo/Документация ЮНИТ М300/Раз
работка/Схемы ФБ ЮНИТ-М300/Проект/РЭ/08. РЭ ЮН
ИТ-М3-СВ//Приложение. АВР/_latex/img/2.pdf>])
("//uni-eng.ru/unit/Ivanovo/Документация ЮНИТ М300/Разра
ботка/Схемы ФБ ЮНИТ-М300/Проект/РЭ/08. РЭ ЮНИТ-
М3-СВ//Приложение. ПС/_latex/app.tex"
Package typearea Info: These are the values describing the layout:
(typearea)             DIV  = areaset
(typearea)             BCOR = 0.0pt
(typearea)             \paperwidth      = 1195.01587pt
(typearea)              \textwidth      = 1109.65747pt
(typearea)              \evensidemargin = -29.5908pt
(typearea)              \oddsidemargin  = -29.5908pt
(typearea)             \paperheight     = 845.04694pt
(typearea)              \textheight     = 776.76022pt
(typearea)              \topmargin      = -88.25775pt
(typearea)              \headheight     = 17.0pt
(typearea)              \headsep        = 21.75pt
(typearea)              \topskip        = 22.0pt
(typearea)              \footskip       = 50.75pt
(typearea)              \baselineskip   = 14.5pt
(typearea)              on input line 2.
Package typearea Info: Using dirty hack to recalculate internal output
(typearea)             dimensions of LaTeX on input line 2.


Package typearea Warning: page content and margins higher than paper.
(typearea)                This may result in page footer out of paper.
(typearea)                You should decrease DIV, decrease foot height,
(typearea)                or decreate height of text area.


warning  (file //uni-eng.ru/unit/Ivanovo/Документация ЮНИТ М300
/Разработка/Схемы ФБ ЮНИТ-М300/Проект/РЭ/08. Р
Э ЮНИТ-М3-СВ//Приложение. ПС/_latex/img/1.pdf) (pdf inclusio
n): PDF inclusion: found PDF version '1.7', but at most version '1.5' allowed
<//uni-eng.ru/unit/Ivanovo/Документация ЮНИТ М300/Разра
ботка/Схемы ФБ ЮНИТ-М300/Проект/РЭ/08. РЭ ЮНИТ-
М3-СВ//Приложение. ПС/_latex/img/1.pdf, id=3025, 697.25533pt x 1
203.47493pt>
File: //uni-eng.ru/unit/Ivanovo/Документация ЮНИТ М300/Раз
работка/Схемы ФБ ЮНИТ-М300/Проект/РЭ/08. РЭ ЮН
ИТ-М3-СВ//Приложение. ПС/_latex/img/1.pdf Graphic file (type p
df)
<use //uni-eng.ru/unit/Ivanovo/Документация ЮНИТ М300/Раз
работка/Схемы ФБ ЮНИТ-М300/Проект/РЭ/08. РЭ ЮН
ИТ-М3-СВ//Приложение. ПС/_latex/img/1.pdf>
Package luatex.def Info: //uni-eng.ru/unit/Ivanovo/Документация Ю
НИТ М300/Разработка/Схемы ФБ ЮНИТ-М300/Проект/
РЭ/08. РЭ ЮНИТ-М3-СВ//Приложение. ПС/_latex/img/1.pdf  u
sed on input line 16.
(luatex.def)             Requested size: 546.48486pt x 943.24248pt.

Package fancyhdr Warning: \footskip is too small (-14.22636pt): 
(fancyhdr)                Make it at least 15.49998pt, for example:
(fancyhdr)                \setlength{\footskip}{15.49998pt}.

[154




<//uni-eng.ru/unit/Ivanovo/Документация ЮНИТ М300/Разра
ботка/Схемы ФБ ЮНИТ-М300/Проект/РЭ/08. РЭ ЮНИТ-
М3-СВ//Приложение. ПС/_latex/img/1.pdf>]) (./endapp.tex)
("//uni-eng.ru/unit/Ivanovo/Документация ЮНИТ М300/Разра
ботка/Схемы ФБ ЮНИТ-М300/Проект/РЭ/103. Общие р
азделы РЭ//Лист рег изм/_latex/izm.tex"
Package typearea Info: These are the values describing the layout:
(typearea)             DIV  = areaset
(typearea)             BCOR = 0.0pt
(typearea)             \paperwidth      = 597.50793pt
(typearea)              \textwidth      = 512.1496pt
(typearea)              \evensidemargin = -29.59084pt
(typearea)              \oddsidemargin  = -29.59084pt
(typearea)             \paperheight     = 845.04694pt
(typearea)              \textheight     = 759.68857pt
(typearea)              \topmargin      = -82.5672pt
(typearea)              \headheight     = 17.0pt
(typearea)              \headsep        = 21.75pt
(typearea)              \topskip        = 22.0pt
(typearea)              \footskip       = 50.75pt
(typearea)              \baselineskip   = 14.5pt
(typearea)              on input line 2.
Package typearea Info: Using dirty hack to recalculate internal output
(typearea)             dimensions of LaTeX on input line 2.


Package typearea Warning: page content and margins higher than paper.
(typearea)                This may result in page footer out of paper.
(typearea)                You should decrease DIV, decrease foot height,
(typearea)                or decreate height of text area.

*geometry* verbose mode - [ newgeometry ] result:
* driver: luatex
* paper: a4paper
* layout: <same size as paper>
* layoutoffset:(h,v)=(0.0pt,0.0pt)
* modes: includehead includefoot 
* h-part:(L,W,R)=(62.59605pt, 506.45908pt, 28.45274pt)
* v-part:(T,H,B)=(17.07164pt, 810.90356pt, 17.07164pt)
* \paperwidth=597.50787pt
* \paperheight=845.04684pt
* \textwidth=506.45908pt
* \textheight=767.95084pt
* \oddsidemargin=-9.67393pt
* \evensidemargin=-9.67393pt
* \topmargin=-55.19835pt
* \headheight=14.5pt
* \headsep=8.53581pt
* \topskip=22.0pt
* \footskip=19.91692pt
* \marginparwidth=0.0pt
* \marginparsep=0.0pt
* \columnsep=10.0pt
* \skip\footins=10.8pt plus 4.0pt minus 2.0pt
* \hoffset=0.0pt
* \voffset=0.0pt
* \mag=1000
* \@twocolumnfalse
* \@twosidefalse
* \@mparswitchfalse
* \@reversemarginfalse
* (1in=72.27pt=25.4mm, 1cm=28.453pt)


Overfull \hbox (3.58856pt too wide) in paragraph at lines 28--28
 []|\TU/ArialNarrow(1)/m/n/12 Изм.| 
 []


Overfull \hbox (1.0348pt too wide) in alignment at lines 21--30
 [][][][][][][][][] 
 []


Overfull \hbox (44.7773pt too wide) in paragraph at lines 31--32
 []|\TU/ArialNarrow(1)/m/it/12 Продолжение 
 []


Overfull \hbox (3.58856pt too wide) in paragraph at lines 35--35
 []|\TU/ArialNarrow(1)/m/n/12 Изм.| 
 []


Overfull \hbox (1.0348pt too wide) in alignment at lines 30--37
 [][][][][][][][][] 
 []


Overfull \hbox (1.0348pt too wide) in alignment at lines 37--39
 [][][][][][][][][] 
 []


Overfull \hbox (1.0348pt too wide) in alignment at lines 39--41
 [][][][][][][][][] 
 []


Overfull \hbox (1.0348pt too wide) in alignment at lines 41--97
 [][][][][][][][][] 
 []

[155




]) (./general.aux)
 ***********
LaTeX2e <2023-11-01>
L3 programming layer <2023-11-09>
 ***********


LaTeX Warning: There were multiply-defined labels.

Package rerunfilecheck Info: File `general.out' has not changed.
(rerunfilecheck)             Checksum: FB947DBC7E35E4C9A4E6C0EE3DB7350F;8531.
)

Here is how much of LuaTeX's memory you used:
 42492 strings out of 476598
 1165185,1977958 words of node,token memory allocated
 972 words of node memory still in use:
   8 hlist, 2 vlist, 2 rule, 1 local_par, 4 glue, 4 kern, 1 penalty, 2 margin_ke
rn, 4 glyph, 45 attribute, 108 glue_spec, 24 attribute_list, 3 write, 3 pdf_acti
on nodes
   avail lists: 1:11,2:68541,3:8473,4:227,5:499,6:3430,7:63122,8:79,9:38921,10:3
5,11:1900
 61955 multiletter control sequences out of 65536+600000
 103 fonts using 42869263 bytes
 113i,17n,104p,2385b,1017s stack positions out of 10000i,1000n,20000p,200000b,200000s
<d:/texlive/2023/texmf-dist/fonts/opentype/public/stix2-otf/STIXTwoMath-Regular.
otf><d:/texlive/2023/texmf-dist/fonts/opentype/public/lm/lmmono12-regular.otf><d
:/texlive/2023/texmf-dist/fonts/opentype/public/lm/lmmono10-regular.otf><d:/texl
ive/2023/texmf-dist/fonts/opentype/public/stix2-otf/STIXTwoMath-Regular.otf><d:/
texlive/2023/texmf-dist/fonts/opentype/public/fontawesome/FontAwesome.otf><c:/Wi
ndows/Fonts/ARIALNI.TTF><d:/texlive/2023/texmf-dist/fonts/opentype/public/stix2-
otf/STIXTwoMath-Regular.otf><c:/Windows/Fonts/ARIALN.TTF><c:/Windows/Fonts/ARIAL
NB.TTF>
Output written on general.pdf (155 pages, 7552046 bytes).

PDF statistics: 3138 PDF objects out of 3580 (max. 8388607)
 2482 compressed objects within 25 object streams
 935 named destinations out of 1000 (max. 131072)
 168 words of extra memory for PDF output out of 10000 (max. 100000000)

