This is LuaHBTeX, Version 1.17.0 (TeX Live 2023)  (format=lualatex 2023.11.30)  11 DEC 2025 13:14
 restricted system commands enabled.
**general.tex
(./general.tex
LaTeX2e <2023-11-01>
L3 programming layer <2023-11-09>
Lua module: luaotfload 2023-08-31 3.26 Lua based OpenType font support
Lua module: lualibs 2023-07-13 2.76 ConTeXt Lua standard libraries.
Lua module: lualibs-extended 2023-07-13 2.76 ConTeXt Lua libraries -- extended c
ollection.
luaotfload | conf : Root cache directory is "D:/texlive/2023/texmf-var/luatex-ca
che/generic/names".
luaotfload | init : Loading fontloader "fontloader-2023-08-19.lua" from kpse-res
olved path "d:/texlive/2023/texmf-dist/tex/luatex/luaotfload/fontloader-2023-08-
19.lua".
Lua-only attribute luaotfload@noligature = 1
luaotfload | init : Context OpenType loader version 3.133
Inserting `luaotfload.node_processor' in `pre_linebreak_filter'.
Inserting `luaotfload.node_processor' in `hpack_filter'.
Inserting `luaotfload.glyph_stream' in `glyph_stream_provider'.
Inserting `luaotfload.define_font' in `define_font'.
Lua-only attribute luaotfload_color_attribute = 2
luaotfload | conf : Root cache directory is "D:/texlive/2023/texmf-var/luatex-ca
che/generic/names".
Inserting `luaotfload.harf.strip_prefix' in `find_opentype_file'.
Inserting `luaotfload.harf.strip_prefix' in `find_truetype_file'.
Removing  `luaotfload.glyph_stream' from `glyph_stream_provider'.
Inserting `luaotfload.harf.glyphstream' in `glyph_stream_provider'.
Inserting `luaotfload.harf.finalize_vlist' in `post_linebreak_filter'.
Inserting `luaotfload.harf.finalize_hlist' in `hpack_filter'.
Inserting `luaotfload.cleanup_files' in `wrapup_run'.
Inserting `luaotfload.harf.finalize_unicode' in `finish_pdffile'.
Inserting `luaotfload.glyphinfo' in `glyph_info'.
Lua-only attribute luaotfload.letterspace_done = 3
Inserting `luaotfload.aux.set_sscale_dimens' in `luaotfload.patch_font'.
Inserting `luaotfload.aux.set_font_index' in `luaotfload.patch_font'.
Inserting `luaotfload.aux.patch_cambria_domh' in `luaotfload.patch_font'.
Inserting `luaotfload.aux.fixup_fontdata' in `luaotfload.patch_font_unsafe'.
Inserting `luaotfload.aux.set_capheight' in `luaotfload.patch_font'.
Inserting `luaotfload.aux.set_xheight' in `luaotfload.patch_font'.
Inserting `luaotfload.rewrite_fontname' in `luaotfload.patch_font'.
Inserting `tracingstacklevels' in `input_level_string'. (./preamble.tex (d:/tex
live/2023/texmf-dist/tex/latex/extsizes/extarticle.cls
Document Class: extarticle 1996/10/08 v1.0 Non Standard LaTeX document class
(d:/texlive/2023/texmf-dist/tex/latex/base/size12.clo
File: size12.clo 2023/05/17 v1.4n Standard LaTeX file (size option)
luaotfload | db : Font names database loaded from D:/texlive/2023/texmf-var/luat
ex-cache/generic/names/luaotfload-names.luc.gz)
(d:/texlive/2023/texmf-dist/tex/latex/base/exscale.sty
Package: exscale 2018/09/24 v2.1i Standard LaTeX package exscale
LaTeX Font Info:    Redeclaring symbol font `largesymbols' on input line 57.
LaTeX Font Info:    Overwriting symbol font `largesymbols' in version `normal'
(Font)                  OMX/cmex/m/n --> OMX/cmex/m/n on input line 57.
LaTeX Font Info:    Overwriting symbol font `largesymbols' in version `bold'
(Font)                  OMX/cmex/m/n --> OMX/cmex/m/n on input line 57.
\big@size=\dimen139
)
\c@part=\count184
\c@section=\count185
\c@subsection=\count186
\c@subsubsection=\count187
\c@paragraph=\count188
\c@subparagraph=\count189
\c@figure=\count190
\c@table=\count191
\abovecaptionskip=\skip48
\belowcaptionskip=\skip49
\bibindent=\dimen140
)
(d:/texlive/2023/texmf-dist/tex/latex/fontspec/fontspec.sty
(d:/texlive/2023/texmf-dist/tex/latex/l3packages/xparse/xparse.sty
(d:/texlive/2023/texmf-dist/tex/latex/l3kernel/expl3.sty
Package: expl3 2023-11-09 L3 programming layer (loader) 

(d:/texlive/2023/texmf-dist/tex/latex/l3backend/l3backend-luatex.def
File: l3backend-luatex.def 2023-11-09 L3 backend support: PDF output (LuaTeX)
\l__color_backend_stack_int=\count192
Inserting `l3color' in `luaotfload.parse_color'.
\l__pdf_internal_box=\box51
))
Package: xparse 2023-10-10 L3 Experimental document command parser
)
Package: fontspec 2022/01/15 v2.8a Font selection for XeLaTeX and LuaLaTeX
Lua module: fontspec 2022/01/15 2.8a Font selection for XeLaTeX and LuaLaTeX
(d:/texlive/2023/texmf-dist/tex/latex/fontspec/fontspec-luatex.sty
Package: fontspec-luatex 2022/01/15 v2.8a Font selection for XeLaTeX and LuaLaT
eX
\l__fontspec_script_int=\count193
\l__fontspec_language_int=\count194
\l__fontspec_strnum_int=\count195
\l__fontspec_tmp_int=\count196
\l__fontspec_tmpa_int=\count197
\l__fontspec_tmpb_int=\count198
\l__fontspec_tmpc_int=\count199
\l__fontspec_em_int=\count266
\l__fontspec_emdef_int=\count267
\l__fontspec_strong_int=\count268
\l__fontspec_strongdef_int=\count269
\l__fontspec_tmpa_dim=\dimen141
\l__fontspec_tmpb_dim=\dimen142
\l__fontspec_tmpc_dim=\dimen143

(d:/texlive/2023/texmf-dist/tex/latex/base/fontenc.sty
Package: fontenc 2021/04/29 v2.0v Standard LaTeX package
)
(d:/texlive/2023/texmf-dist/tex/latex/fontspec/fontspec.cfg)))
(d:/texlive/2023/texmf-dist/tex/generic/babel/babel.sty
Package: babel 2023/11/11 v3.97 The Babel package

(d:/texlive/2023/texmf-dist/tex/generic/babel/luababel.def
\bbl@readstream=\read2
\l@dumylang=\language2
Package babel Info: Non-standard hyphenation setup on input line 118.
\l@nohyphenation=\language3
\l@vietnamese=\language4
\l@hebrew=\language5
\l@german-x-2023-03-06=\language6
\l@ngerman-x-2023-03-06=\language7
\l@afrikaans=\language8
\l@ancientgreek=\language9
\l@ibycus=\language10
\l@arabic=\language11
\l@armenian=\language12
\l@basque=\language13
\l@belarusian=\language14
\l@bulgarian=\language15
\l@catalan=\language16
\l@pinyin=\language17
\l@churchslavonic=\language18
\l@coptic=\language19
\l@croatian=\language20
\l@czech=\language21
\l@danish=\language22
\l@dutch=\language23
\l@ukenglish=\language24
\l@usenglishmax=\language25
\l@esperanto=\language26
\l@estonian=\language27
\l@ethiopic=\language28
\l@farsi=\language29
\l@finnish=\language30
\l@schoolfinnish=\language31
\l@french=\language32
\l@friulan=\language33
\l@galician=\language34
\l@georgian=\language35
\l@german=\language36
\l@ngerman=\language37
\l@swissgerman=\language38
\l@greek=\language39
\l@monogreek=\language40
\l@hungarian=\language41
\l@icelandic=\language42
\l@assamese=\language43
\l@bengali=\language44
\l@gujarati=\language45
\l@hindi=\language46
\l@kannada=\language47
\l@malayalam=\language48
\l@marathi=\language49
\l@oriya=\language50
\l@pali=\language51
\l@panjabi=\language52
\l@tamil=\language53
\l@telugu=\language54
\l@indonesian=\language55
\l@interlingua=\language56
\l@irish=\language57
\l@italian=\language58
\l@kurmanji=\language59
\l@classiclatin=\language60
\l@latin=\language61
\l@liturgicallatin=\language62
\l@latvian=\language63
\l@lithuanian=\language64
\l@macedonian=\language65
\l@mongolian=\language66
\l@mongolianlmc=\language67
\l@bokmal=\language68
\l@nynorsk=\language69
\l@occitan=\language70
\l@piedmontese=\language71
\l@polish=\language72
\l@portuguese=\language73
\l@romanian=\language74
\l@romansh=\language75
\l@russian=\language76
\l@sanskrit=\language77
\l@serbian=\language78
\l@serbianc=\language79
\l@slovak=\language80
\l@slovenian=\language81
\l@spanish=\language82
\l@swedish=\language83
\l@thai=\language84
\l@turkish=\language85
\l@turkmen=\language86
\l@ukrainian=\language87
\l@uppersorbian=\language88
\l@welsh=\language89
\babelcatcodetablenum=\catcodetable14
\bbl@pattcodes=\catcodetable15
)
\babel@savecnt=\count270
\U@D=\dimen144
\l@unhyphenated=\language90

(d:/texlive/2023/texmf-dist/tex/generic/babel/luababel.def
\bbl@attr@locale=\attribute4
)
(d:/texlive/2023/texmf-dist/tex/generic/babel-english/english.ldf
Language: english 2017/06/06 v3.3r English support from the babel system
Package babel Info: Hyphen rules for 'canadian' set to \l@english
(babel)             (\language0). Reported on input line 102.
Package babel Info: Hyphen rules for 'australian' set to \l@ukenglish
(babel)             (\language24). Reported on input line 105.
Package babel Info: Hyphen rules for 'newzealand' set to \l@ukenglish
(babel)             (\language24). Reported on input line 108.
)
(d:/texlive/2023/texmf-dist/tex/generic/babel-russian/russianb.ldf
File: russianb.ldf 2021/01/10 1.3m Russian support for the Babel system
Language: russian 2020/09/09 1.3k Russian support for the Babel system
Package babel Info: Making " an active character on input line 124.
Package babel Info: Default for \cyrdash is provided on input line 163.

(d:/texlive/2023/texmf-dist/tex/generic/hyph-utf8/loadhyph/loadhyph-ru.tex
UTF-8 Russian hyphenation patterns
(d:/texlive/2023/texmf-dist/tex/generic/hyph-utf8/patterns/tex/hyph-ru.tex))))
(d:/texlive/2023/texmf-dist/tex/generic/babel/locale/ru/babel-russian.tex
Package babel Info: Importing font and identification data for russian
(babel)             from babel-ru.ini. Reported on input line 11.
)
(d:/texlive/2023/texmf-dist/tex/generic/babel/locale/en/babel-english.tex
Package babel Info: Importing font and identification data for english
(babel)             from babel-en.ini. Reported on input line 11.
)
(d:/texlive/2023/texmf-dist/tex/latex/graphics/graphicx.sty
Package: graphicx 2021/09/16 v1.2d Enhanced LaTeX Graphics (DPC,SPQR)

(d:/texlive/2023/texmf-dist/tex/latex/graphics/keyval.sty
Package: keyval 2022/05/29 v1.15 key=value parser (DPC)
\KV@toks@=\toks17
)
(d:/texlive/2023/texmf-dist/tex/latex/graphics/graphics.sty
Package: graphics 2022/03/10 v1.4e Standard LaTeX Graphics (DPC,SPQR)

(d:/texlive/2023/texmf-dist/tex/latex/graphics/trig.sty
Package: trig 2021/08/11 v1.11 sin cos tan (DPC)
)
(d:/texlive/2023/texmf-dist/tex/latex/graphics-cfg/graphics.cfg
File: graphics.cfg 2016/06/04 v1.11 sample graphics configuration
)
Package graphics Info: Driver file: luatex.def on input line 107.

(d:/texlive/2023/texmf-dist/tex/latex/graphics-def/luatex.def
File: luatex.def 2022/09/22 v1.2d Graphics/color driver for luatex
))
\Gin@req@height=\dimen145
\Gin@req@width=\dimen146
)
luaotfload | cache : Lookup cache loaded from D:/texlive/2023/texmf-var/luatex-c
ache/generic/names/luaotfload-lookup-cache.luc.
luaotfload | aux : font no 18 (nil) defines no feature for script latn
luaotfload | aux : font no 18 (nil) defines no feature for script dflt

Package fontspec Info: Could not resolve font "ArialNarrow/BI" (it probably
(fontspec)             doesn't exist).


Package fontspec Info: Could not resolve font "ArialNarrow/B" (it probably
(fontspec)             doesn't exist).


Package fontspec Info: Could not resolve font "ArialNarrow/I" (it probably
(fontspec)             doesn't exist).


Package fontspec Info: Font family 'ArialNarrow(0)' created for font 'Arial
(fontspec)             Narrow' with options [Ligatures=TeX].
(fontspec)              
(fontspec)              This font family consists of the following NFSS
(fontspec)             series/shapes:
(fontspec)              
(fontspec)             - 'normal' (m/n) with NFSS spec.:
(fontspec)             <->"ArialNarrow:mode=node;language=dflt;+tlig;"
(fontspec)             - 'small caps'  (m/sc) with NFSS spec.: 


(d:/texlive/2023/texmf-dist/tex/latex/unicode-math/unicode-math.sty
Package: unicode-math 2023/08/13 v0.8r Unicode maths in XeLaTeX and LuaLaTeX

(d:/texlive/2023/texmf-dist/tex/latex/unicode-math/unicode-math-luatex.sty
Package: unicode-math-luatex 2023/08/13 v0.8r Unicode maths in XeLaTeX and LuaL
aTeX

(d:/texlive/2023/texmf-dist/tex/latex/l3packages/l3keys2e/l3keys2e.sty
Package: l3keys2e 2023-10-10 LaTeX2e option processing using LaTeX3 keys
)
(d:/texlive/2023/texmf-dist/tex/latex/base/fix-cm.sty
Package: fix-cm 2020/11/24 v1.1t fixes to LaTeX

(d:/texlive/2023/texmf-dist/tex/latex/base/ts1enc.def
File: ts1enc.def 2001/06/05 v3.0e (jk/car/fm) Standard LaTeX file
LaTeX Font Info:    Redeclaring font encoding TS1 on input line 47.
))
(d:/texlive/2023/texmf-dist/tex/latex/amsmath/amsmath.sty
Package: amsmath 2023/05/13 v2.17o AMS math features
\@mathmargin=\skip50

For additional information on amsmath, use the `?' option.
(d:/texlive/2023/texmf-dist/tex/latex/amsmath/amstext.sty
Package: amstext 2021/08/26 v2.01 AMS text

(d:/texlive/2023/texmf-dist/tex/latex/amsmath/amsgen.sty
File: amsgen.sty 1999/11/30 v2.0 generic functions
\@emptytoks=\toks18
\ex@=\dimen147
))
(d:/texlive/2023/texmf-dist/tex/latex/amsmath/amsbsy.sty
Package: amsbsy 1999/11/29 v1.2d Bold Symbols
\pmbraise@=\dimen148
)
(d:/texlive/2023/texmf-dist/tex/latex/amsmath/amsopn.sty
Package: amsopn 2022/04/08 v2.04 operator names
)
\inf@bad=\count271
LaTeX Info: Redefining \frac on input line 236.
\uproot@=\count272
\leftroot@=\count273
LaTeX Info: Redefining \overline on input line 399.
LaTeX Info: Redefining \colon on input line 410.
\classnum@=\count274
\DOTSCASE@=\count275
LaTeX Info: Redefining \ldots on input line 496.
LaTeX Info: Redefining \dots on input line 499.
LaTeX Info: Redefining \cdots on input line 620.
\Mathstrutbox@=\box52
\strutbox@=\box53
LaTeX Info: Redefining \big on input line 722.
LaTeX Info: Redefining \Big on input line 723.
LaTeX Info: Redefining \bigg on input line 724.
LaTeX Info: Redefining \Bigg on input line 725.
\big@size=\dimen149
LaTeX Font Info:    Redeclaring font encoding OML on input line 743.
LaTeX Font Info:    Redeclaring font encoding OMS on input line 744.
\macc@depth=\count276
LaTeX Info: Redefining \bmod on input line 905.
LaTeX Info: Redefining \pmod on input line 910.
LaTeX Info: Redefining \smash on input line 940.
LaTeX Info: Redefining \relbar on input line 970.
LaTeX Info: Redefining \Relbar on input line 971.
\c@MaxMatrixCols=\count277
\dotsspace@=\muskip16
\c@parentequation=\count278
\dspbrk@lvl=\count279
\tag@help=\toks19
\row@=\count280
\column@=\count281
\maxfields@=\count282
\andhelp@=\toks20
\eqnshift@=\dimen150
\alignsep@=\dimen151
\tagshift@=\dimen152
\tagwidth@=\dimen153
\totwidth@=\dimen154
\lineht@=\dimen155
\@envbody=\toks21
\multlinegap=\skip51
\multlinetaggap=\skip52
\mathdisplay@stack=\toks22
LaTeX Info: Redefining \[ on input line 2953.
LaTeX Info: Redefining \] on input line 2954.
)
(d:/texlive/2023/texmf-dist/tex/lualatex/lualatex-math/lualatex-math.sty
Package: lualatex-math 2022/01/01 v1.12 Patches for mathematics typesetting wit
h LuaLaTeX

(d:/texlive/2023/texmf-dist/tex/latex/etoolbox/etoolbox.sty
Package: etoolbox 2020/10/05 v2.5k e-TeX tools for LaTeX (JAW)
\etb@tempcnta=\count283
)
Lua module: lualatex-math 2013/08/03 1.3 Patches for mathematics typesetting wit
h LuaLaTeX)
\g__um_fam_int=\count284
\g__um_fonts_used_int=\count285
\l__um_primecount_int=\count286
\g__um_primekern_muskip=\muskip17

(d:/texlive/2023/texmf-dist/tex/latex/unicode-math/unicode-math-table.tex)))

Package fontspec Info: Could not resolve font "StixTwoMath/B" (it probably
(fontspec)             doesn't exist).


Package fontspec Info: Font family 'StixTwoMath(0)' created for font 'Stix Two
(fontspec)             Math' with options
(fontspec)             [Renderer=Basic,BoldItalicFont={},ItalicFont={},SmallCap
sFont={},Script=Math,RawFeature={mathfontdimen=xetex}].
(fontspec)              
(fontspec)              This font family consists of the following NFSS
(fontspec)             series/shapes:
(fontspec)              
(fontspec)             - 'normal' (m/n) with NFSS spec.:
(fontspec)             <->"StixTwoMath:mode=base;script=math;language=dflt;math
fontdimen=xetex;"
(fontspec)             - 'small caps'  (m/sc) with NFSS spec.: 


Package fontspec Info: Could not resolve font "StixTwoMath/B" (it probably
(fontspec)             doesn't exist).


Package fontspec Info: Font family 'StixTwoMath(1)' created for font 'Stix Two
(fontspec)             Math' with options
(fontspec)             [Renderer=Basic,BoldItalicFont={},ItalicFont={},SmallCap
sFont={},Script=Math,SizeFeatures={{Size=10.2-},{Size=7.5-10.2,Font=Stix
(fontspec)             Two Math,Style=MathScript},{Size=-7.5,Font=Stix Two
(fontspec)             Math,Style=MathScriptScript}},RawFeature={mathfontdimen=
xetex}].
(fontspec)              
(fontspec)              This font family consists of the following NFSS
(fontspec)             series/shapes:
(fontspec)              
(fontspec)             - 'normal' (m/n) with NFSS spec.:
(fontspec)             <10.2->"StixTwoMath:mode=base;script=math;language=dflt;
mathfontdimen=xetex;"<7.5-10.2>"StixTwoMath:mode=base;script=math;language=dflt
;mathfontdimen=xetex;+ssty=0;"<-7.5>"StixTwoMath:mode=base;script=math;language
=dflt;mathfontdimen=xetex;+ssty=1;"
(fontspec)             - 'small caps'  (m/sc) with NFSS spec.: 

LaTeX Font Info:    Encoding `OT1' has changed to `TU' for symbol font
(Font)              `operators' in the math version `normal' on input line 12.
LaTeX Font Info:    Overwriting symbol font `operators' in version `normal'
(Font)                  OT1/cmr/m/n --> TU/StixTwoMath(1)/m/n on input line 12.

LaTeX Font Info:    Encoding `OT1' has changed to `TU' for symbol font
(Font)              `operators' in the math version `bold' on input line 12.
LaTeX Font Info:    Overwriting symbol font `operators' in version `bold'
(Font)                  OT1/cmr/bx/n --> TU/StixTwoMath(1)/b/n on input line 12
.

Package fontspec Info: Could not resolve font "StixTwoMath/B" (it probably
(fontspec)             doesn't exist).


Package fontspec Info: Font family 'StixTwoMath(2)' created for font 'Stix Two
(fontspec)             Math' with options
(fontspec)             [Renderer=Basic,BoldItalicFont={},ItalicFont={},SmallCap
sFont={},Script=Math,SizeFeatures={{Size=10.2-},{Size=7.5-10.2,Font=Stix
(fontspec)             Two Math,Style=MathScript},{Size=-7.5,Font=Stix Two
(fontspec)             Math,Style=MathScriptScript}},RawFeature={mathfontdimen=
xetex},RawFeature={mathfontdimen=tex2}].
(fontspec)              
(fontspec)              This font family consists of the following NFSS
(fontspec)             series/shapes:
(fontspec)              
(fontspec)             - 'normal' (m/n) with NFSS spec.:
(fontspec)             <10.2->"StixTwoMath:mode=base;script=math;language=dflt;
mathfontdimen=xetex;mathfontdimen=tex2;"<7.5-10.2>"StixTwoMath:mode=base;script
=math;language=dflt;mathfontdimen=xetex;mathfontdimen=tex2;+ssty=0;"<-7.5>"Stix
TwoMath:mode=base;script=math;language=dflt;mathfontdimen=xetex;mathfontdimen=t
ex2;+ssty=1;"
(fontspec)             - 'small caps'  (m/sc) with NFSS spec.: 

LaTeX Font Info:    Encoding `OMS' has changed to `TU' for symbol font
(Font)              `symbols' in the math version `normal' on input line 12.
LaTeX Font Info:    Overwriting symbol font `symbols' in version `normal'
(Font)                  OMS/cmsy/m/n --> TU/StixTwoMath(2)/m/n on input line 12
.
LaTeX Font Info:    Encoding `OMS' has changed to `TU' for symbol font
(Font)              `symbols' in the math version `bold' on input line 12.
LaTeX Font Info:    Overwriting symbol font `symbols' in version `bold'
(Font)                  OMS/cmsy/b/n --> TU/StixTwoMath(2)/b/n on input line 12
.

Package fontspec Info: Could not resolve font "StixTwoMath/B" (it probably
(fontspec)             doesn't exist).


Package fontspec Info: Font family 'StixTwoMath(3)' created for font 'Stix Two
(fontspec)             Math' with options
(fontspec)             [Renderer=Basic,BoldItalicFont={},ItalicFont={},SmallCap
sFont={},Script=Math,SizeFeatures={{Size=10.2-},{Size=7.5-10.2,Font=Stix
(fontspec)             Two Math,Style=MathScript},{Size=-7.5,Font=Stix Two
(fontspec)             Math,Style=MathScriptScript}},RawFeature={mathfontdimen=
xetex},RawFeature={mathfontdimen=tex3}].
(fontspec)              
(fontspec)              This font family consists of the following NFSS
(fontspec)             series/shapes:
(fontspec)              
(fontspec)             - 'normal' (m/n) with NFSS spec.:
(fontspec)             <10.2->"StixTwoMath:mode=base;script=math;language=dflt;
mathfontdimen=xetex;mathfontdimen=tex3;"<7.5-10.2>"StixTwoMath:mode=base;script
=math;language=dflt;mathfontdimen=xetex;mathfontdimen=tex3;+ssty=0;"<-7.5>"Stix
TwoMath:mode=base;script=math;language=dflt;mathfontdimen=xetex;mathfontdimen=t
ex3;+ssty=1;"
(fontspec)             - 'small caps'  (m/sc) with NFSS spec.: 

LaTeX Font Info:    Encoding `OMX' has changed to `TU' for symbol font
(Font)              `largesymbols' in the math version `normal' on input line 1
2.
LaTeX Font Info:    Overwriting symbol font `largesymbols' in version `normal'
(Font)                  OMX/cmex/m/n --> TU/StixTwoMath(3)/m/n on input line 12
.
LaTeX Font Info:    Encoding `OMX' has changed to `TU' for symbol font
(Font)              `largesymbols' in the math version `bold' on input line 12.

LaTeX Font Info:    Overwriting symbol font `largesymbols' in version `bold'
(Font)                  OMX/cmex/m/n --> TU/StixTwoMath(3)/b/n on input line 12
.

(d:/texlive/2023/texmf-dist/tex/latex/koma-script/typearea.sty
Package: typearea 2023/07/07 v3.41 KOMA-Script package (type area)

(d:/texlive/2023/texmf-dist/tex/latex/koma-script/scrkbase.sty
Package: scrkbase 2023/07/07 v3.41 KOMA-Script package (KOMA-Script-dependent b
asics and keyval usage)

(d:/texlive/2023/texmf-dist/tex/latex/koma-script/scrbase.sty
Package: scrbase 2023/07/07 v3.41 KOMA-Script package (KOMA-Script-independent 
basics and keyval usage)

(d:/texlive/2023/texmf-dist/tex/latex/koma-script/scrlfile.sty
Package: scrlfile 2023/07/07 v3.41 KOMA-Script package (file load hooks)

(d:/texlive/2023/texmf-dist/tex/latex/koma-script/scrlfile-hook.sty
Package: scrlfile-hook 2023/07/07 v3.41 KOMA-Script package (using LaTeX hooks)


(d:/texlive/2023/texmf-dist/tex/latex/koma-script/scrlogo.sty
Package: scrlogo 2023/07/07 v3.41 KOMA-Script package (logo)
)))
Applying: [2021/05/01] Usage of raw or classic option list on input line 252.
Already applied: [0000/00/00] Usage of raw or classic option list on input line
 368.
))
\ta@bcor=\skip53
\ta@div=\count287
Package typearea Info: You've used standard option `a4paper'.
(typearea)             This is correct!
(typearea)             Internally I'm using `paper=a4'.
(typearea)             If you'd like to set the option with \KOMAoptions,
(typearea)             you'd have to use `paper=a4' there
(typearea)             instead of `a4paper', too.
\ta@hblk=\skip54
\ta@vblk=\skip55
\ta@temp=\skip56
\footheight=\skip57

DIV calculation for typearea with good linewidth.
Package typearea Info: These are the values describing the layout:
(typearea)             DIV  = 6
(typearea)             BCOR = 0.0pt
(typearea)             \paperwidth      = 597.50793pt
(typearea)              \textwidth      = 298.75397pt
(typearea)              DIV departure   = 7%
(typearea)              \evensidemargin = 77.107pt
(typearea)              \oddsidemargin  = 77.107pt
(typearea)             \paperheight     = 845.04694pt
(typearea)              \textheight     = 428.0pt
(typearea)              \topmargin      = 28.69617pt
(typearea)              \headheight     = 18.125pt
(typearea)              \headsep        = 21.75pt
(typearea)              \topskip        = 22.0pt
(typearea)              \footskip       = 50.75pt
(typearea)              \baselineskip   = 14.5pt
(typearea)              on input line 1799.
) (d:/texlive/2023/texmf-dist/tex/latex/geometry/geometry.sty
Package: geometry 2020/01/02 v5.9 Page Geometry

(d:/texlive/2023/texmf-dist/tex/generic/iftex/ifvtex.sty
Package: ifvtex 2019/10/25 v1.7 ifvtex legacy package. Use iftex instead.

(d:/texlive/2023/texmf-dist/tex/generic/iftex/iftex.sty
Package: iftex 2022/02/03 v1.0f TeX engine tests
))
\Gm@cnth=\count288
\Gm@cntv=\count289
\c@Gm@tempcnt=\count290
\Gm@bindingoffset=\dimen156
\Gm@wd@mp=\dimen157
\Gm@odd@mp=\dimen158
\Gm@even@mp=\dimen159
\Gm@layoutwidth=\dimen160
\Gm@layoutheight=\dimen161
\Gm@layouthoffset=\dimen162
\Gm@layoutvoffset=\dimen163
\Gm@dimlist=\toks23
)
(d:/texlive/2023/texmf-dist/tex/latex/xcolor/xcolor.sty
Package: xcolor 2023/11/15 v3.01 LaTeX color extensions (UK)

(d:/texlive/2023/texmf-dist/tex/latex/graphics-cfg/color.cfg
File: color.cfg 2016/01/02 v1.6 sample color configuration
)
Package xcolor Info: Driver file: luatex.def on input line 274.

(d:/texlive/2023/texmf-dist/tex/latex/graphics/mathcolor.ltx)
Package xcolor Info: Model `cmy' substituted by `cmy0' on input line 1350.
Package xcolor Info: Model `hsb' substituted by `rgb' on input line 1354.
Package xcolor Info: Model `RGB' extended on input line 1366.
Package xcolor Info: Model `HTML' substituted by `rgb' on input line 1368.
Package xcolor Info: Model `Hsb' substituted by `hsb' on input line 1369.
Package xcolor Info: Model `tHsb' substituted by `hsb' on input line 1370.
Package xcolor Info: Model `HSB' substituted by `hsb' on input line 1371.
Package xcolor Info: Model `Gray' substituted by `gray' on input line 1372.
Package xcolor Info: Model `wave' substituted by `hsb' on input line 1373.
)
(d:/texlive/2023/texmf-dist/tex/latex/colortbl/colortbl.sty
Package: colortbl 2022/06/20 v1.0f Color table columns (DPC)

(d:/texlive/2023/texmf-dist/tex/latex/tools/array.sty
Package: array 2023/10/16 v2.5g Tabular extension package (FMi)
\col@sep=\dimen164
\ar@mcellbox=\box54
\extrarowheight=\dimen165
\NC@list=\toks24
\extratabsurround=\skip58
\backup@length=\skip59
\ar@cellbox=\box55
)
\everycr=\toks25
\minrowclearance=\skip60
\rownum=\count291
)
(d:/texlive/2023/texmf-dist/tex/latex/hyperref/hyperref.sty
Package: hyperref 2023-11-26 v7.01g Hypertext links for LaTeX

(d:/texlive/2023/texmf-dist/tex/generic/infwarerr/infwarerr.sty
Package: infwarerr 2019/12/03 v1.5 Providing info/warning/error messages (HO)
)
(d:/texlive/2023/texmf-dist/tex/latex/kvsetkeys/kvsetkeys.sty
Package: kvsetkeys 2022-10-05 v1.19 Key value parser (HO)
)
(d:/texlive/2023/texmf-dist/tex/generic/kvdefinekeys/kvdefinekeys.sty
Package: kvdefinekeys 2019-12-19 v1.6 Define keys (HO)
)
(d:/texlive/2023/texmf-dist/tex/generic/pdfescape/pdfescape.sty
Package: pdfescape 2019/12/09 v1.15 Implements pdfTeX's escape features (HO)

(d:/texlive/2023/texmf-dist/tex/generic/ltxcmds/ltxcmds.sty
Package: ltxcmds 2020-05-10 v1.25 LaTeX kernel commands for general use (HO)
)
(d:/texlive/2023/texmf-dist/tex/generic/pdftexcmds/pdftexcmds.sty
Package: pdftexcmds 2020-06-27 v0.33 Utility functions of pdfTeX for LuaTeX (HO
)
Package pdftexcmds Info: \pdf@primitive is available.
Package pdftexcmds Info: \pdf@ifprimitive is available.
Package pdftexcmds Info: \pdfdraftmode found.
\pdftexcmds@toks=\toks26
))
(d:/texlive/2023/texmf-dist/tex/latex/hycolor/hycolor.sty
Package: hycolor 2020-01-27 v1.10 Color options for hyperref/bookmark (HO)
)
(d:/texlive/2023/texmf-dist/tex/latex/letltxmacro/letltxmacro.sty
Package: letltxmacro 2019/12/03 v1.6 Let assignment for LaTeX macros (HO)
)
(d:/texlive/2023/texmf-dist/tex/latex/auxhook/auxhook.sty
Package: auxhook 2019-12-17 v1.6 Hooks for auxiliary files (HO)
)
(d:/texlive/2023/texmf-dist/tex/latex/hyperref/nameref.sty
Package: nameref 2023-11-26 v2.56 Cross-referencing by name of section

(d:/texlive/2023/texmf-dist/tex/latex/refcount/refcount.sty
Package: refcount 2019/12/15 v3.6 Data extraction from label references (HO)
)
(d:/texlive/2023/texmf-dist/tex/generic/gettitlestring/gettitlestring.sty
Package: gettitlestring 2019/12/15 v1.6 Cleanup title references (HO)

(d:/texlive/2023/texmf-dist/tex/latex/kvoptions/kvoptions.sty
Package: kvoptions 2022-06-15 v3.15 Key value format for package options (HO)
))
\c@section@level=\count292
)
\@linkdim=\dimen166
\Hy@linkcounter=\count293
\Hy@pagecounter=\count294

(d:/texlive/2023/texmf-dist/tex/latex/hyperref/pd1enc.def
File: pd1enc.def 2023-11-26 v7.01g Hyperref: PDFDocEncoding definition (HO)
)
(d:/texlive/2023/texmf-dist/tex/generic/intcalc/intcalc.sty
Package: intcalc 2019/12/15 v1.3 Expandable calculations with integers (HO)
)
\Hy@SavedSpaceFactor=\count295

(d:/texlive/2023/texmf-dist/tex/latex/hyperref/puenc.def
File: puenc.def 2023-11-26 v7.01g Hyperref: PDF Unicode definition (HO)
)
Package hyperref Info: Option `unicode' set `true' on input line 3167.
Package hyperref Info: Hyper figures OFF on input line 4181.
Package hyperref Info: Link nesting OFF on input line 4186.
Package hyperref Info: Hyper index ON on input line 4189.
Package hyperref Info: Plain pages OFF on input line 4196.
Package hyperref Info: Backreferencing OFF on input line 4201.
Package hyperref Info: Implicit mode ON; LaTeX internals redefined.
Package hyperref Info: Bookmarks ON on input line 4448.
\c@Hy@tempcnt=\count296

(d:/texlive/2023/texmf-dist/tex/latex/url/url.sty
\Urlmuskip=\muskip18
Package: url 2013/09/16  ver 3.4  Verb mode for urls, etc.
)
LaTeX Info: Redefining \url on input line 4786.
\XeTeXLinkMargin=\dimen167

(d:/texlive/2023/texmf-dist/tex/generic/bitset/bitset.sty
Package: bitset 2019/12/09 v1.3 Handle bit-vector datatype (HO)

(d:/texlive/2023/texmf-dist/tex/generic/bigintcalc/bigintcalc.sty
Package: bigintcalc 2019/12/15 v1.5 Expandable calculations on big integers (HO
)
))
\Fld@menulength=\count297
\Field@Width=\dimen168
\Fld@charsize=\dimen169
Package hyperref Info: Hyper figures OFF on input line 6065.
Package hyperref Info: Link nesting OFF on input line 6070.
Package hyperref Info: Hyper index ON on input line 6073.
Package hyperref Info: backreferencing OFF on input line 6080.
Package hyperref Info: Link coloring OFF on input line 6085.
Package hyperref Info: Link coloring with OCG OFF on input line 6090.
Package hyperref Info: PDF/A mode OFF on input line 6095.

(d:/texlive/2023/texmf-dist/tex/latex/base/atbegshi-ltx.sty
Package: atbegshi-ltx 2021/01/10 v1.0c Emulation of the original atbegshi
package with kernel methods
)
\Hy@abspage=\count298
\c@Item=\count299
\c@Hfootnote=\count300
)
Package hyperref Info: Driver (autodetected): hluatex.

(d:/texlive/2023/texmf-dist/tex/latex/hyperref/hluatex.def
File: hluatex.def 2023-11-26 v7.01g Hyperref driver for luaTeX

(d:/texlive/2023/texmf-dist/tex/generic/stringenc/stringenc.sty
Package: stringenc 2019/11/29 v1.12 Convert strings between diff. encodings (HO
)
)
(d:/texlive/2023/texmf-dist/tex/latex/base/atveryend-ltx.sty
Package: atveryend-ltx 2020/08/19 v1.0a Emulation of the original atveryend pac
kage
with kernel methods
)
\Fld@listcount=\count301
\c@bookmark@seq@number=\count302

(d:/texlive/2023/texmf-dist/tex/latex/rerunfilecheck/rerunfilecheck.sty
Package: rerunfilecheck 2022-07-10 v1.10 Rerun checks for auxiliary files (HO)

(d:/texlive/2023/texmf-dist/tex/generic/uniquecounter/uniquecounter.sty
Package: uniquecounter 2019/12/15 v1.4 Provide unlimited unique counter (HO)
)
Package uniquecounter Info: New unique counter `rerunfilecheck' on input line 2
85.
)
\Hy@SectionHShift=\skip61
)
luaotfload | aux : font no 18 (nil) defines no feature for script latn
luaotfload | aux : font no 18 (nil) defines no feature for script dflt

Package fontspec Info: Font family 'ArialNarrow(1)' created for font 'Arial
(fontspec)             Narrow' with options
(fontspec)             [Ligatures=TeX,Ligatures=TeX,BoldFont={Arial Narrow
(fontspec)             Bold},ItalicFont={Arial Narrow
(fontspec)             Italic},BoldItalicFont={Arial Narrow Bold Italic}].
(fontspec)              
(fontspec)              This font family consists of the following NFSS
(fontspec)             series/shapes:
(fontspec)              
(fontspec)             - 'normal' (m/n) with NFSS spec.:
(fontspec)             <->"ArialNarrow:mode=node;language=dflt;+tlig;"
(fontspec)             - 'small caps'  (m/sc) with NFSS spec.: 
(fontspec)             - 'bold' (b/n) with NFSS spec.:
(fontspec)             <->"ArialNarrowBold:mode=node;language=dflt;+tlig;"
(fontspec)             - 'bold small caps'  (b/sc) with NFSS spec.: 
(fontspec)             - 'italic' (m/it) with NFSS spec.:
(fontspec)             <->"ArialNarrowItalic:mode=node;language=dflt;+tlig;"
(fontspec)             - 'italic small caps'  (m/scit) with NFSS spec.: 
(fontspec)             - 'bold italic' (b/it) with NFSS spec.:
(fontspec)             <->"ArialNarrowBoldItalic:mode=node;language=dflt;+tlig;
"
(fontspec)             - 'bold italic small caps'  (b/scit) with NFSS spec.: 

luaotfload | aux : font no 41 (nil) defines no feature for script latn
luaotfload | aux : font no 41 (nil) defines no feature for script dflt

Package fontspec Info: Font family 'ArialNarrow(2)' created for font 'Arial
(fontspec)             Narrow' with options
(fontspec)             [Renderer=Basic,Ligatures=TeX,BoldFont={Arial Narrow
(fontspec)             Bold},ItalicFont={Arial Narrow
(fontspec)             Italic},BoldItalicFont={Arial Narrow Bold Italic}].
(fontspec)              
(fontspec)              This font family consists of the following NFSS
(fontspec)             series/shapes:
(fontspec)              
(fontspec)             - 'normal' (m/n) with NFSS spec.:
(fontspec)             <->"ArialNarrow:mode=base;language=dflt;+tlig;"
(fontspec)             - 'small caps'  (m/sc) with NFSS spec.: 
(fontspec)             - 'bold' (b/n) with NFSS spec.:
(fontspec)             <->"ArialNarrowBold:mode=base;language=dflt;+tlig;"
(fontspec)             - 'bold small caps'  (b/sc) with NFSS spec.: 
(fontspec)             - 'italic' (m/it) with NFSS spec.:
(fontspec)             <->"ArialNarrowItalic:mode=base;language=dflt;+tlig;"
(fontspec)             - 'italic small caps'  (m/scit) with NFSS spec.: 
(fontspec)             - 'bold italic' (b/it) with NFSS spec.:
(fontspec)             <->"ArialNarrowBoldItalic:mode=base;language=dflt;+tlig;
"
(fontspec)             - 'bold italic small caps'  (b/scit) with NFSS spec.: 

LaTeX Font Info:    Overwriting math alphabet `\mathsf' in version `normal'
(Font)                  OT1/cmss/m/n --> TU/ArialNarrow(2)/m/n on input line 60
.
LaTeX Font Info:    Overwriting math alphabet `\mathsf' in version `bold'
(Font)                  OT1/cmss/bx/n --> TU/ArialNarrow(2)/b/n on input line 6
0.

(d:/texlive/2023/texmf-dist/tex/latex/fancyhdr/fancyhdr.sty
Package: fancyhdr 2022/11/09 v4.1 Extensive control of page headers and footers

\f@nch@headwidth=\skip62
\f@nch@O@elh=\skip63
\f@nch@O@erh=\skip64
\f@nch@O@olh=\skip65
\f@nch@O@orh=\skip66
\f@nch@O@elf=\skip67
\f@nch@O@erf=\skip68
\f@nch@O@olf=\skip69
\f@nch@O@orf=\skip70
)
(d:/texlive/2023/texmf-dist/tex/latex/parskip/parskip.sty
Package: parskip 2021-03-14 v2.0h non-zero parskip adjustments
)
(d:/texlive/2023/texmf-dist/tex/latex/tools/indentfirst.sty
Package: indentfirst 2023/07/02 v1.03 Indent first paragraph (DPC)
)
(d:/texlive/2023/texmf-dist/tex/latex/tools/longtable.sty
Package: longtable 2023-11-01 v4.19 Multi-page Table package (DPC)
\LTleft=\skip71
\LTright=\skip72
\LTpre=\skip73
\LTpost=\skip74
\LTchunksize=\count303
\LTcapwidth=\dimen170
\LT@head=\box56
\LT@firsthead=\box57
\LT@foot=\box58
\LT@lastfoot=\box59
\LT@gbox=\box60
\LT@cols=\count304
\LT@rows=\count305
\c@LT@tables=\count306
\c@LT@chunks=\count307
\LT@p@ftn=\toks27
)
(d:/texlive/2023/texmf-dist/tex/latex/booktabs/booktabs.sty
Package: booktabs 2020/01/12 v1.61803398 Publication quality tables
\heavyrulewidth=\dimen171
\lightrulewidth=\dimen172
\cmidrulewidth=\dimen173
\belowrulesep=\dimen174
\belowbottomsep=\dimen175
\aboverulesep=\dimen176
\abovetopsep=\dimen177
\cmidrulesep=\dimen178
\cmidrulekern=\dimen179
\defaultaddspace=\dimen180
\@cmidla=\count308
\@cmidlb=\count309
\@aboverulesep=\dimen181
\@belowrulesep=\dimen182
\@thisruleclass=\count310
\@lastruleclass=\count311
\@thisrulewidth=\dimen183
)
(d:/texlive/2023/texmf-dist/tex/latex/tools/calc.sty
Package: calc 2023/07/08 v4.3 Infix arithmetic (KKT,FJ)
\calc@Acount=\count312
\calc@Bcount=\count313
\calc@Adimen=\dimen184
\calc@Bdimen=\dimen185
\calc@Askip=\skip75
\calc@Bskip=\skip76
LaTeX Info: Redefining \setlength on input line 80.
LaTeX Info: Redefining \addtolength on input line 81.
\calc@Ccount=\count314
\calc@Cskip=\skip77
)
(d:/texlive/2023/texmf-dist/tex/latex/caption/caption.sty
Package: caption 2023/08/05 v3.6o Customizing captions (AR)

(d:/texlive/2023/texmf-dist/tex/latex/caption/caption3.sty
Package: caption3 2023/07/31 v2.4d caption3 kernel (AR)
\caption@tempdima=\dimen186
\captionmargin=\dimen187
\caption@leftmargin=\dimen188
\caption@rightmargin=\dimen189
\caption@width=\dimen190
\caption@indent=\dimen191
\caption@parindent=\dimen192
\caption@hangindent=\dimen193
Package caption Info: Standard document class detected.
)
\c@caption@flags=\count315
\c@continuedfloat=\count316
Package caption Info: hyperref package is loaded.
Package caption Info: longtable package is loaded.

(d:/texlive/2023/texmf-dist/tex/latex/caption/ltcaption.sty
Package: ltcaption 2021/01/08 v1.4c longtable captions (AR)
))
(d:/texlive/2023/texmf-dist/tex/latex/tools/tabularx.sty
Package: tabularx 2023/07/08 v2.11c `tabularx' package (DPC)
\TX@col@width=\dimen194
\TX@old@table=\dimen195
\TX@old@col=\dimen196
\TX@target=\dimen197
\TX@delta=\dimen198
\TX@cols=\count317
\TX@ftn=\toks28
)
(d:/texlive/2023/texmf-dist/tex/latex/multirow/multirow.sty
Package: multirow 2021/03/15 v2.8 Span multiple rows of a table
\multirow@colwidth=\skip78
\multirow@cntb=\count318
\multirow@dima=\skip79
\bigstrutjot=\dimen199
)
(d:/texlive/2023/texmf-dist/tex/latex/eqexpl/eqexpl.sty
Package: eqexpl 2022/06/17 v. 1.1.1
\eqexplSpaceWidth=\skip80
\itemWidth=\skip81
\leftSideWidth=\skip82
)
(d:/texlive/2023/texmf-dist/tex/latex/titlesec/titlesec.sty
Package: titlesec 2023/10/27 v2.16 Sectioning titles
\ttl@box=\box61
\beforetitleunit=\skip83
\aftertitleunit=\skip84
\ttl@plus=\dimen256
\ttl@minus=\dimen257
\ttl@toksa=\toks29
\titlewidth=\dimen258
\titlewidthlast=\dimen259
\titlewidthfirst=\dimen260
)
(d:/texlive/2023/texmf-dist/tex/latex/appendix/appendix.sty
Package: appendix 2020/02/08 v1.2c extra appendix facilities
\c@@pps=\count319
\c@@ppsavesec=\count320
\c@@ppsaveapp=\count321
)
(d:/texlive/2023/texmf-dist/tex/latex/enumitem/enumitem.sty
Package: enumitem 2019/06/20 v3.9 Customized lists
\labelindent=\skip85
\enit@outerparindent=\dimen261
\enit@toks=\toks30
\enit@inbox=\box62
\enit@count@id=\count322
\enitdp@description=\count323
)
(d:/texlive/2023/texmf-dist/tex/latex/float/float.sty
Package: float 2001/11/08 v1.3d Float enhancements (AL)
\c@float@type=\count324
\float@exts=\toks31
\float@box=\box63
\@float@everytoks=\toks32
\@floatcapt=\box64
)
(d:/texlive/2023/texmf-dist/tex/latex/needspace/needspace.sty
Package: needspace 2010/09/12 v1.3d reserve vertical space
)
(d:/texlive/2023/texmf-dist/tex/latex/tabularray/tabularray.sty
Package: tabularray 2023-03-01 v2023A Typeset tabulars and arrays with LaTeX3
\l__tblr_a_int=\count325
\l__tblr_c_int=\count326
\l__tblr_r_int=\count327
\l__tblr_d_dim=\dimen262
\l__tblr_h_dim=\dimen263
\l__tblr_o_dim=\dimen264
\l__tblr_p_dim=\dimen265
\l__tblr_q_dim=\dimen266
\l__tblr_r_dim=\dimen267
\l__tblr_s_dim=\dimen268
\l__tblr_t_dim=\dimen269
\l__tblr_v_dim=\dimen270
\l__tblr_w_dim=\dimen271
\l__tblr_a_box=\box65
\l__tblr_b_box=\box66
\l__tblr_c_box=\box67
\l__tblr_d_box=\box68
\g__tblr_table_count_int=\count328
\c@colnum=\count329
\c@rowcount=\count330
\c@colcount=\count331
\abovesep=\dimen272
\belowsep=\dimen273
\leftsep=\dimen274
\rightsep=\dimen275
\g_tblr_level_int=\count332
\g__tblr_data_row_key_count_int=\count333
\g__tblr_data_column_key_count_int=\count334
\g__tblr_data_cell_key_count_int=\count335
\g__tblr_array_int=\count336
\l__tblr_key_count_int=\count337
\l__tblr_key_quotient_int=\count338
\l__tblr_key_quotient_two_int=\count339
\l__tblr_key_remainder_int=\count340
\g__tblr_data_str_value_count_int=\count341
\rulewidth=\dimen276
\l__tblr_strut_dp_dim=\dimen277
\l__tblr_strut_ht_dim=\dimen278
\g__tblr_cell_wd_dim=\dimen279
\g__tblr_cell_ht_dim=\dimen280
\g__tblr_cell_head_dim=\dimen281
\g__tblr_cell_foot_dim=\dimen282
\l__column_target_dim=\dimen283
\l__tblr_caption_box=\box69
\l__tblr_caption_left_box=\box70
\l__tblr_row_head_box=\box71
\l__tblr_row_foot_box=\box72
\l__tblr_row_head_foot_dim=\dimen284
\tablewidth=\dimen285
\l__tblr_table_firsthead_box=\box73
\l__tblr_table_middlehead_box=\box74
\l__tblr_table_lasthead_box=\box75
\l__tblr_table_firstfoot_box=\box76
\l__tblr_table_middlefoot_box=\box77
\l__tblr_table_lastfoot_box=\box78
\l__tblr_remain_height_dim=\dimen286
\l__tblr_long_from_int=\count342
\l__tblr_long_to_int=\count343
\l__tblr_curr_i_int=\count344
\l__tblr_prev_i_int=\count345
\l__tblr_table_page_int=\count346
\l__tblr_table_head_box=\box79
\l__tblr_table_foot_box=\box80
\l__tblr_table_head_foot_dim=\dimen287
\l__tblr_table_head_body_foot_dim=\dimen288
\l__tblr_table_box=\box81
\l__tblr_table_hlines_box=\box82
\l__tblr_hline_box=\box83
\l__tblr_row_box=\box84
\l__tblr_col_o_wd_dim=\dimen289
\l__tblr_col_b_wd_dim=\dimen290
\l__tblr_hline_leftskip_dim=\dimen291
\l__tblr_hline_rightskip_dim=\dimen292
\l__tblr_row_ht_dim=\dimen293
\l__tblr_row_dp_dim=\dimen294
\l__tblr_row_abovesep_dim=\dimen295
\l__tblr_row_belowsep_dim=\dimen296
\l__tblr_row_vlines_box=\box85
\l__tblr_vline_box=\box86
\l__tblr_cell_box=\box87
\l__row_upper_dim=\dimen297
\l__row_lower_dim=\dimen298
\l__row_vpace_dim=\dimen299
\l__tblr_vline_aboveskip_dim=\dimen300
\l__tblr_vline_belowskip_dim=\dimen301
\l__tblr_cell_wd_dim=\dimen302
\l__tblr_cell_ht_dim=\dimen303
\l__tblr_diag_box=\box88
)
(d:/texlive/2023/texmf-dist/tex/latex/tocloft/tocloft.sty
Package: tocloft 2017/08/31 v2.3i parameterised ToC, etc., typesetting
Package tocloft Info: The document has section divisions on input line 51.
\cftparskip=\skip86
\cftbeforetoctitleskip=\skip87
\cftaftertoctitleskip=\skip88
\cftbeforepartskip=\skip89
\cftpartnumwidth=\skip90
\cftpartindent=\skip91
\cftbeforesecskip=\skip92
\cftsecindent=\skip93
\cftsecnumwidth=\skip94
\cftbeforesubsecskip=\skip95
\cftsubsecindent=\skip96
\cftsubsecnumwidth=\skip97
\cftbeforesubsubsecskip=\skip98
\cftsubsubsecindent=\skip99
\cftsubsubsecnumwidth=\skip100
\cftbeforeparaskip=\skip101
\cftparaindent=\skip102
\cftparanumwidth=\skip103
\cftbeforesubparaskip=\skip104
\cftsubparaindent=\skip105
\cftsubparanumwidth=\skip106
\cftbeforeloftitleskip=\skip107
\cftafterloftitleskip=\skip108
\cftbeforefigskip=\skip109
\cftfigindent=\skip110
\cftfignumwidth=\skip111
\c@lofdepth=\count347
\c@lotdepth=\count348
\cftbeforelottitleskip=\skip112
\cftafterlottitleskip=\skip113
\cftbeforetabskip=\skip114
\cfttabindent=\skip115
\cfttabnumwidth=\skip116


Package tocloft Warning: \@starttoc has already been redefined; tocloft bailing
 out. on input line 1156.

) (d:/texlive/2023/texmf-dist/tex/latex/tocvsec2/tocvsec2.sty
Package: tocvsec2 2014/03/10 v1.3a variable ToC section entries

(d:/texlive/2023/texmf-dist/tex/latex/base/ifthen.sty
Package: ifthen 2022/04/13 v1.1d Standard LaTeX ifthen package (DPC)
)
\c@max@tocdepth=\count349
\c@max@secnumdepth=\count350
)
(d:/texlive/2023/texmf-dist/tex/latex/pdflscape/pdflscape.sty
Package: pdflscape 2022-10-27 v0.13 Display of landscape pages in PDF

(d:/texlive/2023/texmf-dist/tex/latex/pdflscape/pdflscape-nometadata.sty
Package: pdflscape-nometadata 2022-10-28 v0.13 Display of landscape pages in PD
F (HO)

(d:/texlive/2023/texmf-dist/tex/latex/graphics/lscape.sty
Package: lscape 2020/05/28 v3.02 Landscape Pages (DPC)
)
Package pdflscape Info: Auto-detected driver: pdftex on input line 81.
))
(d:/texlive/2023/texmf-dist/tex/latex/textpos/textpos.sty
Package: textpos 2022/07/23 v1.10.1
Package textpos Info: choosing support for LaTeX3 on input line 60.
\TP@textbox=\box89
\TP@holdbox=\box90
\TPHorizModule=\dimen304
\TPVertModule=\dimen305
\TP@margin=\dimen306
\TP@absmargin=\dimen307

Grid set 16 x 16 = 37.34424pt x 52.81541pt
\TPboxrulesize=\dimen308
\TP@ox=\dimen309
\TP@oy=\dimen310
\TP@tbargs=\toks33
TextBlockOrigin set to 0pt x 0pt
) (d:/texlive/2023/texmf-dist/tex/latex/pdfpages/pdfpages.sty
Package: pdfpages 2022/12/19 v0.5x Insert pages of external PDF documents (AM)

(d:/texlive/2023/texmf-dist/tex/latex/eso-pic/eso-pic.sty
Package: eso-pic 2023/05/03 v3.0c eso-pic (RN)
\ESO@tempdima=\dimen311
\ESO@tempdimb=\dimen312
)
\AM@pagewidth=\dimen313
\AM@pageheight=\dimen314
\AM@fboxrule=\dimen315

(d:/texlive/2023/texmf-dist/tex/latex/pdfpages/ppluatex.def
File: ppluatex.def 2022/12/19 v0.5x Pdfpages driver for LuaTeX (AM)
)
\pdfpages@includegraphics@status=\count351
\AM@pagebox=\box91
\AM@global@opts=\toks34
\AM@pagecnt=\count352
\AM@toc@title=\toks35
\AM@lof@heading=\toks36
\c@AM@survey=\count353
\AM@templatesizebox=\box92
)
(d:/texlive/2023/texmf-dist/tex/latex/fontawesome/fontawesome.sty
Package: fontawesome 2016/05/15 v4.6.3.1 font awesome icons

(d:/texlive/2023/texmf-dist/tex/generic/iftex/ifxetex.sty
Package: ifxetex 2019/10/25 v0.7 ifxetex legacy package. Use iftex instead.
)
(d:/texlive/2023/texmf-dist/tex/generic/iftex/ifluatex.sty
Package: ifluatex 2019/10/25 v1.5 ifluatex legacy package. Use iftex instead.
)
(d:/texlive/2023/texmf-dist/tex/latex/fontawesome/fontawesomesymbols-generic.te
x)
luaotfload | aux : font no 46 (nil) defines no feature for script latn
luaotfload | aux : font no 46 (nil) defines no feature for script dflt

Package fontspec Info: Could not resolve font "FontAwesome/BI" (it probably
(fontspec)             doesn't exist).


Package fontspec Info: Could not resolve font "FontAwesome/B" (it probably
(fontspec)             doesn't exist).


Package fontspec Info: Could not resolve font "FontAwesome/I" (it probably
(fontspec)             doesn't exist).


Package fontspec Info: Font family 'FontAwesome(0)' created for font
(fontspec)             'FontAwesome' with options [].
(fontspec)              
(fontspec)              This font family consists of the following NFSS
(fontspec)             series/shapes:
(fontspec)              
(fontspec)             - 'normal' (m/n) with NFSS spec.:
(fontspec)             <->"FontAwesome:mode=node;language=dflt;"
(fontspec)             - 'small caps'  (m/sc) with NFSS spec.: 


(d:/texlive/2023/texmf-dist/tex/latex/fontawesome/fontawesomesymbols-xeluatex.t
ex)) (d:/texlive/2023/texmf-dist/tex/latex/microtype/microtype.sty
Package: microtype 2023/03/13 v3.1a Micro-typographical refinements (RS)
\MT@toks=\toks37
\MT@tempbox=\box93
\MT@count=\count354
LaTeX Info: Redefining \noprotrusionifhmode on input line 1059.
LaTeX Info: Redefining \leftprotrusion on input line 1060.
\MT@prot@toks=\toks38
LaTeX Info: Redefining \rightprotrusion on input line 1078.
LaTeX Info: Redefining \textls on input line 1368.
\MT@outer@kern=\dimen316
LaTeX Info: Redefining \textmicrotypecontext on input line 1988.
\MT@listname@count=\count355

(d:/texlive/2023/texmf-dist/tex/latex/microtype/microtype-luatex.def
File: microtype-luatex.def 2023/03/13 v3.1a Definitions specific to luatex (RS)

Lua module: microtype 2023/03/13 3.1a microtype module.
Module microtype Info: overwriting function `keepligature' on input line 63
LaTeX Info: Redefining \lsstyle on input line 688.
LaTeX Info: Redefining \lslig on input line 688.
\MT@outer@space=\skip117
)
Package microtype Info: Loading configuration file microtype.cfg.

(d:/texlive/2023/texmf-dist/tex/latex/microtype/microtype.cfg
File: microtype.cfg 2023/03/13 v3.1a microtype main configuration file (RS)
))
(d:/texlive/2023/texmf-dist/tex/latex/pgf/frontendlayer/tikz.sty
(d:/texlive/2023/texmf-dist/tex/latex/pgf/basiclayer/pgf.sty
(d:/texlive/2023/texmf-dist/tex/latex/pgf/utilities/pgfrcs.sty
(d:/texlive/2023/texmf-dist/tex/generic/pgf/utilities/pgfutil-common.tex
\pgfutil@everybye=\toks39
\pgfutil@tempdima=\dimen317
\pgfutil@tempdimb=\dimen318
)
(d:/texlive/2023/texmf-dist/tex/generic/pgf/utilities/pgfutil-latex.def
\pgfutil@abb=\box94
)
(d:/texlive/2023/texmf-dist/tex/generic/pgf/utilities/pgfrcs.code.tex
(d:/texlive/2023/texmf-dist/tex/generic/pgf/pgf.revision.tex)
Package: pgfrcs 2023-01-15 v3.1.10 (3.1.10)
))
Package: pgf 2023-01-15 v3.1.10 (3.1.10)

(d:/texlive/2023/texmf-dist/tex/latex/pgf/basiclayer/pgfcore.sty
(d:/texlive/2023/texmf-dist/tex/latex/pgf/systemlayer/pgfsys.sty
(d:/texlive/2023/texmf-dist/tex/generic/pgf/systemlayer/pgfsys.code.tex
Package: pgfsys 2023-01-15 v3.1.10 (3.1.10)

(d:/texlive/2023/texmf-dist/tex/generic/pgf/utilities/pgfkeys.code.tex
\pgfkeys@pathtoks=\toks40
\pgfkeys@temptoks=\toks41

(d:/texlive/2023/texmf-dist/tex/generic/pgf/utilities/pgfkeyslibraryfiltered.co
de.tex
\pgfkeys@tmptoks=\toks42
))
\pgf@x=\dimen319
\pgf@y=\dimen320
\pgf@xa=\dimen321
\pgf@ya=\dimen322
\pgf@xb=\dimen323
\pgf@yb=\dimen324
\pgf@xc=\dimen325
\pgf@yc=\dimen326
\pgf@xd=\dimen327
\pgf@yd=\dimen328
\w@pgf@writea=\write3
\r@pgf@reada=\read3
\c@pgf@counta=\count356
\c@pgf@countb=\count357
\c@pgf@countc=\count358
\c@pgf@countd=\count359
\t@pgf@toka=\toks43
\t@pgf@tokb=\toks44
\t@pgf@tokc=\toks45
\pgf@sys@id@count=\count360
 (d:/texlive/2023/texmf-dist/tex/generic/pgf/systemlayer/pgf.cfg
File: pgf.cfg 2023-01-15 v3.1.10 (3.1.10)
)
Driver file for pgf: pgfsys-luatex.def

(d:/texlive/2023/texmf-dist/tex/generic/pgf/systemlayer/pgfsys-luatex.def
File: pgfsys-luatex.def 2023-01-15 v3.1.10 (3.1.10)

(d:/texlive/2023/texmf-dist/tex/generic/pgf/systemlayer/pgfsys-common-pdf.def
File: pgfsys-common-pdf.def 2023-01-15 v3.1.10 (3.1.10)
)))
(d:/texlive/2023/texmf-dist/tex/generic/pgf/systemlayer/pgfsyssoftpath.code.tex
File: pgfsyssoftpath.code.tex 2023-01-15 v3.1.10 (3.1.10)
\pgfsyssoftpath@smallbuffer@items=\count361
\pgfsyssoftpath@bigbuffer@items=\count362
)
(d:/texlive/2023/texmf-dist/tex/generic/pgf/systemlayer/pgfsysprotocol.code.tex
File: pgfsysprotocol.code.tex 2023-01-15 v3.1.10 (3.1.10)
)) (d:/texlive/2023/texmf-dist/tex/generic/pgf/basiclayer/pgfcore.code.tex
Package: pgfcore 2023-01-15 v3.1.10 (3.1.10)

(d:/texlive/2023/texmf-dist/tex/generic/pgf/math/pgfmath.code.tex
(d:/texlive/2023/texmf-dist/tex/generic/pgf/math/pgfmathutil.code.tex)
(d:/texlive/2023/texmf-dist/tex/generic/pgf/math/pgfmathparser.code.tex
\pgfmath@dimen=\dimen329
\pgfmath@count=\count363
\pgfmath@box=\box95
\pgfmath@toks=\toks46
\pgfmath@stack@operand=\toks47
\pgfmath@stack@operation=\toks48
)
(d:/texlive/2023/texmf-dist/tex/generic/pgf/math/pgfmathfunctions.code.tex)
(d:/texlive/2023/texmf-dist/tex/generic/pgf/math/pgfmathfunctions.basic.code.te
x)
(d:/texlive/2023/texmf-dist/tex/generic/pgf/math/pgfmathfunctions.trigonometric
.code.tex)
(d:/texlive/2023/texmf-dist/tex/generic/pgf/math/pgfmathfunctions.random.code.t
ex)
(d:/texlive/2023/texmf-dist/tex/generic/pgf/math/pgfmathfunctions.comparison.co
de.tex)
(d:/texlive/2023/texmf-dist/tex/generic/pgf/math/pgfmathfunctions.base.code.tex
)
(d:/texlive/2023/texmf-dist/tex/generic/pgf/math/pgfmathfunctions.round.code.te
x)
(d:/texlive/2023/texmf-dist/tex/generic/pgf/math/pgfmathfunctions.misc.code.tex
)
(d:/texlive/2023/texmf-dist/tex/generic/pgf/math/pgfmathfunctions.integerarithm
etics.code.tex)
(d:/texlive/2023/texmf-dist/tex/generic/pgf/math/pgfmathcalc.code.tex)
(d:/texlive/2023/texmf-dist/tex/generic/pgf/math/pgfmathfloat.code.tex
\c@pgfmathroundto@lastzeros=\count364
))
(d:/texlive/2023/texmf-dist/tex/generic/pgf/math/pgfint.code.tex)
(d:/texlive/2023/texmf-dist/tex/generic/pgf/basiclayer/pgfcorepoints.code.tex
File: pgfcorepoints.code.tex 2023-01-15 v3.1.10 (3.1.10)
\pgf@picminx=\dimen330
\pgf@picmaxx=\dimen331
\pgf@picminy=\dimen332
\pgf@picmaxy=\dimen333
\pgf@pathminx=\dimen334
\pgf@pathmaxx=\dimen335
\pgf@pathminy=\dimen336
\pgf@pathmaxy=\dimen337
\pgf@xx=\dimen338
\pgf@xy=\dimen339
\pgf@yx=\dimen340
\pgf@yy=\dimen341
\pgf@zx=\dimen342
\pgf@zy=\dimen343
)
(d:/texlive/2023/texmf-dist/tex/generic/pgf/basiclayer/pgfcorepathconstruct.cod
e.tex
File: pgfcorepathconstruct.code.tex 2023-01-15 v3.1.10 (3.1.10)
\pgf@path@lastx=\dimen344
\pgf@path@lasty=\dimen345
)
(d:/texlive/2023/texmf-dist/tex/generic/pgf/basiclayer/pgfcorepathusage.code.te
x
File: pgfcorepathusage.code.tex 2023-01-15 v3.1.10 (3.1.10)
\pgf@shorten@end@additional=\dimen346
\pgf@shorten@start@additional=\dimen347
)
(d:/texlive/2023/texmf-dist/tex/generic/pgf/basiclayer/pgfcorescopes.code.tex
File: pgfcorescopes.code.tex 2023-01-15 v3.1.10 (3.1.10)
\pgfpic=\box96
\pgf@hbox=\box97
\pgf@layerbox@main=\box98
\pgf@picture@serial@count=\count365
)
(d:/texlive/2023/texmf-dist/tex/generic/pgf/basiclayer/pgfcoregraphicstate.code
.tex
File: pgfcoregraphicstate.code.tex 2023-01-15 v3.1.10 (3.1.10)
\pgflinewidth=\dimen348
)
(d:/texlive/2023/texmf-dist/tex/generic/pgf/basiclayer/pgfcoretransformations.c
ode.tex
File: pgfcoretransformations.code.tex 2023-01-15 v3.1.10 (3.1.10)
\pgf@pt@x=\dimen349
\pgf@pt@y=\dimen350
\pgf@pt@temp=\dimen351
)
(d:/texlive/2023/texmf-dist/tex/generic/pgf/basiclayer/pgfcorequick.code.tex
File: pgfcorequick.code.tex 2023-01-15 v3.1.10 (3.1.10)
)
(d:/texlive/2023/texmf-dist/tex/generic/pgf/basiclayer/pgfcoreobjects.code.tex
File: pgfcoreobjects.code.tex 2023-01-15 v3.1.10 (3.1.10)
)
(d:/texlive/2023/texmf-dist/tex/generic/pgf/basiclayer/pgfcorepathprocessing.co
de.tex
File: pgfcorepathprocessing.code.tex 2023-01-15 v3.1.10 (3.1.10)
)
(d:/texlive/2023/texmf-dist/tex/generic/pgf/basiclayer/pgfcorearrows.code.tex
File: pgfcorearrows.code.tex 2023-01-15 v3.1.10 (3.1.10)
\pgfarrowsep=\dimen352
)
(d:/texlive/2023/texmf-dist/tex/generic/pgf/basiclayer/pgfcoreshade.code.tex
File: pgfcoreshade.code.tex 2023-01-15 v3.1.10 (3.1.10)
\pgf@max=\dimen353
\pgf@sys@shading@range@num=\count366
\pgf@shadingcount=\count367
)
(d:/texlive/2023/texmf-dist/tex/generic/pgf/basiclayer/pgfcoreimage.code.tex
File: pgfcoreimage.code.tex 2023-01-15 v3.1.10 (3.1.10)
)
(d:/texlive/2023/texmf-dist/tex/generic/pgf/basiclayer/pgfcoreexternal.code.tex
File: pgfcoreexternal.code.tex 2023-01-15 v3.1.10 (3.1.10)
\pgfexternal@startupbox=\box99
) (d:/texlive/2023/texmf-dist/tex/generic/pgf/basiclayer/pgfcorelayers.code.tex
File: pgfcorelayers.code.tex 2023-01-15 v3.1.10 (3.1.10)
)
(d:/texlive/2023/texmf-dist/tex/generic/pgf/basiclayer/pgfcoretransparency.code
.tex
File: pgfcoretransparency.code.tex 2023-01-15 v3.1.10 (3.1.10)
)
(d:/texlive/2023/texmf-dist/tex/generic/pgf/basiclayer/pgfcorepatterns.code.tex
File: pgfcorepatterns.code.tex 2023-01-15 v3.1.10 (3.1.10)
) (d:/texlive/2023/texmf-dist/tex/generic/pgf/basiclayer/pgfcorerdf.code.tex
File: pgfcorerdf.code.tex 2023-01-15 v3.1.10 (3.1.10)
))) (d:/texlive/2023/texmf-dist/tex/generic/pgf/modules/pgfmoduleshapes.code.te
x
File: pgfmoduleshapes.code.tex 2023-01-15 v3.1.10 (3.1.10)
\pgfnodeparttextbox=\box100
)
(d:/texlive/2023/texmf-dist/tex/generic/pgf/modules/pgfmoduleplot.code.tex
File: pgfmoduleplot.code.tex 2023-01-15 v3.1.10 (3.1.10)
)
(d:/texlive/2023/texmf-dist/tex/latex/pgf/compatibility/pgfcomp-version-0-65.st
y
Package: pgfcomp-version-0-65 2023-01-15 v3.1.10 (3.1.10)
\pgf@nodesepstart=\dimen354
\pgf@nodesepend=\dimen355
)
(d:/texlive/2023/texmf-dist/tex/latex/pgf/compatibility/pgfcomp-version-1-18.st
y
Package: pgfcomp-version-1-18 2023-01-15 v3.1.10 (3.1.10)
)) (d:/texlive/2023/texmf-dist/tex/latex/pgf/utilities/pgffor.sty
(d:/texlive/2023/texmf-dist/tex/latex/pgf/utilities/pgfkeys.sty
(d:/texlive/2023/texmf-dist/tex/generic/pgf/utilities/pgfkeys.code.tex))
(d:/texlive/2023/texmf-dist/tex/latex/pgf/math/pgfmath.sty
(d:/texlive/2023/texmf-dist/tex/generic/pgf/math/pgfmath.code.tex))
(d:/texlive/2023/texmf-dist/tex/generic/pgf/utilities/pgffor.code.tex
Package: pgffor 2023-01-15 v3.1.10 (3.1.10)
\pgffor@iter=\dimen356
\pgffor@skip=\dimen357
\pgffor@stack=\toks49
\pgffor@toks=\toks50
))
(d:/texlive/2023/texmf-dist/tex/generic/pgf/frontendlayer/tikz/tikz.code.tex
Package: tikz 2023-01-15 v3.1.10 (3.1.10)

(d:/texlive/2023/texmf-dist/tex/generic/pgf/libraries/pgflibraryplothandlers.co
de.tex
File: pgflibraryplothandlers.code.tex 2023-01-15 v3.1.10 (3.1.10)
\pgf@plot@mark@count=\count368
\pgfplotmarksize=\dimen358
)
\tikz@lastx=\dimen359
\tikz@lasty=\dimen360
\tikz@lastxsaved=\dimen361
\tikz@lastysaved=\dimen362
\tikz@lastmovetox=\dimen363
\tikz@lastmovetoy=\dimen364
\tikzleveldistance=\dimen365
\tikzsiblingdistance=\dimen366
\tikz@figbox=\box101
\tikz@figbox@bg=\box102
\tikz@tempbox=\box103
\tikz@tempbox@bg=\box104
\tikztreelevel=\count369
\tikznumberofchildren=\count370
\tikznumberofcurrentchild=\count371
\tikz@fig@count=\count372

(d:/texlive/2023/texmf-dist/tex/generic/pgf/modules/pgfmodulematrix.code.tex
File: pgfmodulematrix.code.tex 2023-01-15 v3.1.10 (3.1.10)
\pgfmatrixcurrentrow=\count373
\pgfmatrixcurrentcolumn=\count374
\pgf@matrix@numberofcolumns=\count375
)
\tikz@expandcount=\count376

(d:/texlive/2023/texmf-dist/tex/generic/pgf/frontendlayer/tikz/libraries/tikzli
brarytopaths.code.tex
File: tikzlibrarytopaths.code.tex 2023-01-15 v3.1.10 (3.1.10)
)))
(d:/texlive/2023/texmf-dist/tex/latex/makecell/makecell.sty
Package: makecell 2009/08/03 V0.1e Managing of Tab Column Heads and Cells
\rotheadsize=\dimen367
\c@nlinenum=\count377
\TeXr@lab=\toks51
)
(d:/texlive/2023/texmf-dist/tex/latex/footmisc/footmisc.sty
Package: footmisc 2023/07/05 v6.0f a miscellany of footnote facilities
\FN@temptoken=\toks52
\footnotemargin=\dimen368
\@outputbox@depth=\dimen369

(d:/texlive/2023/texmf-dist/tex/latex/bigfoot/perpage.sty
Package: perpage 2014/10/25 2.0 Reset/sort counters per page
\c@abspage=\count378
)
\c@pp@a@footnote=\count379
Package footmisc Info: Declaring symbol style bringhurst on input line 696.
Package footmisc Info: Declaring symbol style chicago on input line 704.
Package footmisc Info: Declaring symbol style wiley on input line 713.
Package footmisc Info: Declaring symbol style lamport-robust on input line 724.

Package footmisc Info: Declaring symbol style lamport* on input line 744.
Package footmisc Info: Declaring symbol style lamport*-robust on input line 765
.
)
(d:/texlive/2023/texmf-dist/tex/latex/tools/hhline.sty
Package: hhline 2020/01/04 v2.04 Table rule package (DPC)
)
(d:/texlive/2023/texmf-dist/tex/generic/ulem/ulem.sty
\UL@box=\box105
\UL@hyphenbox=\box106
\UL@skip=\skip118
\UL@hook=\toks53
\UL@height=\dimen370
\UL@pe=\count380
\UL@pixel=\dimen371
\ULC@box=\box107
Package: ulem 2019/11/18
\ULdepth=\dimen372
)
(d:/texlive/2023/texmf-dist/tex/latex/placeins/placeins.sty
Package: placeins 2005/04/18  v 2.2
)) (./general.aux

LaTeX Warning: Label `sec:sec2' multiply defined.


LaTeX Warning: Label `sec:bki' multiply defined.


LaTeX Warning: Label `desc_tznp:tbl' multiply defined.

)
\openout1 = general.aux

LaTeX Font Info:    Checking defaults for OML/cmm/m/it on input line 35.
LaTeX Font Info:    ... okay on input line 35.
LaTeX Font Info:    Checking defaults for OMS/cmsy/m/n on input line 35.
LaTeX Font Info:    ... okay on input line 35.
LaTeX Font Info:    Checking defaults for OT1/cmr/m/n on input line 35.
LaTeX Font Info:    ... okay on input line 35.
LaTeX Font Info:    Checking defaults for T1/cmr/m/n on input line 35.
LaTeX Font Info:    ... okay on input line 35.
LaTeX Font Info:    Checking defaults for TS1/cmr/m/n on input line 35.
LaTeX Font Info:    ... okay on input line 35.
LaTeX Font Info:    Checking defaults for TU/lmr/m/n on input line 35.
LaTeX Font Info:    ... okay on input line 35.
LaTeX Font Info:    Checking defaults for OMX/cmex/m/n on input line 35.
LaTeX Font Info:    ... okay on input line 35.
LaTeX Font Info:    Checking defaults for U/cmr/m/n on input line 35.
LaTeX Font Info:    ... okay on input line 35.
LaTeX Font Info:    Checking defaults for PD1/pdf/m/n on input line 35.
LaTeX Font Info:    ... okay on input line 35.
LaTeX Font Info:    Checking defaults for PU/pdf/m/n on input line 35.
LaTeX Font Info:    ... okay on input line 35.
LaTeX Info: Redefining \th on input line 35.
 (d:/texlive/2023/texmf-dist/tex/context/base/mkii/supp-pdf.mkii
[Loading MPS to PDF converter (version 2006.09.02).]
\scratchcounter=\count381
\scratchdimen=\dimen373
\scratchbox=\box108
\nofMPsegments=\count382
\nofMParguments=\count383
\everyMPshowfont=\toks54
\MPscratchCnt=\count384
\MPscratchDim=\dimen374
\MPnumerator=\count385
\makeMPintoPDFobject=\count386
\everyMPtoPDFconversion=\toks55
) (d:/texlive/2023/texmf-dist/tex/latex/epstopdf-pkg/epstopdf-base.sty
Package: epstopdf-base 2020-01-24 v2.11 Base part for package epstopdf
Package epstopdf-base Info: Redefining graphics rule for `.eps' on input line 4
85.

(d:/texlive/2023/texmf-dist/tex/latex/latexconfig/epstopdf-sys.cfg
File: epstopdf-sys.cfg 2010/07/13 v1.3 Configuration of (r)epstopdf for TeX Liv
e
))
LaTeX Font Info:    Overwriting math alphabet `\mathrm' in version `normal'
(Font)                  TU/StixTwoMath(1)/m/n --> TU/ArialNarrow(0)/m/n on inpu
t line 35.
LaTeX Font Info:    Overwriting math alphabet `\mathit' in version `normal'
(Font)                  OT1/cmr/m/it --> TU/ArialNarrow(0)/m/it on input line 3
5.
LaTeX Font Info:    Overwriting math alphabet `\mathbf' in version `normal'
(Font)                  OT1/cmr/bx/n --> TU/ArialNarrow(0)/b/n on input line 35
.
LaTeX Font Info:    Overwriting math alphabet `\mathtt' in version `normal'
(Font)                  OT1/cmtt/m/n --> TU/lmtt/m/n on input line 35.
LaTeX Font Info:    Overwriting math alphabet `\mathtt' in version `bold'
(Font)                  OT1/cmtt/m/n --> TU/lmtt/b/n on input line 35.

*geometry* driver: auto-detecting
*geometry* detected driver: luatex
*geometry* verbose mode - [ preamble ] result:
* driver: luatex
* paper: a4paper
* layout: <same size as paper>
* layoutoffset:(h,v)=(0.0pt,0.0pt)
* modes: includehead includefoot 
* h-part:(L,W,R)=(62.59605pt, 506.45908pt, 28.45274pt)
* v-part:(T,H,B)=(17.07164pt, 810.90356pt, 17.07164pt)
* \paperwidth=597.50787pt
* \paperheight=845.04684pt
* \textwidth=506.45908pt
* \textheight=767.95084pt
* \oddsidemargin=-9.67393pt
* \evensidemargin=-9.67393pt
* \topmargin=-55.19835pt
* \headheight=14.5pt
* \headsep=8.53581pt
* \topskip=22.0pt
* \footskip=19.91692pt
* \marginparwidth=0.0pt
* \marginparsep=0.0pt
* \columnsep=10.0pt
* \skip\footins=10.8pt plus 4.0pt minus 2.0pt
* \hoffset=0.0pt
* \voffset=0.0pt
* \mag=1000
* \@twocolumnfalse
* \@twosidefalse
* \@mparswitchfalse
* \@reversemarginfalse
* (1in=72.27pt=25.4mm, 1cm=28.453pt)

Package hyperref Info: Link coloring OFF on input line 35.
(./general.out) (./general.out)
\@outlinefile=\write4

\openout4 = general.out
Package caption Info: Begin \AtBeginDocument code.
Package caption Info: float package is loaded.
Package caption Info: End \AtBeginDocument code.

(d:/texlive/2023/texmf-dist/tex/latex/ninecolors/ninecolors.sty
Package: ninecolors 2022-02-13 v2022D Select colors with proper color contrast
)
LaTeX Info: Redefining \microtypecontext on input line 35.
Package microtype Info: Applying patch `item' on input line 35.
Package microtype Info: Applying patch `toc' on input line 35.
Package microtype Info: Applying patch `eqnum' on input line 35.
Package microtype Info: Applying patch `footnote' on input line 35.
Package microtype Info: Applying patch `verbatim' on input line 35.
Package microtype Info: Generating PDF output.
Package microtype Info: Character protrusion enabled (level 2).
Package microtype Info: Using default protrusion set `alltext'.
Package microtype Info: Automatic font expansion enabled (level 2),
(microtype)             stretch: 20, shrink: 20, step: 1, non-selected.
Package microtype Info: Using default expansion set `alltext-nott'.
LaTeX Info: Redefining \showhyphens on input line 35.
Package microtype Info: No adjustment of tracking.
Package microtype Info: No adjustment of spacing.
Package microtype Info: No adjustment of kerning.
Package microtype Info: Loading generic protrusion settings for font family
(microtype)             `ArialNarrow' (encoding: TU).
(microtype)             For optimal results, create family-specific settings.
(microtype)             See the microtype manual for details.
 (./title0.tex)
warning  (file ./images/uni.pdf) (pdf inclusion): PDF inclusion: found PDF versi
on '1.6', but at most version '1.5' allowed
<./images/uni.pdf, id=47, 455.11758pt x 94.86363pt>
File: ./images/uni.pdf Graphic file (type pdf)
<use ./images/uni.pdf>
Package luatex.def Info: ./images/uni.pdf  used on input line 46.
(luatex.def)             Requested size: 204.80101pt x 42.68823pt.

Package fancyhdr Warning: \headheight is too small (14.5pt): 
(fancyhdr)                Make it at least 81.83154pt, for example:
(fancyhdr)                \setlength{\headheight}{81.83154pt}.
(fancyhdr)                You might also make \topmargin smaller to compensate:

(fancyhdr)                \addtolength{\topmargin}{-67.33154pt}.

<./images/1.png, id=49, 481.8pt x 381.22424pt>
File: ./images/1.png Graphic file (type png)
<use ./images/1.png>
Package luatex.def Info: ./images/1.png  used on input line 46.
(luatex.def)             Requested size: 495.93262pt x 392.41522pt.
[1

{d:/texlive/2023/texmf-var/fonts/map/pdftex/updmap/pdftex.map}<./images/1.png><.
/images/uni.pdf>] (./title1.tex
Package microtype Info: Loading generic protrusion settings for font family
(microtype)             `StixTwoMath' (encoding: TU).
(microtype)             For optimal results, create family-specific settings.
(microtype)             See the microtype manual for details.
) [2

] (./section_format.tex) (./toc.tex
(./general.toc)
\tf@toc=\write5

\openout5 = general.toc
) [3


] (./toa_general.tex
Overfull \hbox (169.7279pt too wide) in alignment at lines 5--6
 [][][] 
 []


Overfull \hbox (169.7279pt too wide) in alignment at lines 6--6
 [][][] 
 []


Overfull \hbox (169.7279pt too wide) in alignment at lines 6--6
 [][][] 
 []


Overfull \hbox (169.7279pt too wide) in alignment at lines 6--6
 [][][] 
 []


Overfull \hbox (169.7279pt too wide) in alignment at lines 6--20
 [][][] 
 []

) [4

] (./section0.tex) [5] (./section2.tex

LaTeX Warning: Reference `app:fsu' on page 6 undefined on input line 32.


LaTeX Warning: Reference `appA:tbl1' on page 6 undefined on input line 33.


LaTeX Warning: Reference `app:signals' on page 6 undefined on input line 33.

)
("//uni-eng.ru/unit/Ivanovo/Документация ЮНИТ М300/Разра
ботка/Схемы ФБ ЮНИТ-М300/Проект/БД500/desc//561.0021 
ДЗ/dz.tex" [6]
LaTeX Font Info:    Font shape `TU/ArialNarrow(1)/m/sl' in size <12> not availa
ble
(Font)              Font shape `TU/ArialNarrow(1)/m/it' tried instead on input 
line 56.
 [7]
warning  (file //uni-eng.ru/unit/Ivanovo/Документация ЮНИТ М300
/Разработка/Схемы ФБ ЮНИТ-М300/Проект/БД500/desc//
561.0021 ДЗ/img/_char1.pdf) (pdf inclusion): PDF inclusion: found PDF version 
'1.7', but at most version '1.5' allowed
<//uni-eng.ru/unit/Ivanovo/Документация ЮНИТ М300/Разра
ботка/Схемы ФБ ЮНИТ-М300/Проект/БД500/desc//561.0021 
ДЗ/img/_char1.pdf, id=163, 240.8272pt x 293.56897pt>
File: //uni-eng.ru/unit/Ivanovo/Документация ЮНИТ М300/Раз
работка/Схемы ФБ ЮНИТ-М300/Проект/БД500/desc//561.00
21 ДЗ/img/_char1.pdf Graphic file (type pdf)
<use //uni-eng.ru/unit/Ivanovo/Документация ЮНИТ М300/Раз
работка/Схемы ФБ ЮНИТ-М300/Проект/БД500/desc//561.00
21 ДЗ/img/_char1.pdf>
Package luatex.def Info: //uni-eng.ru/unit/Ivanovo/Документация Ю
НИТ М300/Разработка/Схемы ФБ ЮНИТ-М300/Проект/
БД500/desc//561.0021 ДЗ/img/_char1.pdf  used on input line 115.
(luatex.def)             Requested size: 202.59111pt x 246.95908pt.
Inserting `luaotfload.letterspace' in `pre_linebreak_filter'.
Inserting `luaotfload.letterspace' in `hpack_filter'.
LaTeX Font Info:    Font shape `TU/ArialNarrow(1)/m/sl' in size <10.95> not ava
ilable
(Font)              Font shape `TU/ArialNarrow(1)/m/it' tried instead on input 
line 146.
[8<//uni-eng.ru/unit/Ivanovo/Документация ЮНИТ М300/Разр
аботка/Схемы ФБ ЮНИТ-М300/Проект/БД500/desc//561.0021 
ДЗ/img/_char1.pdf>]
warning  (file //uni-eng.ru/unit/Ivanovo/Документация ЮНИТ М300
/Разработка/Схемы ФБ ЮНИТ-М300/Проект/БД500/desc//
561.0021 ДЗ/img/_on.pdf) (pdf inclusion): PDF inclusion: found PDF version '1.
7', but at most version '1.5' allowed
<//uni-eng.ru/unit/Ivanovo/Документация ЮНИТ М300/Разра
ботка/Схемы ФБ ЮНИТ-М300/Проект/БД500/desc//561.0021 
ДЗ/img/_on.pdf, id=235, 365.25456pt x 186.1779pt>
File: //uni-eng.ru/unit/Ivanovo/Документация ЮНИТ М300/Раз
работка/Схемы ФБ ЮНИТ-М300/Проект/БД500/desc//561.00
21 ДЗ/img/_on.pdf Graphic file (type pdf)
<use //uni-eng.ru/unit/Ivanovo/Документация ЮНИТ М300/Раз
работка/Схемы ФБ ЮНИТ-М300/Проект/БД500/desc//561.00
21 ДЗ/img/_on.pdf>
Package luatex.def Info: //uni-eng.ru/unit/Ivanovo/Документация Ю
НИТ М300/Разработка/Схемы ФБ ЮНИТ-М300/Проект/
БД500/desc//561.0021 ДЗ/img/_on.pdf  used on input line 164.
(luatex.def)             Requested size: 354.51942pt x 180.70598pt.
[9<//uni-eng.ru/unit/Ivanovo/Документация ЮНИТ М300/Разр
аботка/Схемы ФБ ЮНИТ-М300/Проект/БД500/desc//561.0021 
ДЗ/img/_on.pdf>]
warning  (file //uni-eng.ru/unit/Ivanovo/Документация ЮНИТ М300
/Разработка/Схемы ФБ ЮНИТ-М300/Проект/БД500/desc//
561.0021 ДЗ/img/_r.pdf) (pdf inclusion): PDF inclusion: found PDF version '1.7
', but at most version '1.5' allowed
<//uni-eng.ru/unit/Ivanovo/Документация ЮНИТ М300/Разра
ботка/Схемы ФБ ЮНИТ-М300/Проект/БД500/desc//561.0021 
ДЗ/img/_r.pdf, id=301, 292.50468pt x 159.07927pt>
File: //uni-eng.ru/unit/Ivanovo/Документация ЮНИТ М300/Раз
работка/Схемы ФБ ЮНИТ-М300/Проект/БД500/desc//561.00
21 ДЗ/img/_r.pdf Graphic file (type pdf)
<use //uni-eng.ru/unit/Ivanovo/Документация ЮНИТ М300/Раз
работка/Схемы ФБ ЮНИТ-М300/Проект/БД500/desc//561.00
21 ДЗ/img/_r.pdf>
Package luatex.def Info: //uni-eng.ru/unit/Ivanovo/Документация Ю
НИТ М300/Разработка/Схемы ФБ ЮНИТ-М300/Проект/
БД500/desc//561.0021 ДЗ/img/_r.pdf  used on input line 191.
(luatex.def)             Requested size: 303.8808pt x 165.26619pt.

warning  (file //uni-eng.ru/unit/Ivanovo/Документация ЮНИТ М300
/Разработка/Схемы ФБ ЮНИТ-М300/Проект/БД500/desc//
561.0021 ДЗ/img/_rs.pdf) (pdf inclusion): PDF inclusion: found PDF version '1.
7', but at most version '1.5' allowed
<//uni-eng.ru/unit/Ivanovo/Документация ЮНИТ М300/Разра
ботка/Схемы ФБ ЮНИТ-М300/Проект/БД500/desc//561.0021 
ДЗ/img/_rs.pdf, id=303, 388.83556pt x 279.01595pt>
File: //uni-eng.ru/unit/Ivanovo/Документация ЮНИТ М300/Раз
работка/Схемы ФБ ЮНИТ-М300/Проект/БД500/desc//561.00
21 ДЗ/img/_rs.pdf Graphic file (type pdf)
<use //uni-eng.ru/unit/Ivanovo/Документация ЮНИТ М300/Раз
работка/Схемы ФБ ЮНИТ-М300/Проект/БД500/desc//561.00
21 ДЗ/img/_rs.pdf>
Package luatex.def Info: //uni-eng.ru/unit/Ivanovo/Документация Ю
НИТ М300/Разработка/Схемы ФБ ЮНИТ-М300/Проект/
БД500/desc//561.0021 ДЗ/img/_rs.pdf  used on input line 200.
(luatex.def)             Requested size: 430.51494pt x 308.92374pt.
[10<//uni-eng.ru/unit/Ivanovo/Документация ЮНИТ М300/Разр
аботка/Схемы ФБ ЮНИТ-М300/Проект/БД500/desc//561.0021 
ДЗ/img/_r.pdf>]
warning  (file //uni-eng.ru/unit/Ivanovo/Документация ЮНИТ М300
/Разработка/Схемы ФБ ЮНИТ-М300/Проект/БД500/desc//
561.0021 ДЗ/img/_nachalo.pdf) (pdf inclusion): PDF inclusion: found PDF versio
n '1.7', but at most version '1.5' allowed
<//uni-eng.ru/unit/Ivanovo/Документация ЮНИТ М300/Разра
ботка/Схемы ФБ ЮНИТ-М300/Проект/БД500/desc//561.0021 
ДЗ/img/_nachalo.pdf, id=362, 202.19449pt x 210.26566pt>
File: //uni-eng.ru/unit/Ivanovo/Документация ЮНИТ М300/Раз
работка/Схемы ФБ ЮНИТ-М300/Проект/БД500/desc//561.00
21 ДЗ/img/_nachalo.pdf Graphic file (type pdf)
<use //uni-eng.ru/unit/Ivanovo/Документация ЮНИТ М300/Раз
работка/Схемы ФБ ЮНИТ-М300/Проект/БД500/desc//561.00
21 ДЗ/img/_nachalo.pdf>
Package luatex.def Info: //uni-eng.ru/unit/Ivanovo/Документация Ю
НИТ М300/Разработка/Схемы ФБ ЮНИТ-М300/Проект/
БД500/desc//561.0021 ДЗ/img/_nachalo.pdf  used on input line 209.
(luatex.def)             Requested size: 202.5858pt x 210.67258pt.
[11<//uni-eng.ru/unit/Ivanovo/Документация ЮНИТ М300/Разр
аботка/Схемы ФБ ЮНИТ-М300/Проект/БД500/desc//561.0021 
ДЗ/img/_rs.pdf><//uni-eng.ru/unit/Ivanovo/Документация ЮНИТ 
М300/Разработка/Схемы ФБ ЮНИТ-М300/Проект/БД500/d
esc//561.0021 ДЗ/img/_nachalo.pdf>]
warning  (file //uni-eng.ru/unit/Ivanovo/Документация ЮНИТ М300
/Разработка/Схемы ФБ ЮНИТ-М300/Проект/БД500/desc//
561.0021 ДЗ/img/_torm.pdf) (pdf inclusion): PDF inclusion: found PDF version '
1.7', but at most version '1.5' allowed
<//uni-eng.ru/unit/Ivanovo/Документация ЮНИТ М300/Разра
ботка/Схемы ФБ ЮНИТ-М300/Проект/БД500/desc//561.0021 
ДЗ/img/_torm.pdf, id=498, 375.79077pt x 189.18886pt>
File: //uni-eng.ru/unit/Ivanovo/Документация ЮНИТ М300/Раз
работка/Схемы ФБ ЮНИТ-М300/Проект/БД500/desc//561.00
21 ДЗ/img/_torm.pdf Graphic file (type pdf)
<use //uni-eng.ru/unit/Ivanovo/Документация ЮНИТ М300/Раз
работка/Схемы ФБ ЮНИТ-М300/Проект/БД500/desc//561.00
21 ДЗ/img/_torm.pdf>
Package luatex.def Info: //uni-eng.ru/unit/Ivanovo/Документация Ю
НИТ М300/Разработка/Схемы ФБ ЮНИТ-М300/Проект/
БД500/desc//561.0021 ДЗ/img/_torm.pdf  used on input line 220.
(luatex.def)             Requested size: 329.2003pt x 165.73325pt.

warning  (file //uni-eng.ru/unit/Ivanovo/Документация ЮНИТ М300
/Разработка/Схемы ФБ ЮНИТ-М300/Проект/БД500/desc//
561.0021 ДЗ/img/_ff1.pdf) (pdf inclusion): PDF inclusion: found PDF version '1
.7', but at most version '1.5' allowed
<//uni-eng.ru/unit/Ivanovo/Документация ЮНИТ М300/Разра
ботка/Схемы ФБ ЮНИТ-М300/Проект/БД500/desc//561.0021 
ДЗ/img/_ff1.pdf, id=500, 517.77846pt x 345.75897pt>
File: //uni-eng.ru/unit/Ivanovo/Документация ЮНИТ М300/Раз
работка/Схемы ФБ ЮНИТ-М300/Проект/БД500/desc//561.00
21 ДЗ/img/_ff1.pdf Graphic file (type pdf)
<use //uni-eng.ru/unit/Ivanovo/Документация ЮНИТ М300/Раз
работка/Схемы ФБ ЮНИТ-М300/Проект/БД500/desc//561.00
21 ДЗ/img/_ff1.pdf>
Package luatex.def Info: //uni-eng.ru/unit/Ivanovo/Документация Ю
НИТ М300/Разработка/Схемы ФБ ЮНИТ-М300/Проект/
БД500/desc//561.0021 ДЗ/img/_ff1.pdf  used on input line 257.
(luatex.def)             Requested size: 506.47925pt x 338.21365pt.
[12<//uni-eng.ru/unit/Ivanovo/Документация ЮНИТ М300/Разр
аботка/Схемы ФБ ЮНИТ-М300/Проект/БД500/desc//561.0021 
ДЗ/img/_torm.pdf>]
warning  (file //uni-eng.ru/unit/Ivanovo/Документация ЮНИТ М300
/Разработка/Схемы ФБ ЮНИТ-М300/Проект/БД500/desc//
561.0021 ДЗ/img/_ff2.pdf) (pdf inclusion): PDF inclusion: found PDF version '1
.7', but at most version '1.5' allowed
<//uni-eng.ru/unit/Ivanovo/Документация ЮНИТ М300/Разра
ботка/Схемы ФБ ЮНИТ-М300/Проект/БД500/desc//561.0021 
ДЗ/img/_ff2.pdf, id=569, 517.27673pt x 297.5836pt>
File: //uni-eng.ru/unit/Ivanovo/Документация ЮНИТ М300/Раз
работка/Схемы ФБ ЮНИТ-М300/Проект/БД500/desc//561.00
21 ДЗ/img/_ff2.pdf Graphic file (type pdf)
<use //uni-eng.ru/unit/Ivanovo/Документация ЮНИТ М300/Раз
работка/Схемы ФБ ЮНИТ-М300/Проект/БД500/desc//561.00
21 ДЗ/img/_ff2.pdf>
Package luatex.def Info: //uni-eng.ru/unit/Ivanovo/Документация Ю
НИТ М300/Разработка/Схемы ФБ ЮНИТ-М300/Проект/
БД500/desc//561.0021 ДЗ/img/_ff2.pdf  used on input line 281.
(luatex.def)             Requested size: 506.47784pt x 291.37111pt.
[13<//uni-eng.ru/unit/Ivanovo/Документация ЮНИТ М300/Разр
аботка/Схемы ФБ ЮНИТ-М300/Проект/БД500/desc//561.0021 
ДЗ/img/_ff1.pdf>]
warning  (file //uni-eng.ru/unit/Ivanovo/Документация ЮНИТ М300
/Разработка/Схемы ФБ ЮНИТ-М300/Проект/БД500/desc//
561.0021 ДЗ/img/_ff3.pdf) (pdf inclusion): PDF inclusion: found PDF version '1
.7', but at most version '1.5' allowed
<//uni-eng.ru/unit/Ivanovo/Документация ЮНИТ М300/Разра
ботка/Схемы ФБ ЮНИТ-М300/Проект/БД500/desc//561.0021 
ДЗ/img/_ff3.pdf, id=588, 512.16345pt x 234.62656pt>
File: //uni-eng.ru/unit/Ivanovo/Документация ЮНИТ М300/Раз
работка/Схемы ФБ ЮНИТ-М300/Проект/БД500/desc//561.00
21 ДЗ/img/_ff3.pdf Graphic file (type pdf)
<use //uni-eng.ru/unit/Ivanovo/Документация ЮНИТ М300/Раз
работка/Схемы ФБ ЮНИТ-М300/Проект/БД500/desc//561.00
21 ДЗ/img/_ff3.pdf>
Package luatex.def Info: //uni-eng.ru/unit/Ivanovo/Документация Ю
НИТ М300/Разработка/Схемы ФБ ЮНИТ-М300/Проект/
БД500/desc//561.0021 ДЗ/img/_ff3.pdf  used on input line 302.
(luatex.def)             Requested size: 506.45724pt x 232.0125pt.
[14<//uni-eng.ru/unit/Ivanovo/Документация ЮНИТ М300/Разр
аботка/Схемы ФБ ЮНИТ-М300/Проект/БД500/desc//561.0021 
ДЗ/img/_ff2.pdf><//uni-eng.ru/unit/Ivanovo/Документация ЮНИТ 
М300/Разработка/Схемы ФБ ЮНИТ-М300/Проект/БД500/d
esc//561.0021 ДЗ/img/_ff3.pdf>]
warning  (file //uni-eng.ru/unit/Ivanovo/Документация ЮНИТ М300
/Разработка/Схемы ФБ ЮНИТ-М300/Проект/БД500/desc//
561.0021 ДЗ/img/DZ_FZ_1.pdf) (pdf inclusion): PDF inclusion: found PDF version
 '1.7', but at most version '1.5' allowed
<//uni-eng.ru/unit/Ivanovo/Документация ЮНИТ М300/Разра
ботка/Схемы ФБ ЮНИТ-М300/Проект/БД500/desc//561.0021 
ДЗ/img/DZ_FZ_1.pdf, id=607, 512.1634pt x 356.88327pt>
File: //uni-eng.ru/unit/Ivanovo/Документация ЮНИТ М300/Раз
работка/Схемы ФБ ЮНИТ-М300/Проект/БД500/desc//561.00
21 ДЗ/img/DZ_FZ_1.pdf Graphic file (type pdf)
<use //uni-eng.ru/unit/Ivanovo/Документация ЮНИТ М300/Раз
работка/Схемы ФБ ЮНИТ-М300/Проект/БД500/desc//561.00
21 ДЗ/img/DZ_FZ_1.pdf>
Package luatex.def Info: //uni-eng.ru/unit/Ivanovo/Документация Ю
НИТ М300/Разработка/Схемы ФБ ЮНИТ-М300/Проект/
БД500/desc//561.0021 ДЗ/img/DZ_FZ_1.pdf  used on input line 329.
(luatex.def)             Requested size: 506.4572pt x 352.90709pt.

warning  (file //uni-eng.ru/unit/Ivanovo/Документация ЮНИТ М300
/Разработка/Схемы ФБ ЮНИТ-М300/Проект/БД500/desc//
561.0021 ДЗ/img/DZ_FZ_2.pdf) (pdf inclusion): PDF inclusion: found PDF version
 '1.7', but at most version '1.5' allowed
<//uni-eng.ru/unit/Ivanovo/Документация ЮНИТ М300/Разра
ботка/Схемы ФБ ЮНИТ-М300/Проект/БД500/desc//561.0021 
ДЗ/img/DZ_FZ_2.pdf, id=609, 512.1634pt x 236.98535pt>
File: //uni-eng.ru/unit/Ivanovo/Документация ЮНИТ М300/Раз
работка/Схемы ФБ ЮНИТ-М300/Проект/БД500/desc//561.00
21 ДЗ/img/DZ_FZ_2.pdf Graphic file (type pdf)
<use //uni-eng.ru/unit/Ivanovo/Документация ЮНИТ М300/Раз
работка/Схемы ФБ ЮНИТ-М300/Проект/БД500/desc//561.00
21 ДЗ/img/DZ_FZ_2.pdf>
Package luatex.def Info: //uni-eng.ru/unit/Ivanovo/Документация Ю
НИТ М300/Разработка/Схемы ФБ ЮНИТ-М300/Проект/
БД500/desc//561.0021 ДЗ/img/DZ_FZ_2.pdf  used on input line 350.
(luatex.def)             Requested size: 506.4572pt x 234.345pt.
[15<//uni-eng.ru/unit/Ivanovo/Документация ЮНИТ М300/Разр
аботка/Схемы ФБ ЮНИТ-М300/Проект/БД500/desc//561.0021 
ДЗ/img/DZ_FZ_1.pdf>]
warning  (file //uni-eng.ru/unit/Ivanovo/Документация ЮНИТ М300
/Разработка/Схемы ФБ ЮНИТ-М300/Проект/БД500/desc//
561.0021 ДЗ/img/AU_DZ_PUSK.pdf) (pdf inclusion): PDF inclusion: found PDF vers
ion '1.7', but at most version '1.5' allowed
<//uni-eng.ru/unit/Ivanovo/Документация ЮНИТ М300/Разра
ботка/Схемы ФБ ЮНИТ-М300/Проект/БД500/desc//561.0021 
ДЗ/img/AU_DZ_PUSK.pdf, id=626, 512.16345pt x 415.30153pt>
File: //uni-eng.ru/unit/Ivanovo/Документация ЮНИТ М300/Раз
работка/Схемы ФБ ЮНИТ-М300/Проект/БД500/desc//561.00
21 ДЗ/img/AU_DZ_PUSK.pdf Graphic file (type pdf)
<use //uni-eng.ru/unit/Ivanovo/Документация ЮНИТ М300/Раз
работка/Схемы ФБ ЮНИТ-М300/Проект/БД500/desc//561.00
21 ДЗ/img/AU_DZ_PUSK.pdf>
Package luatex.def Info: //uni-eng.ru/unit/Ivanovo/Документация Ю
НИТ М300/Разработка/Схемы ФБ ЮНИТ-М300/Проект/
БД500/desc//561.0021 ДЗ/img/AU_DZ_PUSK.pdf  used on input line 416.
(luatex.def)             Requested size: 506.45724pt x 410.6745pt.
[16<//uni-eng.ru/unit/Ivanovo/Документация ЮНИТ М300/Разр
аботка/Схемы ФБ ЮНИТ-М300/Проект/БД500/desc//561.0021 
ДЗ/img/DZ_FZ_2.pdf>]
warning  (file //uni-eng.ru/unit/Ivanovo/Документация ЮНИТ М300
/Разработка/Схемы ФБ ЮНИТ-М300/Проект/БД500/desc//
561.0021 ДЗ/img/OU_DZ.pdf) (pdf inclusion): PDF inclusion: found PDF version '
1.7', but at most version '1.5' allowed
<//uni-eng.ru/unit/Ivanovo/Документация ЮНИТ М300/Разра
ботка/Схемы ФБ ЮНИТ-М300/Проект/БД500/desc//561.0021 
ДЗ/img/OU_DZ.pdf, id=654, 512.1634pt x 262.63118pt>
File: //uni-eng.ru/unit/Ivanovo/Документация ЮНИТ М300/Раз
работка/Схемы ФБ ЮНИТ-М300/Проект/БД500/desc//561.00
21 ДЗ/img/OU_DZ.pdf Graphic file (type pdf)
<use //uni-eng.ru/unit/Ivanovo/Документация ЮНИТ М300/Раз
работка/Схемы ФБ ЮНИТ-М300/Проект/БД500/desc//561.00
21 ДЗ/img/OU_DZ.pdf>
Package luatex.def Info: //uni-eng.ru/unit/Ivanovo/Документация Ю
НИТ М300/Разработка/Схемы ФБ ЮНИТ-М300/Проект/
БД500/desc//561.0021 ДЗ/img/OU_DZ.pdf  used on input line 446.
(luatex.def)             Requested size: 506.4572pt x 259.7051pt.
[17<//uni-eng.ru/unit/Ivanovo/Документация ЮНИТ М300/Разр
аботка/Схемы ФБ ЮНИТ-М300/Проект/БД500/desc//561.0021 
ДЗ/img/AU_DZ_PUSK.pdf>]
warning  (file //uni-eng.ru/unit/Ivanovo/Документация ЮНИТ М300
/Разработка/Схемы ФБ ЮНИТ-М300/Проект/БД500/desc//
561.0021 ДЗ/img/OU_bv_DZ.pdf) (pdf inclusion): PDF inclusion: found PDF versio
n '1.7', but at most version '1.5' allowed
<//uni-eng.ru/unit/Ivanovo/Документация ЮНИТ М300/Разра
ботка/Схемы ФБ ЮНИТ-М300/Проект/БД500/desc//561.0021 
ДЗ/img/OU_bv_DZ.pdf, id=669, 512.16345pt x 262.63115pt>
File: //uni-eng.ru/unit/Ivanovo/Документация ЮНИТ М300/Раз
работка/Схемы ФБ ЮНИТ-М300/Проект/БД500/desc//561.00
21 ДЗ/img/OU_bv_DZ.pdf Graphic file (type pdf)
<use //uni-eng.ru/unit/Ivanovo/Документация ЮНИТ М300/Раз
работка/Схемы ФБ ЮНИТ-М300/Проект/БД500/desc//561.00
21 ДЗ/img/OU_bv_DZ.pdf>
Package luatex.def Info: //uni-eng.ru/unit/Ivanovo/Документация Ю
НИТ М300/Разработка/Схемы ФБ ЮНИТ-М300/Проект/
БД500/desc//561.0021 ДЗ/img/OU_bv_DZ.pdf  used on input line 453.
(luatex.def)             Requested size: 506.45724pt x 259.70506pt.
)
("//uni-eng.ru/unit/Ivanovo/Документация ЮНИТ М300/Разра
ботка/Схемы ФБ ЮНИТ-М300/Проект/БД500/desc//561.1471 
БК/bk.tex" [18<//uni-eng.ru/unit/Ivanovo/Документация ЮНИТ 
М300/Разработка/Схемы ФБ ЮНИТ-М300/Проект/БД500/d
esc//561.0021 ДЗ/img/OU_DZ.pdf><//uni-eng.ru/unit/Ivanovo/Документа
ция ЮНИТ М300/Разработка/Схемы ФБ ЮНИТ-М300/Пр
оект/БД500/desc//561.0021 ДЗ/img/OU_bv_DZ.pdf>]
warning  (file //uni-eng.ru/unit/Ivanovo/Документация ЮНИТ М300
/Разработка/Схемы ФБ ЮНИТ-М300/Проект/БД500/desc//
561.1471 БК/img/BK_I.pdf) (pdf inclusion): PDF inclusion: found PDF version '1
.7', but at most version '1.5' allowed
<//uni-eng.ru/unit/Ivanovo/Документация ЮНИТ М300/Разра
ботка/Схемы ФБ ЮНИТ-М300/Проект/БД500/desc//561.1471 
БК/img/BK_I.pdf, id=682, 512.1634pt x 398.89024pt>
File: //uni-eng.ru/unit/Ivanovo/Документация ЮНИТ М300/Раз
работка/Схемы ФБ ЮНИТ-М300/Проект/БД500/desc//561.14
71 БК/img/BK_I.pdf Graphic file (type pdf)
<use //uni-eng.ru/unit/Ivanovo/Документация ЮНИТ М300/Раз
работка/Схемы ФБ ЮНИТ-М300/Проект/БД500/desc//561.14
71 БК/img/BK_I.pdf>
Package luatex.def Info: //uni-eng.ru/unit/Ivanovo/Документация Ю
НИТ М300/Разработка/Схемы ФБ ЮНИТ-М300/Проект/
БД500/desc//561.1471 БК/img/BK_I.pdf  used on input line 43.
(luatex.def)             Requested size: 506.4572pt x 394.44604pt.

warning  (file //uni-eng.ru/unit/Ivanovo/Документация ЮНИТ М300
/Разработка/Схемы ФБ ЮНИТ-М300/Проект/БД500/desc//
561.1471 БК/img/BK_I_diagram.pdf) (pdf inclusion): PDF inclusion: found PDF ve
rsion '1.7', but at most version '1.5' allowed
<//uni-eng.ru/unit/Ivanovo/Документация ЮНИТ М300/Разра
ботка/Схемы ФБ ЮНИТ-М300/Проект/БД500/desc//561.1471 
БК/img/BK_I_diagram.pdf, id=684, 486.3799pt x 200.83008pt>
File: //uni-eng.ru/unit/Ivanovo/Документация ЮНИТ М300/Раз
работка/Схемы ФБ ЮНИТ-М300/Проект/БД500/desc//561.14
71 БК/img/BK_I_diagram.pdf Graphic file (type pdf)
<use //uni-eng.ru/unit/Ivanovo/Документация ЮНИТ М300/Раз
работка/Схемы ФБ ЮНИТ-М300/Проект/БД500/desc//561.14
71 БК/img/BK_I_diagram.pdf>
Package luatex.def Info: //uni-eng.ru/unit/Ivanovo/Документация Ю
НИТ М300/Разработка/Схемы ФБ ЮНИТ-М300/Проект/
БД500/desc//561.1471 БК/img/BK_I_diagram.pdf  used on input line 54.
(luatex.def)             Requested size: 405.16466pt x 167.29565pt.
[19<//uni-eng.ru/unit/Ivanovo/Документация ЮНИТ М300/Разр
аботка/Схемы ФБ ЮНИТ-М300/Проект/БД500/desc//561.1471 
БК/img/BK_I.pdf>]
warning  (file //uni-eng.ru/unit/Ivanovo/Документация ЮНИТ М300
/Разработка/Схемы ФБ ЮНИТ-М300/Проект/БД500/desc//
561.1471 БК/img/BK_Z.pdf) (pdf inclusion): PDF inclusion: found PDF version '1
.7', but at most version '1.5' allowed
<//uni-eng.ru/unit/Ivanovo/Документация ЮНИТ М300/Разра
ботка/Схемы ФБ ЮНИТ-М300/Проект/БД500/desc//561.1471 
БК/img/BK_Z.pdf, id=702, 512.16345pt x 297.10997pt>
File: //uni-eng.ru/unit/Ivanovo/Документация ЮНИТ М300/Раз
работка/Схемы ФБ ЮНИТ-М300/Проект/БД500/desc//561.14
71 БК/img/BK_Z.pdf Graphic file (type pdf)
<use //uni-eng.ru/unit/Ivanovo/Документация ЮНИТ М300/Раз
работка/Схемы ФБ ЮНИТ-М300/Проект/БД500/desc//561.14
71 БК/img/BK_Z.pdf>
Package luatex.def Info: //uni-eng.ru/unit/Ivanovo/Документация Ю
НИТ М300/Разработка/Схемы ФБ ЮНИТ-М300/Проект/
БД500/desc//561.1471 БК/img/BK_Z.pdf  used on input line 77.
(luatex.def)             Requested size: 506.45724pt x 293.79976pt.
[20<//uni-eng.ru/unit/Ivanovo/Документация ЮНИТ М300/Разр
аботка/Схемы ФБ ЮНИТ-М300/Проект/БД500/desc//561.1471 
БК/img/BK_I_diagram.pdf><//uni-eng.ru/unit/Ivanovo/Документация 
ЮНИТ М300/Разработка/Схемы ФБ ЮНИТ-М300/Проек
т/БД500/desc//561.1471 БК/img/BK_Z.pdf>]
warning  (file //uni-eng.ru/unit/Ivanovo/Документация ЮНИТ М300
/Разработка/Схемы ФБ ЮНИТ-М300/Проект/БД500/desc//
561.1471 БК/img/char_relay_res.pdf) (pdf inclusion): PDF inclusion: found PDF 
version '1.7', but at most version '1.5' allowed
<//uni-eng.ru/unit/Ivanovo/Документация ЮНИТ М300/Разра
ботка/Схемы ФБ ЮНИТ-М300/Проект/БД500/desc//561.1471 
БК/img/char_relay_res.pdf, id=778, 314.41464pt x 335.4891pt>
File: //uni-eng.ru/unit/Ivanovo/Документация ЮНИТ М300/Раз
работка/Схемы ФБ ЮНИТ-М300/Проект/БД500/desc//561.14
71 БК/img/char_relay_res.pdf Graphic file (type pdf)
<use //uni-eng.ru/unit/Ivanovo/Документация ЮНИТ М300/Раз
работка/Схемы ФБ ЮНИТ-М300/Проект/БД500/desc//561.14
71 БК/img/char_relay_res.pdf>
Package luatex.def Info: //uni-eng.ru/unit/Ivanovo/Документация Ю
НИТ М300/Разработка/Схемы ФБ ЮНИТ-М300/Проект/
БД500/desc//561.1471 БК/img/char_relay_res.pdf  used on input line 87.
(luatex.def)             Requested size: 227.90878pt x 243.18497pt.
)
("//uni-eng.ru/unit/Ivanovo/Документация ЮНИТ М300/Разра
ботка/Схемы ФБ ЮНИТ-М300/Проект/БД500/desc//561.0111 
ТНЗНП/tnznp.tex" [21<//uni-eng.ru/unit/Ivanovo/Документация 
ЮНИТ М300/Разработка/Схемы ФБ ЮНИТ-М300/Проек
т/БД500/desc//561.1471 БК/img/char_relay_res.pdf>]
warning  (file //uni-eng.ru/unit/Ivanovo/Документация ЮНИТ М300
/Разработка/Схемы ФБ ЮНИТ-М300/Проект/БД500/desc//
561.0111 ТНЗНП/img/TNZNP.pdf) (pdf inclusion): PDF inclusion: found PDF ver
sion '1.7', but at most version '1.5' allowed
<//uni-eng.ru/unit/Ivanovo/Документация ЮНИТ М300/Разра
ботка/Схемы ФБ ЮНИТ-М300/Проект/БД500/desc//561.0111 
ТНЗНП/img/TNZNP.pdf, id=854, 512.16345pt x 410.23264pt>
File: //uni-eng.ru/unit/Ivanovo/Документация ЮНИТ М300/Раз
работка/Схемы ФБ ЮНИТ-М300/Проект/БД500/desc//561.01
11 ТНЗНП/img/TNZNP.pdf Graphic file (type pdf)
<use //uni-eng.ru/unit/Ivanovo/Документация ЮНИТ М300/Раз
работка/Схемы ФБ ЮНИТ-М300/Проект/БД500/desc//561.01
11 ТНЗНП/img/TNZNP.pdf>
Package luatex.def Info: //uni-eng.ru/unit/Ivanovo/Документация Ю
НИТ М300/Разработка/Схемы ФБ ЮНИТ-М300/Проект/
БД500/desc//561.0111 ТНЗНП/img/TNZNP.pdf  used on input line 59.
(luatex.def)             Requested size: 506.45724pt x 405.66208pt.

LaTeX Warning: Reference `dz:tbl0' on page 22 undefined on input line 71.


LaTeX Warning: Reference `dz:tbl0' on page 22 undefined on input line 71.

[22<//uni-eng.ru/unit/Ivanovo/Документация ЮНИТ М300/Разр
аботка/Схемы ФБ ЮНИТ-М300/Проект/БД500/desc//561.0111 
ТНЗНП/img/TNZNP.pdf>] [23]
Overfull \hbox (0.46559pt too wide) in paragraph at lines 200--201
[]\TU/ArialNarrow(1)/m/n/12 На ри-сун-ке []1.20[] пред-став-
ле-ны ха-рак-те-ри-сти-ки сра-ба-ты-ва-ния ОН
МНП-Р и ОНМНП-Б. Аналогичные
 []


warning  (file //uni-eng.ru/unit/Ivanovo/Документация ЮНИТ М300
/Разработка/Схемы ФБ ЮНИТ-М300/Проект/БД500/desc//
561.0111 ТНЗНП/img/char_triggering_ONMNP.pdf) (pdf inclusion): PDF inclusio
n: found PDF version '1.7', but at most version '1.5' allowed
<//uni-eng.ru/unit/Ivanovo/Документация ЮНИТ М300/Разра
ботка/Схемы ФБ ЮНИТ-М300/Проект/БД500/desc//561.0111 
ТНЗНП/img/char_triggering_ONMNP.pdf, id=886, 539.35258pt x 196.21445pt>
File: //uni-eng.ru/unit/Ivanovo/Документация ЮНИТ М300/Раз
работка/Схемы ФБ ЮНИТ-М300/Проект/БД500/desc//561.01
11 ТНЗНП/img/char_triggering_ONMNP.pdf Graphic file (type pdf)
<use //uni-eng.ru/unit/Ivanovo/Документация ЮНИТ М300/Раз
работка/Схемы ФБ ЮНИТ-М300/Проект/БД500/desc//561.01
11 ТНЗНП/img/char_triggering_ONMNP.pdf>
Package luatex.def Info: //uni-eng.ru/unit/Ivanovo/Документация Ю
НИТ М300/Разработка/Схемы ФБ ЮНИТ-М300/Проект/
БД500/desc//561.0111 ТНЗНП/img/char_triggering_ONMNP.pdf  used on input 
line 205.
(luatex.def)             Requested size: 506.46478pt x 184.24998pt.
[24<//uni-eng.ru/unit/Ivanovo/Документация ЮНИТ М300/Разр
аботка/Схемы ФБ ЮНИТ-М300/Проект/БД500/desc//561.0111 
ТНЗНП/img/char_triggering_ONMNP.pdf>]
warning  (file //uni-eng.ru/unit/Ivanovo/Документация ЮНИТ М300
/Разработка/Схемы ФБ ЮНИТ-М300/Проект/БД500/desc//
561.0111 ТНЗНП/img/PUSK_AU_TNZNP.pdf) (pdf inclusion): PDF inclusion: found
 PDF version '1.7', but at most version '1.5' allowed
<//uni-eng.ru/unit/Ivanovo/Документация ЮНИТ М300/Разра
ботка/Схемы ФБ ЮНИТ-М300/Проект/БД500/desc//561.0111 
ТНЗНП/img/PUSK_AU_TNZNP.pdf, id=970, 512.1634pt x 132.84628pt>
File: //uni-eng.ru/unit/Ivanovo/Документация ЮНИТ М300/Раз
работка/Схемы ФБ ЮНИТ-М300/Проект/БД500/desc//561.01
11 ТНЗНП/img/PUSK_AU_TNZNP.pdf Graphic file (type pdf)
<use //uni-eng.ru/unit/Ivanovo/Документация ЮНИТ М300/Раз
работка/Схемы ФБ ЮНИТ-М300/Проект/БД500/desc//561.01
11 ТНЗНП/img/PUSK_AU_TNZNP.pdf>
Package luatex.def Info: //uni-eng.ru/unit/Ivanovo/Документация Ю
НИТ М300/Разработка/Схемы ФБ ЮНИТ-М300/Проект/
БД500/desc//561.0111 ТНЗНП/img/PUSK_AU_TNZNP.pdf  used on input line 257
.
(luatex.def)             Requested size: 506.4572pt x 131.36618pt.

warning  (file //uni-eng.ru/unit/Ivanovo/Документация ЮНИТ М300
/Разработка/Схемы ФБ ЮНИТ-М300/Проект/БД500/desc//
561.0111 ТНЗНП/img/OU_TNZNP.pdf) (pdf inclusion): PDF inclusion: found PDF 
version '1.7', but at most version '1.5' allowed
<//uni-eng.ru/unit/Ivanovo/Документация ЮНИТ М300/Разра
ботка/Схемы ФБ ЮНИТ-М300/Проект/БД500/desc//561.0111 
ТНЗНП/img/OU_TNZNP.pdf, id=972, 512.1634pt x 162.35654pt>
File: //uni-eng.ru/unit/Ivanovo/Документация ЮНИТ М300/Раз
работка/Схемы ФБ ЮНИТ-М300/Проект/БД500/desc//561.01
11 ТНЗНП/img/OU_TNZNP.pdf Graphic file (type pdf)
<use //uni-eng.ru/unit/Ivanovo/Документация ЮНИТ М300/Раз
работка/Схемы ФБ ЮНИТ-М300/Проект/БД500/desc//561.01
11 ТНЗНП/img/OU_TNZNP.pdf>
Package luatex.def Info: //uni-eng.ru/unit/Ivanovo/Документация Ю
НИТ М300/Разработка/Схемы ФБ ЮНИТ-М300/Проект/
БД500/desc//561.0111 ТНЗНП/img/OU_TNZNP.pdf  used on input line 276.
(luatex.def)             Requested size: 506.4572pt x 160.54765pt.
[25<//uni-eng.ru/unit/Ivanovo/Документация ЮНИТ М300/Разр
аботка/Схемы ФБ ЮНИТ-М300/Проект/БД500/desc//561.0111 
ТНЗНП/img/PUSK_AU_TNZNP.pdf>]
warning  (file //uni-eng.ru/unit/Ivanovo/Документация ЮНИТ М300
/Разработка/Схемы ФБ ЮНИТ-М300/Проект/БД500/desc//
561.0111 ТНЗНП/img/OU_bv_TNZNP.pdf) (pdf inclusion): PDF inclusion: found P
DF version '1.7', but at most version '1.5' allowed
<//uni-eng.ru/unit/Ivanovo/Документация ЮНИТ М300/Разра
ботка/Схемы ФБ ЮНИТ-М300/Проект/БД500/desc//561.0111 
ТНЗНП/img/OU_bv_TNZNP.pdf, id=996, 512.16345pt x 182.63232pt>
File: //uni-eng.ru/unit/Ivanovo/Документация ЮНИТ М300/Раз
работка/Схемы ФБ ЮНИТ-М300/Проект/БД500/desc//561.01
11 ТНЗНП/img/OU_bv_TNZNP.pdf Graphic file (type pdf)
<use //uni-eng.ru/unit/Ivanovo/Документация ЮНИТ М300/Раз
работка/Схемы ФБ ЮНИТ-М300/Проект/БД500/desc//561.01
11 ТНЗНП/img/OU_bv_TNZNP.pdf>
Package luatex.def Info: //uni-eng.ru/unit/Ivanovo/Документация Ю
НИТ М300/Разработка/Схемы ФБ ЮНИТ-М300/Проект/
БД500/desc//561.0111 ТНЗНП/img/OU_bv_TNZNP.pdf  used on input line 289.
(luatex.def)             Requested size: 506.45724pt x 180.59753pt.

warning  (file //uni-eng.ru/unit/Ivanovo/Документация ЮНИТ М300
/Разработка/Схемы ФБ ЮНИТ-М300/Проект/БД500/desc//
561.0111 ТНЗНП/img/PU_TNZNP.pdf) (pdf inclusion): PDF inclusion: found PDF 
version '1.7', but at most version '1.5' allowed
<//uni-eng.ru/unit/Ivanovo/Документация ЮНИТ М300/Разра
ботка/Схемы ФБ ЮНИТ-М300/Проект/БД500/desc//561.0111 
ТНЗНП/img/PU_TNZNP.pdf, id=998, 512.16345pt x 218.3357pt>
File: //uni-eng.ru/unit/Ivanovo/Документация ЮНИТ М300/Раз
работка/Схемы ФБ ЮНИТ-М300/Проект/БД500/desc//561.01
11 ТНЗНП/img/PU_TNZNP.pdf Graphic file (type pdf)
<use //uni-eng.ru/unit/Ivanovo/Документация ЮНИТ М300/Раз
работка/Схемы ФБ ЮНИТ-М300/Проект/БД500/desc//561.01
11 ТНЗНП/img/PU_TNZNP.pdf>
Package luatex.def Info: //uni-eng.ru/unit/Ivanovo/Документация Ю
НИТ М300/Разработка/Схемы ФБ ЮНИТ-М300/Проект/
БД500/desc//561.0111 ТНЗНП/img/PU_TNZNP.pdf  used on input line 315.
(luatex.def)             Requested size: 506.45724pt x 215.90312pt.
[26<//uni-eng.ru/unit/Ivanovo/Документация ЮНИТ М300/Разр
аботка/Схемы ФБ ЮНИТ-М300/Проект/БД500/desc//561.0111 
ТНЗНП/img/OU_TNZNP.pdf><//uni-eng.ru/unit/Ivanovo/Документаци
я ЮНИТ М300/Разработка/Схемы ФБ ЮНИТ-М300/Прое
кт/БД500/desc//561.0111 ТНЗНП/img/OU_bv_TNZNP.pdf>])
("//uni-eng.ru/unit/Ivanovo/Документация ЮНИТ М300/Разра
ботка/Схемы ФБ ЮНИТ-М300/Проект/БД500/desc//561.0171 
МФТО/mfto.tex" [27<//uni-eng.ru/unit/Ivanovo/Документация ЮН
ИТ М300/Разработка/Схемы ФБ ЮНИТ-М300/Проект/Б
Д500/desc//561.0111 ТНЗНП/img/PU_TNZNP.pdf>]
warning  (file //uni-eng.ru/unit/Ivanovo/Документация ЮНИТ М300
/Разработка/Схемы ФБ ЮНИТ-М300/Проект/БД500/desc//
561.0171 МФТО/img/MFTO.pdf) (pdf inclusion): PDF inclusion: found PDF versio
n '1.7', but at most version '1.5' allowed
<//uni-eng.ru/unit/Ivanovo/Документация ЮНИТ М300/Разра
ботка/Схемы ФБ ЮНИТ-М300/Проект/БД500/desc//561.0171 
МФТО/img/MFTO.pdf, id=1039, 512.16345pt x 169.98506pt>
File: //uni-eng.ru/unit/Ivanovo/Документация ЮНИТ М300/Раз
работка/Схемы ФБ ЮНИТ-М300/Проект/БД500/desc//561.01
71 МФТО/img/MFTO.pdf Graphic file (type pdf)
<use //uni-eng.ru/unit/Ivanovo/Документация ЮНИТ М300/Раз
работка/Схемы ФБ ЮНИТ-М300/Проект/БД500/desc//561.01
71 МФТО/img/MFTO.pdf>
Package luatex.def Info: //uni-eng.ru/unit/Ivanovo/Документация Ю
НИТ М300/Разработка/Схемы ФБ ЮНИТ-М300/Проект/
БД500/desc//561.0171 МФТО/img/MFTO.pdf  used on input line 29.
(luatex.def)             Requested size: 506.45724pt x 168.09119pt.
)
("//uni-eng.ru/unit/Ivanovo/Документация ЮНИТ М300/Разра
ботка/Схемы ФБ ЮНИТ-М300/Проект/БД500/desc//561.0161 
АМТЗ/amtz.tex"
warning  (file //uni-eng.ru/unit/Ivanovo/Документация ЮНИТ М300
/Разработка/Схемы ФБ ЮНИТ-М300/Проект/БД500/desc//
561.0161 АМТЗ/img/AMTZ_F_1.pdf) (pdf inclusion): PDF inclusion: found PDF ve
rsion '1.7', but at most version '1.5' allowed
<//uni-eng.ru/unit/Ivanovo/Документация ЮНИТ М300/Разра
ботка/Схемы ФБ ЮНИТ-М300/Проект/БД500/desc//561.0161 
АМТЗ/img/AMTZ_F_1.pdf, id=1041, 512.1634pt x 271.7553pt>
File: //uni-eng.ru/unit/Ivanovo/Документация ЮНИТ М300/Раз
работка/Схемы ФБ ЮНИТ-М300/Проект/БД500/desc//561.01
61 АМТЗ/img/AMTZ_F_1.pdf Graphic file (type pdf)
<use //uni-eng.ru/unit/Ivanovo/Документация ЮНИТ М300/Раз
работка/Схемы ФБ ЮНИТ-М300/Проект/БД500/desc//561.01
61 АМТЗ/img/AMTZ_F_1.pdf>
Package luatex.def Info: //uni-eng.ru/unit/Ivanovo/Документация Ю
НИТ М300/Разработка/Схемы ФБ ЮНИТ-М300/Проект/
БД500/desc//561.0161 АМТЗ/img/AMTZ_F_1.pdf  used on input line 25.
(luatex.def)             Requested size: 506.4572pt x 268.72755pt.
[28<//uni-eng.ru/unit/Ivanovo/Документация ЮНИТ М300/Разр
аботка/Схемы ФБ ЮНИТ-М300/Проект/БД500/desc//561.0171 
МФТО/img/MFTO.pdf><//uni-eng.ru/unit/Ivanovo/Документация ЮН
ИТ М300/Разработка/Схемы ФБ ЮНИТ-М300/Проект/Б
Д500/desc//561.0161 АМТЗ/img/AMTZ_F_1.pdf>]
warning  (file //uni-eng.ru/unit/Ivanovo/Документация ЮНИТ М300
/Разработка/Схемы ФБ ЮНИТ-М300/Проект/БД500/desc//
561.0161 АМТЗ/img/common_logic.pdf) (pdf inclusion): PDF inclusion: found PD
F version '1.7', but at most version '1.5' allowed
<//uni-eng.ru/unit/Ivanovo/Документация ЮНИТ М300/Разра
ботка/Схемы ФБ ЮНИТ-М300/Проект/БД500/desc//561.0161 
АМТЗ/img/common_logic.pdf, id=1058, 512.16345pt x 263.13303pt>
File: //uni-eng.ru/unit/Ivanovo/Документация ЮНИТ М300/Раз
работка/Схемы ФБ ЮНИТ-М300/Проект/БД500/desc//561.01
61 АМТЗ/img/common_logic.pdf Graphic file (type pdf)
<use //uni-eng.ru/unit/Ivanovo/Документация ЮНИТ М300/Раз
работка/Схемы ФБ ЮНИТ-М300/Проект/БД500/desc//561.01
61 АМТЗ/img/common_logic.pdf>
Package luatex.def Info: //uni-eng.ru/unit/Ivanovo/Документация Ю
НИТ М300/Разработка/Схемы ФБ ЮНИТ-М300/Проект/
БД500/desc//561.0161 АМТЗ/img/common_logic.pdf  used on input line 47.
(luatex.def)             Requested size: 506.45724pt x 260.20135pt.
)
("//uni-eng.ru/unit/Ivanovo/Документация ЮНИТ М300/Разра
ботка/Схемы ФБ ЮНИТ-М300/Проект/БД500/desc//561.0181 
ТЗО/tzo.tex"
Overfull \hbox (10.83575pt too wide) in paragraph at lines 25--26
[]\TU/ArialNarrow(1)/m/n/12 ТЗО-Ф и ТЗО-НП мо-гут кон-тро-
ли-ро-вать-ся бло-ки-ров-кой при сквоз-ных т
о-ках че-рез оши-нов-ку. Блокировка
 []


warning  (file //uni-eng.ru/unit/Ivanovo/Документация ЮНИТ М300
/Разработка/Схемы ФБ ЮНИТ-М300/Проект/БД500/desc//
561.0181 ТЗО/img/TZO.pdf) (pdf inclusion): PDF inclusion: found PDF version '
1.7', but at most version '1.5' allowed
<//uni-eng.ru/unit/Ivanovo/Документация ЮНИТ М300/Разра
ботка/Схемы ФБ ЮНИТ-М300/Проект/БД500/desc//561.0181 
ТЗО/img/TZO.pdf, id=1060, 512.1634pt x 469.755pt>
File: //uni-eng.ru/unit/Ivanovo/Документация ЮНИТ М300/Раз
работка/Схемы ФБ ЮНИТ-М300/Проект/БД500/desc//561.01
81 ТЗО/img/TZO.pdf Graphic file (type pdf)
<use //uni-eng.ru/unit/Ivanovo/Документация ЮНИТ М300/Раз
работка/Схемы ФБ ЮНИТ-М300/Проект/БД500/desc//561.01
81 ТЗО/img/TZO.pdf>
Package luatex.def Info: //uni-eng.ru/unit/Ivanovo/Документация Ю
НИТ М300/Разработка/Схемы ФБ ЮНИТ-М300/Проект/
БД500/desc//561.0181 ТЗО/img/TZO.pdf  used on input line 35.
(luatex.def)             Requested size: 506.4572pt x 464.5213pt.
[29<//uni-eng.ru/unit/Ivanovo/Документация ЮНИТ М300/Разр
аботка/Схемы ФБ ЮНИТ-М300/Проект/БД500/desc//561.0161 
АМТЗ/img/common_logic.pdf>])
("//uni-eng.ru/unit/Ivanovo/Документация ЮНИТ М300/Разра
ботка/Схемы ФБ ЮНИТ-М300/Проект/БД500/desc//561.1481 
БСТО/bsto.tex" [30<//uni-eng.ru/unit/Ivanovo/Документация ЮН
ИТ М300/Разработка/Схемы ФБ ЮНИТ-М300/Проект/Б
Д500/desc//561.0181 ТЗО/img/TZO.pdf>]
warning  (file //uni-eng.ru/unit/Ivanovo/Документация ЮНИТ М300
/Разработка/Схемы ФБ ЮНИТ-М300/Проект/БД500/desc//
561.1481 БСТО/img/BSTO.pdf) (pdf inclusion): PDF inclusion: found PDF versio
n '1.7', but at most version '1.5' allowed
<//uni-eng.ru/unit/Ivanovo/Документация ЮНИТ М300/Разра
ботка/Схемы ФБ ЮНИТ-М300/Проект/БД500/desc//561.1481 
БСТО/img/BSTO.pdf, id=1091, 512.16345pt x 357.03389pt>
File: //uni-eng.ru/unit/Ivanovo/Документация ЮНИТ М300/Раз
работка/Схемы ФБ ЮНИТ-М300/Проект/БД500/desc//561.14
81 БСТО/img/BSTO.pdf Graphic file (type pdf)
<use //uni-eng.ru/unit/Ivanovo/Документация ЮНИТ М300/Раз
работка/Схемы ФБ ЮНИТ-М300/Проект/БД500/desc//561.14
81 БСТО/img/BSTO.pdf>
Package luatex.def Info: //uni-eng.ru/unit/Ivanovo/Документация Ю
НИТ М300/Разработка/Схемы ФБ ЮНИТ-М300/Проект/
БД500/desc//561.1481 БСТО/img/BSTO.pdf  used on input line 33.
(luatex.def)             Requested size: 481.13673pt x 335.40486pt.
)
("//uni-eng.ru/unit/Ivanovo/Документация ЮНИТ М300/Разра
ботка/Схемы ФБ ЮНИТ-М300/Проект/БД500/desc//761.3441 
ЗНФ/znf.tex" [31<//uni-eng.ru/unit/Ivanovo/Документация ЮНИ
Т М300/Разработка/Схемы ФБ ЮНИТ-М300/Проект/БД50
0/desc//561.1481 БСТО/img/BSTO.pdf>]
warning  (file //uni-eng.ru/unit/Ivanovo/Документация ЮНИТ М300
/Разработка/Схемы ФБ ЮНИТ-М300/Проект/БД500/desc//
761.3441 ЗНФ/img/ZNF.pdf) (pdf inclusion): PDF inclusion: found PDF version '
1.7', but at most version '1.5' allowed
<//uni-eng.ru/unit/Ivanovo/Документация ЮНИТ М300/Разра
ботка/Схемы ФБ ЮНИТ-М300/Проект/БД500/desc//761.3441 
ЗНФ/img/ZNF.pdf, id=1112, 512.1634pt x 101.98097pt>
File: //uni-eng.ru/unit/Ivanovo/Документация ЮНИТ М300/Раз
работка/Схемы ФБ ЮНИТ-М300/Проект/БД500/desc//761.34
41 ЗНФ/img/ZNF.pdf Graphic file (type pdf)
<use //uni-eng.ru/unit/Ivanovo/Документация ЮНИТ М300/Раз
работка/Схемы ФБ ЮНИТ-М300/Проект/БД500/desc//761.34
41 ЗНФ/img/ZNF.pdf>
Package luatex.def Info: //uni-eng.ru/unit/Ivanovo/Документация Ю
НИТ М300/Разработка/Схемы ФБ ЮНИТ-М300/Проект/
БД500/desc//761.3441 ЗНФ/img/ZNF.pdf  used on input line 39.
(luatex.def)             Requested size: 506.4572pt x 100.84476pt.
)
("//uni-eng.ru/unit/Ivanovo/Документация ЮНИТ М300/Разра
ботка/Схемы ФБ ЮНИТ-М300/Проект/БД500/desc//561.0221 
ЗНР/znr.tex"
warning  (file //uni-eng.ru/unit/Ivanovo/Документация ЮНИТ М300
/Разработка/Схемы ФБ ЮНИТ-М300/Проект/БД500/desc//
561.0221 ЗНР/img/ZNR.pdf) (pdf inclusion): PDF inclusion: found PDF version '
1.7', but at most version '1.5' allowed
<//uni-eng.ru/unit/Ivanovo/Документация ЮНИТ М300/Разра
ботка/Схемы ФБ ЮНИТ-М300/Проект/БД500/desc//561.0221 
ЗНР/img/ZNR.pdf, id=1114, 512.1634pt x 212.3433pt>
File: //uni-eng.ru/unit/Ivanovo/Документация ЮНИТ М300/Раз
работка/Схемы ФБ ЮНИТ-М300/Проект/БД500/desc//561.02
21 ЗНР/img/ZNR.pdf Graphic file (type pdf)
<use //uni-eng.ru/unit/Ivanovo/Документация ЮНИТ М300/Раз
работка/Схемы ФБ ЮНИТ-М300/Проект/БД500/desc//561.02
21 ЗНР/img/ZNR.pdf>
Package luatex.def Info: //uni-eng.ru/unit/Ivanovo/Документация Ю
НИТ М300/Разработка/Схемы ФБ ЮНИТ-М300/Проект/
БД500/desc//561.0221 ЗНР/img/ZNR.pdf  used on input line 38.
(luatex.def)             Requested size: 506.4572pt x 209.9775pt.
)
("//uni-eng.ru/unit/Ivanovo/Документация ЮНИТ М300/Разра
ботка/Схемы ФБ ЮНИТ-М300/Проект/БД500/desc//561.1461 
БНН/bnn.tex" [32<//uni-eng.ru/unit/Ivanovo/Документация ЮНИ
Т М300/Разработка/Схемы ФБ ЮНИТ-М300/Проект/БД50
0/desc//761.3441 ЗНФ/img/ZNF.pdf><//uni-eng.ru/unit/Ivanovo/Докумен
тация ЮНИТ М300/Разработка/Схемы ФБ ЮНИТ-М300/
Проект/БД500/desc//561.0221 ЗНР/img/ZNR.pdf>] [33]
warning  (file //uni-eng.ru/unit/Ivanovo/Документация ЮНИТ М300
/Разработка/Схемы ФБ ЮНИТ-М300/Проект/БД500/desc//
561.1461 БНН/img/BNN.pdf) (pdf inclusion): PDF inclusion: found PDF version '
1.7', but at most version '1.5' allowed
<//uni-eng.ru/unit/Ivanovo/Документация ЮНИТ М300/Разра
ботка/Схемы ФБ ЮНИТ-М300/Проект/БД500/desc//561.1461 
БНН/img/BNN.pdf, id=1163, 512.16345pt x 745.08363pt>
File: //uni-eng.ru/unit/Ivanovo/Документация ЮНИТ М300/Раз
работка/Схемы ФБ ЮНИТ-М300/Проект/БД500/desc//561.14
61 БНН/img/BNN.pdf Graphic file (type pdf)
<use //uni-eng.ru/unit/Ivanovo/Документация ЮНИТ М300/Раз
работка/Схемы ФБ ЮНИТ-М300/Проект/БД500/desc//561.14
61 БНН/img/BNN.pdf>
Package luatex.def Info: //uni-eng.ru/unit/Ivanovo/Документация Ю
НИТ М300/Разработка/Схемы ФБ ЮНИТ-М300/Проект/
БД500/desc//561.1461 БНН/img/BNN.pdf  used on input line 164.
(luatex.def)             Requested size: 506.45724pt x 736.78241pt.
[34])
("//uni-eng.ru/unit/Ivanovo/Документация ЮНИТ М300/Разра
ботка/Схемы ФБ ЮНИТ-М300/Проект/БД500/desc//561.1311 
АУ/au.tex" [35<//uni-eng.ru/unit/Ivanovo/Документация ЮНИТ 
М300/Разработка/Схемы ФБ ЮНИТ-М300/Проект/БД500/d
esc//561.1461 БНН/img/BNN.pdf>]
warning  (file //uni-eng.ru/unit/Ivanovo/Документация ЮНИТ М300
/Разработка/Схемы ФБ ЮНИТ-М300/Проект/БД500/desc//
561.1311 АУ/img/AU.pdf) (pdf inclusion): PDF inclusion: found PDF version '1.7
', but at most version '1.5' allowed
<//uni-eng.ru/unit/Ivanovo/Документация ЮНИТ М300/Разра
ботка/Схемы ФБ ЮНИТ-М300/Проект/БД500/desc//561.1311 
АУ/img/AU.pdf, id=1184, 512.1634pt x 497.55887pt>
File: //uni-eng.ru/unit/Ivanovo/Документация ЮНИТ М300/Раз
работка/Схемы ФБ ЮНИТ-М300/Проект/БД500/desc//561.13
11 АУ/img/AU.pdf Graphic file (type pdf)
<use //uni-eng.ru/unit/Ivanovo/Документация ЮНИТ М300/Раз
работка/Схемы ФБ ЮНИТ-М300/Проект/БД500/desc//561.13
11 АУ/img/AU.pdf>
Package luatex.def Info: //uni-eng.ru/unit/Ivanovo/Документация Ю
НИТ М300/Разработка/Схемы ФБ ЮНИТ-М300/Проект/
БД500/desc//561.1311 АУ/img/AU.pdf  used on input line 18.
(luatex.def)             Requested size: 506.4572pt x 492.01538pt.
[36<//uni-eng.ru/unit/Ivanovo/Документация ЮНИТ М300/Разр
аботка/Схемы ФБ ЮНИТ-М300/Проект/БД500/desc//561.1311 
АУ/img/AU.pdf>])
("//uni-eng.ru/unit/Ivanovo/Документация ЮНИТ М300/Разра
ботка/Схемы ФБ ЮНИТ-М300/Проект/БД500/desc//561.1711 
Логика связи/ls.tex"
warning  (file //uni-eng.ru/unit/Ivanovo/Документация ЮНИТ М300
/Разработка/Схемы ФБ ЮНИТ-М300/Проект/БД500/desc//
561.1711 Логика связи/img/logic_Totkl.pdf) (pdf inclusion): PDF inclu
sion: found PDF version '1.7', but at most version '1.5' allowed
<//uni-eng.ru/unit/Ivanovo/Документация ЮНИТ М300/Разра
ботка/Схемы ФБ ЮНИТ-М300/Проект/БД500/desc//561.1711 
Логика связи/img/logic_Totkl.pdf, id=1199, 512.1634pt x 498.76337pt>

File: //uni-eng.ru/unit/Ivanovo/Документация ЮНИТ М300/Раз
работка/Схемы ФБ ЮНИТ-М300/Проект/БД500/desc//561.17
11 Логика связи/img/logic_Totkl.pdf Graphic file (type pdf)
<use //uni-eng.ru/unit/Ivanovo/Документация ЮНИТ М300/Раз
работка/Схемы ФБ ЮНИТ-М300/Проект/БД500/desc//561.17
11 Логика связи/img/logic_Totkl.pdf>
Package luatex.def Info: //uni-eng.ru/unit/Ivanovo/Документация Ю
НИТ М300/Разработка/Схемы ФБ ЮНИТ-М300/Проект/
БД500/desc//561.1711 Логика связи/img/logic_Totkl.pdf  used on inp
ut line 45.
(luatex.def)             Requested size: 506.4572pt x 493.20645pt.
[37]
warning  (file //uni-eng.ru/unit/Ivanovo/Документация ЮНИТ М300
/Разработка/Схемы ФБ ЮНИТ-М300/Проект/БД500/desc//
561.1711 Логика связи/img/logic_TU_OTF.pdf) (pdf inclusion): PDF incl
usion: found PDF version '1.7', but at most version '1.5' allowed
<//uni-eng.ru/unit/Ivanovo/Документация ЮНИТ М300/Разра
ботка/Схемы ФБ ЮНИТ-М300/Проект/БД500/desc//561.1711 
Логика связи/img/logic_TU_OTF.pdf, id=1217, 512.16345pt x 238.69174p
t>
File: //uni-eng.ru/unit/Ivanovo/Документация ЮНИТ М300/Раз
работка/Схемы ФБ ЮНИТ-М300/Проект/БД500/desc//561.17
11 Логика связи/img/logic_TU_OTF.pdf Graphic file (type pdf)
<use //uni-eng.ru/unit/Ivanovo/Документация ЮНИТ М300/Раз
работка/Схемы ФБ ЮНИТ-М300/Проект/БД500/desc//561.17
11 Логика связи/img/logic_TU_OTF.pdf>
Package luatex.def Info: //uni-eng.ru/unit/Ivanovo/Документация Ю
НИТ М300/Разработка/Схемы ФБ ЮНИТ-М300/Проект/
БД500/desc//561.1711 Логика связи/img/logic_TU_OTF.pdf  used on in
put line 80.
(luatex.def)             Requested size: 506.45724pt x 236.03238pt.
[38<//uni-eng.ru/unit/Ivanovo/Документация ЮНИТ М300/Разр
аботка/Схемы ФБ ЮНИТ-М300/Проект/БД500/desc//561.1711 
Логика связи/img/logic_Totkl.pdf>]
warning  (file //uni-eng.ru/unit/Ivanovo/Документация ЮНИТ М300
/Разработка/Схемы ФБ ЮНИТ-М300/Проект/БД500/desc//
561.1711 Логика связи/img/logic_TU_DZ.pdf) (pdf inclusion): PDF inclu
sion: found PDF version '1.7', but at most version '1.5' allowed
<//uni-eng.ru/unit/Ivanovo/Документация ЮНИТ М300/Разра
ботка/Схемы ФБ ЮНИТ-М300/Проект/БД500/desc//561.1711 
Логика связи/img/logic_TU_DZ.pdf, id=1232, 512.1634pt x 320.9992pt>
File: //uni-eng.ru/unit/Ivanovo/Документация ЮНИТ М300/Раз
работка/Схемы ФБ ЮНИТ-М300/Проект/БД500/desc//561.17
11 Логика связи/img/logic_TU_DZ.pdf Graphic file (type pdf)
<use //uni-eng.ru/unit/Ivanovo/Документация ЮНИТ М300/Раз
работка/Схемы ФБ ЮНИТ-М300/Проект/БД500/desc//561.17
11 Логика связи/img/logic_TU_DZ.pdf>
Package luatex.def Info: //uni-eng.ru/unit/Ivanovo/Документация Ю
НИТ М300/Разработка/Схемы ФБ ЮНИТ-М300/Проект/
БД500/desc//561.1711 Логика связи/img/logic_TU_DZ.pdf  used on inp
ut line 116.
(luatex.def)             Requested size: 506.4572pt x 317.42284pt.
[39<//uni-eng.ru/unit/Ivanovo/Документация ЮНИТ М300/Разр
аботка/Схемы ФБ ЮНИТ-М300/Проект/БД500/desc//561.1711 
Логика связи/img/logic_TU_OTF.pdf>]
warning  (file //uni-eng.ru/unit/Ivanovo/Документация ЮНИТ М300
/Разработка/Схемы ФБ ЮНИТ-М300/Проект/БД500/desc//
561.1711 Логика связи/img/logic_echo.pdf) (pdf inclusion): PDF inclus
ion: found PDF version '1.7', but at most version '1.5' allowed
<//uni-eng.ru/unit/Ivanovo/Документация ЮНИТ М300/Разра
ботка/Схемы ФБ ЮНИТ-М300/Проект/БД500/desc//561.1711 
Логика связи/img/logic_echo.pdf, id=1251, 327.63402pt x 191.01361pt>

File: //uni-eng.ru/unit/Ivanovo/Документация ЮНИТ М300/Раз
работка/Схемы ФБ ЮНИТ-М300/Проект/БД500/desc//561.17
11 Логика связи/img/logic_echo.pdf Graphic file (type pdf)
<use //uni-eng.ru/unit/Ivanovo/Документация ЮНИТ М300/Раз
работка/Схемы ФБ ЮНИТ-М300/Проект/БД500/desc//561.17
11 Логика связи/img/logic_echo.pdf>
Package luatex.def Info: //uni-eng.ru/unit/Ivanovo/Документация Ю
НИТ М300/Разработка/Схемы ФБ ЮНИТ-М300/Проект/
БД500/desc//561.1711 Логика связи/img/logic_echo.pdf  used on inpu
t line 137.
(luatex.def)             Requested size: 303.88159pt x 177.16573pt.
[40<//uni-eng.ru/unit/Ivanovo/Документация ЮНИТ М300/Разр
аботка/Схемы ФБ ЮНИТ-М300/Проект/БД500/desc//561.1711 
Логика связи/img/logic_TU_DZ.pdf>]
warning  (file //uni-eng.ru/unit/Ivanovo/Документация ЮНИТ М300
/Разработка/Схемы ФБ ЮНИТ-М300/Проект/БД500/desc//
561.1711 Логика связи/img/logic_LOSK.pdf) (pdf inclusion): PDF inclus
ion: found PDF version '1.7', but at most version '1.5' allowed
<//uni-eng.ru/unit/Ivanovo/Документация ЮНИТ М300/Разра
ботка/Схемы ФБ ЮНИТ-М300/Проект/БД500/desc//561.1711 
Логика связи/img/logic_LOSK.pdf, id=1265, 446.79926pt x 190.76265pt>

File: //uni-eng.ru/unit/Ivanovo/Документация ЮНИТ М300/Раз
работка/Схемы ФБ ЮНИТ-М300/Проект/БД500/desc//561.17
11 Логика связи/img/logic_LOSK.pdf Graphic file (type pdf)
<use //uni-eng.ru/unit/Ivanovo/Документация ЮНИТ М300/Раз
работка/Схемы ФБ ЮНИТ-М300/Проект/БД500/desc//561.17
11 Логика связи/img/logic_LOSK.pdf>
Package luatex.def Info: //uni-eng.ru/unit/Ivanovo/Документация Ю
НИТ М300/Разработка/Схемы ФБ ЮНИТ-М300/Проект/
БД500/desc//561.1711 Логика связи/img/logic_LOSK.pdf  used on inpu
t line 147.
(luatex.def)             Requested size: 430.50409pt x 183.80536pt.

Overfull \hbox (5.64934pt too wide) in paragraph at lines 170--171
\TU/ArialNarrow(1)/m/n/12 зна-че-ние долж-но быть мень-
ше пол-но-го вре-ме-ни от-клю-че-ния по-вре-ж
де-ния на па-рал-лель-ной ли-нии. Срабатыван
ие
 []

[41<//uni-eng.ru/unit/Ivanovo/Документация ЮНИТ М300/Разр
аботка/Схемы ФБ ЮНИТ-М300/Проект/БД500/desc//561.1711 
Логика связи/img/logic_echo.pdf><//uni-eng.ru/unit/Ivanovo/Доку
ментация ЮНИТ М300/Разработка/Схемы ФБ ЮНИТ-
М300/Проект/БД500/desc//561.1711 Логика связи/img/logic_LOSK
.pdf>]
warning  (file //uni-eng.ru/unit/Ivanovo/Документация ЮНИТ М300
/Разработка/Схемы ФБ ЮНИТ-М300/Проект/БД500/desc//
561.1711 Логика связи/img/logic_TU_TNZNP.pdf) (pdf inclusion): PDF in
clusion: found PDF version '1.7', but at most version '1.5' allowed
<//uni-eng.ru/unit/Ivanovo/Документация ЮНИТ М300/Разра
ботка/Схемы ФБ ЮНИТ-М300/Проект/БД500/desc//561.1711 
Логика связи/img/logic_TU_TNZNP.pdf, id=1285, 512.1634pt x 253.09552
pt>
File: //uni-eng.ru/unit/Ivanovo/Документация ЮНИТ М300/Раз
работка/Схемы ФБ ЮНИТ-М300/Проект/БД500/desc//561.17
11 Логика связи/img/logic_TU_TNZNP.pdf Graphic file (type pdf)
<use //uni-eng.ru/unit/Ivanovo/Документация ЮНИТ М300/Раз
работка/Схемы ФБ ЮНИТ-М300/Проект/БД500/desc//561.17
11 Логика связи/img/logic_TU_TNZNP.pdf>
Package luatex.def Info: //uni-eng.ru/unit/Ivanovo/Документация Ю
НИТ М300/Разработка/Схемы ФБ ЮНИТ-М300/Проект/
БД500/desc//561.1711 Логика связи/img/logic_TU_TNZNP.pdf  used on 
input line 199.
(luatex.def)             Requested size: 506.4572pt x 250.27568pt.
) [42<//uni-eng.ru/unit/Ivanovo/Документация ЮНИТ М300/Раз
работка/Схемы ФБ ЮНИТ-М300/Проект/БД500/desc//561.171
1 Логика связи/img/logic_TU_TNZNP.pdf>] (./section3.tex) [43]
("//uni-eng.ru/unit/Ivanovo/Документация ЮНИТ М300/Разра
ботка/Схемы ФБ ЮНИТ-М300/Проект/РЭ500/103. Общие 
разделы РЭ//Тех обсл и ремонт/_latex/repair.tex")
("//uni-eng.ru/unit/Ivanovo/Документация ЮНИТ М300/Разра
ботка/Схемы ФБ ЮНИТ-М300/Проект/РЭ500/103. Общие 
разделы РЭ//Трансп и хранение/_latex/trans.tex")
("//uni-eng.ru/unit/Ivanovo/Документация ЮНИТ М300/Разра
ботка/Схемы ФБ ЮНИТ-М300/Проект/РЭ500/103. Общие 
разделы РЭ//Утилизация/_latex/util.tex")
("//uni-eng.ru/unit/Ivanovo/Документация ЮНИТ М300/Разра
ботка/Схемы ФБ ЮНИТ-М300/Проект/РЭ500/103. Общие 
разделы РЭ//Гарантия/_latex/garant.tex")
("//uni-eng.ru/unit/Ivanovo/Документация ЮНИТ М300/Разра
ботка/Схемы ФБ ЮНИТ-М300/Проект/РЭ500/103. Общие 
разделы РЭ//Тех поддержка/_latex/support.tex" [44])
(./startapp.tex) [45]
("//uni-eng.ru/unit/Ivanovo/Документация ЮНИТ М300/Разра
ботка/Схемы ФБ ЮНИТ-М300/Проект/РЭ500/201. РЭ ЮН
ИТ-М500-ОЛ//Приложение. БНН/bnn.tex"
Package typearea Info: These are the values describing the layout:
(typearea)             DIV  = areaset
(typearea)             BCOR = 0.0pt
(typearea)             \paperwidth      = 597.50793pt
(typearea)              \textwidth      = 759.68857pt
(typearea)              \evensidemargin = -153.3603pt
(typearea)              \oddsidemargin  = -153.3603pt
(typearea)             \paperheight     = 845.04694pt
(typearea)              \textheight     = 512.1496pt
(typearea)              \topmargin      = -0.05421pt
(typearea)              \headheight     = 17.0pt
(typearea)              \headsep        = 21.75pt
(typearea)              \topskip        = 22.0pt
(typearea)              \footskip       = 50.75pt
(typearea)              \baselineskip   = 14.5pt
(typearea)              on input line 2.
Package typearea Info: Using dirty hack to recalculate internal output
(typearea)             dimensions of LaTeX on input line 2.
*geometry* verbose mode - [ newgeometry ] result:
* driver: luatex
* paper: a4paper
* layout: <same size as paper>
* layoutoffset:(h,v)=(0.0pt,0.0pt)
* modes: 
* h-part:(L,W,R)=(62.59605pt, 506.45908pt, 28.45274pt)
* v-part:(T,H,B)=(39.83385pt, 773.91498pt, 31.29802pt)
* \paperwidth=597.50787pt
* \paperheight=845.04684pt
* \textwidth=506.45908pt
* \textheight=773.91498pt
* \oddsidemargin=-9.67393pt
* \evensidemargin=-9.67393pt
* \topmargin=-55.47195pt
* \headheight=14.5pt
* \headsep=8.53581pt
* \topskip=22.0pt
* \footskip=19.91692pt
* \marginparwidth=0.0pt
* \marginparsep=0.0pt
* \columnsep=10.0pt
* \skip\footins=10.8pt plus 4.0pt minus 2.0pt
* \hoffset=0.0pt
* \voffset=0.0pt
* \mag=1000
* \@twocolumnfalse
* \@twosidefalse
* \@mparswitchfalse
* \@reversemarginfalse
* (1in=72.27pt=25.4mm, 1cm=28.453pt)

 [46


]
Overfull \hbox (2.39368pt too wide) in paragraph at lines 38--38
 []|\TU/ArialNarrow(1)/m/n/10.95 Особая 
 []


Overfull \hbox (7.8699pt too wide) in alignment at lines 33--40
 [][][][][][][] 
 []


Overfull \hbox (2.39368pt too wide) in paragraph at lines 45--45
 []|\TU/ArialNarrow(1)/m/n/10.95 Особая 
 []


Overfull \hbox (7.8699pt too wide) in alignment at lines 40--47
 [][][][][][][] 
 []


Overfull \hbox (7.8699pt too wide) in alignment at lines 47--50
 [][][][][][][] 
 []


Overfull \hbox (7.8699pt too wide) in alignment at lines 50--51
 [][][][][][][] 
 []


warning  (file //uni-eng.ru/unit/Ivanovo/Документация ЮНИТ М300
/Разработка/Схемы ФБ ЮНИТ-М300/Проект/РЭ500/201. 
РЭ ЮНИТ-М500-ОЛ//Приложение. БНН/img/111.pdf) (pdf inclusi
on): PDF inclusion: found PDF version '1.7', but at most version '1.5' allowed
<//uni-eng.ru/unit/Ivanovo/Документация ЮНИТ М300/Разра
ботка/Схемы ФБ ЮНИТ-М300/Проект/РЭ500/201. РЭ ЮН
ИТ-М500-ОЛ//Приложение. БНН/img/111.pdf, id=1339, 137.6434pt 
x 99.21962pt>
File: //uni-eng.ru/unit/Ivanovo/Документация ЮНИТ М300/Раз
работка/Схемы ФБ ЮНИТ-М300/Проект/РЭ500/201. РЭ 
ЮНИТ-М500-ОЛ//Приложение. БНН/img/111.pdf Graphic file (typ
e pdf)
<use //uni-eng.ru/unit/Ivanovo/Документация ЮНИТ М300/Раз
работка/Схемы ФБ ЮНИТ-М300/Проект/РЭ500/201. РЭ 
ЮНИТ-М500-ОЛ//Приложение. БНН/img/111.pdf>
Package luatex.def Info: //uni-eng.ru/unit/Ivanovo/Документация Ю
НИТ М300/Разработка/Схемы ФБ ЮНИТ-М300/Проект/
РЭ500/201. РЭ ЮНИТ-М500-ОЛ//Приложение. БНН/img/111.pdf
  used on input line 53.
(luatex.def)             Requested size: 126.61664pt x 91.27104pt.

warning  (file //uni-eng.ru/unit/Ivanovo/Документация ЮНИТ М300
/Разработка/Схемы ФБ ЮНИТ-М300/Проект/РЭ500/201. 
РЭ ЮНИТ-М500-ОЛ//Приложение. БНН/img/112.pdf) (pdf inclusi
on): PDF inclusion: found PDF version '1.7', but at most version '1.5' allowed
<//uni-eng.ru/unit/Ivanovo/Документация ЮНИТ М300/Разра
ботка/Схемы ФБ ЮНИТ-М300/Проект/РЭ500/201. РЭ ЮН
ИТ-М500-ОЛ//Приложение. БНН/img/112.pdf, id=1340, 138.5372pt 
x 103.68898pt>
File: //uni-eng.ru/unit/Ivanovo/Документация ЮНИТ М300/Раз
работка/Схемы ФБ ЮНИТ-М300/Проект/РЭ500/201. РЭ 
ЮНИТ-М500-ОЛ//Приложение. БНН/img/112.pdf Graphic file (typ
e pdf)
<use //uni-eng.ru/unit/Ivanovo/Документация ЮНИТ М300/Раз
работка/Схемы ФБ ЮНИТ-М300/Проект/РЭ500/201. РЭ 
ЮНИТ-М500-ОЛ//Приложение. БНН/img/112.pdf>
Package luatex.def Info: //uni-eng.ru/unit/Ivanovo/Документация Ю
НИТ М300/Разработка/Схемы ФБ ЮНИТ-М300/Проект/
РЭ500/201. РЭ ЮНИТ-М500-ОЛ//Приложение. БНН/img/112.pdf
  used on input line 53.
(luatex.def)             Requested size: 126.61476pt x 94.76846pt.

warning  (file //uni-eng.ru/unit/Ivanovo/Документация ЮНИТ М300
/Разработка/Схемы ФБ ЮНИТ-М300/Проект/РЭ500/201. 
РЭ ЮНИТ-М500-ОЛ//Приложение. БНН/img/121.pdf) (pdf inclusi
on): PDF inclusion: found PDF version '1.7', but at most version '1.5' allowed
<//uni-eng.ru/unit/Ivanovo/Документация ЮНИТ М300/Разра
ботка/Схемы ФБ ЮНИТ-М300/Проект/РЭ500/201. РЭ ЮН
ИТ-М500-ОЛ//Приложение. БНН/img/121.pdf, id=1341, 135.40897pt
 x 86.2585pt>
File: //uni-eng.ru/unit/Ivanovo/Документация ЮНИТ М300/Раз
работка/Схемы ФБ ЮНИТ-М300/Проект/РЭ500/201. РЭ 
ЮНИТ-М500-ОЛ//Приложение. БНН/img/121.pdf Graphic file (typ
e pdf)
<use //uni-eng.ru/unit/Ivanovo/Документация ЮНИТ М300/Раз
работка/Схемы ФБ ЮНИТ-М300/Проект/РЭ500/201. РЭ 
ЮНИТ-М500-ОЛ//Приложение. БНН/img/121.pdf>
Package luatex.def Info: //uni-eng.ru/unit/Ivanovo/Документация Ю
НИТ М300/Разработка/Схемы ФБ ЮНИТ-М300/Проект/
РЭ500/201. РЭ ЮНИТ-М500-ОЛ//Приложение. БНН/img/121.pdf
  used on input line 56.
(luatex.def)             Requested size: 126.61497pt x 80.65652pt.

warning  (file //uni-eng.ru/unit/Ivanovo/Документация ЮНИТ М300
/Разработка/Схемы ФБ ЮНИТ-М300/Проект/РЭ500/201. 
РЭ ЮНИТ-М500-ОЛ//Приложение. БНН/img/122.pdf) (pdf inclusi
on): PDF inclusion: found PDF version '1.7', but at most version '1.5' allowed
<//uni-eng.ru/unit/Ivanovo/Документация ЮНИТ М300/Разра
ботка/Схемы ФБ ЮНИТ-М300/Проект/РЭ500/201. РЭ ЮН
ИТ-М500-ОЛ//Приложение. БНН/img/122.pdf, id=1342, 137.58383pt
 x 87.89198pt>
File: //uni-eng.ru/unit/Ivanovo/Документация ЮНИТ М300/Раз
работка/Схемы ФБ ЮНИТ-М300/Проект/РЭ500/201. РЭ 
ЮНИТ-М500-ОЛ//Приложение. БНН/img/122.pdf Graphic file (typ
e pdf)
<use //uni-eng.ru/unit/Ivanovo/Документация ЮНИТ М300/Раз
работка/Схемы ФБ ЮНИТ-М300/Проект/РЭ500/201. РЭ 
ЮНИТ-М500-ОЛ//Приложение. БНН/img/122.pdf>
Package luatex.def Info: //uni-eng.ru/unit/Ivanovo/Документация Ю
НИТ М300/Разработка/Схемы ФБ ЮНИТ-М300/Проект/
РЭ500/201. РЭ ЮНИТ-М500-ОЛ//Приложение. БНН/img/122.pdf
  used on input line 56.
(luatex.def)             Requested size: 151.93925pt x 97.06502pt.

warning  (file //uni-eng.ru/unit/Ivanovo/Документация ЮНИТ М300
/Разработка/Схемы ФБ ЮНИТ-М300/Проект/РЭ500/201. 
РЭ ЮНИТ-М500-ОЛ//Приложение. БНН/img/131.pdf) (pdf inclusi
on): PDF inclusion: found PDF version '1.7', but at most version '1.5' allowed
<//uni-eng.ru/unit/Ivanovo/Документация ЮНИТ М300/Разра
ботка/Схемы ФБ ЮНИТ-М300/Проект/РЭ500/201. РЭ ЮН
ИТ-М500-ОЛ//Приложение. БНН/img/131.pdf, id=1343, 135.51347pt
 x 76.76369pt>
File: //uni-eng.ru/unit/Ivanovo/Документация ЮНИТ М300/Раз
работка/Схемы ФБ ЮНИТ-М300/Проект/РЭ500/201. РЭ 
ЮНИТ-М500-ОЛ//Приложение. БНН/img/131.pdf Graphic file (typ
e pdf)
<use //uni-eng.ru/unit/Ivanovo/Документация ЮНИТ М300/Раз
работка/Схемы ФБ ЮНИТ-М300/Проект/РЭ500/201. РЭ 
ЮНИТ-М500-ОЛ//Приложение. БНН/img/131.pdf>
Package luatex.def Info: //uni-eng.ru/unit/Ivanovo/Документация Ю
НИТ М300/Разработка/Схемы ФБ ЮНИТ-М300/Проект/
РЭ500/201. РЭ ЮНИТ-М500-ОЛ//Приложение. БНН/img/131.pdf
  used on input line 59.
(luatex.def)             Requested size: 126.61966pt x 71.72563pt.

warning  (file //uni-eng.ru/unit/Ivanovo/Документация ЮНИТ М300
/Разработка/Схемы ФБ ЮНИТ-М300/Проект/РЭ500/201. 
РЭ ЮНИТ-М500-ОЛ//Приложение. БНН/img/132.pdf) (pdf inclusi
on): PDF inclusion: found PDF version '1.7', but at most version '1.5' allowed
<//uni-eng.ru/unit/Ivanovo/Документация ЮНИТ М300/Разра
ботка/Схемы ФБ ЮНИТ-М300/Проект/РЭ500/201. РЭ ЮН
ИТ-М500-ОЛ//Приложение. БНН/img/132.pdf, id=1344, 133.98792pt
 x 73.2516pt>
File: //uni-eng.ru/unit/Ivanovo/Документация ЮНИТ М300/Раз
работка/Схемы ФБ ЮНИТ-М300/Проект/РЭ500/201. РЭ 
ЮНИТ-М500-ОЛ//Приложение. БНН/img/132.pdf Graphic file (typ
e pdf)
<use //uni-eng.ru/unit/Ivanovo/Документация ЮНИТ М300/Раз
работка/Схемы ФБ ЮНИТ-М300/Проект/РЭ500/201. РЭ 
ЮНИТ-М500-ОЛ//Приложение. БНН/img/132.pdf>
Package luatex.def Info: //uni-eng.ru/unit/Ivanovo/Документация Ю
НИТ М300/Разработка/Схемы ФБ ЮНИТ-М300/Проект/
РЭ500/201. РЭ ЮНИТ-М500-ОЛ//Приложение. БНН/img/132.pdf
  used on input line 59.
(luatex.def)             Requested size: 151.93925pt x 83.06729pt.

warning  (file //uni-eng.ru/unit/Ivanovo/Документация ЮНИТ М300
/Разработка/Схемы ФБ ЮНИТ-М300/Проект/РЭ500/201. 
РЭ ЮНИТ-М500-ОЛ//Приложение. БНН/img/141.pdf) (pdf inclusi
on): PDF inclusion: found PDF version '1.7', but at most version '1.5' allowed
<//uni-eng.ru/unit/Ivanovo/Документация ЮНИТ М300/Разра
ботка/Схемы ФБ ЮНИТ-М300/Проект/РЭ500/201. РЭ ЮН
ИТ-М500-ОЛ//Приложение. БНН/img/141.pdf, id=1345, 129.97322pt
 x 83.7878pt>
File: //uni-eng.ru/unit/Ivanovo/Документация ЮНИТ М300/Раз
работка/Схемы ФБ ЮНИТ-М300/Проект/РЭ500/201. РЭ 
ЮНИТ-М500-ОЛ//Приложение. БНН/img/141.pdf Graphic file (typ
e pdf)
<use //uni-eng.ru/unit/Ivanovo/Документация ЮНИТ М300/Раз
работка/Схемы ФБ ЮНИТ-М300/Проект/РЭ500/201. РЭ 
ЮНИТ-М500-ОЛ//Приложение. БНН/img/141.pdf>
Package luatex.def Info: //uni-eng.ru/unit/Ivanovo/Документация Ю
НИТ М300/Разработка/Схемы ФБ ЮНИТ-М300/Проект/
РЭ500/201. РЭ ЮНИТ-М500-ОЛ//Приложение. БНН/img/141.pdf
  used on input line 62.
(luatex.def)             Requested size: 126.61725pt x 81.62434pt.

warning  (file //uni-eng.ru/unit/Ivanovo/Документация ЮНИТ М300
/Разработка/Схемы ФБ ЮНИТ-М300/Проект/РЭ500/201. 
РЭ ЮНИТ-М500-ОЛ//Приложение. БНН/img/142.pdf) (pdf inclusi
on): PDF inclusion: found PDF version '1.7', but at most version '1.5' allowed
<//uni-eng.ru/unit/Ivanovo/Документация ЮНИТ М300/Разра
ботка/Схемы ФБ ЮНИТ-М300/Проект/РЭ500/201. РЭ ЮН
ИТ-М500-ОЛ//Приложение. БНН/img/142.pdf, id=1346, 132.48232pt
 x 81.27919pt>
File: //uni-eng.ru/unit/Ivanovo/Документация ЮНИТ М300/Раз
работка/Схемы ФБ ЮНИТ-М300/Проект/РЭ500/201. РЭ 
ЮНИТ-М500-ОЛ//Приложение. БНН/img/142.pdf Graphic file (typ
e pdf)
<use //uni-eng.ru/unit/Ivanovo/Документация ЮНИТ М300/Раз
работка/Схемы ФБ ЮНИТ-М300/Проект/РЭ500/201. РЭ 
ЮНИТ-М500-ОЛ//Приложение. БНН/img/142.pdf>
Package luatex.def Info: //uni-eng.ru/unit/Ivanovo/Документация Ю
НИТ М300/Разработка/Схемы ФБ ЮНИТ-М300/Проект/
РЭ500/201. РЭ ЮНИТ-М500-ОЛ//Приложение. БНН/img/142.pdf
  used on input line 62.
(luatex.def)             Requested size: 151.93925pt x 93.22476pt.

warning  (file //uni-eng.ru/unit/Ivanovo/Документация ЮНИТ М300
/Разработка/Схемы ФБ ЮНИТ-М300/Проект/РЭ500/201. 
РЭ ЮНИТ-М500-ОЛ//Приложение. БНН/img/151.pdf) (pdf inclusi
on): PDF inclusion: found PDF version '1.7', but at most version '1.5' allowed
<//uni-eng.ru/unit/Ivanovo/Документация ЮНИТ М300/Разра
ботка/Схемы ФБ ЮНИТ-М300/Проект/РЭ500/201. РЭ ЮН
ИТ-М500-ОЛ//Приложение. БНН/img/151.pdf, id=1347, 105.00732pt
 x 76.82222pt>
File: //uni-eng.ru/unit/Ivanovo/Документация ЮНИТ М300/Раз
работка/Схемы ФБ ЮНИТ-М300/Проект/РЭ500/201. РЭ 
ЮНИТ-М500-ОЛ//Приложение. БНН/img/151.pdf Graphic file (typ
e pdf)
<use //uni-eng.ru/unit/Ivanovo/Документация ЮНИТ М300/Раз
работка/Схемы ФБ ЮНИТ-М300/Проект/РЭ500/201. РЭ 
ЮНИТ-М500-ОЛ//Приложение. БНН/img/151.pdf>
Package luatex.def Info: //uni-eng.ru/unit/Ivanovo/Документация Ю
НИТ М300/Разработка/Схемы ФБ ЮНИТ-М300/Проект/
РЭ500/201. РЭ ЮНИТ-М500-ОЛ//Приложение. БНН/img/151.pdf
  used on input line 65.
(luatex.def)             Requested size: 101.29617pt x 74.10718pt.

warning  (file //uni-eng.ru/unit/Ivanovo/Документация ЮНИТ М300
/Разработка/Схемы ФБ ЮНИТ-М300/Проект/РЭ500/201. 
РЭ ЮНИТ-М500-ОЛ//Приложение. БНН/img/152.pdf) (pdf inclusi
on): PDF inclusion: found PDF version '1.7', but at most version '1.5' allowed
<//uni-eng.ru/unit/Ivanovo/Документация ЮНИТ М300/Разра
ботка/Схемы ФБ ЮНИТ-М300/Проект/РЭ500/201. РЭ ЮН
ИТ-М500-ОЛ//Приложение. БНН/img/152.pdf, id=1348, 122.94765pt
 x 80.77747pt>
File: //uni-eng.ru/unit/Ivanovo/Документация ЮНИТ М300/Раз
работка/Схемы ФБ ЮНИТ-М300/Проект/РЭ500/201. РЭ 
ЮНИТ-М500-ОЛ//Приложение. БНН/img/152.pdf Graphic file (typ
e pdf)
<use //uni-eng.ru/unit/Ivanovo/Документация ЮНИТ М300/Раз
работка/Схемы ФБ ЮНИТ-М300/Проект/РЭ500/201. РЭ 
ЮНИТ-М500-ОЛ//Приложение. БНН/img/152.pdf>
Package luatex.def Info: //uni-eng.ru/unit/Ivanovo/Документация Ю
НИТ М300/Разработка/Схемы ФБ ЮНИТ-М300/Проект/
РЭ500/201. РЭ ЮНИТ-М500-ОЛ//Приложение. БНН/img/152.pdf
  used on input line 65.
(luatex.def)             Requested size: 141.80792pt x 93.1756pt.

warning  (file //uni-eng.ru/unit/Ivanovo/Документация ЮНИТ М300
/Разработка/Схемы ФБ ЮНИТ-М300/Проект/РЭ500/201. 
РЭ ЮНИТ-М500-ОЛ//Приложение. БНН/img/161.pdf) (pdf inclusi
on): PDF inclusion: found PDF version '1.7', but at most version '1.5' allowed
<//uni-eng.ru/unit/Ivanovo/Документация ЮНИТ М300/Разра
ботка/Схемы ФБ ЮНИТ-М300/Проект/РЭ500/201. РЭ ЮН
ИТ-М500-ОЛ//Приложение. БНН/img/161.pdf, id=1349, 100.5968pt 
x 77.00032pt>
File: //uni-eng.ru/unit/Ivanovo/Документация ЮНИТ М300/Раз
работка/Схемы ФБ ЮНИТ-М300/Проект/РЭ500/201. РЭ 
ЮНИТ-М500-ОЛ//Приложение. БНН/img/161.pdf Graphic file (typ
e pdf)
<use //uni-eng.ru/unit/Ivanovo/Документация ЮНИТ М300/Раз
работка/Схемы ФБ ЮНИТ-М300/Проект/РЭ500/201. РЭ 
ЮНИТ-М500-ОЛ//Приложение. БНН/img/161.pdf>
Package luatex.def Info: //uni-eng.ru/unit/Ivanovo/Документация Ю
НИТ М300/Разработка/Схемы ФБ ЮНИТ-М300/Проект/
РЭ500/201. РЭ ЮНИТ-М500-ОЛ//Приложение. БНН/img/161.pdf
  used on input line 68.
(luatex.def)             Requested size: 101.29189pt x 77.53235pt.

warning  (file //uni-eng.ru/unit/Ivanovo/Документация ЮНИТ М300
/Разработка/Схемы ФБ ЮНИТ-М300/Проект/РЭ500/201. 
РЭ ЮНИТ-М500-ОЛ//Приложение. БНН/img/162.pdf) (pdf inclusi
on): PDF inclusion: found PDF version '1.7', but at most version '1.5' allowed
<//uni-eng.ru/unit/Ivanovo/Документация ЮНИТ М300/Разра
ботка/Схемы ФБ ЮНИТ-М300/Проект/РЭ500/201. РЭ ЮН
ИТ-М500-ОЛ//Приложение. БНН/img/162.pdf, id=1350, 115.92207pt
 x 82.78435pt>
File: //uni-eng.ru/unit/Ivanovo/Документация ЮНИТ М300/Раз
работка/Схемы ФБ ЮНИТ-М300/Проект/РЭ500/201. РЭ 
ЮНИТ-М500-ОЛ//Приложение. БНН/img/162.pdf Graphic file (typ
e pdf)
<use //uni-eng.ru/unit/Ivanovo/Документация ЮНИТ М300/Раз
работка/Схемы ФБ ЮНИТ-М300/Проект/РЭ500/201. РЭ 
ЮНИТ-М500-ОЛ//Приложение. БНН/img/162.pdf>
Package luatex.def Info: //uni-eng.ru/unit/Ivanovo/Документация Ю
НИТ М300/Разработка/Схемы ФБ ЮНИТ-М300/Проект/
РЭ500/201. РЭ ЮНИТ-М500-ОЛ//Приложение. БНН/img/162.pdf
  used on input line 68.
(luatex.def)             Requested size: 141.80792pt x 101.28348pt.

warning  (file //uni-eng.ru/unit/Ivanovo/Документация ЮНИТ М300
/Разработка/Схемы ФБ ЮНИТ-М300/Проект/РЭ500/201. 
РЭ ЮНИТ-М500-ОЛ//Приложение. БНН/img/171.pdf) (pdf inclusi
on): PDF inclusion: found PDF version '1.7', but at most version '1.5' allowed
<//uni-eng.ru/unit/Ivanovo/Документация ЮНИТ М300/Разра
ботка/Схемы ФБ ЮНИТ-М300/Проект/РЭ500/201. РЭ ЮН
ИТ-М500-ОЛ//Приложение. БНН/img/171.pdf, id=1351, 97.66814pt 
x 76.76366pt>
File: //uni-eng.ru/unit/Ivanovo/Документация ЮНИТ М300/Раз
работка/Схемы ФБ ЮНИТ-М300/Проект/РЭ500/201. РЭ 
ЮНИТ-М500-ОЛ//Приложение. БНН/img/171.pdf Graphic file (typ
e pdf)
<use //uni-eng.ru/unit/Ivanovo/Документация ЮНИТ М300/Раз
работка/Схемы ФБ ЮНИТ-М300/Проект/РЭ500/201. РЭ 
ЮНИТ-М500-ОЛ//Приложение. БНН/img/171.pdf>
Package luatex.def Info: //uni-eng.ru/unit/Ivanovo/Документация Ю
НИТ М300/Разработка/Схемы ФБ ЮНИТ-М300/Проект/
РЭ500/201. РЭ ЮНИТ-М500-ОЛ//Приложение. БНН/img/171.pdf
  used on input line 71.
(luatex.def)             Requested size: 101.29376pt x 79.61325pt.

warning  (file //uni-eng.ru/unit/Ivanovo/Документация ЮНИТ М300
/Разработка/Схемы ФБ ЮНИТ-М300/Проект/РЭ500/201. 
РЭ ЮНИТ-М500-ОЛ//Приложение. БНН/img/172.pdf) (pdf inclusi
on): PDF inclusion: found PDF version '1.7', but at most version '1.5' allowed
<//uni-eng.ru/unit/Ivanovo/Документация ЮНИТ М300/Разра
ботка/Схемы ФБ ЮНИТ-М300/Проект/РЭ500/201. РЭ ЮН
ИТ-М500-ОЛ//Приложение. БНН/img/172.pdf, id=1352, 122.94768pt
 x 93.32053pt>
File: //uni-eng.ru/unit/Ivanovo/Документация ЮНИТ М300/Раз
работка/Схемы ФБ ЮНИТ-М300/Проект/РЭ500/201. РЭ 
ЮНИТ-М500-ОЛ//Приложение. БНН/img/172.pdf Graphic file (typ
e pdf)
<use //uni-eng.ru/unit/Ivanovo/Документация ЮНИТ М300/Раз
работка/Схемы ФБ ЮНИТ-М300/Проект/РЭ500/201. РЭ 
ЮНИТ-М500-ОЛ//Приложение. БНН/img/172.pdf>
Package luatex.def Info: //uni-eng.ru/unit/Ivanovo/Документация Ю
НИТ М300/Разработка/Схемы ФБ ЮНИТ-М300/Проект/
РЭ500/201. РЭ ЮНИТ-М500-ОЛ//Приложение. БНН/img/172.pdf
  used on input line 71.
(luatex.def)             Requested size: 141.80792pt x 107.64383pt.

warning  (file //uni-eng.ru/unit/Ivanovo/Документация ЮНИТ М300
/Разработка/Схемы ФБ ЮНИТ-М300/Проект/РЭ500/201. 
РЭ ЮНИТ-М500-ОЛ//Приложение. БНН/img/181.pdf) (pdf inclusi
on): PDF inclusion: found PDF version '1.7', but at most version '1.5' allowed
<//uni-eng.ru/unit/Ivanovo/Документация ЮНИТ М300/Разра
ботка/Схемы ФБ ЮНИТ-М300/Проект/РЭ500/201. РЭ ЮН
ИТ-М500-ОЛ//Приложение. БНН/img/181.pdf, id=1353, 93.46529pt 
x 73.12619pt>
File: //uni-eng.ru/unit/Ivanovo/Документация ЮНИТ М300/Раз
работка/Схемы ФБ ЮНИТ-М300/Проект/РЭ500/201. РЭ 
ЮНИТ-М500-ОЛ//Приложение. БНН/img/181.pdf Graphic file (typ
e pdf)
<use //uni-eng.ru/unit/Ivanovo/Документация ЮНИТ М300/Раз
работка/Схемы ФБ ЮНИТ-М300/Проект/РЭ500/201. РЭ 
ЮНИТ-М500-ОЛ//Приложение. БНН/img/181.pdf>
Package luatex.def Info: //uni-eng.ru/unit/Ivanovo/Документация Ю
НИТ М300/Разработка/Схемы ФБ ЮНИТ-М300/Проект/
РЭ500/201. РЭ ЮНИТ-М500-ОЛ//Приложение. БНН/img/181.pdf
  used on input line 74.
(luatex.def)             Requested size: 101.2947pt x 79.25182pt.

warning  (file //uni-eng.ru/unit/Ivanovo/Документация ЮНИТ М300
/Разработка/Схемы ФБ ЮНИТ-М300/Проект/РЭ500/201. 
РЭ ЮНИТ-М500-ОЛ//Приложение. БНН/img/182.pdf) (pdf inclusi
on): PDF inclusion: found PDF version '1.7', but at most version '1.5' allowed
<//uni-eng.ru/unit/Ivanovo/Документация ЮНИТ М300/Разра
ботка/Схемы ФБ ЮНИТ-М300/Проект/РЭ500/201. РЭ ЮН
ИТ-М500-ОЛ//Приложение. БНН/img/182.pdf, id=1354, 123.95126pt
 x 86.29642pt>
File: //uni-eng.ru/unit/Ivanovo/Документация ЮНИТ М300/Раз
работка/Схемы ФБ ЮНИТ-М300/Проект/РЭ500/201. РЭ 
ЮНИТ-М500-ОЛ//Приложение. БНН/img/182.pdf Graphic file (typ
e pdf)
<use //uni-eng.ru/unit/Ivanovo/Документация ЮНИТ М300/Раз
работка/Схемы ФБ ЮНИТ-М300/Проект/РЭ500/201. РЭ 
ЮНИТ-М500-ОЛ//Приложение. БНН/img/182.pdf>
Package luatex.def Info: //uni-eng.ru/unit/Ivanovo/Документация Ю
НИТ М300/Разработка/Схемы ФБ ЮНИТ-М300/Проект/
РЭ500/201. РЭ ЮНИТ-М500-ОЛ//Приложение. БНН/img/182.pdf
  used on input line 74.
(luatex.def)             Requested size: 126.61476pt x 88.15414pt.

warning  (file //uni-eng.ru/unit/Ivanovo/Документация ЮНИТ М300
/Разработка/Схемы ФБ ЮНИТ-М300/Проект/РЭ500/201. 
РЭ ЮНИТ-М500-ОЛ//Приложение. БНН/img/191.pdf) (pdf inclusi
on): PDF inclusion: found PDF version '1.7', but at most version '1.5' allowed
<//uni-eng.ru/unit/Ivanovo/Документация ЮНИТ М300/Разра
ботка/Схемы ФБ ЮНИТ-М300/Проект/РЭ500/201. РЭ ЮН
ИТ-М500-ОЛ//Приложение. БНН/img/191.pdf, id=1355, 91.45802pt 
x 72.1227pt>
File: //uni-eng.ru/unit/Ivanovo/Документация ЮНИТ М300/Раз
работка/Схемы ФБ ЮНИТ-М300/Проект/РЭ500/201. РЭ 
ЮНИТ-М500-ОЛ//Приложение. БНН/img/191.pdf Graphic file (typ
e pdf)
<use //uni-eng.ru/unit/Ivanovo/Документация ЮНИТ М300/Раз
работка/Схемы ФБ ЮНИТ-М300/Проект/РЭ500/201. РЭ 
ЮНИТ-М500-ОЛ//Приложение. БНН/img/191.pdf>
Package luatex.def Info: //uni-eng.ru/unit/Ivanovo/Документация Ю
НИТ М300/Разработка/Схемы ФБ ЮНИТ-М300/Проект/
РЭ500/201. РЭ ЮНИТ-М500-ОЛ//Приложение. БНН/img/191.pdf
  used on input line 78.
(luatex.def)             Requested size: 101.29489pt x 79.87993pt.

warning  (file //uni-eng.ru/unit/Ivanovo/Документация ЮНИТ М300
/Разработка/Схемы ФБ ЮНИТ-М300/Проект/РЭ500/201. 
РЭ ЮНИТ-М500-ОЛ//Приложение. БНН/img/192.pdf) (pdf inclusi
on): PDF inclusion: found PDF version '1.7', but at most version '1.5' allowed
<//uni-eng.ru/unit/Ivanovo/Документация ЮНИТ М300/Разра
ботка/Схемы ФБ ЮНИТ-М300/Проект/РЭ500/201. РЭ ЮН
ИТ-М500-ОЛ//Приложение. БНН/img/192.pdf, id=1356, 102.37273pt
 x 72.74988pt>
File: //uni-eng.ru/unit/Ivanovo/Документация ЮНИТ М300/Раз
работка/Схемы ФБ ЮНИТ-М300/Проект/РЭ500/201. РЭ 
ЮНИТ-М500-ОЛ//Приложение. БНН/img/192.pdf Graphic file (typ
e pdf)
<use //uni-eng.ru/unit/Ivanovo/Документация ЮНИТ М300/Раз
работка/Схемы ФБ ЮНИТ-М300/Проект/РЭ500/201. РЭ 
ЮНИТ-М500-ОЛ//Приложение. БНН/img/192.pdf>
Package luatex.def Info: //uni-eng.ru/unit/Ivanovo/Документация Ю
НИТ М300/Разработка/Схемы ФБ ЮНИТ-М300/Проект/
РЭ500/201. РЭ ЮНИТ-М500-ОЛ//Приложение. БНН/img/192.pdf
  used on input line 78.
(luatex.def)             Requested size: 111.4216pt x 79.18367pt.

warning  (file //uni-eng.ru/unit/Ivanovo/Документация ЮНИТ М300
/Разработка/Схемы ФБ ЮНИТ-М300/Проект/РЭ500/201. 
РЭ ЮНИТ-М500-ОЛ//Приложение. БНН/img/1101.pdf) (pdf inclus
ion): PDF inclusion: found PDF version '1.7', but at most version '1.5' allowed
<//uni-eng.ru/unit/Ivanovo/Документация ЮНИТ М300/Разра
ботка/Схемы ФБ ЮНИТ-М300/Проект/РЭ500/201. РЭ ЮН
ИТ-М500-ОЛ//Приложение. БНН/img/1101.pdf, id=1357, 95.34718pt
 x 73.12619pt>
File: //uni-eng.ru/unit/Ivanovo/Документация ЮНИТ М300/Раз
работка/Схемы ФБ ЮНИТ-М300/Проект/РЭ500/201. РЭ 
ЮНИТ-М500-ОЛ//Приложение. БНН/img/1101.pdf Graphic file (ty
pe pdf)
<use //uni-eng.ru/unit/Ivanovo/Документация ЮНИТ М300/Раз
работка/Схемы ФБ ЮНИТ-М300/Проект/РЭ500/201. РЭ 
ЮНИТ-М500-ОЛ//Приложение. БНН/img/1101.pdf>
Package luatex.def Info: //uni-eng.ru/unit/Ivanovo/Документация Ю
НИТ М300/Разработка/Схемы ФБ ЮНИТ-М300/Проект/
РЭ500/201. РЭ ЮНИТ-М500-ОЛ//Приложение. БНН/img/1101.pd
f  used on input line 81.
(luatex.def)             Requested size: 101.293pt x 77.68633pt.

warning  (file //uni-eng.ru/unit/Ivanovo/Документация ЮНИТ М300
/Разработка/Схемы ФБ ЮНИТ-М300/Проект/РЭ500/201. 
РЭ ЮНИТ-М500-ОЛ//Приложение. БНН/img/1102.pdf) (pdf inclus
ion): PDF inclusion: found PDF version '1.7', but at most version '1.5' allowed
<//uni-eng.ru/unit/Ivanovo/Документация ЮНИТ М300/Разра
ботка/Схемы ФБ ЮНИТ-М300/Проект/РЭ500/201. РЭ ЮН
ИТ-М500-ОЛ//Приложение. БНН/img/1102.pdf, id=1358, 100.86725p
t x 74.75677pt>
File: //uni-eng.ru/unit/Ivanovo/Документация ЮНИТ М300/Раз
работка/Схемы ФБ ЮНИТ-М300/Проект/РЭ500/201. РЭ 
ЮНИТ-М500-ОЛ//Приложение. БНН/img/1102.pdf Graphic file (ty
pe pdf)
<use //uni-eng.ru/unit/Ivanovo/Документация ЮНИТ М300/Раз
работка/Схемы ФБ ЮНИТ-М300/Проект/РЭ500/201. РЭ 
ЮНИТ-М500-ОЛ//Приложение. БНН/img/1102.pdf>
Package luatex.def Info: //uni-eng.ru/unit/Ivanovo/Документация Ю
НИТ М300/Разработка/Схемы ФБ ЮНИТ-М300/Проект/
РЭ500/201. РЭ ЮНИТ-М500-ОЛ//Приложение. БНН/img/1102.pd
f  used on input line 81.
(luatex.def)             Requested size: 111.4216pt x 82.58516pt.

warning  (file //uni-eng.ru/unit/Ivanovo/Документация ЮНИТ М300
/Разработка/Схемы ФБ ЮНИТ-М300/Проект/РЭ500/201. 
РЭ ЮНИТ-М500-ОЛ//Приложение. БНН/img/1111.pdf) (pdf inclus
ion): PDF inclusion: found PDF version '1.7', but at most version '1.5' allowed
<//uni-eng.ru/unit/Ivanovo/Документация ЮНИТ М300/Разра
ботка/Схемы ФБ ЮНИТ-М300/Проект/РЭ500/201. РЭ ЮН
ИТ-М500-ОЛ//Приложение. БНН/img/1111.pdf, id=1359, 98.85999pt
 x 74.25507pt>
File: //uni-eng.ru/unit/Ivanovo/Документация ЮНИТ М300/Раз
работка/Схемы ФБ ЮНИТ-М300/Проект/РЭ500/201. РЭ 
ЮНИТ-М500-ОЛ//Приложение. БНН/img/1111.pdf Graphic file (ty
pe pdf)
<use //uni-eng.ru/unit/Ivanovo/Документация ЮНИТ М300/Раз
работка/Схемы ФБ ЮНИТ-М300/Проект/РЭ500/201. РЭ 
ЮНИТ-М500-ОЛ//Приложение. БНН/img/1111.pdf>
Package luatex.def Info: //uni-eng.ru/unit/Ivanovo/Документация Ю
НИТ М300/Разработка/Схемы ФБ ЮНИТ-М300/Проект/
РЭ500/201. РЭ ЮНИТ-М500-ОЛ//Приложение. БНН/img/1111.pd
f  used on input line 84.
(luatex.def)             Requested size: 101.2899pt x 76.08018pt.

warning  (file //uni-eng.ru/unit/Ivanovo/Документация ЮНИТ М300
/Разработка/Схемы ФБ ЮНИТ-М300/Проект/РЭ500/201. 
РЭ ЮНИТ-М500-ОЛ//Приложение. БНН/img/1112.pdf) (pdf inclus
ion): PDF inclusion: found PDF version '1.7', but at most version '1.5' allowed
<//uni-eng.ru/unit/Ivanovo/Документация ЮНИТ М300/Разра
ботка/Схемы ФБ ЮНИТ-М300/Проект/РЭ500/201. РЭ ЮН
ИТ-М500-ОЛ//Приложение. БНН/img/1112.pdf, id=1360, 83.80513pt
 x 69.73953pt>
File: //uni-eng.ru/unit/Ivanovo/Документация ЮНИТ М300/Раз
работка/Схемы ФБ ЮНИТ-М300/Проект/РЭ500/201. РЭ 
ЮНИТ-М500-ОЛ//Приложение. БНН/img/1112.pdf Graphic file (ty
pe pdf)
<use //uni-eng.ru/unit/Ivanovo/Документация ЮНИТ М300/Раз
работка/Схемы ФБ ЮНИТ-М300/Проект/РЭ500/201. РЭ 
ЮНИТ-М500-ОЛ//Приложение. БНН/img/1112.pdf>
Package luatex.def Info: //uni-eng.ru/unit/Ivanovo/Документация Ю
НИТ М300/Разработка/Схемы ФБ ЮНИТ-М300/Проект/
РЭ500/201. РЭ ЮНИТ-М500-ОЛ//Приложение. БНН/img/1112.pd
f  used on input line 84.
(luatex.def)             Requested size: 101.29027pt x 84.2893pt.

warning  (file //uni-eng.ru/unit/Ivanovo/Документация ЮНИТ М300
/Разработка/Схемы ФБ ЮНИТ-М300/Проект/РЭ500/201. 
РЭ ЮНИТ-М500-ОЛ//Приложение. БНН/img/1121.pdf) (pdf inclus
ion): PDF inclusion: found PDF version '1.7', but at most version '1.5' allowed
<//uni-eng.ru/unit/Ivanovo/Документация ЮНИТ М300/Разра
ботка/Схемы ФБ ЮНИТ-М300/Проект/РЭ500/201. РЭ ЮН
ИТ-М500-ОЛ//Приложение. БНН/img/1121.pdf, id=1361, 97.35446pt
 x 69.73953pt>
File: //uni-eng.ru/unit/Ivanovo/Документация ЮНИТ М300/Раз
работка/Схемы ФБ ЮНИТ-М300/Проект/РЭ500/201. РЭ 
ЮНИТ-М500-ОЛ//Приложение. БНН/img/1121.pdf Graphic file (ty
pe pdf)
<use //uni-eng.ru/unit/Ivanovo/Документация ЮНИТ М300/Раз
работка/Схемы ФБ ЮНИТ-М300/Проект/РЭ500/201. РЭ 
ЮНИТ-М500-ОЛ//Приложение. БНН/img/1121.pdf>
Package luatex.def Info: //uni-eng.ru/unit/Ivanovo/Документация Ю
НИТ М300/Разработка/Схемы ФБ ЮНИТ-М300/Проект/
РЭ500/201. РЭ ЮНИТ-М500-ОЛ//Приложение. БНН/img/1121.pd
f  used on input line 87.
(luatex.def)             Requested size: 101.2923pt x 72.56038pt.

warning  (file //uni-eng.ru/unit/Ivanovo/Документация ЮНИТ М300
/Разработка/Схемы ФБ ЮНИТ-М300/Проект/РЭ500/201. 
РЭ ЮНИТ-М500-ОЛ//Приложение. БНН/img/1122.pdf) (pdf inclus
ion): PDF inclusion: found PDF version '1.7', but at most version '1.5' allowed
<//uni-eng.ru/unit/Ivanovo/Документация ЮНИТ М300/Разра
ботка/Схемы ФБ ЮНИТ-М300/Проект/РЭ500/201. РЭ ЮН
ИТ-М500-ОЛ//Приложение. БНН/img/1122.pdf, id=1362, 89.32524pt
 x 89.80847pt>
File: //uni-eng.ru/unit/Ivanovo/Документация ЮНИТ М300/Раз
работка/Схемы ФБ ЮНИТ-М300/Проект/РЭ500/201. РЭ 
ЮНИТ-М500-ОЛ//Приложение. БНН/img/1122.pdf Graphic file (ty
pe pdf)
<use //uni-eng.ru/unit/Ivanovo/Документация ЮНИТ М300/Раз
работка/Схемы ФБ ЮНИТ-М300/Проект/РЭ500/201. РЭ 
ЮНИТ-М500-ОЛ//Приложение. БНН/img/1122.pdf>
Package luatex.def Info: //uni-eng.ru/unit/Ivanovo/Документация Ю
НИТ М300/Разработка/Схемы ФБ ЮНИТ-М300/Проект/
РЭ500/201. РЭ ЮНИТ-М500-ОЛ//Приложение. БНН/img/1122.pd
f  used on input line 87.
(luatex.def)             Requested size: 101.29027pt x 101.84276pt.

Overfull \hbox (7.8699pt too wide) in alignment at lines 51--91
 [][][][][][][] 
 []

[47<//uni-eng.ru/unit/Ivanovo/Документация ЮНИТ М300/Разр
аботка/Схемы ФБ ЮНИТ-М300/Проект/РЭ500/201. РЭ Ю
НИТ-М500-ОЛ//Приложение. БНН/img/111.pdf><//uni-eng.ru/unit/I
vanovo/Документация ЮНИТ М300/Разработка/Схемы 
ФБ ЮНИТ-М300/Проект/РЭ500/201. РЭ ЮНИТ-М500-ОЛ//При
ложение. БНН/img/112.pdf><//uni-eng.ru/unit/Ivanovo/Документ
ация ЮНИТ М300/Разработка/Схемы ФБ ЮНИТ-М300/П
роект/РЭ500/201. РЭ ЮНИТ-М500-ОЛ//Приложение. БНН/i
mg/121.pdf><//uni-eng.ru/unit/Ivanovo/Документация ЮНИТ М300/
Разработка/Схемы ФБ ЮНИТ-М300/Проект/РЭ500/201. 
РЭ ЮНИТ-М500-ОЛ//Приложение. БНН/img/122.pdf><//uni-eng.ru
/unit/Ivanovo/Документация ЮНИТ М300/Разработка/С
хемы ФБ ЮНИТ-М300/Проект/РЭ500/201. РЭ ЮНИТ-М500-О
Л//Приложение. БНН/img/131.pdf><//uni-eng.ru/unit/Ivanovo/Док
ументация ЮНИТ М300/Разработка/Схемы ФБ ЮНИ
Т-М300/Проект/РЭ500/201. РЭ ЮНИТ-М500-ОЛ//Приложен
ие. БНН/img/132.pdf><//uni-eng.ru/unit/Ivanovo/Документация 
ЮНИТ М300/Разработка/Схемы ФБ ЮНИТ-М300/Проек
т/РЭ500/201. РЭ ЮНИТ-М500-ОЛ//Приложение. БНН/img/141.p
df><//uni-eng.ru/unit/Ivanovo/Документация ЮНИТ М300/Разр
аботка/Схемы ФБ ЮНИТ-М300/Проект/РЭ500/201. РЭ Ю
НИТ-М500-ОЛ//Приложение. БНН/img/142.pdf>] [48<//uni-eng.ru/u
nit/Ivanovo/Документация ЮНИТ М300/Разработка/Сх
емы ФБ ЮНИТ-М300/Проект/РЭ500/201. РЭ ЮНИТ-М500-ОЛ//
Приложение. БНН/img/151.pdf><//uni-eng.ru/unit/Ivanovo/Докум
ентация ЮНИТ М300/Разработка/Схемы ФБ ЮНИТ-М30
0/Проект/РЭ500/201. РЭ ЮНИТ-М500-ОЛ//Приложение. Б
НН/img/152.pdf><//uni-eng.ru/unit/Ivanovo/Документация ЮНИТ 
М300/Разработка/Схемы ФБ ЮНИТ-М300/Проект/РЭ500/2
01. РЭ ЮНИТ-М500-ОЛ//Приложение. БНН/img/161.pdf><//uni-en
g.ru/unit/Ivanovo/Документация ЮНИТ М300/Разработка/
Схемы ФБ ЮНИТ-М300/Проект/РЭ500/201. РЭ ЮНИТ-М500-
ОЛ//Приложение. БНН/img/162.pdf><//uni-eng.ru/unit/Ivanovo/До
кументация ЮНИТ М300/Разработка/Схемы ФБ ЮН
ИТ-М300/Проект/РЭ500/201. РЭ ЮНИТ-М500-ОЛ//Приложе
ние. БНН/img/171.pdf><//uni-eng.ru/unit/Ivanovo/Документация 
ЮНИТ М300/Разработка/Схемы ФБ ЮНИТ-М300/Проек
т/РЭ500/201. РЭ ЮНИТ-М500-ОЛ//Приложение. БНН/img/172.p
df><//uni-eng.ru/unit/Ivanovo/Документация ЮНИТ М300/Разр
аботка/Схемы ФБ ЮНИТ-М300/Проект/РЭ500/201. РЭ Ю
НИТ-М500-ОЛ//Приложение. БНН/img/181.pdf><//uni-eng.ru/unit/I
vanovo/Документация ЮНИТ М300/Разработка/Схемы 
ФБ ЮНИТ-М300/Проект/РЭ500/201. РЭ ЮНИТ-М500-ОЛ//При
ложение. БНН/img/182.pdf>]
Overfull \hbox (0.90613pt too wide) in paragraph at lines 118--118
 []|\TU/ArialNarrow(1)/m/n/10.95 №| 
 []


Overfull \hbox (2.39368pt too wide) in paragraph at lines 118--118
 []|\TU/ArialNarrow(1)/m/n/10.95 Особая 
 []


Overfull \hbox (7.75061pt too wide) in alignment at lines 113--120
 [][][][][][][][] 
 []


Overfull \hbox (0.90613pt too wide) in paragraph at lines 125--125
 []|\TU/ArialNarrow(1)/m/n/10.95 №| 
 []


Overfull \hbox (2.39368pt too wide) in paragraph at lines 125--125
 []|\TU/ArialNarrow(1)/m/n/10.95 Особая 
 []


Overfull \hbox (7.75061pt too wide) in alignment at lines 120--127
 [][][][][][][][] 
 []


Overfull \hbox (7.75061pt too wide) in alignment at lines 127--130
 [][][][][][][][] 
 []


Overfull \hbox (7.75061pt too wide) in alignment at lines 130--131
 [][][][][][][][] 
 []


warning  (file //uni-eng.ru/unit/Ivanovo/Документация ЮНИТ М300
/Разработка/Схемы ФБ ЮНИТ-М300/Проект/РЭ500/201. 
РЭ ЮНИТ-М500-ОЛ//Приложение. БНН/img/211.pdf) (pdf inclusi
on): PDF inclusion: found PDF version '1.7', but at most version '1.5' allowed
<//uni-eng.ru/unit/Ivanovo/Документация ЮНИТ М300/Разра
ботка/Схемы ФБ ЮНИТ-М300/Проект/РЭ500/201. РЭ ЮН
ИТ-М500-ОЛ//Приложение. БНН/img/211.pdf, id=1661, 98.85992pt 
x 83.7878pt>
File: //uni-eng.ru/unit/Ivanovo/Документация ЮНИТ М300/Раз
работка/Схемы ФБ ЮНИТ-М300/Проект/РЭ500/201. РЭ 
ЮНИТ-М500-ОЛ//Приложение. БНН/img/211.pdf Graphic file (typ
e pdf)
<use //uni-eng.ru/unit/Ivanovo/Документация ЮНИТ М300/Раз
работка/Схемы ФБ ЮНИТ-М300/Проект/РЭ500/201. РЭ 
ЮНИТ-М500-ОЛ//Приложение. БНН/img/211.pdf>
Package luatex.def Info: //uni-eng.ru/unit/Ivanovo/Документация Ю
НИТ М300/Разработка/Схемы ФБ ЮНИТ-М300/Проект/
РЭ500/201. РЭ ЮНИТ-М500-ОЛ//Приложение. БНН/img/211.pdf
  used on input line 133.
(luatex.def)             Requested size: 101.28981pt x 85.84721pt.

warning  (file //uni-eng.ru/unit/Ivanovo/Документация ЮНИТ М300
/Разработка/Схемы ФБ ЮНИТ-М300/Проект/РЭ500/201. 
РЭ ЮНИТ-М500-ОЛ//Приложение. БНН/img/212.pdf) (pdf inclusi
on): PDF inclusion: found PDF version '1.7', but at most version '1.5' allowed
<//uni-eng.ru/unit/Ivanovo/Документация ЮНИТ М300/Разра
ботка/Схемы ФБ ЮНИТ-М300/Проект/РЭ500/201. РЭ ЮН
ИТ-М500-ОЛ//Приложение. БНН/img/212.pdf, id=1662, 107.39102pt
 x 106.36534pt>
File: //uni-eng.ru/unit/Ivanovo/Документация ЮНИТ М300/Раз
работка/Схемы ФБ ЮНИТ-М300/Проект/РЭ500/201. РЭ 
ЮНИТ-М500-ОЛ//Приложение. БНН/img/212.pdf Graphic file (typ
e pdf)
<use //uni-eng.ru/unit/Ivanovo/Документация ЮНИТ М300/Раз
работка/Схемы ФБ ЮНИТ-М300/Проект/РЭ500/201. РЭ 
ЮНИТ-М500-ОЛ//Приложение. БНН/img/212.pdf>
Package luatex.def Info: //uni-eng.ru/unit/Ivanovo/Документация Ю
НИТ М300/Разработка/Схемы ФБ ЮНИТ-М300/Проект/
РЭ500/201. РЭ ЮНИТ-М500-ОЛ//Приложение. БНН/img/212.pdf
  used on input line 133.
(luatex.def)             Requested size: 101.29027pt x 100.32262pt.

warning  (file //uni-eng.ru/unit/Ivanovo/Документация ЮНИТ М300
/Разработка/Схемы ФБ ЮНИТ-М300/Проект/РЭ500/201. 
РЭ ЮНИТ-М500-ОЛ//Приложение. БНН/img/221.pdf) (pdf inclusi
on): PDF inclusion: found PDF version '1.7', but at most version '1.5' allowed
<//uni-eng.ru/unit/Ivanovo/Документация ЮНИТ М300/Разра
ботка/Схемы ФБ ЮНИТ-М300/Проект/РЭ500/201. РЭ ЮН
ИТ-М500-ОЛ//Приложение. БНН/img/221.pdf, id=1663, 93.8417pt x
 73.75333pt>
File: //uni-eng.ru/unit/Ivanovo/Документация ЮНИТ М300/Раз
работка/Схемы ФБ ЮНИТ-М300/Проект/РЭ500/201. РЭ 
ЮНИТ-М500-ОЛ//Приложение. БНН/img/221.pdf Graphic file (typ
e pdf)
<use //uni-eng.ru/unit/Ivanovo/Документация ЮНИТ М300/Раз
работка/Схемы ФБ ЮНИТ-М300/Проект/РЭ500/201. РЭ 
ЮНИТ-М500-ОЛ//Приложение. БНН/img/221.pdf>
Package luatex.def Info: //uni-eng.ru/unit/Ivanovo/Документация Ю
НИТ М300/Разработка/Схемы ФБ ЮНИТ-М300/Проект/
РЭ500/201. РЭ ЮНИТ-М500-ОЛ//Приложение. БНН/img/221.pdf
  used on input line 136.
(luatex.def)             Requested size: 101.29596pt x 79.61186pt.

warning  (file //uni-eng.ru/unit/Ivanovo/Документация ЮНИТ М300
/Разработка/Схемы ФБ ЮНИТ-М300/Проект/РЭ500/201. 
РЭ ЮНИТ-М500-ОЛ//Приложение. БНН/img/222.pdf) (pdf inclusi
on): PDF inclusion: found PDF version '1.7', but at most version '1.5' allowed
<//uni-eng.ru/unit/Ivanovo/Документация ЮНИТ М300/Разра
ботка/Схемы ФБ ЮНИТ-М300/Проект/РЭ500/201. РЭ ЮН
ИТ-М500-ОЛ//Приложение. БНН/img/222.pdf, id=1664, 89.82704pt 
x 88.80502pt>
File: //uni-eng.ru/unit/Ivanovo/Документация ЮНИТ М300/Раз
работка/Схемы ФБ ЮНИТ-М300/Проект/РЭ500/201. РЭ 
ЮНИТ-М500-ОЛ//Приложение. БНН/img/222.pdf Graphic file (typ
e pdf)
<use //uni-eng.ru/unit/Ivanovo/Документация ЮНИТ М300/Раз
работка/Схемы ФБ ЮНИТ-М300/Проект/РЭ500/201. РЭ 
ЮНИТ-М500-ОЛ//Приложение. БНН/img/222.pdf>
Package luatex.def Info: //uni-eng.ru/unit/Ivanovo/Документация Ю
НИТ М300/Разработка/Схемы ФБ ЮНИТ-М300/Проект/
РЭ500/201. РЭ ЮНИТ-М500-ОЛ//Приложение. БНН/img/222.pdf
  used on input line 136.
(luatex.def)             Requested size: 101.29027pt x 100.14388pt.

warning  (file //uni-eng.ru/unit/Ivanovo/Документация ЮНИТ М300
/Разработка/Схемы ФБ ЮНИТ-М300/Проект/РЭ500/201. 
РЭ ЮНИТ-М500-ОЛ//Приложение. БНН/img/231.pdf) (pdf inclusi
on): PDF inclusion: found PDF version '1.7', but at most version '1.5' allowed
<//uni-eng.ru/unit/Ivanovo/Документация ЮНИТ М300/Разра
ботка/Схемы ФБ ЮНИТ-М300/Проект/РЭ500/201. РЭ ЮН
ИТ-М500-ОЛ//Приложение. БНН/img/231.pdf, id=1665, 89.32527pt 
x 71.74643pt>
File: //uni-eng.ru/unit/Ivanovo/Документация ЮНИТ М300/Раз
работка/Схемы ФБ ЮНИТ-М300/Проект/РЭ500/201. РЭ 
ЮНИТ-М500-ОЛ//Приложение. БНН/img/231.pdf Graphic file (typ
e pdf)
<use //uni-eng.ru/unit/Ivanovo/Документация ЮНИТ М300/Раз
работка/Схемы ФБ ЮНИТ-М300/Проект/РЭ500/201. РЭ 
ЮНИТ-М500-ОЛ//Приложение. БНН/img/231.pdf>
Package luatex.def Info: //uni-eng.ru/unit/Ivanovo/Документация Ю
НИТ М300/Разработка/Схемы ФБ ЮНИТ-М300/Проект/
РЭ500/201. РЭ ЮНИТ-М500-ОЛ//Приложение. БНН/img/231.pdf
  used on input line 139.
(luatex.def)             Requested size: 101.29483pt x 81.36043pt.

warning  (file //uni-eng.ru/unit/Ivanovo/Документация ЮНИТ М300
/Разработка/Схемы ФБ ЮНИТ-М300/Проект/РЭ500/201. 
РЭ ЮНИТ-М500-ОЛ//Приложение. БНН/img/232.pdf) (pdf inclusi
on): PDF inclusion: found PDF version '1.7', but at most version '1.5' allowed
<//uni-eng.ru/unit/Ivanovo/Документация ЮНИТ М300/Разра
ботка/Схемы ФБ ЮНИТ-М300/Проект/РЭ500/201. РЭ ЮН
ИТ-М500-ОЛ//Приложение. БНН/img/232.pdf, id=1666, 101.87091pt
 x 67.73265pt>
File: //uni-eng.ru/unit/Ivanovo/Документация ЮНИТ М300/Раз
работка/Схемы ФБ ЮНИТ-М300/Проект/РЭ500/201. РЭ 
ЮНИТ-М500-ОЛ//Приложение. БНН/img/232.pdf Graphic file (typ
e pdf)
<use //uni-eng.ru/unit/Ivanovo/Документация ЮНИТ М300/Раз
работка/Схемы ФБ ЮНИТ-М300/Проект/РЭ500/201. РЭ 
ЮНИТ-М500-ОЛ//Приложение. БНН/img/232.pdf>
Package luatex.def Info: //uni-eng.ru/unit/Ivanovo/Документация Ю
НИТ М300/Разработка/Схемы ФБ ЮНИТ-М300/Проект/
РЭ500/201. РЭ ЮНИТ-М500-ОЛ//Приложение. БНН/img/232.pdf
  used on input line 139.
(luatex.def)             Requested size: 101.29027pt x 67.34799pt.

warning  (file //uni-eng.ru/unit/Ivanovo/Документация ЮНИТ М300
/Разработка/Схемы ФБ ЮНИТ-М300/Проект/РЭ500/201. 
РЭ ЮНИТ-М500-ОЛ//Приложение. БНН/img/241.pdf) (pdf inclusi
on): PDF inclusion: found PDF version '1.7', but at most version '1.5' allowed
<//uni-eng.ru/unit/Ivanovo/Документация ЮНИТ М300/Разра
ботка/Схемы ФБ ЮНИТ-М300/Проект/РЭ500/201. РЭ ЮН
ИТ-М500-ОЛ//Приложение. БНН/img/241.pdf, id=1667, 99.36177pt 
x 82.28262pt>
File: //uni-eng.ru/unit/Ivanovo/Документация ЮНИТ М300/Раз
работка/Схемы ФБ ЮНИТ-М300/Проект/РЭ500/201. РЭ 
ЮНИТ-М500-ОЛ//Приложение. БНН/img/241.pdf Graphic file (typ
e pdf)
<use //uni-eng.ru/unit/Ivanovo/Документация ЮНИТ М300/Раз
работка/Схемы ФБ ЮНИТ-М300/Проект/РЭ500/201. РЭ 
ЮНИТ-М500-ОЛ//Приложение. БНН/img/241.pdf>
Package luatex.def Info: //uni-eng.ru/unit/Ivanovo/Документация Ю
НИТ М300/Разработка/Схемы ФБ ЮНИТ-М300/Проект/
РЭ500/201. РЭ ЮНИТ-М500-ОЛ//Приложение. БНН/img/241.pdf
  used on input line 142.
(luatex.def)             Requested size: 101.29155pt x 83.88069pt.

warning  (file //uni-eng.ru/unit/Ivanovo/Документация ЮНИТ М300
/Разработка/Схемы ФБ ЮНИТ-М300/Проект/РЭ500/201. 
РЭ ЮНИТ-М500-ОЛ//Приложение. БНН/img/242.pdf) (pdf inclusi
on): PDF inclusion: found PDF version '1.7', but at most version '1.5' allowed
<//uni-eng.ru/unit/Ivanovo/Документация ЮНИТ М300/Разра
ботка/Схемы ФБ ЮНИТ-М300/Проект/РЭ500/201. РЭ ЮН
ИТ-М500-ОЛ//Приложение. БНН/img/242.pdf, id=1668, 67.74666pt 
x 69.23781pt>
File: //uni-eng.ru/unit/Ivanovo/Документация ЮНИТ М300/Раз
работка/Схемы ФБ ЮНИТ-М300/Проект/РЭ500/201. РЭ 
ЮНИТ-М500-ОЛ//Приложение. БНН/img/242.pdf Graphic file (typ
e pdf)
<use //uni-eng.ru/unit/Ivanovo/Документация ЮНИТ М300/Раз
работка/Схемы ФБ ЮНИТ-М300/Проект/РЭ500/201. РЭ 
ЮНИТ-М500-ОЛ//Приложение. БНН/img/242.pdf>
Package luatex.def Info: //uni-eng.ru/unit/Ivanovo/Документация Ю
НИТ М300/Разработка/Схемы ФБ ЮНИТ-М300/Проект/
РЭ500/201. РЭ ЮНИТ-М500-ОЛ//Приложение. БНН/img/242.pdf
  used on input line 142.
(luatex.def)             Requested size: 81.0353pt x 82.82397pt.

warning  (file //uni-eng.ru/unit/Ivanovo/Документация ЮНИТ М300
/Разработка/Схемы ФБ ЮНИТ-М300/Проект/РЭ500/201. 
РЭ ЮНИТ-М500-ОЛ//Приложение. БНН/img/251.pdf) (pdf inclusi
on): PDF inclusion: found PDF version '1.7', but at most version '1.5' allowed
<//uni-eng.ru/unit/Ivanovo/Документация ЮНИТ М300/Разра
ботка/Схемы ФБ ЮНИТ-М300/Проект/РЭ500/201. РЭ ЮН
ИТ-М500-ОЛ//Приложение. БНН/img/251.pdf, id=1669, 105.88554pt
 x 76.76369pt>
File: //uni-eng.ru/unit/Ivanovo/Документация ЮНИТ М300/Раз
работка/Схемы ФБ ЮНИТ-М300/Проект/РЭ500/201. РЭ 
ЮНИТ-М500-ОЛ//Приложение. БНН/img/251.pdf Graphic file (typ
e pdf)
<use //uni-eng.ru/unit/Ivanovo/Документация ЮНИТ М300/Раз
работка/Схемы ФБ ЮНИТ-М300/Проект/РЭ500/201. РЭ 
ЮНИТ-М500-ОЛ//Приложение. БНН/img/251.pdf>
Package luatex.def Info: //uni-eng.ru/unit/Ivanovo/Документация Ю
НИТ М300/Разработка/Схемы ФБ ЮНИТ-М300/Проект/
РЭ500/201. РЭ ЮНИТ-М500-ОЛ//Приложение. БНН/img/251.pdf
  used on input line 146.
(luatex.def)             Requested size: 111.42383pt x 80.77875pt.

warning  (file //uni-eng.ru/unit/Ivanovo/Документация ЮНИТ М300
/Разработка/Схемы ФБ ЮНИТ-М300/Проект/РЭ500/201. 
РЭ ЮНИТ-М500-ОЛ//Приложение. БНН/img/252.pdf) (pdf inclusi
on): PDF inclusion: found PDF version '1.7', but at most version '1.5' allowed
<//uni-eng.ru/unit/Ivanovo/Документация ЮНИТ М300/Разра
ботка/Схемы ФБ ЮНИТ-М300/Проект/РЭ500/201. РЭ ЮН
ИТ-М500-ОЛ//Приложение. БНН/img/252.pdf, id=1670, 77.3127pt x
 74.6382pt>
File: //uni-eng.ru/unit/Ivanovo/Документация ЮНИТ М300/Раз
работка/Схемы ФБ ЮНИТ-М300/Проект/РЭ500/201. РЭ 
ЮНИТ-М500-ОЛ//Приложение. БНН/img/252.pdf Graphic file (typ
e pdf)
<use //uni-eng.ru/unit/Ivanovo/Документация ЮНИТ М300/Раз
работка/Схемы ФБ ЮНИТ-М300/Проект/РЭ500/201. РЭ 
ЮНИТ-М500-ОЛ//Приложение. БНН/img/252.pdf>
Package luatex.def Info: //uni-eng.ru/unit/Ivanovo/Документация Ю
НИТ М300/Разработка/Схемы ФБ ЮНИТ-М300/Проект/
РЭ500/201. РЭ ЮНИТ-М500-ОЛ//Приложение. БНН/img/252.pdf
  used on input line 146.
(luatex.def)             Requested size: 86.0971pt x 83.11813pt.

warning  (file //uni-eng.ru/unit/Ivanovo/Документация ЮНИТ М300
/Разработка/Схемы ФБ ЮНИТ-М300/Проект/РЭ500/201. 
РЭ ЮНИТ-М500-ОЛ//Приложение. БНН/img/261.pdf) (pdf inclusi
on): PDF inclusion: found PDF version '1.7', but at most version '1.5' allowed
<//uni-eng.ru/unit/Ivanovo/Документация ЮНИТ М300/Разра
ботка/Схемы ФБ ЮНИТ-М300/Проект/РЭ500/201. РЭ ЮН
ИТ-М500-ОЛ//Приложение. БНН/img/261.pdf, id=1671, 100.5512pt 
x 76.42593pt>
File: //uni-eng.ru/unit/Ivanovo/Документация ЮНИТ М300/Раз
работка/Схемы ФБ ЮНИТ-М300/Проект/РЭ500/201. РЭ 
ЮНИТ-М500-ОЛ//Приложение. БНН/img/261.pdf Graphic file (typ
e pdf)
<use //uni-eng.ru/unit/Ivanovo/Документация ЮНИТ М300/Раз
работка/Схемы ФБ ЮНИТ-М300/Проект/РЭ500/201. РЭ 
ЮНИТ-М500-ОЛ//Приложение. БНН/img/261.pdf>
Package luatex.def Info: //uni-eng.ru/unit/Ivanovo/Документация Ю
НИТ М300/Разработка/Схемы ФБ ЮНИТ-М300/Проект/
РЭ500/201. РЭ ЮНИТ-М500-ОЛ//Приложение. БНН/img/261.pdf
  used on input line 149.
(luatex.def)             Requested size: 111.42595pt x 84.6915pt.

warning  (file //uni-eng.ru/unit/Ivanovo/Документация ЮНИТ М300
/Разработка/Схемы ФБ ЮНИТ-М300/Проект/РЭ500/201. 
РЭ ЮНИТ-М500-ОЛ//Приложение. БНН/img/262.pdf) (pdf inclusi
on): PDF inclusion: found PDF version '1.7', but at most version '1.5' allowed
<//uni-eng.ru/unit/Ivanovo/Документация ЮНИТ М300/Разра
ботка/Схемы ФБ ЮНИТ-М300/Проект/РЭ500/201. РЭ ЮН
ИТ-М500-ОЛ//Приложение. БНН/img/262.pdf, id=1672, 88.32158pt 
x 72.74988pt>
File: //uni-eng.ru/unit/Ivanovo/Документация ЮНИТ М300/Раз
работка/Схемы ФБ ЮНИТ-М300/Проект/РЭ500/201. РЭ 
ЮНИТ-М500-ОЛ//Приложение. БНН/img/262.pdf Graphic file (typ
e pdf)
<use //uni-eng.ru/unit/Ivanovo/Документация ЮНИТ М300/Раз
работка/Схемы ФБ ЮНИТ-М300/Проект/РЭ500/201. РЭ 
ЮНИТ-М500-ОЛ//Приложение. БНН/img/262.pdf>
Package luatex.def Info: //uni-eng.ru/unit/Ivanovo/Документация Ю
НИТ М300/Разработка/Схемы ФБ ЮНИТ-М300/Проект/
РЭ500/201. РЭ ЮНИТ-М500-ОЛ//Приложение. БНН/img/262.pdf
  used on input line 149.
(luatex.def)             Requested size: 91.15892pt x 75.0875pt.

warning  (file //uni-eng.ru/unit/Ivanovo/Документация ЮНИТ М300
/Разработка/Схемы ФБ ЮНИТ-М300/Проект/РЭ500/201. 
РЭ ЮНИТ-М500-ОЛ//Приложение. БНН/img/271.pdf) (pdf inclusi
on): PDF inclusion: found PDF version '1.7', but at most version '1.5' allowed
<//uni-eng.ru/unit/Ivanovo/Документация ЮНИТ М300/Разра
ботка/Схемы ФБ ЮНИТ-М300/Проект/РЭ500/201. РЭ ЮН
ИТ-М500-ОЛ//Приложение. БНН/img/271.pdf, id=1673, 99.36179pt 
x 73.2516pt>
File: //uni-eng.ru/unit/Ivanovo/Документация ЮНИТ М300/Раз
работка/Схемы ФБ ЮНИТ-М300/Проект/РЭ500/201. РЭ 
ЮНИТ-М500-ОЛ//Приложение. БНН/img/271.pdf Graphic file (typ
e pdf)
<use //uni-eng.ru/unit/Ivanovo/Документация ЮНИТ М300/Раз
работка/Схемы ФБ ЮНИТ-М300/Проект/РЭ500/201. РЭ 
ЮНИТ-М500-ОЛ//Приложение. БНН/img/271.pdf>
Package luatex.def Info: //uni-eng.ru/unit/Ivanovo/Документация Ю
НИТ М300/Разработка/Схемы ФБ ЮНИТ-М300/Проект/
РЭ500/201. РЭ ЮНИТ-М500-ОЛ//Приложение. БНН/img/271.pdf
  used on input line 152.
(luatex.def)             Requested size: 111.4239pt x 82.14406pt.

warning  (file //uni-eng.ru/unit/Ivanovo/Документация ЮНИТ М300
/Разработка/Схемы ФБ ЮНИТ-М300/Проект/РЭ500/201. 
РЭ ЮНИТ-М500-ОЛ//Приложение. БНН/img/272.pdf) (pdf inclusi
on): PDF inclusion: found PDF version '1.7', but at most version '1.5' allowed
<//uni-eng.ru/unit/Ivanovo/Документация ЮНИТ М300/Разра
ботка/Схемы ФБ ЮНИТ-М300/Проект/РЭ500/201. РЭ ЮН
ИТ-М500-ОЛ//Приложение. БНН/img/272.pdf, id=1674, 98.35812pt 
x 91.31364pt>
File: //uni-eng.ru/unit/Ivanovo/Документация ЮНИТ М300/Раз
работка/Схемы ФБ ЮНИТ-М300/Проект/РЭ500/201. РЭ 
ЮНИТ-М500-ОЛ//Приложение. БНН/img/272.pdf Graphic file (typ
e pdf)
<use //uni-eng.ru/unit/Ivanovo/Документация ЮНИТ М300/Раз
работка/Схемы ФБ ЮНИТ-М300/Проект/РЭ500/201. РЭ 
ЮНИТ-М500-ОЛ//Приложение. БНН/img/272.pdf>
Package luatex.def Info: //uni-eng.ru/unit/Ivanovo/Документация Ю
НИТ М300/Разработка/Схемы ФБ ЮНИТ-М300/Проект/
РЭ500/201. РЭ ЮНИТ-М500-ОЛ//Приложение. БНН/img/272.pdf
  used on input line 152.
(luatex.def)             Requested size: 101.29027pt x 94.04155pt.

warning  (file //uni-eng.ru/unit/Ivanovo/Документация ЮНИТ М300
/Разработка/Схемы ФБ ЮНИТ-М300/Проект/РЭ500/201. 
РЭ ЮНИТ-М500-ОЛ//Приложение. БНН/img/281.pdf) (pdf inclusi
on): PDF inclusion: found PDF version '1.7', but at most version '1.5' allowed
<//uni-eng.ru/unit/Ivanovo/Документация ЮНИТ М300/Разра
ботка/Схемы ФБ ЮНИТ-М300/Проект/РЭ500/201. РЭ ЮН
ИТ-М500-ОЛ//Приложение. БНН/img/281.pdf, id=1675, 96.35085pt 
x 73.75333pt>
File: //uni-eng.ru/unit/Ivanovo/Документация ЮНИТ М300/Раз
работка/Схемы ФБ ЮНИТ-М300/Проект/РЭ500/201. РЭ 
ЮНИТ-М500-ОЛ//Приложение. БНН/img/281.pdf Graphic file (typ
e pdf)
<use //uni-eng.ru/unit/Ivanovo/Документация ЮНИТ М300/Раз
работка/Схемы ФБ ЮНИТ-М300/Проект/РЭ500/201. РЭ 
ЮНИТ-М500-ОЛ//Приложение. БНН/img/281.pdf>
Package luatex.def Info: //uni-eng.ru/unit/Ivanovo/Документация Ю
НИТ М300/Разработка/Схемы ФБ ЮНИТ-М300/Проект/
РЭ500/201. РЭ ЮНИТ-М500-ОЛ//Приложение. БНН/img/281.pdf
  used on input line 155.
(luatex.def)             Requested size: 111.4289pt x 85.29506pt.

warning  (file //uni-eng.ru/unit/Ivanovo/Документация ЮНИТ М300
/Разработка/Схемы ФБ ЮНИТ-М300/Проект/РЭ500/201. 
РЭ ЮНИТ-М500-ОЛ//Приложение. БНН/img/282.pdf) (pdf inclusi
on): PDF inclusion: found PDF version '1.7', but at most version '1.5' allowed
<//uni-eng.ru/unit/Ivanovo/Документация ЮНИТ М300/Разра
ботка/Схемы ФБ ЮНИТ-М300/Проект/РЭ500/201. РЭ ЮН
ИТ-М500-ОЛ//Приложение. БНН/img/282.pdf, id=1676, 112.91112pt
 x 80.77745pt>
File: //uni-eng.ru/unit/Ivanovo/Документация ЮНИТ М300/Раз
работка/Схемы ФБ ЮНИТ-М300/Проект/РЭ500/201. РЭ 
ЮНИТ-М500-ОЛ//Приложение. БНН/img/282.pdf Graphic file (typ
e pdf)
<use //uni-eng.ru/unit/Ivanovo/Документация ЮНИТ М300/Раз
работка/Схемы ФБ ЮНИТ-М300/Проект/РЭ500/201. РЭ 
ЮНИТ-М500-ОЛ//Приложение. БНН/img/282.pdf>
Package luatex.def Info: //uni-eng.ru/unit/Ivanovo/Документация Ю
НИТ М300/Разработка/Схемы ФБ ЮНИТ-М300/Проект/
РЭ500/201. РЭ ЮНИТ-М500-ОЛ//Приложение. БНН/img/282.pdf
  used on input line 155.
(luatex.def)             Requested size: 101.29027pt x 72.46606pt.

warning  (file //uni-eng.ru/unit/Ivanovo/Документация ЮНИТ М300
/Разработка/Схемы ФБ ЮНИТ-М300/Проект/РЭ500/201. 
РЭ ЮНИТ-М500-ОЛ//Приложение. БНН/img/291.pdf) (pdf inclusi
on): PDF inclusion: found PDF version '1.7', but at most version '1.5' allowed
<//uni-eng.ru/unit/Ivanovo/Документация ЮНИТ М300/Разра
ботка/Схемы ФБ ЮНИТ-М300/Проект/РЭ500/201. РЭ ЮН
ИТ-М500-ОЛ//Приложение. БНН/img/291.pdf, id=1677, 104.38007pt
 x 74.75677pt>
File: //uni-eng.ru/unit/Ivanovo/Документация ЮНИТ М300/Раз
работка/Схемы ФБ ЮНИТ-М300/Проект/РЭ500/201. РЭ 
ЮНИТ-М500-ОЛ//Приложение. БНН/img/291.pdf Graphic file (typ
e pdf)
<use //uni-eng.ru/unit/Ivanovo/Документация ЮНИТ М300/Раз
работка/Схемы ФБ ЮНИТ-М300/Проект/РЭ500/201. РЭ 
ЮНИТ-М500-ОЛ//Приложение. БНН/img/291.pdf>
Package luatex.def Info: //uni-eng.ru/unit/Ivanovo/Документация Ю
НИТ М300/Разработка/Схемы ФБ ЮНИТ-М300/Проект/
РЭ500/201. РЭ ЮНИТ-М500-ОЛ//Приложение. БНН/img/291.pdf
  used on input line 159.
(luatex.def)             Requested size: 111.42593pt x 79.80301pt.

warning  (file //uni-eng.ru/unit/Ivanovo/Документация ЮНИТ М300
/Разработка/Схемы ФБ ЮНИТ-М300/Проект/РЭ500/201. 
РЭ ЮНИТ-М500-ОЛ//Приложение. БНН/img/292.pdf) (pdf inclusi
on): PDF inclusion: found PDF version '1.7', but at most version '1.5' allowed
<//uni-eng.ru/unit/Ivanovo/Документация ЮНИТ М300/Разра
ботка/Схемы ФБ ЮНИТ-М300/Проект/РЭ500/201. РЭ ЮН
ИТ-М500-ОЛ//Приложение. БНН/img/292.pdf, id=1678, 105.3837pt 
x 70.24127pt>
File: //uni-eng.ru/unit/Ivanovo/Документация ЮНИТ М300/Раз
работка/Схемы ФБ ЮНИТ-М300/Проект/РЭ500/201. РЭ 
ЮНИТ-М500-ОЛ//Приложение. БНН/img/292.pdf Graphic file (typ
e pdf)
<use //uni-eng.ru/unit/Ivanovo/Документация ЮНИТ М300/Раз
работка/Схемы ФБ ЮНИТ-М300/Проект/РЭ500/201. РЭ 
ЮНИТ-М500-ОЛ//Приложение. БНН/img/292.pdf>
Package luatex.def Info: //uni-eng.ru/unit/Ivanovo/Документация Ю
НИТ М300/Разработка/Схемы ФБ ЮНИТ-М300/Проект/
РЭ500/201. РЭ ЮНИТ-М500-ОЛ//Приложение. БНН/img/292.pdf
  used on input line 159.
(luatex.def)             Requested size: 101.29027pt x 67.51228pt.

Overfull \hbox (1.25197pt too wide) in paragraph at lines 162--162
 []|\TU/ArialNarrow(1)/m/n/10.95 10| 
 []


warning  (file //uni-eng.ru/unit/Ivanovo/Документация ЮНИТ М300
/Разработка/Схемы ФБ ЮНИТ-М300/Проект/РЭ500/201. 
РЭ ЮНИТ-М500-ОЛ//Приложение. БНН/img/2101.pdf) (pdf inclus
ion): PDF inclusion: found PDF version '1.7', but at most version '1.5' allowed
<//uni-eng.ru/unit/Ivanovo/Документация ЮНИТ М300/Разра
ботка/Схемы ФБ ЮНИТ-М300/Проект/РЭ500/201. РЭ ЮН
ИТ-М500-ОЛ//Приложение. БНН/img/2101.pdf, id=1679, 104.38007p
t x 76.26193pt>
File: //uni-eng.ru/unit/Ivanovo/Документация ЮНИТ М300/Раз
работка/Схемы ФБ ЮНИТ-М300/Проект/РЭ500/201. РЭ 
ЮНИТ-М500-ОЛ//Приложение. БНН/img/2101.pdf Graphic file (ty
pe pdf)
<use //uni-eng.ru/unit/Ivanovo/Документация ЮНИТ М300/Раз
работка/Схемы ФБ ЮНИТ-М300/Проект/РЭ500/201. РЭ 
ЮНИТ-М500-ОЛ//Приложение. БНН/img/2101.pdf>
Package luatex.def Info: //uni-eng.ru/unit/Ivanovo/Документация Ю
НИТ М300/Разработка/Схемы ФБ ЮНИТ-М300/Проект/
РЭ500/201. РЭ ЮНИТ-М500-ОЛ//Приложение. БНН/img/2101.pd
f  used on input line 162.
(luatex.def)             Requested size: 111.42593pt x 81.40976pt.

warning  (file //uni-eng.ru/unit/Ivanovo/Документация ЮНИТ М300
/Разработка/Схемы ФБ ЮНИТ-М300/Проект/РЭ500/201. 
РЭ ЮНИТ-М500-ОЛ//Приложение. БНН/img/2102.pdf) (pdf inclus
ion): PDF inclusion: found PDF version '1.7', but at most version '1.5' allowed
<//uni-eng.ru/unit/Ivanovo/Документация ЮНИТ М300/Разра
ботка/Схемы ФБ ЮНИТ-М300/Проект/РЭ500/201. РЭ ЮН
ИТ-М500-ОЛ//Приложение. БНН/img/2102.pdf, id=1680, 101.87091p
t x 80.27574pt>
File: //uni-eng.ru/unit/Ivanovo/Документация ЮНИТ М300/Раз
работка/Схемы ФБ ЮНИТ-М300/Проект/РЭ500/201. РЭ 
ЮНИТ-М500-ОЛ//Приложение. БНН/img/2102.pdf Graphic file (ty
pe pdf)
<use //uni-eng.ru/unit/Ivanovo/Документация ЮНИТ М300/Раз
работка/Схемы ФБ ЮНИТ-М300/Проект/РЭ500/201. РЭ 
ЮНИТ-М500-ОЛ//Приложение. БНН/img/2102.pdf>
Package luatex.def Info: //uni-eng.ru/unit/Ivanovo/Документация Ю
НИТ М300/Разработка/Схемы ФБ ЮНИТ-М300/Проект/
РЭ500/201. РЭ ЮНИТ-М500-ОЛ//Приложение. БНН/img/2102.pd
f  used on input line 162.
(luatex.def)             Requested size: 101.29027pt x 79.81985pt.

Overfull \hbox (1.25197pt too wide) in paragraph at lines 165--165
 []|\TU/ArialNarrow(1)/m/n/10.95 11| 
 []


warning  (file //uni-eng.ru/unit/Ivanovo/Документация ЮНИТ М300
/Разработка/Схемы ФБ ЮНИТ-М300/Проект/РЭ500/201. 
РЭ ЮНИТ-М500-ОЛ//Приложение. БНН/img/2111.pdf) (pdf inclus
ion): PDF inclusion: found PDF version '1.7', but at most version '1.5' allowed
<//uni-eng.ru/unit/Ivanovo/Документация ЮНИТ М300/Разра
ботка/Схемы ФБ ЮНИТ-М300/Проект/РЭ500/201. РЭ ЮН
ИТ-М500-ОЛ//Приложение. БНН/img/2111.pdf, id=1681, 109.39832p
t x 77.76712pt>
File: //uni-eng.ru/unit/Ivanovo/Документация ЮНИТ М300/Раз
работка/Схемы ФБ ЮНИТ-М300/Проект/РЭ500/201. РЭ 
ЮНИТ-М500-ОЛ//Приложение. БНН/img/2111.pdf Graphic file (ty
pe pdf)
<use //uni-eng.ru/unit/Ivanovo/Документация ЮНИТ М300/Раз
работка/Схемы ФБ ЮНИТ-М300/Проект/РЭ500/201. РЭ 
ЮНИТ-М500-ОЛ//Приложение. БНН/img/2111.pdf>
Package luatex.def Info: //uni-eng.ru/unit/Ivanovo/Документация Ю
НИТ М300/Разработка/Схемы ФБ ЮНИТ-М300/Проект/
РЭ500/201. РЭ ЮНИТ-М500-ОЛ//Приложение. БНН/img/2111.pd
f  used on input line 165.
(luatex.def)             Requested size: 111.42789pt x 79.20985pt.

warning  (file //uni-eng.ru/unit/Ivanovo/Документация ЮНИТ М300
/Разработка/Схемы ФБ ЮНИТ-М300/Проект/РЭ500/201. 
РЭ ЮНИТ-М500-ОЛ//Приложение. БНН/img/2112.pdf) (pdf inclus
ion): PDF inclusion: found PDF version '1.7', but at most version '1.5' allowed
<//uni-eng.ru/unit/Ivanovo/Документация ЮНИТ М300/Разра
ботка/Схемы ФБ ЮНИТ-М300/Проект/РЭ500/201. РЭ ЮН
ИТ-М500-ОЛ//Приложение. БНН/img/2112.pdf, id=1682, 85.31061pt
 x 77.76712pt>
File: //uni-eng.ru/unit/Ivanovo/Документация ЮНИТ М300/Раз
работка/Схемы ФБ ЮНИТ-М300/Проект/РЭ500/201. РЭ 
ЮНИТ-М500-ОЛ//Приложение. БНН/img/2112.pdf Graphic file (ty
pe pdf)
<use //uni-eng.ru/unit/Ivanovo/Документация ЮНИТ М300/Раз
работка/Схемы ФБ ЮНИТ-М300/Проект/РЭ500/201. РЭ 
ЮНИТ-М500-ОЛ//Приложение. БНН/img/2112.pdf>
Package luatex.def Info: //uni-eng.ru/unit/Ivanovo/Документация Ю
НИТ М300/Разработка/Схемы ФБ ЮНИТ-М300/Проект/
РЭ500/201. РЭ ЮНИТ-М500-ОЛ//Приложение. БНН/img/2112.pd
f  used on input line 165.
(luatex.def)             Requested size: 101.29027pt x 92.3399pt.

Overfull \hbox (1.25197pt too wide) in paragraph at lines 168--168
 []|\TU/ArialNarrow(1)/m/n/10.95 12| 
 []


warning  (file //uni-eng.ru/unit/Ivanovo/Документация ЮНИТ М300
/Разработка/Схемы ФБ ЮНИТ-М300/Проект/РЭ500/201. 
РЭ ЮНИТ-М500-ОЛ//Приложение. БНН/img/2121.pdf) (pdf inclus
ion): PDF inclusion: found PDF version '1.7', but at most version '1.5' allowed
<//uni-eng.ru/unit/Ivanovo/Документация ЮНИТ М300/Разра
ботка/Схемы ФБ ЮНИТ-М300/Проект/РЭ500/201. РЭ ЮН
ИТ-М500-ОЛ//Приложение. БНН/img/2121.pdf, id=1683, 97.85628pt
 x 78.26884pt>
File: //uni-eng.ru/unit/Ivanovo/Документация ЮНИТ М300/Раз
работка/Схемы ФБ ЮНИТ-М300/Проект/РЭ500/201. РЭ 
ЮНИТ-М500-ОЛ//Приложение. БНН/img/2121.pdf Graphic file (ty
pe pdf)
<use //uni-eng.ru/unit/Ivanovo/Документация ЮНИТ М300/Раз
работка/Схемы ФБ ЮНИТ-М300/Проект/РЭ500/201. РЭ 
ЮНИТ-М500-ОЛ//Приложение. БНН/img/2121.pdf>
Package luatex.def Info: //uni-eng.ru/unit/Ivanovo/Документация Ю
НИТ М300/Разработка/Схемы ФБ ЮНИТ-М300/Проект/
РЭ500/201. РЭ ЮНИТ-М500-ОЛ//Приложение. БНН/img/2121.pd
f  used on input line 168.
(luatex.def)             Requested size: 111.4259pt x 89.1223pt.

warning  (file //uni-eng.ru/unit/Ivanovo/Документация ЮНИТ М300
/Разработка/Схемы ФБ ЮНИТ-М300/Проект/РЭ500/201. 
РЭ ЮНИТ-М500-ОЛ//Приложение. БНН/img/2122.pdf) (pdf inclus
ion): PDF inclusion: found PDF version '1.7', but at most version '1.5' allowed
<//uni-eng.ru/unit/Ivanovo/Документация ЮНИТ М300/Разра
ботка/Схемы ФБ ЮНИТ-М300/Проект/РЭ500/201. РЭ ЮН
ИТ-М500-ОЛ//Приложение. БНН/img/2122.pdf, id=1684, 99.8636pt 
x 94.32399pt>
File: //uni-eng.ru/unit/Ivanovo/Документация ЮНИТ М300/Раз
работка/Схемы ФБ ЮНИТ-М300/Проект/РЭ500/201. РЭ 
ЮНИТ-М500-ОЛ//Приложение. БНН/img/2122.pdf Graphic file (ty
pe pdf)
<use //uni-eng.ru/unit/Ivanovo/Документация ЮНИТ М300/Раз
работка/Схемы ФБ ЮНИТ-М300/Проект/РЭ500/201. РЭ 
ЮНИТ-М500-ОЛ//Приложение. БНН/img/2122.pdf>
Package luatex.def Info: //uni-eng.ru/unit/Ivanovo/Документация Ю
НИТ М300/Разработка/Схемы ФБ ЮНИТ-М300/Проект/
РЭ500/201. РЭ ЮНИТ-М500-ОЛ//Приложение. БНН/img/2122.pd
f  used on input line 168.
(luatex.def)             Requested size: 101.29027pt x 95.6752pt.

Overfull \hbox (7.75061pt too wide) in alignment at lines 131--171
 [][][][][][][][] 
 []

[49<//uni-eng.ru/unit/Ivanovo/Документация ЮНИТ М300/Разр
аботка/Схемы ФБ ЮНИТ-М300/Проект/РЭ500/201. РЭ Ю
НИТ-М500-ОЛ//Приложение. БНН/img/191.pdf><//uni-eng.ru/unit/I
vanovo/Документация ЮНИТ М300/Разработка/Схемы 
ФБ ЮНИТ-М300/Проект/РЭ500/201. РЭ ЮНИТ-М500-ОЛ//При
ложение. БНН/img/192.pdf><//uni-eng.ru/unit/Ivanovo/Документ
ация ЮНИТ М300/Разработка/Схемы ФБ ЮНИТ-М300/П
роект/РЭ500/201. РЭ ЮНИТ-М500-ОЛ//Приложение. БНН/i
mg/1101.pdf><//uni-eng.ru/unit/Ivanovo/Документация ЮНИТ М300/
Разработка/Схемы ФБ ЮНИТ-М300/Проект/РЭ500/201. 
РЭ ЮНИТ-М500-ОЛ//Приложение. БНН/img/1102.pdf><//uni-eng.r
u/unit/Ivanovo/Документация ЮНИТ М300/Разработка/С
хемы ФБ ЮНИТ-М300/Проект/РЭ500/201. РЭ ЮНИТ-М500-О
Л//Приложение. БНН/img/1111.pdf><//uni-eng.ru/unit/Ivanovo/До
кументация ЮНИТ М300/Разработка/Схемы ФБ ЮН
ИТ-М300/Проект/РЭ500/201. РЭ ЮНИТ-М500-ОЛ//Приложе
ние. БНН/img/1112.pdf><//uni-eng.ru/unit/Ivanovo/Документаци
я ЮНИТ М300/Разработка/Схемы ФБ ЮНИТ-М300/Прое
кт/РЭ500/201. РЭ ЮНИТ-М500-ОЛ//Приложение. БНН/img/112
1.pdf><//uni-eng.ru/unit/Ivanovo/Документация ЮНИТ М300/Ра
зработка/Схемы ФБ ЮНИТ-М300/Проект/РЭ500/201. РЭ 
ЮНИТ-М500-ОЛ//Приложение. БНН/img/1122.pdf>] [50<//uni-eng.r
u/unit/Ivanovo/Документация ЮНИТ М300/Разработка/С
хемы ФБ ЮНИТ-М300/Проект/РЭ500/201. РЭ ЮНИТ-М500-О
Л//Приложение. БНН/img/211.pdf><//uni-eng.ru/unit/Ivanovo/Док
ументация ЮНИТ М300/Разработка/Схемы ФБ ЮНИ
Т-М300/Проект/РЭ500/201. РЭ ЮНИТ-М500-ОЛ//Приложен
ие. БНН/img/212.pdf><//uni-eng.ru/unit/Ivanovo/Документация 
ЮНИТ М300/Разработка/Схемы ФБ ЮНИТ-М300/Проек
т/РЭ500/201. РЭ ЮНИТ-М500-ОЛ//Приложение. БНН/img/221.p
df><//uni-eng.ru/unit/Ivanovo/Документация ЮНИТ М300/Разр
аботка/Схемы ФБ ЮНИТ-М300/Проект/РЭ500/201. РЭ Ю
НИТ-М500-ОЛ//Приложение. БНН/img/222.pdf><//uni-eng.ru/unit/I
vanovo/Документация ЮНИТ М300/Разработка/Схемы 
ФБ ЮНИТ-М300/Проект/РЭ500/201. РЭ ЮНИТ-М500-ОЛ//При
ложение. БНН/img/231.pdf><//uni-eng.ru/unit/Ivanovo/Документ
ация ЮНИТ М300/Разработка/Схемы ФБ ЮНИТ-М300/П
роект/РЭ500/201. РЭ ЮНИТ-М500-ОЛ//Приложение. БНН/i
mg/232.pdf><//uni-eng.ru/unit/Ivanovo/Документация ЮНИТ М300/
Разработка/Схемы ФБ ЮНИТ-М300/Проект/РЭ500/201. 
РЭ ЮНИТ-М500-ОЛ//Приложение. БНН/img/241.pdf><//uni-eng.ru
/unit/Ivanovo/Документация ЮНИТ М300/Разработка/С
хемы ФБ ЮНИТ-М300/Проект/РЭ500/201. РЭ ЮНИТ-М500-О
Л//Приложение. БНН/img/242.pdf>] [51<//uni-eng.ru/unit/Ivanovo/
Документация ЮНИТ М300/Разработка/Схемы ФБ 
ЮНИТ-М300/Проект/РЭ500/201. РЭ ЮНИТ-М500-ОЛ//Прило
жение. БНН/img/251.pdf><//uni-eng.ru/unit/Ivanovo/Документац
ия ЮНИТ М300/Разработка/Схемы ФБ ЮНИТ-М300/Про
ект/РЭ500/201. РЭ ЮНИТ-М500-ОЛ//Приложение. БНН/img/2
52.pdf><//uni-eng.ru/unit/Ivanovo/Документация ЮНИТ М300/Ра
зработка/Схемы ФБ ЮНИТ-М300/Проект/РЭ500/201. РЭ 
ЮНИТ-М500-ОЛ//Приложение. БНН/img/261.pdf><//uni-eng.ru/unit
/Ivanovo/Документация ЮНИТ М300/Разработка/Схем
ы ФБ ЮНИТ-М300/Проект/РЭ500/201. РЭ ЮНИТ-М500-ОЛ//П
риложение. БНН/img/262.pdf><//uni-eng.ru/unit/Ivanovo/Докуме
нтация ЮНИТ М300/Разработка/Схемы ФБ ЮНИТ-М300/
Проект/РЭ500/201. РЭ ЮНИТ-М500-ОЛ//Приложение. БН
Н/img/271.pdf><//uni-eng.ru/unit/Ivanovo/Документация ЮНИТ М30
0/Разработка/Схемы ФБ ЮНИТ-М300/Проект/РЭ500/201. 
РЭ ЮНИТ-М500-ОЛ//Приложение. БНН/img/272.pdf><//uni-eng.ru
/unit/Ivanovo/Документация ЮНИТ М300/Разработка/С
хемы ФБ ЮНИТ-М300/Проект/РЭ500/201. РЭ ЮНИТ-М500-О
Л//Приложение. БНН/img/281.pdf><//uni-eng.ru/unit/Ivanovo/Док
ументация ЮНИТ М300/Разработка/Схемы ФБ ЮНИ
Т-М300/Проект/РЭ500/201. РЭ ЮНИТ-М500-ОЛ//Приложен
ие. БНН/img/282.pdf>]
Overfull \hbox (0.90613pt too wide) in paragraph at lines 199--199
 []|\TU/ArialNarrow(1)/m/n/10.95 №| 
 []


Overfull \hbox (2.39368pt too wide) in paragraph at lines 199--199
 []|\TU/ArialNarrow(1)/m/n/10.95 Особая 
 []


Overfull \hbox (7.75061pt too wide) in alignment at lines 194--201
 [][][][][][][][] 
 []


Overfull \hbox (0.90613pt too wide) in paragraph at lines 206--206
 []|\TU/ArialNarrow(1)/m/n/10.95 №| 
 []


Overfull \hbox (2.39368pt too wide) in paragraph at lines 206--206
 []|\TU/ArialNarrow(1)/m/n/10.95 Особая 
 []


Overfull \hbox (7.75061pt too wide) in alignment at lines 201--208
 [][][][][][][][] 
 []


Overfull \hbox (7.75061pt too wide) in alignment at lines 208--211
 [][][][][][][][] 
 []


Overfull \hbox (7.75061pt too wide) in alignment at lines 211--212
 [][][][][][][][] 
 []


warning  (file //uni-eng.ru/unit/Ivanovo/Документация ЮНИТ М300
/Разработка/Схемы ФБ ЮНИТ-М300/Проект/РЭ500/201. 
РЭ ЮНИТ-М500-ОЛ//Приложение. БНН/img/311.pdf) (pdf inclusi
on): PDF inclusion: found PDF version '1.7', but at most version '1.5' allowed
<//uni-eng.ru/unit/Ivanovo/Документация ЮНИТ М300/Разра
ботка/Схемы ФБ ЮНИТ-М300/Проект/РЭ500/201. РЭ ЮН
ИТ-М500-ОЛ//Приложение. БНН/img/311.pdf, id=2123, 103.87822pt
 x 86.2964pt>
File: //uni-eng.ru/unit/Ivanovo/Документация ЮНИТ М300/Раз
работка/Схемы ФБ ЮНИТ-М300/Проект/РЭ500/201. РЭ 
ЮНИТ-М500-ОЛ//Приложение. БНН/img/311.pdf Graphic file (typ
e pdf)
<use //uni-eng.ru/unit/Ivanovo/Документация ЮНИТ М300/Раз
работка/Схемы ФБ ЮНИТ-М300/Проект/РЭ500/201. РЭ 
ЮНИТ-М500-ОЛ//Приложение. БНН/img/311.pdf>
Package luatex.def Info: //uni-eng.ru/unit/Ivanovo/Документация Ю
НИТ М300/Разработка/Схемы ФБ ЮНИТ-М300/Проект/
РЭ500/201. РЭ ЮНИТ-М500-ОЛ//Приложение. БНН/img/311.pdf
  used on input line 214.
(luatex.def)             Requested size: 101.29272pt x 84.1485pt.

warning  (file //uni-eng.ru/unit/Ivanovo/Документация ЮНИТ М300
/Разработка/Схемы ФБ ЮНИТ-М300/Проект/РЭ500/201. 
РЭ ЮНИТ-М500-ОЛ//Приложение. БНН/img/312.pdf) (pdf inclusi
on): PDF inclusion: found PDF version '1.7', but at most version '1.5' allowed
<//uni-eng.ru/unit/Ivanovo/Документация ЮНИТ М300/Разра
ботка/Схемы ФБ ЮНИТ-М300/Проект/РЭ500/201. РЭ ЮН
ИТ-М500-ОЛ//Приложение. БНН/img/312.pdf, id=2124, 111.90747pt
 x 111.38258pt>
File: //uni-eng.ru/unit/Ivanovo/Документация ЮНИТ М300/Раз
работка/Схемы ФБ ЮНИТ-М300/Проект/РЭ500/201. РЭ 
ЮНИТ-М500-ОЛ//Приложение. БНН/img/312.pdf Graphic file (typ
e pdf)
<use //uni-eng.ru/unit/Ivanovo/Документация ЮНИТ М300/Раз
работка/Схемы ФБ ЮНИТ-М300/Проект/РЭ500/201. РЭ 
ЮНИТ-М500-ОЛ//Приложение. БНН/img/312.pdf>
Package luatex.def Info: //uni-eng.ru/unit/Ivanovo/Документация Ю
НИТ М300/Разработка/Схемы ФБ ЮНИТ-М300/Проект/
РЭ500/201. РЭ ЮНИТ-М500-ОЛ//Приложение. БНН/img/312.pdf
  used on input line 214.
(luatex.def)             Requested size: 101.29027pt x 100.81444pt.

warning  (file //uni-eng.ru/unit/Ivanovo/Документация ЮНИТ М300
/Разработка/Схемы ФБ ЮНИТ-М300/Проект/РЭ500/201. 
РЭ ЮНИТ-М500-ОЛ//Приложение. БНН/img/321.pdf) (pdf inclusi
on): PDF inclusion: found PDF version '1.7', but at most version '1.5' allowed
<//uni-eng.ru/unit/Ivanovo/Документация ЮНИТ М300/Разра
ботка/Схемы ФБ ЮНИТ-М300/Проект/РЭ500/201. РЭ ЮН
ИТ-М500-ОЛ//Приложение. БНН/img/321.pdf, id=2125, 98.85997pt 
x 81.78087pt>
File: //uni-eng.ru/unit/Ivanovo/Документация ЮНИТ М300/Раз
работка/Схемы ФБ ЮНИТ-М300/Проект/РЭ500/201. РЭ 
ЮНИТ-М500-ОЛ//Приложение. БНН/img/321.pdf Graphic file (typ
e pdf)
<use //uni-eng.ru/unit/Ivanovo/Документация ЮНИТ М300/Раз
работка/Схемы ФБ ЮНИТ-М300/Проект/РЭ500/201. РЭ 
ЮНИТ-М500-ОЛ//Приложение. БНН/img/321.pdf>
Package luatex.def Info: //uni-eng.ru/unit/Ivanovo/Документация Ю
НИТ М300/Разработка/Схемы ФБ ЮНИТ-М300/Проект/
РЭ500/201. РЭ ЮНИТ-М500-ОЛ//Приложение. БНН/img/321.pdf
  used on input line 217.
(luatex.def)             Requested size: 106.35986pt x 87.98508pt.

warning  (file //uni-eng.ru/unit/Ivanovo/Документация ЮНИТ М300
/Разработка/Схемы ФБ ЮНИТ-М300/Проект/РЭ500/201. 
РЭ ЮНИТ-М500-ОЛ//Приложение. БНН/img/322.pdf) (pdf inclusi
on): PDF inclusion: found PDF version '1.7', but at most version '1.5' allowed
<//uni-eng.ru/unit/Ivanovo/Документация ЮНИТ М300/Разра
ботка/Схемы ФБ ЮНИТ-М300/Проект/РЭ500/201. РЭ ЮН
ИТ-М500-ОЛ//Приложение. БНН/img/322.pdf, id=2126, 90.8307pt x
 95.82915pt>
File: //uni-eng.ru/unit/Ivanovo/Документация ЮНИТ М300/Раз
работка/Схемы ФБ ЮНИТ-М300/Проект/РЭ500/201. РЭ 
ЮНИТ-М500-ОЛ//Приложение. БНН/img/322.pdf Graphic file (typ
e pdf)
<use //uni-eng.ru/unit/Ivanovo/Документация ЮНИТ М300/Раз
работка/Схемы ФБ ЮНИТ-М300/Проект/РЭ500/201. РЭ 
ЮНИТ-М500-ОЛ//Приложение. БНН/img/322.pdf>
Package luatex.def Info: //uni-eng.ru/unit/Ivanovo/Документация Ю
НИТ М300/Разработка/Схемы ФБ ЮНИТ-М300/Проект/
РЭ500/201. РЭ ЮНИТ-М500-ОЛ//Приложение. БНН/img/322.pdf
  used on input line 217.
(luatex.def)             Requested size: 91.15892pt x 96.1769pt.

warning  (file //uni-eng.ru/unit/Ivanovo/Документация ЮНИТ М300
/Разработка/Схемы ФБ ЮНИТ-М300/Проект/РЭ500/201. 
РЭ ЮНИТ-М500-ОЛ//Приложение. БНН/img/331.pdf) (pdf inclusi
on): PDF inclusion: found PDF version '1.7', but at most version '1.5' allowed
<//uni-eng.ru/unit/Ivanovo/Документация ЮНИТ М300/Разра
ботка/Схемы ФБ ЮНИТ-М300/Проект/РЭ500/201. РЭ ЮН
ИТ-М500-ОЛ//Приложение. БНН/img/331.pdf, id=2127, 93.33984pt 
x 73.25162pt>
File: //uni-eng.ru/unit/Ivanovo/Документация ЮНИТ М300/Раз
работка/Схемы ФБ ЮНИТ-М300/Проект/РЭ500/201. РЭ 
ЮНИТ-М500-ОЛ//Приложение. БНН/img/331.pdf Graphic file (typ
e pdf)
<use //uni-eng.ru/unit/Ivanovo/Документация ЮНИТ М300/Раз
работка/Схемы ФБ ЮНИТ-М300/Проект/РЭ500/201. РЭ 
ЮНИТ-М500-ОЛ//Приложение. БНН/img/331.pdf>
Package luatex.def Info: //uni-eng.ru/unit/Ivanovo/Документация Ю
НИТ М300/Разработка/Схемы ФБ ЮНИТ-М300/Проект/
РЭ500/201. РЭ ЮНИТ-М500-ОЛ//Приложение. БНН/img/331.pdf
  used on input line 220.
(luatex.def)             Requested size: 101.29402pt x 79.49394pt.

warning  (file //uni-eng.ru/unit/Ivanovo/Документация ЮНИТ М300
/Разработка/Схемы ФБ ЮНИТ-М300/Проект/РЭ500/201. 
РЭ ЮНИТ-М500-ОЛ//Приложение. БНН/img/332.pdf) (pdf inclusi
on): PDF inclusion: found PDF version '1.7', but at most version '1.5' allowed
<//uni-eng.ru/unit/Ivanovo/Документация ЮНИТ М300/Разра
ботка/Схемы ФБ ЮНИТ-М300/Проект/РЭ500/201. РЭ ЮН
ИТ-М500-ОЛ//Приложение. БНН/img/332.pdf, id=2128, 99.8636pt x
 74.25507pt>
File: //uni-eng.ru/unit/Ivanovo/Документация ЮНИТ М300/Раз
работка/Схемы ФБ ЮНИТ-М300/Проект/РЭ500/201. РЭ 
ЮНИТ-М500-ОЛ//Приложение. БНН/img/332.pdf Graphic file (typ
e pdf)
<use //uni-eng.ru/unit/Ivanovo/Документация ЮНИТ М300/Раз
работка/Схемы ФБ ЮНИТ-М300/Проект/РЭ500/201. РЭ 
ЮНИТ-М500-ОЛ//Приложение. БНН/img/332.pdf>
Package luatex.def Info: //uni-eng.ru/unit/Ivanovo/Документация Ю
НИТ М300/Разработка/Схемы ФБ ЮНИТ-М300/Проект/
РЭ500/201. РЭ ЮНИТ-М500-ОЛ//Приложение. БНН/img/332.pdf
  used on input line 220.
(luatex.def)             Requested size: 101.29027pt x 75.31879pt.

warning  (file //uni-eng.ru/unit/Ivanovo/Документация ЮНИТ М300
/Разработка/Схемы ФБ ЮНИТ-М300/Проект/РЭ500/201. 
РЭ ЮНИТ-М500-ОЛ//Приложение. БНН/img/341.pdf) (pdf inclusi
on): PDF inclusion: found PDF version '1.7', but at most version '1.5' allowed
<//uni-eng.ru/unit/Ivanovo/Документация ЮНИТ М300/Разра
ботка/Схемы ФБ ЮНИТ-М300/Проект/РЭ500/201. РЭ ЮН
ИТ-М500-ОЛ//Приложение. БНН/img/341.pdf, id=2129, 103.87823pt
 x 89.30675pt>
File: //uni-eng.ru/unit/Ivanovo/Документация ЮНИТ М300/Раз
работка/Схемы ФБ ЮНИТ-М300/Проект/РЭ500/201. РЭ 
ЮНИТ-М500-ОЛ//Приложение. БНН/img/341.pdf Graphic file (typ
e pdf)
<use //uni-eng.ru/unit/Ivanovo/Документация ЮНИТ М300/Раз
работка/Схемы ФБ ЮНИТ-М300/Проект/РЭ500/201. РЭ 
ЮНИТ-М500-ОЛ//Приложение. БНН/img/341.pdf>
Package luatex.def Info: //uni-eng.ru/unit/Ivanovo/Документация Ю
НИТ М300/Разработка/Схемы ФБ ЮНИТ-М300/Проект/
РЭ500/201. РЭ ЮНИТ-М500-ОЛ//Приложение. БНН/img/341.pdf
  used on input line 223.
(luatex.def)             Requested size: 101.29274pt x 87.08392pt.

warning  (file //uni-eng.ru/unit/Ivanovo/Документация ЮНИТ М300
/Разработка/Схемы ФБ ЮНИТ-М300/Проект/РЭ500/201. 
РЭ ЮНИТ-М500-ОЛ//Приложение. БНН/img/342.pdf) (pdf inclusi
on): PDF inclusion: found PDF version '1.7', but at most version '1.5' allowed
<//uni-eng.ru/unit/Ivanovo/Документация ЮНИТ М300/Разра
ботка/Схемы ФБ ЮНИТ-М300/Проект/РЭ500/201. РЭ ЮН
ИТ-М500-ОЛ//Приложение. БНН/img/342.pdf, id=2130, 88.32158pt 
x 78.26886pt>
File: //uni-eng.ru/unit/Ivanovo/Документация ЮНИТ М300/Раз
работка/Схемы ФБ ЮНИТ-М300/Проект/РЭ500/201. РЭ 
ЮНИТ-М500-ОЛ//Приложение. БНН/img/342.pdf Graphic file (typ
e pdf)
<use //uni-eng.ru/unit/Ivanovo/Документация ЮНИТ М300/Раз
работка/Схемы ФБ ЮНИТ-М300/Проект/РЭ500/201. РЭ 
ЮНИТ-М500-ОЛ//Приложение. БНН/img/342.pdf>
Package luatex.def Info: //uni-eng.ru/unit/Ivanovo/Документация Ю
НИТ М300/Разработка/Схемы ФБ ЮНИТ-М300/Проект/
РЭ500/201. РЭ ЮНИТ-М500-ОЛ//Приложение. БНН/img/342.pdf
  used on input line 223.
(luatex.def)             Requested size: 101.29027pt x 89.76245pt.

warning  (file //uni-eng.ru/unit/Ivanovo/Документация ЮНИТ М300
/Разработка/Схемы ФБ ЮНИТ-М300/Проект/РЭ500/201. 
РЭ ЮНИТ-М500-ОЛ//Приложение. БНН/img/351.pdf) (pdf inclusi
on): PDF inclusion: found PDF version '1.7', but at most version '1.5' allowed
<//uni-eng.ru/unit/Ivanovo/Документация ЮНИТ М300/Разра
ботка/Схемы ФБ ЮНИТ-М300/Проект/РЭ500/201. РЭ ЮН
ИТ-М500-ОЛ//Приложение. БНН/img/351.pdf, id=2131, 103.87822pt
 x 81.27916pt>
File: //uni-eng.ru/unit/Ivanovo/Документация ЮНИТ М300/Раз
работка/Схемы ФБ ЮНИТ-М300/Проект/РЭ500/201. РЭ 
ЮНИТ-М500-ОЛ//Приложение. БНН/img/351.pdf Graphic file (typ
e pdf)
<use //uni-eng.ru/unit/Ivanovo/Документация ЮНИТ М300/Раз
работка/Схемы ФБ ЮНИТ-М300/Проект/РЭ500/201. РЭ 
ЮНИТ-М500-ОЛ//Приложение. БНН/img/351.pdf>
Package luatex.def Info: //uni-eng.ru/unit/Ivanovo/Документация Ю
НИТ М300/Разработка/Схемы ФБ ЮНИТ-М300/Проект/
РЭ500/201. РЭ ЮНИТ-М500-ОЛ//Приложение. БНН/img/351.pdf
  used on input line 227.
(luatex.def)             Requested size: 101.29272pt x 79.25615pt.

warning  (file //uni-eng.ru/unit/Ivanovo/Документация ЮНИТ М300
/Разработка/Схемы ФБ ЮНИТ-М300/Проект/РЭ500/201. 
РЭ ЮНИТ-М500-ОЛ//Приложение. БНН/img/352.pdf) (pdf inclusi
on): PDF inclusion: found PDF version '1.7', but at most version '1.5' allowed
<//uni-eng.ru/unit/Ivanovo/Документация ЮНИТ М300/Разра
ботка/Схемы ФБ ЮНИТ-М300/Проект/РЭ500/201. РЭ ЮН
ИТ-М500-ОЛ//Приложение. БНН/img/352.pdf, id=2132, 88.32158pt 
x 81.27919pt>
File: //uni-eng.ru/unit/Ivanovo/Документация ЮНИТ М300/Раз
работка/Схемы ФБ ЮНИТ-М300/Проект/РЭ500/201. РЭ 
ЮНИТ-М500-ОЛ//Приложение. БНН/img/352.pdf Graphic file (typ
e pdf)
<use //uni-eng.ru/unit/Ivanovo/Документация ЮНИТ М300/Раз
работка/Схемы ФБ ЮНИТ-М300/Проект/РЭ500/201. РЭ 
ЮНИТ-М500-ОЛ//Приложение. БНН/img/352.pdf>
Package luatex.def Info: //uni-eng.ru/unit/Ivanovo/Документация Ю
НИТ М300/Разработка/Схемы ФБ ЮНИТ-М300/Проект/
РЭ500/201. РЭ ЮНИТ-М500-ОЛ//Приложение. БНН/img/352.pdf
  used on input line 227.
(luatex.def)             Requested size: 101.29027pt x 93.21483pt.

warning  (file //uni-eng.ru/unit/Ivanovo/Документация ЮНИТ М300
/Разработка/Схемы ФБ ЮНИТ-М300/Проект/РЭ500/201. 
РЭ ЮНИТ-М500-ОЛ//Приложение. БНН/img/361.pdf) (pdf inclusi
on): PDF inclusion: found PDF version '1.7', but at most version '1.5' allowed
<//uni-eng.ru/unit/Ivanovo/Документация ЮНИТ М300/Разра
ботка/Схемы ФБ ЮНИТ-М300/Проект/РЭ500/201. РЭ ЮН
ИТ-М500-ОЛ//Приложение. БНН/img/361.pdf, id=2133, 100.3654pt 
x 77.76714pt>
File: //uni-eng.ru/unit/Ivanovo/Документация ЮНИТ М300/Раз
работка/Схемы ФБ ЮНИТ-М300/Проект/РЭ500/201. РЭ 
ЮНИТ-М500-ОЛ//Приложение. БНН/img/361.pdf Graphic file (typ
e pdf)
<use //uni-eng.ru/unit/Ivanovo/Документация ЮНИТ М300/Раз
работка/Схемы ФБ ЮНИТ-М300/Проект/РЭ500/201. РЭ 
ЮНИТ-М500-ОЛ//Приложение. БНН/img/361.pdf>
Package luatex.def Info: //uni-eng.ru/unit/Ivanovo/Документация Ю
НИТ М300/Разработка/Схемы ФБ ЮНИТ-М300/Проект/
РЭ500/201. РЭ ЮНИТ-М500-ОЛ//Приложение. БНН/img/361.pdf
  used on input line 230.
(luatex.def)             Requested size: 101.29472pt x 78.48721pt.

warning  (file //uni-eng.ru/unit/Ivanovo/Документация ЮНИТ М300
/Разработка/Схемы ФБ ЮНИТ-М300/Проект/РЭ500/201. 
РЭ ЮНИТ-М500-ОЛ//Приложение. БНН/img/362.pdf) (pdf inclusi
on): PDF inclusion: found PDF version '1.7', but at most version '1.5' allowed
<//uni-eng.ru/unit/Ivanovo/Документация ЮНИТ М300/Разра
ботка/Схемы ФБ ЮНИТ-М300/Проект/РЭ500/201. РЭ ЮН
ИТ-М500-ОЛ//Приложение. БНН/img/362.pdf, id=2134, 82.80147pt 
x 76.26196pt>
File: //uni-eng.ru/unit/Ivanovo/Документация ЮНИТ М300/Раз
работка/Схемы ФБ ЮНИТ-М300/Проект/РЭ500/201. РЭ 
ЮНИТ-М500-ОЛ//Приложение. БНН/img/362.pdf Graphic file (typ
e pdf)
<use //uni-eng.ru/unit/Ivanovo/Документация ЮНИТ М300/Раз
работка/Схемы ФБ ЮНИТ-М300/Проект/РЭ500/201. РЭ 
ЮНИТ-М500-ОЛ//Приложение. БНН/img/362.pdf>
Package luatex.def Info: //uni-eng.ru/unit/Ivanovo/Документация Ю
НИТ М300/Разработка/Схемы ФБ ЮНИТ-М300/Проект/
РЭ500/201. РЭ ЮНИТ-М500-ОЛ//Приложение. БНН/img/362.pdf
  used on input line 230.
(luatex.def)             Requested size: 91.15892pt x 83.96288pt.

warning  (file //uni-eng.ru/unit/Ivanovo/Документация ЮНИТ М300
/Разработка/Схемы ФБ ЮНИТ-М300/Проект/РЭ500/201. 
РЭ ЮНИТ-М500-ОЛ//Приложение. БНН/img/371.pdf) (pdf inclusi
on): PDF inclusion: found PDF version '1.7', but at most version '1.5' allowed
<//uni-eng.ru/unit/Ivanovo/Документация ЮНИТ М300/Разра
ботка/Схемы ФБ ЮНИТ-М300/Проект/РЭ500/201. РЭ ЮН
ИТ-М500-ОЛ//Приложение. БНН/img/371.pdf, id=2135, 100.86728pt
 x 78.26883pt>
File: //uni-eng.ru/unit/Ivanovo/Документация ЮНИТ М300/Раз
работка/Схемы ФБ ЮНИТ-М300/Проект/РЭ500/201. РЭ 
ЮНИТ-М500-ОЛ//Приложение. БНН/img/371.pdf Graphic file (typ
e pdf)
<use //uni-eng.ru/unit/Ivanovo/Документация ЮНИТ М300/Раз
работка/Схемы ФБ ЮНИТ-М300/Проект/РЭ500/201. РЭ 
ЮНИТ-М500-ОЛ//Приложение. БНН/img/371.pdf>
Package luatex.def Info: //uni-eng.ru/unit/Ivanovo/Документация Ю
НИТ М300/Разработка/Схемы ФБ ЮНИТ-М300/Проект/
РЭ500/201. РЭ ЮНИТ-М500-ОЛ//Приложение. БНН/img/371.pdf
  used on input line 233.
(luatex.def)             Requested size: 101.29642pt x 78.60182pt.

warning  (file //uni-eng.ru/unit/Ivanovo/Документация ЮНИТ М300
/Разработка/Схемы ФБ ЮНИТ-М300/Проект/РЭ500/201. 
РЭ ЮНИТ-М500-ОЛ//Приложение. БНН/img/372.pdf) (pdf inclusi
on): PDF inclusion: found PDF version '1.7', but at most version '1.5' allowed
<//uni-eng.ru/unit/Ivanovo/Документация ЮНИТ М300/Разра
ботка/Схемы ФБ ЮНИТ-М300/Проект/РЭ500/201. РЭ ЮН
ИТ-М500-ОЛ//Приложение. БНН/img/372.pdf, id=2136, 104.88188pt
 x 92.31711pt>
File: //uni-eng.ru/unit/Ivanovo/Документация ЮНИТ М300/Раз
работка/Схемы ФБ ЮНИТ-М300/Проект/РЭ500/201. РЭ 
ЮНИТ-М500-ОЛ//Приложение. БНН/img/372.pdf Graphic file (typ
e pdf)
<use //uni-eng.ru/unit/Ivanovo/Документация ЮНИТ М300/Раз
работка/Схемы ФБ ЮНИТ-М300/Проект/РЭ500/201. РЭ 
ЮНИТ-М500-ОЛ//Приложение. БНН/img/372.pdf>
Package luatex.def Info: //uni-eng.ru/unit/Ivanovo/Документация Ю
НИТ М300/Разработка/Схемы ФБ ЮНИТ-М300/Проект/
РЭ500/201. РЭ ЮНИТ-М500-ОЛ//Приложение. БНН/img/372.pdf
  used on input line 233.
(luatex.def)             Requested size: 116.48341pt x 102.53517pt.

warning  (file //uni-eng.ru/unit/Ivanovo/Документация ЮНИТ М300
/Разработка/Схемы ФБ ЮНИТ-М300/Проект/РЭ500/201. 
РЭ ЮНИТ-М500-ОЛ//Приложение. БНН/img/381.pdf) (pdf inclusi
on): PDF inclusion: found PDF version '1.7', but at most version '1.5' allowed
<//uni-eng.ru/unit/Ivanovo/Документация ЮНИТ М300/Разра
ботка/Схемы ФБ ЮНИТ-М300/Проект/РЭ500/201. РЭ ЮН
ИТ-М500-ОЛ//Приложение. БНН/img/381.pdf, id=2137, 98.35815pt 
x 82.28264pt>
File: //uni-eng.ru/unit/Ivanovo/Документация ЮНИТ М300/Раз
работка/Схемы ФБ ЮНИТ-М300/Проект/РЭ500/201. РЭ 
ЮНИТ-М500-ОЛ//Приложение. БНН/img/381.pdf Graphic file (typ
e pdf)
<use //uni-eng.ru/unit/Ivanovo/Документация ЮНИТ М300/Раз
работка/Схемы ФБ ЮНИТ-М300/Проект/РЭ500/201. РЭ 
ЮНИТ-М500-ОЛ//Приложение. БНН/img/381.pdf>
Package luatex.def Info: //uni-eng.ru/unit/Ivanovo/Документация Ю
НИТ М300/Разработка/Схемы ФБ ЮНИТ-М300/Проект/
РЭ500/201. РЭ ЮНИТ-М500-ОЛ//Приложение. БНН/img/381.pdf
  used on input line 236.
(luatex.def)             Requested size: 101.29651pt x 84.74074pt.

warning  (file //uni-eng.ru/unit/Ivanovo/Документация ЮНИТ М300
/Разработка/Схемы ФБ ЮНИТ-М300/Проект/РЭ500/201. 
РЭ ЮНИТ-М500-ОЛ//Приложение. БНН/img/382.pdf) (pdf inclusi
on): PDF inclusion: found PDF version '1.7', but at most version '1.5' allowed
<//uni-eng.ru/unit/Ivanovo/Документация ЮНИТ М300/Разра
ботка/Схемы ФБ ЮНИТ-М300/Проект/РЭ500/201. РЭ ЮН
ИТ-М500-ОЛ//Приложение. БНН/img/382.pdf, id=2138, 112.91112pt
 x 89.80849pt>
File: //uni-eng.ru/unit/Ivanovo/Документация ЮНИТ М300/Раз
работка/Схемы ФБ ЮНИТ-М300/Проект/РЭ500/201. РЭ 
ЮНИТ-М500-ОЛ//Приложение. БНН/img/382.pdf Graphic file (typ
e pdf)
<use //uni-eng.ru/unit/Ivanovo/Документация ЮНИТ М300/Раз
работка/Схемы ФБ ЮНИТ-М300/Проект/РЭ500/201. РЭ 
ЮНИТ-М500-ОЛ//Приложение. БНН/img/382.pdf>
Package luatex.def Info: //uni-eng.ru/unit/Ivanovo/Документация Ю
НИТ М300/Разработка/Схемы ФБ ЮНИТ-М300/Проект/
РЭ500/201. РЭ ЮНИТ-М500-ОЛ//Приложение. БНН/img/382.pdf
  used on input line 236.
(luatex.def)             Requested size: 116.48341pt x 92.6531pt.

warning  (file //uni-eng.ru/unit/Ivanovo/Документация ЮНИТ М300
/Разработка/Схемы ФБ ЮНИТ-М300/Проект/РЭ500/201. 
РЭ ЮНИТ-М500-ОЛ//Приложение. БНН/img/391.pdf) (pdf inclusi
on): PDF inclusion: found PDF version '1.7', but at most version '1.5' allowed
<//uni-eng.ru/unit/Ivanovo/Документация ЮНИТ М300/Разра
ботка/Схемы ФБ ЮНИТ-М300/Проект/РЭ500/201. РЭ ЮН
ИТ-М500-ОЛ//Приложение. БНН/img/391.pdf, id=2139, 104.88187pt
 x 72.74988pt>
File: //uni-eng.ru/unit/Ivanovo/Документация ЮНИТ М300/Раз
работка/Схемы ФБ ЮНИТ-М300/Проект/РЭ500/201. РЭ 
ЮНИТ-М500-ОЛ//Приложение. БНН/img/391.pdf Graphic file (typ
e pdf)
<use //uni-eng.ru/unit/Ivanovo/Документация ЮНИТ М300/Раз
работка/Схемы ФБ ЮНИТ-М300/Проект/РЭ500/201. РЭ 
ЮНИТ-М500-ОЛ//Приложение. БНН/img/391.pdf>
Package luatex.def Info: //uni-eng.ru/unit/Ivanovo/Документация Ю
НИТ М300/Разработка/Схемы ФБ ЮНИТ-М300/Проект/
РЭ500/201. РЭ ЮНИТ-М500-ОЛ//Приложение. БНН/img/391.pdf
  used on input line 240.
(luatex.def)             Requested size: 101.29517pt x 70.26201pt.

warning  (file //uni-eng.ru/unit/Ivanovo/Документация ЮНИТ М300
/Разработка/Схемы ФБ ЮНИТ-М300/Проект/РЭ500/201. 
РЭ ЮНИТ-М500-ОЛ//Приложение. БНН/img/392.pdf) (pdf inclusi
on): PDF inclusion: found PDF version '1.7', but at most version '1.5' allowed
<//uni-eng.ru/unit/Ivanovo/Документация ЮНИТ М300/Разра
ботка/Схемы ФБ ЮНИТ-М300/Проект/РЭ500/201. РЭ ЮН
ИТ-М500-ОЛ//Приложение. БНН/img/392.pdf, id=2140, 105.3837pt 
x 75.25848pt>
File: //uni-eng.ru/unit/Ivanovo/Документация ЮНИТ М300/Раз
работка/Схемы ФБ ЮНИТ-М300/Проект/РЭ500/201. РЭ 
ЮНИТ-М500-ОЛ//Приложение. БНН/img/392.pdf Graphic file (typ
e pdf)
<use //uni-eng.ru/unit/Ivanovo/Документация ЮНИТ М300/Раз
работка/Схемы ФБ ЮНИТ-М300/Проект/РЭ500/201. РЭ 
ЮНИТ-М500-ОЛ//Приложение. БНН/img/392.pdf>
Package luatex.def Info: //uni-eng.ru/unit/Ivanovo/Документация Ю
НИТ М300/Разработка/Схемы ФБ ЮНИТ-М300/Проект/
РЭ500/201. РЭ ЮНИТ-М500-ОЛ//Приложение. БНН/img/392.pdf
  used on input line 240.
(luatex.def)             Requested size: 111.4216pt x 79.57033pt.

Overfull \hbox (1.25197pt too wide) in paragraph at lines 243--243
 []|\TU/ArialNarrow(1)/m/n/10.95 10| 
 []


warning  (file //uni-eng.ru/unit/Ivanovo/Документация ЮНИТ М300
/Разработка/Схемы ФБ ЮНИТ-М300/Проект/РЭ500/201. 
РЭ ЮНИТ-М500-ОЛ//Приложение. БНН/img/3101.pdf) (pdf inclus
ion): PDF inclusion: found PDF version '1.7', but at most version '1.5' allowed
<//uni-eng.ru/unit/Ivanovo/Документация ЮНИТ М300/Разра
ботка/Схемы ФБ ЮНИТ-М300/Проект/РЭ500/201. РЭ ЮН
ИТ-М500-ОЛ//Приложение. БНН/img/3101.pdf, id=2141, 108.8965pt
 x 78.77057pt>
File: //uni-eng.ru/unit/Ivanovo/Документация ЮНИТ М300/Раз
работка/Схемы ФБ ЮНИТ-М300/Проект/РЭ500/201. РЭ 
ЮНИТ-М500-ОЛ//Приложение. БНН/img/3101.pdf Graphic file (ty
pe pdf)
<use //uni-eng.ru/unit/Ivanovo/Документация ЮНИТ М300/Раз
работка/Схемы ФБ ЮНИТ-М300/Проект/РЭ500/201. РЭ 
ЮНИТ-М500-ОЛ//Приложение. БНН/img/3101.pdf>
Package luatex.def Info: //uni-eng.ru/unit/Ivanovo/Документация Ю
НИТ М300/Разработка/Схемы ФБ ЮНИТ-М300/Проект/
РЭ500/201. РЭ ЮНИТ-М500-ОЛ//Приложение. БНН/img/3101.pd
f  used on input line 243.
(luatex.def)             Requested size: 101.29428pt x 73.27148pt.

warning  (file //uni-eng.ru/unit/Ivanovo/Документация ЮНИТ М300
/Разработка/Схемы ФБ ЮНИТ-М300/Проект/РЭ500/201. 
РЭ ЮНИТ-М500-ОЛ//Приложение. БНН/img/3102.pdf) (pdf inclus
ion): PDF inclusion: found PDF version '1.7', but at most version '1.5' allowed
<//uni-eng.ru/unit/Ivanovo/Документация ЮНИТ М300/Разра
ботка/Схемы ФБ ЮНИТ-М300/Проект/РЭ500/201. РЭ ЮН
ИТ-М500-ОЛ//Приложение. БНН/img/3102.pdf, id=2142, 103.87823p
t x 78.77054pt>
File: //uni-eng.ru/unit/Ivanovo/Документация ЮНИТ М300/Раз
работка/Схемы ФБ ЮНИТ-М300/Проект/РЭ500/201. РЭ 
ЮНИТ-М500-ОЛ//Приложение. БНН/img/3102.pdf Graphic file (ty
pe pdf)
<use //uni-eng.ru/unit/Ivanovo/Документация ЮНИТ М300/Раз
работка/Схемы ФБ ЮНИТ-М300/Проект/РЭ500/201. РЭ 
ЮНИТ-М500-ОЛ//Приложение. БНН/img/3102.pdf>
Package luatex.def Info: //uni-eng.ru/unit/Ivanovo/Документация Ю
НИТ М300/Разработка/Схемы ФБ ЮНИТ-М300/Проект/
РЭ500/201. РЭ ЮНИТ-М500-ОЛ//Приложение. БНН/img/3102.pd
f  used on input line 243.
(luatex.def)             Requested size: 111.4216pt x 84.49277pt.

Overfull \hbox (1.25197pt too wide) in paragraph at lines 246--246
 []|\TU/ArialNarrow(1)/m/n/10.95 11| 
 []


warning  (file //uni-eng.ru/unit/Ivanovo/Документация ЮНИТ М300
/Разработка/Схемы ФБ ЮНИТ-М300/Проект/РЭ500/201. 
РЭ ЮНИТ-М500-ОЛ//Приложение. БНН/img/3111.pdf) (pdf inclus
ion): PDF inclusion: found PDF version '1.7', but at most version '1.5' allowed
<//uni-eng.ru/unit/Ivanovo/Документация ЮНИТ М300/Разра
ботка/Схемы ФБ ЮНИТ-М300/Проект/РЭ500/201. РЭ ЮН
ИТ-М500-ОЛ//Приложение. БНН/img/3111.pdf, id=2143, 104.38005p
t x 79.2723pt>
File: //uni-eng.ru/unit/Ivanovo/Документация ЮНИТ М300/Раз
работка/Схемы ФБ ЮНИТ-М300/Проект/РЭ500/201. РЭ 
ЮНИТ-М500-ОЛ//Приложение. БНН/img/3111.pdf Graphic file (ty
pe pdf)
<use //uni-eng.ru/unit/Ivanovo/Документация ЮНИТ М300/Раз
работка/Схемы ФБ ЮНИТ-М300/Проект/РЭ500/201. РЭ 
ЮНИТ-М500-ОЛ//Приложение. БНН/img/3111.pdf>
Package luatex.def Info: //uni-eng.ru/unit/Ivanovo/Документация Ю
НИТ М300/Разработка/Схемы ФБ ЮНИТ-М300/Проект/
РЭ500/201. РЭ ЮНИТ-М500-ОЛ//Приложение. БНН/img/3111.pd
f  used on input line 246.
(luatex.def)             Requested size: 101.2947pt x 76.9291pt.

warning  (file //uni-eng.ru/unit/Ivanovo/Документация ЮНИТ М300
/Разработка/Схемы ФБ ЮНИТ-М300/Проект/РЭ500/201. 
РЭ ЮНИТ-М500-ОЛ//Приложение. БНН/img/3112.pdf) (pdf inclus
ion): PDF inclusion: found PDF version '1.7', but at most version '1.5' allowed
<//uni-eng.ru/unit/Ivanovo/Документация ЮНИТ М300/Разра
ботка/Схемы ФБ ЮНИТ-М300/Проект/РЭ500/201. РЭ ЮН
ИТ-М500-ОЛ//Приложение. БНН/img/3112.pdf, id=2144, 89.82704pt
 x 80.27574pt>
File: //uni-eng.ru/unit/Ivanovo/Документация ЮНИТ М300/Раз
работка/Схемы ФБ ЮНИТ-М300/Проект/РЭ500/201. РЭ 
ЮНИТ-М500-ОЛ//Приложение. БНН/img/3112.pdf Graphic file (ty
pe pdf)
<use //uni-eng.ru/unit/Ivanovo/Документация ЮНИТ М300/Раз
работка/Схемы ФБ ЮНИТ-М300/Проект/РЭ500/201. РЭ 
ЮНИТ-М500-ОЛ//Приложение. БНН/img/3112.pdf>
Package luatex.def Info: //uni-eng.ru/unit/Ivanovo/Документация Ю
НИТ М300/Разработка/Схемы ФБ ЮНИТ-М300/Проект/
РЭ500/201. РЭ ЮНИТ-М500-ОЛ//Приложение. БНН/img/3112.pd
f  used on input line 246.
(luatex.def)             Requested size: 101.29027pt x 90.52554pt.

Overfull \hbox (1.25197pt too wide) in paragraph at lines 249--249
 []|\TU/ArialNarrow(1)/m/n/10.95 12| 
 []


warning  (file //uni-eng.ru/unit/Ivanovo/Документация ЮНИТ М300
/Разработка/Схемы ФБ ЮНИТ-М300/Проект/РЭ500/201. 
РЭ ЮНИТ-М500-ОЛ//Приложение. БНН/img/3121.pdf) (pdf inclus
ion): PDF inclusion: found PDF version '1.7', but at most version '1.5' allowed
<//uni-eng.ru/unit/Ivanovo/Документация ЮНИТ М300/Разра
ботка/Схемы ФБ ЮНИТ-М300/Проект/РЭ500/201. РЭ ЮН
ИТ-М500-ОЛ//Приложение. БНН/img/3121.pdf, id=2145, 103.87825p
t x 80.27574pt>
File: //uni-eng.ru/unit/Ivanovo/Документация ЮНИТ М300/Раз
работка/Схемы ФБ ЮНИТ-М300/Проект/РЭ500/201. РЭ 
ЮНИТ-М500-ОЛ//Приложение. БНН/img/3121.pdf Graphic file (ty
pe pdf)
<use //uni-eng.ru/unit/Ivanovo/Документация ЮНИТ М300/Раз
работка/Схемы ФБ ЮНИТ-М300/Проект/РЭ500/201. РЭ 
ЮНИТ-М500-ОЛ//Приложение. БНН/img/3121.pdf>
Package luatex.def Info: //uni-eng.ru/unit/Ivanovo/Документация Ю
НИТ М300/Разработка/Схемы ФБ ЮНИТ-М300/Проект/
РЭ500/201. РЭ ЮНИТ-М500-ОЛ//Приложение. БНН/img/3121.pd
f  used on input line 249.
(luatex.def)             Requested size: 101.29276pt x 78.2777pt.

warning  (file //uni-eng.ru/unit/Ivanovo/Документация ЮНИТ М300
/Разработка/Схемы ФБ ЮНИТ-М300/Проект/РЭ500/201. 
РЭ ЮНИТ-М500-ОЛ//Приложение. БНН/img/3122.pdf) (pdf inclus
ion): PDF inclusion: found PDF version '1.7', but at most version '1.5' allowed
<//uni-eng.ru/unit/Ivanovo/Документация ЮНИТ М300/Разра
ботка/Схемы ФБ ЮНИТ-М300/Проект/РЭ500/201. РЭ ЮН
ИТ-М500-ОЛ//Приложение. БНН/img/3122.pdf, id=2146, 94.34349pt
 x 87.29987pt>
File: //uni-eng.ru/unit/Ivanovo/Документация ЮНИТ М300/Раз
работка/Схемы ФБ ЮНИТ-М300/Проект/РЭ500/201. РЭ 
ЮНИТ-М500-ОЛ//Приложение. БНН/img/3122.pdf Graphic file (ty
pe pdf)
<use //uni-eng.ru/unit/Ivanovo/Документация ЮНИТ М300/Раз
работка/Схемы ФБ ЮНИТ-М300/Проект/РЭ500/201. РЭ 
ЮНИТ-М500-ОЛ//Приложение. БНН/img/3122.pdf>
Package luatex.def Info: //uni-eng.ru/unit/Ivanovo/Документация Ю
НИТ М300/Разработка/Схемы ФБ ЮНИТ-М300/Проект/
РЭ500/201. РЭ ЮНИТ-М500-ОЛ//Приложение. БНН/img/3122.pd
f  used on input line 249.
(luatex.def)             Requested size: 101.29027pt x 93.73494pt.

Overfull \hbox (7.75061pt too wide) in alignment at lines 212--253
 [][][][][][][][] 
 []

[52<//uni-eng.ru/unit/Ivanovo/Документация ЮНИТ М300/Разр
аботка/Схемы ФБ ЮНИТ-М300/Проект/РЭ500/201. РЭ Ю
НИТ-М500-ОЛ//Приложение. БНН/img/291.pdf><//uni-eng.ru/unit/I
vanovo/Документация ЮНИТ М300/Разработка/Схемы 
ФБ ЮНИТ-М300/Проект/РЭ500/201. РЭ ЮНИТ-М500-ОЛ//При
ложение. БНН/img/292.pdf><//uni-eng.ru/unit/Ivanovo/Документ
ация ЮНИТ М300/Разработка/Схемы ФБ ЮНИТ-М300/П
роект/РЭ500/201. РЭ ЮНИТ-М500-ОЛ//Приложение. БНН/i
mg/2101.pdf><//uni-eng.ru/unit/Ivanovo/Документация ЮНИТ М300/
Разработка/Схемы ФБ ЮНИТ-М300/Проект/РЭ500/201. 
РЭ ЮНИТ-М500-ОЛ//Приложение. БНН/img/2102.pdf><//uni-eng.r
u/unit/Ivanovo/Документация ЮНИТ М300/Разработка/С
хемы ФБ ЮНИТ-М300/Проект/РЭ500/201. РЭ ЮНИТ-М500-О
Л//Приложение. БНН/img/2111.pdf><//uni-eng.ru/unit/Ivanovo/До
кументация ЮНИТ М300/Разработка/Схемы ФБ ЮН
ИТ-М300/Проект/РЭ500/201. РЭ ЮНИТ-М500-ОЛ//Приложе
ние. БНН/img/2112.pdf><//uni-eng.ru/unit/Ivanovo/Документаци
я ЮНИТ М300/Разработка/Схемы ФБ ЮНИТ-М300/Прое
кт/РЭ500/201. РЭ ЮНИТ-М500-ОЛ//Приложение. БНН/img/212
1.pdf><//uni-eng.ru/unit/Ivanovo/Документация ЮНИТ М300/Ра
зработка/Схемы ФБ ЮНИТ-М300/Проект/РЭ500/201. РЭ 
ЮНИТ-М500-ОЛ//Приложение. БНН/img/2122.pdf>] [53<//uni-eng.r
u/unit/Ivanovo/Документация ЮНИТ М300/Разработка/С
хемы ФБ ЮНИТ-М300/Проект/РЭ500/201. РЭ ЮНИТ-М500-О
Л//Приложение. БНН/img/311.pdf><//uni-eng.ru/unit/Ivanovo/Док
ументация ЮНИТ М300/Разработка/Схемы ФБ ЮНИ
Т-М300/Проект/РЭ500/201. РЭ ЮНИТ-М500-ОЛ//Приложен
ие. БНН/img/312.pdf><//uni-eng.ru/unit/Ivanovo/Документация 
ЮНИТ М300/Разработка/Схемы ФБ ЮНИТ-М300/Проек
т/РЭ500/201. РЭ ЮНИТ-М500-ОЛ//Приложение. БНН/img/321.p
df><//uni-eng.ru/unit/Ivanovo/Документация ЮНИТ М300/Разр
аботка/Схемы ФБ ЮНИТ-М300/Проект/РЭ500/201. РЭ Ю
НИТ-М500-ОЛ//Приложение. БНН/img/322.pdf><//uni-eng.ru/unit/I
vanovo/Документация ЮНИТ М300/Разработка/Схемы 
ФБ ЮНИТ-М300/Проект/РЭ500/201. РЭ ЮНИТ-М500-ОЛ//При
ложение. БНН/img/331.pdf><//uni-eng.ru/unit/Ivanovo/Документ
ация ЮНИТ М300/Разработка/Схемы ФБ ЮНИТ-М300/П
роект/РЭ500/201. РЭ ЮНИТ-М500-ОЛ//Приложение. БНН/i
mg/332.pdf><//uni-eng.ru/unit/Ivanovo/Документация ЮНИТ М300/
Разработка/Схемы ФБ ЮНИТ-М300/Проект/РЭ500/201. 
РЭ ЮНИТ-М500-ОЛ//Приложение. БНН/img/341.pdf><//uni-eng.ru
/unit/Ivanovo/Документация ЮНИТ М300/Разработка/С
хемы ФБ ЮНИТ-М300/Проект/РЭ500/201. РЭ ЮНИТ-М500-О
Л//Приложение. БНН/img/342.pdf>] [54<//uni-eng.ru/unit/Ivanovo/
Документация ЮНИТ М300/Разработка/Схемы ФБ 
ЮНИТ-М300/Проект/РЭ500/201. РЭ ЮНИТ-М500-ОЛ//Прило
жение. БНН/img/351.pdf><//uni-eng.ru/unit/Ivanovo/Документац
ия ЮНИТ М300/Разработка/Схемы ФБ ЮНИТ-М300/Про
ект/РЭ500/201. РЭ ЮНИТ-М500-ОЛ//Приложение. БНН/img/3
52.pdf><//uni-eng.ru/unit/Ivanovo/Документация ЮНИТ М300/Ра
зработка/Схемы ФБ ЮНИТ-М300/Проект/РЭ500/201. РЭ 
ЮНИТ-М500-ОЛ//Приложение. БНН/img/361.pdf><//uni-eng.ru/unit
/Ivanovo/Документация ЮНИТ М300/Разработка/Схем
ы ФБ ЮНИТ-М300/Проект/РЭ500/201. РЭ ЮНИТ-М500-ОЛ//П
риложение. БНН/img/362.pdf><//uni-eng.ru/unit/Ivanovo/Докуме
нтация ЮНИТ М300/Разработка/Схемы ФБ ЮНИТ-М300/
Проект/РЭ500/201. РЭ ЮНИТ-М500-ОЛ//Приложение. БН
Н/img/371.pdf><//uni-eng.ru/unit/Ivanovo/Документация ЮНИТ М30
0/Разработка/Схемы ФБ ЮНИТ-М300/Проект/РЭ500/201. 
РЭ ЮНИТ-М500-ОЛ//Приложение. БНН/img/372.pdf><//uni-eng.ru
/unit/Ivanovo/Документация ЮНИТ М300/Разработка/С
хемы ФБ ЮНИТ-М300/Проект/РЭ500/201. РЭ ЮНИТ-М500-О
Л//Приложение. БНН/img/381.pdf><//uni-eng.ru/unit/Ivanovo/Док
ументация ЮНИТ М300/Разработка/Схемы ФБ ЮНИ
Т-М300/Проект/РЭ500/201. РЭ ЮНИТ-М500-ОЛ//Приложен
ие. БНН/img/382.pdf>] [55<//uni-eng.ru/unit/Ivanovo/Документац
ия ЮНИТ М300/Разработка/Схемы ФБ ЮНИТ-М300/Про
ект/РЭ500/201. РЭ ЮНИТ-М500-ОЛ//Приложение. БНН/img/3
91.pdf><//uni-eng.ru/unit/Ivanovo/Документация ЮНИТ М300/Ра
зработка/Схемы ФБ ЮНИТ-М300/Проект/РЭ500/201. РЭ 
ЮНИТ-М500-ОЛ//Приложение. БНН/img/392.pdf><//uni-eng.ru/unit
/Ivanovo/Документация ЮНИТ М300/Разработка/Схем
ы ФБ ЮНИТ-М300/Проект/РЭ500/201. РЭ ЮНИТ-М500-ОЛ//П
риложение. БНН/img/3101.pdf><//uni-eng.ru/unit/Ivanovo/Докум
ентация ЮНИТ М300/Разработка/Схемы ФБ ЮНИТ-М30
0/Проект/РЭ500/201. РЭ ЮНИТ-М500-ОЛ//Приложение. Б
НН/img/3102.pdf><//uni-eng.ru/unit/Ivanovo/Документация ЮНИТ 
М300/Разработка/Схемы ФБ ЮНИТ-М300/Проект/РЭ500/2
01. РЭ ЮНИТ-М500-ОЛ//Приложение. БНН/img/3111.pdf><//uni-e
ng.ru/unit/Ivanovo/Документация ЮНИТ М300/Разработк
а/Схемы ФБ ЮНИТ-М300/Проект/РЭ500/201. РЭ ЮНИТ-М500-
ОЛ//Приложение. БНН/img/3112.pdf><//uni-eng.ru/unit/Ivanovo/Д
окументация ЮНИТ М300/Разработка/Схемы ФБ Ю
НИТ-М300/Проект/РЭ500/201. РЭ ЮНИТ-М500-ОЛ//Прилож
ение. БНН/img/3121.pdf><//uni-eng.ru/unit/Ivanovo/Документац
ия ЮНИТ М300/Разработка/Схемы ФБ ЮНИТ-М300/Про
ект/РЭ500/201. РЭ ЮНИТ-М500-ОЛ//Приложение. БНН/img/3
122.pdf>])
("//uni-eng.ru/unit/Ivanovo/Документация ЮНИТ М300/Разра
ботка/Схемы ФБ ЮНИТ-М300/Проект/РЭ500/103. Общие 
разделы РЭ//Элементы ФС/_latex/appElmtFSU.tex"
Package typearea Info: These are the values describing the layout:
(typearea)             DIV  = areaset
(typearea)             BCOR = 0.0pt
(typearea)             \paperwidth      = 597.50793pt
(typearea)              \textwidth      = 512.1496pt
(typearea)              \evensidemargin = -29.59084pt
(typearea)              \oddsidemargin  = -29.59084pt
(typearea)             \paperheight     = 845.04694pt
(typearea)              \textheight     = 759.68857pt
(typearea)              \topmargin      = -82.5672pt
(typearea)              \headheight     = 17.0pt
(typearea)              \headsep        = 21.75pt
(typearea)              \topskip        = 22.0pt
(typearea)              \footskip       = 50.75pt
(typearea)              \baselineskip   = 14.5pt
(typearea)              on input line 2.
Package typearea Info: Using dirty hack to recalculate internal output
(typearea)             dimensions of LaTeX on input line 2.


Package typearea Warning: page content and margins higher than paper.
(typearea)                This may result in page footer out of paper.
(typearea)                You should decrease DIV, decrease foot height,
(typearea)                or decreate height of text area.

*geometry* verbose mode - [ newgeometry ] result:
* driver: luatex
* paper: a4paper
* layout: <same size as paper>
* layoutoffset:(h,v)=(0.0pt,0.0pt)
* modes: includehead includefoot 
* h-part:(L,W,R)=(62.59605pt, 506.45908pt, 28.45274pt)
* v-part:(T,H,B)=(17.07164pt, 810.90356pt, 17.07164pt)
* \paperwidth=597.50787pt
* \paperheight=845.04684pt
* \textwidth=506.45908pt
* \textheight=767.95084pt
* \oddsidemargin=-9.67393pt
* \evensidemargin=-9.67393pt
* \topmargin=-55.19835pt
* \headheight=14.5pt
* \headsep=8.53581pt
* \topskip=22.0pt
* \footskip=19.91692pt
* \marginparwidth=0.0pt
* \marginparsep=0.0pt
* \columnsep=10.0pt
* \skip\footins=10.8pt plus 4.0pt minus 2.0pt
* \hoffset=0.0pt
* \voffset=0.0pt
* \mag=1000
* \@twocolumnfalse
* \@twosidefalse
* \@mparswitchfalse
* \@reversemarginfalse
* (1in=72.27pt=25.4mm, 1cm=28.453pt)


Overfull \hbox (0.61133pt too wide) in alignment at lines 37--46
 [][][] 
 []


Overfull \hbox (0.61133pt too wide) in alignment at lines 46--53
 [][][] 
 []


Overfull \hbox (0.61133pt too wide) in alignment at lines 53--56
 [][][] 
 []


Overfull \hbox (0.61133pt too wide) in alignment at lines 56--59
 [][][] 
 []


warning  (file //uni-eng.ru/unit/Ivanovo/Документация ЮНИТ М300
/Разработка/Схемы ФБ ЮНИТ-М300/Проект/РЭ500/103. 
Общие разделы РЭ//Элементы ФС/_latex/img/1_analog_canal.
pdf) (pdf inclusion): PDF inclusion: found PDF version '1.6', but at most versio
n '1.5' allowed
<//uni-eng.ru/unit/Ivanovo/Документация ЮНИТ М300/Разра
ботка/Схемы ФБ ЮНИТ-М300/Проект/РЭ500/103. Общие 
разделы РЭ//Элементы ФС/_latex/img/1_analog_canal.pdf, id=27
40, 114.4275pt x 41.41081pt>
File: //uni-eng.ru/unit/Ivanovo/Документация ЮНИТ М300/Раз
работка/Схемы ФБ ЮНИТ-М300/Проект/РЭ500/103. Общ
ие разделы РЭ//Элементы ФС/_latex/img/1_analog_canal.pdf G
raphic file (type pdf)
<use //uni-eng.ru/unit/Ivanovo/Документация ЮНИТ М300/Раз
работка/Схемы ФБ ЮНИТ-М300/Проект/РЭ500/103. Общ
ие разделы РЭ//Элементы ФС/_latex/img/1_analog_canal.pdf>
Package luatex.def Info: //uni-eng.ru/unit/Ivanovo/Документация Ю
НИТ М300/Разработка/Схемы ФБ ЮНИТ-М300/Проект/
РЭ500/103. Общие разделы РЭ//Элементы ФС/_latex/img/1
_analog_canal.pdf  used on input line 61.
(luatex.def)             Requested size: 101.29364pt x 36.65771pt.

warning  (file //uni-eng.ru/unit/Ivanovo/Документация ЮНИТ М300
/Разработка/Схемы ФБ ЮНИТ-М300/Проект/РЭ500/103. 
Общие разделы РЭ//Элементы ФС/_latex/img/2_po.pdf) (pdf 
inclusion): PDF inclusion: found PDF version '1.6', but at most version '1.5' al
lowed
<//uni-eng.ru/unit/Ivanovo/Документация ЮНИТ М300/Разра
ботка/Схемы ФБ ЮНИТ-М300/Проект/РЭ500/103. Общие 
разделы РЭ//Элементы ФС/_latex/img/2_po.pdf, id=2741, 114.42
75pt x 40.64888pt>
File: //uni-eng.ru/unit/Ivanovo/Документация ЮНИТ М300/Раз
работка/Схемы ФБ ЮНИТ-М300/Проект/РЭ500/103. Общ
ие разделы РЭ//Элементы ФС/_latex/img/2_po.pdf Graphic fil
e (type pdf)
<use //uni-eng.ru/unit/Ivanovo/Документация ЮНИТ М300/Раз
работка/Схемы ФБ ЮНИТ-М300/Проект/РЭ500/103. Общ
ие разделы РЭ//Элементы ФС/_latex/img/2_po.pdf>
Package luatex.def Info: //uni-eng.ru/unit/Ivanovo/Документация Ю
НИТ М300/Разработка/Схемы ФБ ЮНИТ-М300/Проект/
РЭ500/103. Общие разделы РЭ//Элементы ФС/_latex/img/2
_po.pdf  used on input line 64.
(luatex.def)             Requested size: 101.29364pt x 35.98323pt.

warning  (file //uni-eng.ru/unit/Ivanovo/Документация ЮНИТ М300
/Разработка/Схемы ФБ ЮНИТ-М300/Проект/РЭ500/103. 
Общие разделы РЭ//Элементы ФС/_latex/img/3_out_sig.pdf) 
(pdf inclusion): PDF inclusion: found PDF version '1.6', but at most version '1.
5' allowed
<//uni-eng.ru/unit/Ivanovo/Документация ЮНИТ М300/Разра
ботка/Схемы ФБ ЮНИТ-М300/Проект/РЭ500/103. Общие 
разделы РЭ//Элементы ФС/_latex/img/3_out_sig.pdf, id=2742, 1
14.80391pt x 41.02827pt>
File: //uni-eng.ru/unit/Ivanovo/Документация ЮНИТ М300/Раз
работка/Схемы ФБ ЮНИТ-М300/Проект/РЭ500/103. Общ
ие разделы РЭ//Элементы ФС/_latex/img/3_out_sig.pdf Graphi
c file (type pdf)
<use //uni-eng.ru/unit/Ivanovo/Документация ЮНИТ М300/Раз
работка/Схемы ФБ ЮНИТ-М300/Проект/РЭ500/103. Общ
ие разделы РЭ//Элементы ФС/_latex/img/3_out_sig.pdf>
Package luatex.def Info: //uni-eng.ru/unit/Ivanovo/Документация Ю
НИТ М300/Разработка/Схемы ФБ ЮНИТ-М300/Проект/
РЭ500/103. Общие разделы РЭ//Элементы ФС/_latex/img/3
_out_sig.pdf  used on input line 67.
(luatex.def)             Requested size: 101.29576pt x 36.20076pt.

warning  (file //uni-eng.ru/unit/Ivanovo/Документация ЮНИТ М300
/Разработка/Схемы ФБ ЮНИТ-М300/Проект/РЭ500/103. 
Общие разделы РЭ//Элементы ФС/_latex/img/4_inner.pdf) (p
df inclusion): PDF inclusion: found PDF version '1.6', but at most version '1.5'
 allowed
<//uni-eng.ru/unit/Ivanovo/Документация ЮНИТ М300/Разра
ботка/Схемы ФБ ЮНИТ-М300/Проект/РЭ500/103. Общие 
разделы РЭ//Элементы ФС/_latex/img/4_inner.pdf, id=2743, 114
.4275pt x 40.27246pt>
File: //uni-eng.ru/unit/Ivanovo/Документация ЮНИТ М300/Раз
работка/Схемы ФБ ЮНИТ-М300/Проект/РЭ500/103. Общ
ие разделы РЭ//Элементы ФС/_latex/img/4_inner.pdf Graphic 
file (type pdf)
<use //uni-eng.ru/unit/Ivanovo/Документация ЮНИТ М300/Раз
работка/Схемы ФБ ЮНИТ-М300/Проект/РЭ500/103. Общ
ие разделы РЭ//Элементы ФС/_latex/img/4_inner.pdf>
Package luatex.def Info: //uni-eng.ru/unit/Ivanovo/Документация Ю
НИТ М300/Разработка/Схемы ФБ ЮНИТ-М300/Проект/
РЭ500/103. Общие разделы РЭ//Элементы ФС/_latex/img/4
_inner.pdf  used on input line 70.
(luatex.def)             Requested size: 101.29364pt x 35.65002pt.

warning  (file //uni-eng.ru/unit/Ivanovo/Документация ЮНИТ М300
/Разработка/Схемы ФБ ЮНИТ-М300/Проект/РЭ500/103. 
Общие разделы РЭ//Элементы ФС/_latex/img/5_out_inner.pdf
) (pdf inclusion): PDF inclusion: found PDF version '1.6', but at most version '
1.5' allowed
<//uni-eng.ru/unit/Ivanovo/Документация ЮНИТ М300/Разра
ботка/Схемы ФБ ЮНИТ-М300/Проект/РЭ500/103. Общие 
разделы РЭ//Элементы ФС/_latex/img/5_out_inner.pdf, id=2744,
 113.86288pt x 40.27246pt>
File: //uni-eng.ru/unit/Ivanovo/Документация ЮНИТ М300/Раз
работка/Схемы ФБ ЮНИТ-М300/Проект/РЭ500/103. Общ
ие разделы РЭ//Элементы ФС/_latex/img/5_out_inner.pdf Grap
hic file (type pdf)
<use //uni-eng.ru/unit/Ivanovo/Документация ЮНИТ М300/Раз
работка/Схемы ФБ ЮНИТ-М300/Проект/РЭ500/103. Общ
ие разделы РЭ//Элементы ФС/_latex/img/5_out_inner.pdf>
Package luatex.def Info: //uni-eng.ru/unit/Ivanovo/Документация Ю
НИТ М300/Разработка/Схемы ФБ ЮНИТ-М300/Проект/
РЭ500/103. Общие разделы РЭ//Элементы ФС/_latex/img/5
_out_inner.pdf  used on input line 73.
(luatex.def)             Requested size: 101.29247pt x 35.82639pt.

warning  (file //uni-eng.ru/unit/Ivanovo/Документация ЮНИТ М300
/Разработка/Схемы ФБ ЮНИТ-М300/Проект/РЭ500/103. 
Общие разделы РЭ//Элементы ФС/_latex/img/6_virt_key.pdf)
 (pdf inclusion): PDF inclusion: found PDF version '1.6', but at most version '1
.5' allowed
<//uni-eng.ru/unit/Ivanovo/Документация ЮНИТ М300/Разра
ботка/Схемы ФБ ЮНИТ-М300/Проект/РЭ500/103. Общие 
разделы РЭ//Элементы ФС/_latex/img/6_virt_key.pdf, id=2745, 
114.4275pt x 40.83705pt>
File: //uni-eng.ru/unit/Ivanovo/Документация ЮНИТ М300/Раз
работка/Схемы ФБ ЮНИТ-М300/Проект/РЭ500/103. Общ
ие разделы РЭ//Элементы ФС/_latex/img/6_virt_key.pdf Graph
ic file (type pdf)
<use //uni-eng.ru/unit/Ivanovo/Документация ЮНИТ М300/Раз
работка/Схемы ФБ ЮНИТ-М300/Проект/РЭ500/103. Общ
ие разделы РЭ//Элементы ФС/_latex/img/6_virt_key.pdf>
Package luatex.def Info: //uni-eng.ru/unit/Ivanovo/Документация Ю
НИТ М300/Разработка/Схемы ФБ ЮНИТ-М300/Проект/
РЭ500/103. Общие разделы РЭ//Элементы ФС/_latex/img/6
_virt_key.pdf  used on input line 76.
(luatex.def)             Requested size: 101.29364pt x 36.1498pt.

warning  (file //uni-eng.ru/unit/Ivanovo/Документация ЮНИТ М300
/Разработка/Схемы ФБ ЮНИТ-М300/Проект/РЭ500/103. 
Общие разделы РЭ//Элементы ФС/_latex/img/7_virt_but.pdf)
 (pdf inclusion): PDF inclusion: found PDF version '1.6', but at most version '1
.5' allowed
<//uni-eng.ru/unit/Ivanovo/Документация ЮНИТ М300/Разра
ботка/Схемы ФБ ЮНИТ-М300/Проект/РЭ500/103. Общие 
разделы РЭ//Элементы ФС/_latex/img/7_virt_but.pdf, id=2746, 
115.18031pt x 40.83705pt>
File: //uni-eng.ru/unit/Ivanovo/Документация ЮНИТ М300/Раз
работка/Схемы ФБ ЮНИТ-М300/Проект/РЭ500/103. Общ
ие разделы РЭ//Элементы ФС/_latex/img/7_virt_but.pdf Graph
ic file (type pdf)
<use //uni-eng.ru/unit/Ivanovo/Документация ЮНИТ М300/Раз
работка/Схемы ФБ ЮНИТ-М300/Проект/РЭ500/103. Общ
ие разделы РЭ//Элементы ФС/_latex/img/7_virt_but.pdf>
Package luatex.def Info: //uni-eng.ru/unit/Ivanovo/Документация Ю
НИТ М300/Разработка/Схемы ФБ ЮНИТ-М300/Проект/
РЭ500/103. Общие разделы РЭ//Элементы ФС/_latex/img/7
_virt_but.pdf  used on input line 79.
(luatex.def)             Requested size: 101.29042pt x 35.91238pt.

warning  (file //uni-eng.ru/unit/Ivanovo/Документация ЮНИТ М300
/Разработка/Схемы ФБ ЮНИТ-М300/Проект/РЭ500/103. 
Общие разделы РЭ//Элементы ФС/_latex/img/8_switch.pdf) (
pdf inclusion): PDF inclusion: found PDF version '1.6', but at most version '1.5
' allowed
<//uni-eng.ru/unit/Ivanovo/Документация ЮНИТ М300/Разра
ботка/Схемы ФБ ЮНИТ-М300/Проект/РЭ500/103. Общие 
разделы РЭ//Элементы ФС/_latex/img/8_switch.pdf, id=2747, 11
4.80391pt x 40.46068pt>
File: //uni-eng.ru/unit/Ivanovo/Документация ЮНИТ М300/Раз
работка/Схемы ФБ ЮНИТ-М300/Проект/РЭ500/103. Общ
ие разделы РЭ//Элементы ФС/_latex/img/8_switch.pdf Graphic
 file (type pdf)
<use //uni-eng.ru/unit/Ivanovo/Документация ЮНИТ М300/Раз
работка/Схемы ФБ ЮНИТ-М300/Проект/РЭ500/103. Общ
ие разделы РЭ//Элементы ФС/_latex/img/8_switch.pdf>
Package luatex.def Info: //uni-eng.ru/unit/Ivanovo/Документация Ю
НИТ М300/Разработка/Схемы ФБ ЮНИТ-М300/Проект/
РЭ500/103. Общие разделы РЭ//Элементы ФС/_latex/img/8
_switch.pdf  used on input line 82.
(luatex.def)             Requested size: 101.29576pt x 35.69995pt.

warning  (file //uni-eng.ru/unit/Ivanovo/Документация ЮНИТ М300
/Разработка/Схемы ФБ ЮНИТ-М300/Проект/РЭ500/103. 
Общие разделы РЭ//Элементы ФС/_latex/img/9_1_and.pdf) (p
df inclusion): PDF inclusion: found PDF version '1.6', but at most version '1.5'
 allowed
<//uni-eng.ru/unit/Ivanovo/Документация ЮНИТ М300/Разра
ботка/Схемы ФБ ЮНИТ-М300/Проект/РЭ500/103. Общие 
разделы РЭ//Элементы ФС/_latex/img/9_1_and.pdf, id=2748, 114
.4275pt x 40.65187pt>
File: //uni-eng.ru/unit/Ivanovo/Документация ЮНИТ М300/Раз
работка/Схемы ФБ ЮНИТ-М300/Проект/РЭ500/103. Общ
ие разделы РЭ//Элементы ФС/_latex/img/9_1_and.pdf Graphic 
file (type pdf)
<use //uni-eng.ru/unit/Ivanovo/Документация ЮНИТ М300/Раз
работка/Схемы ФБ ЮНИТ-М300/Проект/РЭ500/103. Общ
ие разделы РЭ//Элементы ФС/_latex/img/9_1_and.pdf>
Package luatex.def Info: //uni-eng.ru/unit/Ivanovo/Документация Ю
НИТ М300/Разработка/Схемы ФБ ЮНИТ-М300/Проект/
РЭ500/103. Общие разделы РЭ//Элементы ФС/_latex/img/9
_1_and.pdf  used on input line 85.
(luatex.def)             Requested size: 101.29364pt x 35.98589pt.

warning  (file //uni-eng.ru/unit/Ivanovo/Документация ЮНИТ М300
/Разработка/Схемы ФБ ЮНИТ-М300/Проект/РЭ500/103. 
Общие разделы РЭ//Элементы ФС/_latex/img/9_2_and.pdf) (p
df inclusion): PDF inclusion: found PDF version '1.6', but at most version '1.5'
 allowed
<//uni-eng.ru/unit/Ivanovo/Документация ЮНИТ М300/Разра
ботка/Схемы ФБ ЮНИТ-М300/Проект/РЭ500/103. Общие 
разделы РЭ//Элементы ФС/_latex/img/9_2_and.pdf, id=2749, 44.
91782pt x 28.105pt>
File: //uni-eng.ru/unit/Ivanovo/Документация ЮНИТ М300/Раз
работка/Схемы ФБ ЮНИТ-М300/Проект/РЭ500/103. Общ
ие разделы РЭ//Элементы ФС/_latex/img/9_2_and.pdf Graphic 
file (type pdf)
<use //uni-eng.ru/unit/Ivanovo/Документация ЮНИТ М300/Раз
работка/Схемы ФБ ЮНИТ-М300/Проект/РЭ500/103. Общ
ие разделы РЭ//Элементы ФС/_latex/img/9_2_and.pdf>
Package luatex.def Info: //uni-eng.ru/unit/Ivanovo/Документация Ю
НИТ М300/Разработка/Схемы ФБ ЮНИТ-М300/Проект/
РЭ500/103. Общие разделы РЭ//Элементы ФС/_latex/img/9
_2_and.pdf  used on input line 86.
(luatex.def)             Requested size: 50.65303pt x 31.6935pt.

warning  (file //uni-eng.ru/unit/Ivanovo/Документация ЮНИТ М300
/Разработка/Схемы ФБ ЮНИТ-М300/Проект/РЭ500/103. 
Общие разделы РЭ//Элементы ФС/_latex/img/10_1_or.pdf) (p
df inclusion): PDF inclusion: found PDF version '1.6', but at most version '1.5'
 allowed
<//uni-eng.ru/unit/Ivanovo/Документация ЮНИТ М300/Разра
ботка/Схемы ФБ ЮНИТ-М300/Проект/РЭ500/103. Общие 
разделы РЭ//Элементы ФС/_latex/img/10_1_or.pdf, id=2750, 114
.80391pt x 40.77734pt>
File: //uni-eng.ru/unit/Ivanovo/Документация ЮНИТ М300/Раз
работка/Схемы ФБ ЮНИТ-М300/Проект/РЭ500/103. Общ
ие разделы РЭ//Элементы ФС/_latex/img/10_1_or.pdf Graphic 
file (type pdf)
<use //uni-eng.ru/unit/Ivanovo/Документация ЮНИТ М300/Раз
работка/Схемы ФБ ЮНИТ-М300/Проект/РЭ500/103. Общ
ие разделы РЭ//Элементы ФС/_latex/img/10_1_or.pdf>
Package luatex.def Info: //uni-eng.ru/unit/Ivanovo/Документация Ю
НИТ М300/Разработка/Схемы ФБ ЮНИТ-М300/Проект/
РЭ500/103. Общие разделы РЭ//Элементы ФС/_latex/img/1
0_1_or.pdf  used on input line 89.
(luatex.def)             Requested size: 101.29576pt x 35.97934pt.

warning  (file //uni-eng.ru/unit/Ivanovo/Документация ЮНИТ М300
/Разработка/Схемы ФБ ЮНИТ-М300/Проект/РЭ500/103. 
Общие разделы РЭ//Элементы ФС/_latex/img/10_2_or.pdf) (p
df inclusion): PDF inclusion: found PDF version '1.6', but at most version '1.5'
 allowed
<//uni-eng.ru/unit/Ivanovo/Документация ЮНИТ М300/Разра
ботка/Схемы ФБ ЮНИТ-М300/Проект/РЭ500/103. Общие 
разделы РЭ//Элементы ФС/_latex/img/10_2_or.pdf, id=2751, 44.
98055pt x 27.6638pt>
File: //uni-eng.ru/unit/Ivanovo/Документация ЮНИТ М300/Раз
работка/Схемы ФБ ЮНИТ-М300/Проект/РЭ500/103. Общ
ие разделы РЭ//Элементы ФС/_latex/img/10_2_or.pdf Graphic 
file (type pdf)
<use //uni-eng.ru/unit/Ivanovo/Документация ЮНИТ М300/Раз
работка/Схемы ФБ ЮНИТ-М300/Проект/РЭ500/103. Общ
ие разделы РЭ//Элементы ФС/_latex/img/10_2_or.pdf>
Package luatex.def Info: //uni-eng.ru/unit/Ivanovo/Документация Ю
НИТ М300/Разработка/Схемы ФБ ЮНИТ-М300/Проект/
РЭ500/103. Общие разделы РЭ//Элементы ФС/_latex/img/1
0_2_or.pdf  used on input line 90.
(luatex.def)             Requested size: 50.65308pt x 31.1525pt.

warning  (file //uni-eng.ru/unit/Ivanovo/Документация ЮНИТ М300
/Разработка/Схемы ФБ ЮНИТ-М300/Проект/РЭ500/103. 
Общие разделы РЭ//Элементы ФС/_latex/img/11_1_xor.pdf) (
pdf inclusion): PDF inclusion: found PDF version '1.6', but at most version '1.5
' allowed
<//uni-eng.ru/unit/Ivanovo/Документация ЮНИТ М300/Разра
ботка/Схемы ФБ ЮНИТ-М300/Проект/РЭ500/103. Общие 
разделы РЭ//Элементы ФС/_latex/img/11_1_xor.pdf, id=2752, 11
4.80391pt x 41.21342pt>
File: //uni-eng.ru/unit/Ivanovo/Документация ЮНИТ М300/Раз
работка/Схемы ФБ ЮНИТ-М300/Проект/РЭ500/103. Общ
ие разделы РЭ//Элементы ФС/_latex/img/11_1_xor.pdf Graphic
 file (type pdf)
<use //uni-eng.ru/unit/Ivanovo/Документация ЮНИТ М300/Раз
работка/Схемы ФБ ЮНИТ-М300/Проект/РЭ500/103. Общ
ие разделы РЭ//Элементы ФС/_latex/img/11_1_xor.pdf>
Package luatex.def Info: //uni-eng.ru/unit/Ivanovo/Документация Ю
НИТ М300/Разработка/Схемы ФБ ЮНИТ-М300/Проект/
РЭ500/103. Общие разделы РЭ//Элементы ФС/_latex/img/1
1_1_xor.pdf  used on input line 93.
(luatex.def)             Requested size: 101.29576pt x 36.36412pt.

warning  (file //uni-eng.ru/unit/Ivanovo/Документация ЮНИТ М300
/Разработка/Схемы ФБ ЮНИТ-М300/Проект/РЭ500/103. 
Общие разделы РЭ//Элементы ФС/_latex/img/11_2_xor.pdf) (
pdf inclusion): PDF inclusion: found PDF version '1.6', but at most version '1.5
' allowed
<//uni-eng.ru/unit/Ivanovo/Документация ЮНИТ М300/Разра
ботка/Схемы ФБ ЮНИТ-М300/Проект/РЭ500/103. Общие 
разделы РЭ//Элементы ФС/_latex/img/11_2_xor.pdf, id=2753, 44
.165pt x 27.35219pt>
File: //uni-eng.ru/unit/Ivanovo/Документация ЮНИТ М300/Раз
работка/Схемы ФБ ЮНИТ-М300/Проект/РЭ500/103. Общ
ие разделы РЭ//Элементы ФС/_latex/img/11_2_xor.pdf Graphic
 file (type pdf)
<use //uni-eng.ru/unit/Ivanovo/Документация ЮНИТ М300/Раз
работка/Схемы ФБ ЮНИТ-М300/Проект/РЭ500/103. Общ
ие разделы РЭ//Элементы ФС/_latex/img/11_2_xor.pdf>
Package luatex.def Info: //uni-eng.ru/unit/Ivanovo/Документация Ю
НИТ М300/Разработка/Схемы ФБ ЮНИТ-М300/Проект/
РЭ500/103. Общие разделы РЭ//Элементы ФС/_latex/img/1
1_2_xor.pdf  used on input line 94.
(luatex.def)             Requested size: 50.64983pt x 31.36835pt.

warning  (file //uni-eng.ru/unit/Ivanovo/Документация ЮНИТ М300
/Разработка/Схемы ФБ ЮНИТ-М300/Проект/РЭ500/103. 
Общие разделы РЭ//Элементы ФС/_latex/img/12_1_sr_mem.pdf
) (pdf inclusion): PDF inclusion: found PDF version '1.6', but at most version '
1.5' allowed
<//uni-eng.ru/unit/Ivanovo/Документация ЮНИТ М300/Разра
ботка/Схемы ФБ ЮНИТ-М300/Проект/РЭ500/103. Общие 
разделы РЭ//Элементы ФС/_latex/img/12_1_sr_mem.pdf, id=2754,
 114.2393pt x 40.64883pt>
File: //uni-eng.ru/unit/Ivanovo/Документация ЮНИТ М300/Раз
работка/Схемы ФБ ЮНИТ-М300/Проект/РЭ500/103. Общ
ие разделы РЭ//Элементы ФС/_latex/img/12_1_sr_mem.pdf Grap
hic file (type pdf)
<use //uni-eng.ru/unit/Ivanovo/Документация ЮНИТ М300/Раз
работка/Схемы ФБ ЮНИТ-М300/Проект/РЭ500/103. Общ
ие разделы РЭ//Элементы ФС/_latex/img/12_1_sr_mem.pdf>
Package luatex.def Info: //uni-eng.ru/unit/Ivanovo/Документация Ю
НИТ М300/Разработка/Схемы ФБ ЮНИТ-М300/Проект/
РЭ500/103. Общие разделы РЭ//Элементы ФС/_latex/img/1
2_1_sr_mem.pdf  used on input line 97.
(luatex.def)             Requested size: 101.29263pt x 36.04211pt.

warning  (file //uni-eng.ru/unit/Ivanovo/Документация ЮНИТ М300
/Разработка/Схемы ФБ ЮНИТ-М300/Проект/РЭ500/103. 
Общие разделы РЭ//Элементы ФС/_latex/img/12_2.pdf) (pdf 
inclusion): PDF inclusion: found PDF version '1.6', but at most version '1.5' al
lowed
<//uni-eng.ru/unit/Ivanovo/Документация ЮНИТ М300/Разра
ботка/Схемы ФБ ЮНИТ-М300/Проект/РЭ500/103. Общие 
разделы РЭ//Элементы ФС/_latex/img/12_2.pdf, id=2755, 44.604
14pt x 27.38458pt>
File: //uni-eng.ru/unit/Ivanovo/Документация ЮНИТ М300/Раз
работка/Схемы ФБ ЮНИТ-М300/Проект/РЭ500/103. Общ
ие разделы РЭ//Элементы ФС/_latex/img/12_2.pdf Graphic fil
e (type pdf)
<use //uni-eng.ru/unit/Ivanovo/Документация ЮНИТ М300/Раз
работка/Схемы ФБ ЮНИТ-М300/Проект/РЭ500/103. Общ
ие разделы РЭ//Элементы ФС/_latex/img/12_2.pdf>
Package luatex.def Info: //uni-eng.ru/unit/Ivanovo/Документация Ю
НИТ М300/Разработка/Схемы ФБ ЮНИТ-М300/Проект/
РЭ500/103. Общие разделы РЭ//Элементы ФС/_latex/img/1
2_2.pdf  used on input line 98.
(luatex.def)             Requested size: 50.65115pt x 31.09712pt.

Overfull \vbox (6.44719pt too high) detected at line 98
 []


warning  (file //uni-eng.ru/unit/Ivanovo/Документация ЮНИТ М300
/Разработка/Схемы ФБ ЮНИТ-М300/Проект/РЭ500/103. 
Общие разделы РЭ//Элементы ФС/_latex/img/13_1_sr.pdf) (p
df inclusion): PDF inclusion: found PDF version '1.6', but at most version '1.5'
 allowed
<//uni-eng.ru/unit/Ivanovo/Документация ЮНИТ М300/Разра
ботка/Схемы ФБ ЮНИТ-М300/Проект/РЭ500/103. Общие 
разделы РЭ//Элементы ФС/_latex/img/13_1_sr.pdf, id=2756, 114
.6157pt x 40.46065pt>
File: //uni-eng.ru/unit/Ivanovo/Документация ЮНИТ М300/Раз
работка/Схемы ФБ ЮНИТ-М300/Проект/РЭ500/103. Общ
ие разделы РЭ//Элементы ФС/_latex/img/13_1_sr.pdf Graphic 
file (type pdf)
<use //uni-eng.ru/unit/Ivanovo/Документация ЮНИТ М300/Раз
работка/Схемы ФБ ЮНИТ-М300/Проект/РЭ500/103. Общ
ие разделы РЭ//Элементы ФС/_latex/img/13_1_sr.pdf>
Package luatex.def Info: //uni-eng.ru/unit/Ivanovo/Документация Ю
НИТ М300/Разработка/Схемы ФБ ЮНИТ-М300/Проект/
РЭ500/103. Общие разделы РЭ//Элементы ФС/_latex/img/1
3_1_sr.pdf  used on input line 101.
(luatex.def)             Requested size: 101.2941pt x 35.75797pt.

warning  (file //uni-eng.ru/unit/Ivanovo/Документация ЮНИТ М300
/Разработка/Схемы ФБ ЮНИТ-М300/Проект/РЭ500/103. 
Общие разделы РЭ//Элементы ФС/_latex/img/14_1_rs_mem.pdf
) (pdf inclusion): PDF inclusion: found PDF version '1.6', but at most version '
1.5' allowed
<//uni-eng.ru/unit/Ivanovo/Документация ЮНИТ М300/Разра
ботка/Схемы ФБ ЮНИТ-М300/Проект/РЭ500/103. Общие 
разделы РЭ//Элементы ФС/_latex/img/14_1_rs_mem.pdf, id=2757,
 114.67844pt x 40.65187pt>
File: //uni-eng.ru/unit/Ivanovo/Документация ЮНИТ М300/Раз
работка/Схемы ФБ ЮНИТ-М300/Проект/РЭ500/103. Общ
ие разделы РЭ//Элементы ФС/_latex/img/14_1_rs_mem.pdf Grap
hic file (type pdf)
<use //uni-eng.ru/unit/Ivanovo/Документация ЮНИТ М300/Раз
работка/Схемы ФБ ЮНИТ-М300/Проект/РЭ500/103. Общ
ие разделы РЭ//Элементы ФС/_latex/img/14_1_rs_mem.pdf>
Package luatex.def Info: //uni-eng.ru/unit/Ivanovo/Документация Ю
НИТ М300/Разработка/Схемы ФБ ЮНИТ-М300/Проект/
РЭ500/103. Общие разделы РЭ//Элементы ФС/_latex/img/1
4_1_rs_mem.pdf  used on input line 104.
(luatex.def)             Requested size: 101.29529pt x 35.90773pt.

warning  (file //uni-eng.ru/unit/Ivanovo/Документация ЮНИТ М300
/Разработка/Схемы ФБ ЮНИТ-М300/Проект/РЭ500/103. 
Общие разделы РЭ//Элементы ФС/_latex/img/14_2.pdf) (pdf 
inclusion): PDF inclusion: found PDF version '1.6', but at most version '1.5' al
lowed
<//uni-eng.ru/unit/Ivanovo/Документация ЮНИТ М300/Разра
ботка/Схемы ФБ ЮНИТ-М300/Проект/РЭ500/103. Общие 
разделы РЭ//Элементы ФС/_latex/img/14_2.pdf, id=2758, 44.165
pt x 27.47766pt>
File: //uni-eng.ru/unit/Ivanovo/Документация ЮНИТ М300/Раз
работка/Схемы ФБ ЮНИТ-М300/Проект/РЭ500/103. Общ
ие разделы РЭ//Элементы ФС/_latex/img/14_2.pdf Graphic fil
e (type pdf)
<use //uni-eng.ru/unit/Ivanovo/Документация ЮНИТ М300/Раз
работка/Схемы ФБ ЮНИТ-М300/Проект/РЭ500/103. Общ
ие разделы РЭ//Элементы ФС/_latex/img/14_2.pdf>
Package luatex.def Info: //uni-eng.ru/unit/Ivanovo/Документация Ю
НИТ М300/Разработка/Схемы ФБ ЮНИТ-М300/Проект/
РЭ500/103. Общие разделы РЭ//Элементы ФС/_latex/img/1
4_2.pdf  used on input line 105.
(luatex.def)             Requested size: 50.64983pt x 31.51224pt.

Overfull \vbox (6.8623pt too high) detected at line 105
 []


warning  (file //uni-eng.ru/unit/Ivanovo/Документация ЮНИТ М300
/Разработка/Схемы ФБ ЮНИТ-М300/Проект/РЭ500/103. 
Общие разделы РЭ//Элементы ФС/_latex/img/15_1_rs.pdf) (p
df inclusion): PDF inclusion: found PDF version '1.6', but at most version '1.5'
 allowed
<//uni-eng.ru/unit/Ivanovo/Документация ЮНИТ М300/Разра
ботка/Схемы ФБ ЮНИТ-М300/Проект/РЭ500/103. Общие 
разделы РЭ//Элементы ФС/_latex/img/15_1_rs.pdf, id=2759, 114
.99211pt x 40.83707pt>
File: //uni-eng.ru/unit/Ivanovo/Документация ЮНИТ М300/Раз
работка/Схемы ФБ ЮНИТ-М300/Проект/РЭ500/103. Общ
ие разделы РЭ//Элементы ФС/_latex/img/15_1_rs.pdf Graphic 
file (type pdf)
<use //uni-eng.ru/unit/Ivanovo/Документация ЮНИТ М300/Раз
работка/Схемы ФБ ЮНИТ-М300/Проект/РЭ500/103. Общ
ие разделы РЭ//Элементы ФС/_latex/img/15_1_rs.pdf>
Package luatex.def Info: //uni-eng.ru/unit/Ivanovo/Документация Ю
НИТ М300/Разработка/Схемы ФБ ЮНИТ-М300/Проект/
РЭ500/103. Общие разделы РЭ//Элементы ФС/_latex/img/1
5_1_rs.pdf  used on input line 108.
(luatex.def)             Requested size: 101.2951pt x 35.97284pt.

warning  (file //uni-eng.ru/unit/Ivanovo/Документация ЮНИТ М300
/Разработка/Схемы ФБ ЮНИТ-М300/Проект/РЭ500/103. 
Общие разделы РЭ//Элементы ФС/_latex/img/16_not.pdf) (pd
f inclusion): PDF inclusion: found PDF version '1.6', but at most version '1.5' 
allowed
<//uni-eng.ru/unit/Ivanovo/Документация ЮНИТ М300/Разра
ботка/Схемы ФБ ЮНИТ-М300/Проект/РЭ500/103. Общие 
разделы РЭ//Элементы ФС/_latex/img/16_not.pdf, id=2760, 115.
05484pt x 40.77734pt>
File: //uni-eng.ru/unit/Ivanovo/Документация ЮНИТ М300/Раз
работка/Схемы ФБ ЮНИТ-М300/Проект/РЭ500/103. Общ
ие разделы РЭ//Элементы ФС/_latex/img/16_not.pdf Graphic f
ile (type pdf)
<use //uni-eng.ru/unit/Ivanovo/Документация ЮНИТ М300/Раз
работка/Схемы ФБ ЮНИТ-М300/Проект/РЭ500/103. Общ
ие разделы РЭ//Элементы ФС/_latex/img/16_not.pdf>
Package luatex.def Info: //uni-eng.ru/unit/Ivanovo/Документация Ю
НИТ М300/Разработка/Схемы ФБ ЮНИТ-М300/Проект/
РЭ500/103. Общие разделы РЭ//Элементы ФС/_latex/img/1
6_not.pdf  used on input line 111.
(luatex.def)             Requested size: 101.29596pt x 35.90094pt.

warning  (file //uni-eng.ru/unit/Ivanovo/Документация ЮНИТ М300
/Разработка/Схемы ФБ ЮНИТ-М300/Проект/РЭ500/103. 
Общие разделы РЭ//Элементы ФС/_latex/img/17_1_ton.pdf) (
pdf inclusion): PDF inclusion: found PDF version '1.6', but at most version '1.5
' allowed
<//uni-eng.ru/unit/Ivanovo/Документация ЮНИТ М300/Разра
ботка/Схемы ФБ ЮНИТ-М300/Проект/РЭ500/103. Общие 
разделы РЭ//Элементы ФС/_latex/img/17_1_ton.pdf, id=2761, 11
4.92938pt x 41.65562pt>
File: //uni-eng.ru/unit/Ivanovo/Документация ЮНИТ М300/Раз
работка/Схемы ФБ ЮНИТ-М300/Проект/РЭ500/103. Общ
ие разделы РЭ//Элементы ФС/_latex/img/17_1_ton.pdf Graphic
 file (type pdf)
<use //uni-eng.ru/unit/Ivanovo/Документация ЮНИТ М300/Раз
работка/Схемы ФБ ЮНИТ-М300/Проект/РЭ500/103. Общ
ие разделы РЭ//Элементы ФС/_latex/img/17_1_ton.pdf>
Package luatex.def Info: //uni-eng.ru/unit/Ivanovo/Документация Ю
НИТ М300/Разработка/Схемы ФБ ЮНИТ-М300/Проект/
РЭ500/103. Общие разделы РЭ//Элементы ФС/_latex/img/1
7_1_ton.pdf  used on input line 114.
(luatex.def)             Requested size: 101.29599pt x 36.71426pt.

warning  (file //uni-eng.ru/unit/Ivanovo/Документация ЮНИТ М300
/Разработка/Схемы ФБ ЮНИТ-М300/Проект/РЭ500/103. 
Общие разделы РЭ//Элементы ФС/_latex/img/17_2_ton.pdf) (
pdf inclusion): PDF inclusion: found PDF version '1.6', but at most version '1.5
' allowed
<//uni-eng.ru/unit/Ivanovo/Документация ЮНИТ М300/Разра
ботка/Схемы ФБ ЮНИТ-М300/Проект/РЭ500/103. Общие 
разделы РЭ//Элементы ФС/_latex/img/17_2_ton.pdf, id=2762, 83
.81313pt x 36.51141pt>
File: //uni-eng.ru/unit/Ivanovo/Документация ЮНИТ М300/Раз
работка/Схемы ФБ ЮНИТ-М300/Проект/РЭ500/103. Общ
ие разделы РЭ//Элементы ФС/_latex/img/17_2_ton.pdf Graphic
 file (type pdf)
<use //uni-eng.ru/unit/Ivanovo/Документация ЮНИТ М300/Раз
работка/Схемы ФБ ЮНИТ-М300/Проект/РЭ500/103. Общ
ие разделы РЭ//Элементы ФС/_latex/img/17_2_ton.pdf>
Package luatex.def Info: //uni-eng.ru/unit/Ivanovo/Документация Ю
НИТ М300/Разработка/Схемы ФБ ЮНИТ-М300/Проект/
РЭ500/103. Общие разделы РЭ//Элементы ФС/_latex/img/1
7_2_ton.pdf  used on input line 115.
(luatex.def)             Requested size: 116.48325pt x 50.74344pt.

Overfull \vbox (26.0935pt too high) detected at line 115
 []


warning  (file //uni-eng.ru/unit/Ivanovo/Документация ЮНИТ М300
/Разработка/Схемы ФБ ЮНИТ-М300/Проект/РЭ500/103. 
Общие разделы РЭ//Элементы ФС/_latex/img/18.pdf) (pdf in
clusion): PDF inclusion: found PDF version '1.6', but at most version '1.5' allo
wed
<//uni-eng.ru/unit/Ivanovo/Документация ЮНИТ М300/Разра
ботка/Схемы ФБ ЮНИТ-М300/Проект/РЭ500/103. Общие 
разделы РЭ//Элементы ФС/_latex/img/18.pdf, id=2763, 114.9293
8pt x 40.90282pt>
File: //uni-eng.ru/unit/Ivanovo/Документация ЮНИТ М300/Раз
работка/Схемы ФБ ЮНИТ-М300/Проект/РЭ500/103. Общ
ие разделы РЭ//Элементы ФС/_latex/img/18.pdf Graphic file 
(type pdf)
<use //uni-eng.ru/unit/Ivanovo/Документация ЮНИТ М300/Раз
работка/Схемы ФБ ЮНИТ-М300/Проект/РЭ500/103. Общ
ие разделы РЭ//Элементы ФС/_latex/img/18.pdf>
Package luatex.def Info: //uni-eng.ru/unit/Ivanovo/Документация Ю
НИТ М300/Разработка/Схемы ФБ ЮНИТ-М300/Проект/
РЭ500/103. Общие разделы РЭ//Элементы ФС/_latex/img/1
8.pdf  used on input line 118.
(luatex.def)             Requested size: 101.29599pt x 36.05074pt.

warning  (file //uni-eng.ru/unit/Ivanovo/Документация ЮНИТ М300
/Разработка/Схемы ФБ ЮНИТ-М300/Проект/РЭ500/103. 
Общие разделы РЭ//Элементы ФС/_latex/img/19_1_tof.pdf) (
pdf inclusion): PDF inclusion: found PDF version '1.6', but at most version '1.5
' allowed
<//uni-eng.ru/unit/Ivanovo/Документация ЮНИТ М300/Разра
ботка/Схемы ФБ ЮНИТ-М300/Проект/РЭ500/103. Общие 
разделы РЭ//Элементы ФС/_latex/img/19_1_tof.pdf, id=2764, 11
4.80391pt x 41.21349pt>
File: //uni-eng.ru/unit/Ivanovo/Документация ЮНИТ М300/Раз
работка/Схемы ФБ ЮНИТ-М300/Проект/РЭ500/103. Общ
ие разделы РЭ//Элементы ФС/_latex/img/19_1_tof.pdf Graphic
 file (type pdf)
<use //uni-eng.ru/unit/Ivanovo/Документация ЮНИТ М300/Раз
работка/Схемы ФБ ЮНИТ-М300/Проект/РЭ500/103. Общ
ие разделы РЭ//Элементы ФС/_latex/img/19_1_tof.pdf>
Package luatex.def Info: //uni-eng.ru/unit/Ivanovo/Документация Ю
НИТ М300/Разработка/Схемы ФБ ЮНИТ-М300/Проект/
РЭ500/103. Общие разделы РЭ//Элементы ФС/_latex/img/1
9_1_tof.pdf  used on input line 121.
(luatex.def)             Requested size: 101.29576pt x 36.36417pt.

warning  (file //uni-eng.ru/unit/Ivanovo/Документация ЮНИТ М300
/Разработка/Схемы ФБ ЮНИТ-М300/Проект/РЭ500/103. 
Общие разделы РЭ//Элементы ФС/_latex/img/20.pdf) (pdf in
clusion): PDF inclusion: found PDF version '1.6', but at most version '1.5' allo
wed
<//uni-eng.ru/unit/Ivanovo/Документация ЮНИТ М300/Разра
ботка/Схемы ФБ ЮНИТ-М300/Проект/РЭ500/103. Общие 
разделы РЭ//Элементы ФС/_latex/img/20.pdf, id=2765, 84.6914p
t x 38.57883pt>
File: //uni-eng.ru/unit/Ivanovo/Документация ЮНИТ М300/Раз
работка/Схемы ФБ ЮНИТ-М300/Проект/РЭ500/103. Общ
ие разделы РЭ//Элементы ФС/_latex/img/20.pdf Graphic file 
(type pdf)
<use //uni-eng.ru/unit/Ivanovo/Документация ЮНИТ М300/Раз
работка/Схемы ФБ ЮНИТ-М300/Проект/РЭ500/103. Общ
ие разделы РЭ//Элементы ФС/_latex/img/20.pdf>
Package luatex.def Info: //uni-eng.ru/unit/Ivanovo/Документация Ю
НИТ М300/Разработка/Схемы ФБ ЮНИТ-М300/Проект/
РЭ500/103. Общие разделы РЭ//Элементы ФС/_latex/img/2
0.pdf  used on input line 122.
(luatex.def)             Requested size: 116.48784pt x 53.0628pt.

Overfull \vbox (28.41287pt too high) detected at line 122
 []


warning  (file //uni-eng.ru/unit/Ivanovo/Документация ЮНИТ М300
/Разработка/Схемы ФБ ЮНИТ-М300/Проект/РЭ500/103. 
Общие разделы РЭ//Элементы ФС/_latex/img/19_2_tof.pdf) (
pdf inclusion): PDF inclusion: found PDF version '1.6', but at most version '1.5
' allowed
<//uni-eng.ru/unit/Ivanovo/Документация ЮНИТ М300/Разра
ботка/Схемы ФБ ЮНИТ-М300/Проект/РЭ500/103. Общие 
разделы РЭ//Элементы ФС/_latex/img/19_2_tof.pdf, id=2766, 11
5.05484pt x 41.65562pt>
File: //uni-eng.ru/unit/Ivanovo/Документация ЮНИТ М300/Раз
работка/Схемы ФБ ЮНИТ-М300/Проект/РЭ500/103. Общ
ие разделы РЭ//Элементы ФС/_latex/img/19_2_tof.pdf Graphic
 file (type pdf)
<use //uni-eng.ru/unit/Ivanovo/Документация ЮНИТ М300/Раз
работка/Схемы ФБ ЮНИТ-М300/Проект/РЭ500/103. Общ
ие разделы РЭ//Элементы ФС/_latex/img/19_2_tof.pdf>
Package luatex.def Info: //uni-eng.ru/unit/Ivanovo/Документация Ю
НИТ М300/Разработка/Схемы ФБ ЮНИТ-М300/Проект/
РЭ500/103. Общие разделы РЭ//Элементы ФС/_latex/img/1
9_2_tof.pdf  used on input line 125.
(luatex.def)             Requested size: 101.29596pt x 36.67421pt.

warning  (file //uni-eng.ru/unit/Ivanovo/Документация ЮНИТ М300
/Разработка/Схемы ФБ ЮНИТ-М300/Проект/РЭ500/103. 
Общие разделы РЭ//Элементы ФС/_latex/img/21_1_pls.pdf) (
pdf inclusion): PDF inclusion: found PDF version '1.6', but at most version '1.5
' allowed
<//uni-eng.ru/unit/Ivanovo/Документация ЮНИТ М300/Разра
ботка/Схемы ФБ ЮНИТ-М300/Проект/РЭ500/103. Общие 
разделы РЭ//Элементы ФС/_latex/img/21_1_pls.pdf, id=2767, 11
4.80391pt x 41.02525pt>
File: //uni-eng.ru/unit/Ivanovo/Документация ЮНИТ М300/Раз
работка/Схемы ФБ ЮНИТ-М300/Проект/РЭ500/103. Общ
ие разделы РЭ//Элементы ФС/_latex/img/21_1_pls.pdf Graphic
 file (type pdf)
<use //uni-eng.ru/unit/Ivanovo/Документация ЮНИТ М300/Раз
работка/Схемы ФБ ЮНИТ-М300/Проект/РЭ500/103. Общ
ие разделы РЭ//Элементы ФС/_latex/img/21_1_pls.pdf>
Package luatex.def Info: //uni-eng.ru/unit/Ivanovo/Документация Ю
НИТ М300/Разработка/Схемы ФБ ЮНИТ-М300/Проект/
РЭ500/103. Общие разделы РЭ//Элементы ФС/_latex/img/2
1_1_pls.pdf  used on input line 128.
(luatex.def)             Requested size: 101.29576pt x 36.19809pt.

warning  (file //uni-eng.ru/unit/Ivanovo/Документация ЮНИТ М300
/Разработка/Схемы ФБ ЮНИТ-М300/Проект/РЭ500/103. 
Общие разделы РЭ//Элементы ФС/_latex/img/21_2_pls.pdf) (
pdf inclusion): PDF inclusion: found PDF version '1.6', but at most version '1.5
' allowed
<//uni-eng.ru/unit/Ivanovo/Документация ЮНИТ М300/Разра
ботка/Схемы ФБ ЮНИТ-М300/Проект/РЭ500/103. Общие 
разделы РЭ//Элементы ФС/_latex/img/21_2_pls.pdf, id=2768, 84
.06406pt x 36.63687pt>
File: //uni-eng.ru/unit/Ivanovo/Документация ЮНИТ М300/Раз
работка/Схемы ФБ ЮНИТ-М300/Проект/РЭ500/103. Общ
ие разделы РЭ//Элементы ФС/_latex/img/21_2_pls.pdf Graphic
 file (type pdf)
<use //uni-eng.ru/unit/Ivanovo/Документация ЮНИТ М300/Раз
работка/Схемы ФБ ЮНИТ-М300/Проект/РЭ500/103. Общ
ие разделы РЭ//Элементы ФС/_latex/img/21_2_pls.pdf>
Package luatex.def Info: //uni-eng.ru/unit/Ivanovo/Документация Ю
НИТ М300/Разработка/Схемы ФБ ЮНИТ-М300/Проект/
РЭ500/103. Общие разделы РЭ//Элементы ФС/_latex/img/2
1_2_pls.pdf  used on input line 129.
(luatex.def)             Requested size: 116.48439pt x 50.76631pt.

Overfull \vbox (26.11638pt too high) detected at line 129
 []


warning  (file //uni-eng.ru/unit/Ivanovo/Документация ЮНИТ М300
/Разработка/Схемы ФБ ЮНИТ-М300/Проект/РЭ500/103. 
Общие разделы РЭ//Элементы ФС/_latex/img/22.pdf) (pdf in
clusion): PDF inclusion: found PDF version '1.6', but at most version '1.5' allo
wed
<//uni-eng.ru/unit/Ivanovo/Документация ЮНИТ М300/Разра
ботка/Схемы ФБ ЮНИТ-М300/Проект/РЭ500/103. Общие 
разделы РЭ//Элементы ФС/_latex/img/22.pdf, id=2769, 115.0548
4pt x 41.02827pt>
File: //uni-eng.ru/unit/Ivanovo/Документация ЮНИТ М300/Раз
работка/Схемы ФБ ЮНИТ-М300/Проект/РЭ500/103. Общ
ие разделы РЭ//Элементы ФС/_latex/img/22.pdf Graphic file 
(type pdf)
<use //uni-eng.ru/unit/Ivanovo/Документация ЮНИТ М300/Раз
работка/Схемы ФБ ЮНИТ-М300/Проект/РЭ500/103. Общ
ие разделы РЭ//Элементы ФС/_latex/img/22.pdf>
Package luatex.def Info: //uni-eng.ru/unit/Ivanovo/Документация Ю
НИТ М300/Разработка/Схемы ФБ ЮНИТ-М300/Проект/
РЭ500/103. Общие разделы РЭ//Элементы ФС/_latex/img/2
2.pdf  used on input line 132.
(luatex.def)             Requested size: 101.29596pt x 36.12189pt.

warning  (file //uni-eng.ru/unit/Ivanovo/Документация ЮНИТ М300
/Разработка/Схемы ФБ ЮНИТ-М300/Проект/РЭ500/103. 
Общие разделы РЭ//Элементы ФС/_latex/img/23_1.pdf) (pdf 
inclusion): PDF inclusion: found PDF version '1.6', but at most version '1.5' al
lowed
<//uni-eng.ru/unit/Ivanovo/Документация ЮНИТ М300/Разра
ботка/Схемы ФБ ЮНИТ-М300/Проект/РЭ500/103. Общие 
разделы РЭ//Элементы ФС/_latex/img/23_1.pdf, id=2770, 114.99
211pt x 49.11737pt>
File: //uni-eng.ru/unit/Ivanovo/Документация ЮНИТ М300/Раз
работка/Схемы ФБ ЮНИТ-М300/Проект/РЭ500/103. Общ
ие разделы РЭ//Элементы ФС/_latex/img/23_1.pdf Graphic fil
e (type pdf)
<use //uni-eng.ru/unit/Ivanovo/Документация ЮНИТ М300/Раз
работка/Схемы ФБ ЮНИТ-М300/Проект/РЭ500/103. Общ
ие разделы РЭ//Элементы ФС/_latex/img/23_1.pdf>
Package luatex.def Info: //uni-eng.ru/unit/Ivanovo/Документация Ю
НИТ М300/Разработка/Схемы ФБ ЮНИТ-М300/Проект/
РЭ500/103. Общие разделы РЭ//Элементы ФС/_latex/img/2
3_1.pdf  used on input line 135.
(luatex.def)             Requested size: 101.2951pt x 43.26686pt.

warning  (file //uni-eng.ru/unit/Ivanovo/Документация ЮНИТ М300
/Разработка/Схемы ФБ ЮНИТ-М300/Проект/РЭ500/103. 
Общие разделы РЭ//Элементы ФС/_latex/img/23_2.pdf) (pdf 
inclusion): PDF inclusion: found PDF version '1.6', but at most version '1.5' al
lowed
<//uni-eng.ru/unit/Ivanovo/Документация ЮНИТ М300/Разра
ботка/Схемы ФБ ЮНИТ-М300/Проект/РЭ500/103. Общие 
разделы РЭ//Элементы ФС/_latex/img/23_2.pdf, id=2771, 84.503
2pt x 47.80003pt>
File: //uni-eng.ru/unit/Ivanovo/Документация ЮНИТ М300/Раз
работка/Схемы ФБ ЮНИТ-М300/Проект/РЭ500/103. Общ
ие разделы РЭ//Элементы ФС/_latex/img/23_2.pdf Graphic fil
e (type pdf)
<use //uni-eng.ru/unit/Ivanovo/Документация ЮНИТ М300/Раз
работка/Схемы ФБ ЮНИТ-М300/Проект/РЭ500/103. Общ
ие разделы РЭ//Элементы ФС/_latex/img/23_2.pdf>
Package luatex.def Info: //uni-eng.ru/unit/Ivanovo/Документация Ю
НИТ М300/Разработка/Схемы ФБ ЮНИТ-М300/Проект/
РЭ500/103. Общие разделы РЭ//Элементы ФС/_latex/img/2
3_2.pdf  used on input line 136.
(luatex.def)             Requested size: 101.2937pt x 57.29773pt.

warning  (file //uni-eng.ru/unit/Ivanovo/Документация ЮНИТ М300
/Разработка/Схемы ФБ ЮНИТ-М300/Проект/РЭ500/103. 
Общие разделы РЭ//Элементы ФС/_latex/img/24_1.pdf) (pdf 
inclusion): PDF inclusion: found PDF version '1.6', but at most version '1.5' al
lowed
<//uni-eng.ru/unit/Ivanovo/Документация ЮНИТ М300/Разра
ботка/Схемы ФБ ЮНИТ-М300/Проект/РЭ500/103. Общие 
разделы РЭ//Элементы ФС/_latex/img/24_1.pdf, id=2772, 114.61
57pt x 41.21342pt>
File: //uni-eng.ru/unit/Ivanovo/Документация ЮНИТ М300/Раз
работка/Схемы ФБ ЮНИТ-М300/Проект/РЭ500/103. Общ
ие разделы РЭ//Элементы ФС/_latex/img/24_1.pdf Graphic fil
e (type pdf)
<use //uni-eng.ru/unit/Ivanovo/Документация ЮНИТ М300/Раз
работка/Схемы ФБ ЮНИТ-М300/Проект/РЭ500/103. Общ
ие разделы РЭ//Элементы ФС/_latex/img/24_1.pdf>
Package luatex.def Info: //uni-eng.ru/unit/Ivanovo/Документация Ю
НИТ М300/Разработка/Схемы ФБ ЮНИТ-М300/Проект/
РЭ500/103. Общие разделы РЭ//Элементы ФС/_latex/img/2
4_1.pdf  used on input line 139.
(luatex.def)             Requested size: 101.2941pt x 36.42323pt.

warning  (file //uni-eng.ru/unit/Ivanovo/Документация ЮНИТ М300
/Разработка/Схемы ФБ ЮНИТ-М300/Проект/РЭ500/103. 
Общие разделы РЭ//Элементы ФС/_latex/img/24_2.pdf) (pdf 
inclusion): PDF inclusion: found PDF version '1.6', but at most version '1.5' al
lowed
<//uni-eng.ru/unit/Ivanovo/Документация ЮНИТ М300/Разра
ботка/Схемы ФБ ЮНИТ-М300/Проект/РЭ500/103. Общие 
разделы РЭ//Элементы ФС/_latex/img/24_2.pdf, id=2773, 83.562
2pt x 36.38594pt>
File: //uni-eng.ru/unit/Ivanovo/Документация ЮНИТ М300/Раз
работка/Схемы ФБ ЮНИТ-М300/Проект/РЭ500/103. Общ
ие разделы РЭ//Элементы ФС/_latex/img/24_2.pdf Graphic fil
e (type pdf)
<use //uni-eng.ru/unit/Ivanovo/Документация ЮНИТ М300/Раз
работка/Схемы ФБ ЮНИТ-М300/Проект/РЭ500/103. Общ
ие разделы РЭ//Элементы ФС/_latex/img/24_2.pdf>
Package luatex.def Info: //uni-eng.ru/unit/Ivanovo/Документация Ю
НИТ М300/Разработка/Схемы ФБ ЮНИТ-М300/Проект/
РЭ500/103. Общие разделы РЭ//Элементы ФС/_latex/img/2
4_2.pdf  used on input line 140.
(luatex.def)             Requested size: 101.29799pt x 44.1087pt.

warning  (file //uni-eng.ru/unit/Ivanovo/Документация ЮНИТ М300
/Разработка/Схемы ФБ ЮНИТ-М300/Проект/РЭ500/103. 
Общие разделы РЭ//Элементы ФС/_latex/img/25.pdf) (pdf in
clusion): PDF inclusion: found PDF version '1.6', but at most version '1.5' allo
wed
<//uni-eng.ru/unit/Ivanovo/Документация ЮНИТ М300/Разра
ботка/Схемы ФБ ЮНИТ-М300/Проект/РЭ500/103. Общие 
разделы РЭ//Элементы ФС/_latex/img/25.pdf, id=2774, 114.4275
pt x 51.9402pt>
File: //uni-eng.ru/unit/Ivanovo/Документация ЮНИТ М300/Раз
работка/Схемы ФБ ЮНИТ-М300/Проект/РЭ500/103. Общ
ие разделы РЭ//Элементы ФС/_latex/img/25.pdf Graphic file 
(type pdf)
<use //uni-eng.ru/unit/Ivanovo/Документация ЮНИТ М300/Раз
работка/Схемы ФБ ЮНИТ-М300/Проект/РЭ500/103. Общ
ие разделы РЭ//Элементы ФС/_latex/img/25.pdf>
Package luatex.def Info: //uni-eng.ru/unit/Ivanovo/Документация Ю
НИТ М300/Разработка/Схемы ФБ ЮНИТ-М300/Проект/
РЭ500/103. Общие разделы РЭ//Элементы ФС/_latex/img/2
5.pdf  used on input line 143.
(luatex.def)             Requested size: 101.29364pt x 45.97855pt.

warning  (file //uni-eng.ru/unit/Ivanovo/Документация ЮНИТ М300
/Разработка/Схемы ФБ ЮНИТ-М300/Проект/РЭ500/103. 
Общие разделы РЭ//Элементы ФС/_latex/img/26.pdf) (pdf in
clusion): PDF inclusion: found PDF version '1.6', but at most version '1.5' allo
wed
<//uni-eng.ru/unit/Ivanovo/Документация ЮНИТ М300/Разра
ботка/Схемы ФБ ЮНИТ-М300/Проект/РЭ500/103. Общие 
разделы РЭ//Элементы ФС/_latex/img/26.pdf, id=2775, 114.6157
pt x 51.56381pt>
File: //uni-eng.ru/unit/Ivanovo/Документация ЮНИТ М300/Раз
работка/Схемы ФБ ЮНИТ-М300/Проект/РЭ500/103. Общ
ие разделы РЭ//Элементы ФС/_latex/img/26.pdf Graphic file 
(type pdf)
<use //uni-eng.ru/unit/Ivanovo/Документация ЮНИТ М300/Раз
работка/Схемы ФБ ЮНИТ-М300/Проект/РЭ500/103. Общ
ие разделы РЭ//Элементы ФС/_latex/img/26.pdf>
Package luatex.def Info: //uni-eng.ru/unit/Ivanovo/Документация Ю
НИТ М300/Разработка/Схемы ФБ ЮНИТ-М300/Проект/
РЭ500/103. Общие разделы РЭ//Элементы ФС/_latex/img/2
6.pdf  used on input line 146.
(luatex.def)             Requested size: 101.2941pt x 45.5706pt.

warning  (file //uni-eng.ru/unit/Ivanovo/Документация ЮНИТ М300
/Разработка/Схемы ФБ ЮНИТ-М300/Проект/РЭ500/103. 
Общие разделы РЭ//Элементы ФС/_latex/img/27.pdf) (pdf in
clusion): PDF inclusion: found PDF version '1.6', but at most version '1.5' allo
wed
<//uni-eng.ru/unit/Ivanovo/Документация ЮНИТ М300/Разра
ботка/Схемы ФБ ЮНИТ-М300/Проект/РЭ500/103. Общие 
разделы РЭ//Элементы ФС/_latex/img/27.pdf, id=2776, 113.6746
8pt x 42.65938pt>
File: //uni-eng.ru/unit/Ivanovo/Документация ЮНИТ М300/Раз
работка/Схемы ФБ ЮНИТ-М300/Проект/РЭ500/103. Общ
ие разделы РЭ//Элементы ФС/_latex/img/27.pdf Graphic file 
(type pdf)
<use //uni-eng.ru/unit/Ivanovo/Документация ЮНИТ М300/Раз
работка/Схемы ФБ ЮНИТ-М300/Проект/РЭ500/103. Общ
ие разделы РЭ//Элементы ФС/_latex/img/27.pdf>
Package luatex.def Info: //uni-eng.ru/unit/Ivanovo/Документация Ю
НИТ М300/Разработка/Схемы ФБ ЮНИТ-М300/Проект/
РЭ500/103. Общие разделы РЭ//Элементы ФС/_latex/img/2
7.pdf  used on input line 149.
(luatex.def)             Requested size: 101.29155pt x 38.01227pt.

Overfull \hbox (0.61133pt too wide) in alignment at lines 59--152
 [][][] 
 []

[56




<//uni-eng.ru/unit/Ivanovo/Документация ЮНИТ М300/Разра
ботка/Схемы ФБ ЮНИТ-М300/Проект/РЭ500/103. Общие 
разделы РЭ//Элементы ФС/_latex/img/1_analog_canal.pdf><//uni-
eng.ru/unit/Ivanovo/Документация ЮНИТ М300/Разработк
а/Схемы ФБ ЮНИТ-М300/Проект/РЭ500/103. Общие раз
делы РЭ//Элементы ФС/_latex/img/2_po.pdf><//uni-eng.ru/unit/Ivan
ovo/Документация ЮНИТ М300/Разработка/Схемы Ф
Б ЮНИТ-М300/Проект/РЭ500/103. Общие разделы РЭ//Э
лементы ФС/_latex/img/3_out_sig.pdf><//uni-eng.ru/unit/Ivanovo/Док
ументация ЮНИТ М300/Разработка/Схемы ФБ ЮНИ
Т-М300/Проект/РЭ500/103. Общие разделы РЭ//Элеме
нты ФС/_latex/img/4_inner.pdf><//uni-eng.ru/unit/Ivanovo/Документ
ация ЮНИТ М300/Разработка/Схемы ФБ ЮНИТ-М300/П
роект/РЭ500/103. Общие разделы РЭ//Элементы ФС/_l
atex/img/5_out_inner.pdf><//uni-eng.ru/unit/Ivanovo/Документация 
ЮНИТ М300/Разработка/Схемы ФБ ЮНИТ-М300/Проек
т/РЭ500/103. Общие разделы РЭ//Элементы ФС/_latex/img
/6_virt_key.pdf><//uni-eng.ru/unit/Ivanovo/Документация ЮНИТ 
М300/Разработка/Схемы ФБ ЮНИТ-М300/Проект/РЭ500/1
03. Общие разделы РЭ//Элементы ФС/_latex/img/7_virt_but.
pdf><//uni-eng.ru/unit/Ivanovo/Документация ЮНИТ М300/Раз
работка/Схемы ФБ ЮНИТ-М300/Проект/РЭ500/103. Общ
ие разделы РЭ//Элементы ФС/_latex/img/8_switch.pdf><//uni-e
ng.ru/unit/Ivanovo/Документация ЮНИТ М300/Разработк
а/Схемы ФБ ЮНИТ-М300/Проект/РЭ500/103. Общие раз
делы РЭ//Элементы ФС/_latex/img/9_1_and.pdf><//uni-eng.ru/unit/I
vanovo/Документация ЮНИТ М300/Разработка/Схемы 
ФБ ЮНИТ-М300/Проект/РЭ500/103. Общие разделы РЭ//
Элементы ФС/_latex/img/9_2_and.pdf><//uni-eng.ru/unit/Ivanovo/Док
ументация ЮНИТ М300/Разработка/Схемы ФБ ЮНИ
Т-М300/Проект/РЭ500/103. Общие разделы РЭ//Элеме
нты ФС/_latex/img/10_1_or.pdf><//uni-eng.ru/unit/Ivanovo/Документ
ация ЮНИТ М300/Разработка/Схемы ФБ ЮНИТ-М300/П
роект/РЭ500/103. Общие разделы РЭ//Элементы ФС/_l
atex/img/10_2_or.pdf><//uni-eng.ru/unit/Ivanovo/Документация ЮН
ИТ М300/Разработка/Схемы ФБ ЮНИТ-М300/Проект/Р
Э500/103. Общие разделы РЭ//Элементы ФС/_latex/img/11_1
_xor.pdf><//uni-eng.ru/unit/Ivanovo/Документация ЮНИТ М300/Р
азработка/Схемы ФБ ЮНИТ-М300/Проект/РЭ500/103. О
бщие разделы РЭ//Элементы ФС/_latex/img/11_2_xor.pdf><//u
ni-eng.ru/unit/Ivanovo/Документация ЮНИТ М300/Разрабо
тка/Схемы ФБ ЮНИТ-М300/Проект/РЭ500/103. Общие р
азделы РЭ//Элементы ФС/_latex/img/12_1_sr_mem.pdf><//uni-eng.r
u/unit/Ivanovo/Документация ЮНИТ М300/Разработка/С
хемы ФБ ЮНИТ-М300/Проект/РЭ500/103. Общие раздел
ы РЭ//Элементы ФС/_latex/img/12_2.pdf><//uni-eng.ru/unit/Ivanovo/
Документация ЮНИТ М300/Разработка/Схемы ФБ 
ЮНИТ-М300/Проект/РЭ500/103. Общие разделы РЭ//Эл
ементы ФС/_latex/img/13_1_sr.pdf><//uni-eng.ru/unit/Ivanovo/Докум
ентация ЮНИТ М300/Разработка/Схемы ФБ ЮНИТ-М30
0/Проект/РЭ500/103. Общие разделы РЭ//Элементы 
ФС/_latex/img/14_1_rs_mem.pdf><//uni-eng.ru/unit/Ivanovo/Документа
ция ЮНИТ М300/Разработка/Схемы ФБ ЮНИТ-М300/Пр
оект/РЭ500/103. Общие разделы РЭ//Элементы ФС/_lat
ex/img/14_2.pdf><//uni-eng.ru/unit/Ivanovo/Документация ЮНИТ 
М300/Разработка/Схемы ФБ ЮНИТ-М300/Проект/РЭ500/1
03. Общие разделы РЭ//Элементы ФС/_latex/img/15_1_rs.pdf
>] [57<//uni-eng.ru/unit/Ivanovo/Документация ЮНИТ М300/Ра
зработка/Схемы ФБ ЮНИТ-М300/Проект/РЭ500/103. Об
щие разделы РЭ//Элементы ФС/_latex/img/16_not.pdf><//uni-e
ng.ru/unit/Ivanovo/Документация ЮНИТ М300/Разработк
а/Схемы ФБ ЮНИТ-М300/Проект/РЭ500/103. Общие раз
делы РЭ//Элементы ФС/_latex/img/17_1_ton.pdf><//uni-eng.ru/unit/
Ivanovo/Документация ЮНИТ М300/Разработка/Схем
ы ФБ ЮНИТ-М300/Проект/РЭ500/103. Общие разделы Р
Э//Элементы ФС/_latex/img/17_2_ton.pdf><//uni-eng.ru/unit/Ivanovo/
Документация ЮНИТ М300/Разработка/Схемы ФБ 
ЮНИТ-М300/Проект/РЭ500/103. Общие разделы РЭ//Эл
ементы ФС/_latex/img/18.pdf><//uni-eng.ru/unit/Ivanovo/Докумен
тация ЮНИТ М300/Разработка/Схемы ФБ ЮНИТ-М300/
Проект/РЭ500/103. Общие разделы РЭ//Элементы Ф
С/_latex/img/19_1_tof.pdf><//uni-eng.ru/unit/Ivanovo/Документация 
ЮНИТ М300/Разработка/Схемы ФБ ЮНИТ-М300/Проек
т/РЭ500/103. Общие разделы РЭ//Элементы ФС/_latex/img
/20.pdf><//uni-eng.ru/unit/Ivanovo/Документация ЮНИТ М300/Р
азработка/Схемы ФБ ЮНИТ-М300/Проект/РЭ500/103. О
бщие разделы РЭ//Элементы ФС/_latex/img/19_2_tof.pdf><//u
ni-eng.ru/unit/Ivanovo/Документация ЮНИТ М300/Разрабо
тка/Схемы ФБ ЮНИТ-М300/Проект/РЭ500/103. Общие р
азделы РЭ//Элементы ФС/_latex/img/21_1_pls.pdf><//uni-eng.ru/u
nit/Ivanovo/Документация ЮНИТ М300/Разработка/Сх
емы ФБ ЮНИТ-М300/Проект/РЭ500/103. Общие разделы 
РЭ//Элементы ФС/_latex/img/21_2_pls.pdf><//uni-eng.ru/unit/Ivanovo/
Документация ЮНИТ М300/Разработка/Схемы ФБ 
ЮНИТ-М300/Проект/РЭ500/103. Общие разделы РЭ//Эл
ементы ФС/_latex/img/22.pdf><//uni-eng.ru/unit/Ivanovo/Докумен
тация ЮНИТ М300/Разработка/Схемы ФБ ЮНИТ-М300/
Проект/РЭ500/103. Общие разделы РЭ//Элементы Ф
С/_latex/img/23_1.pdf><//uni-eng.ru/unit/Ivanovo/Документация Ю
НИТ М300/Разработка/Схемы ФБ ЮНИТ-М300/Проект/
РЭ500/103. Общие разделы РЭ//Элементы ФС/_latex/img/23
_2.pdf><//uni-eng.ru/unit/Ivanovo/Документация ЮНИТ М300/Ра
зработка/Схемы ФБ ЮНИТ-М300/Проект/РЭ500/103. Об
щие разделы РЭ//Элементы ФС/_latex/img/24_1.pdf><//uni-eng
.ru/unit/Ivanovo/Документация ЮНИТ М300/Разработка/
Схемы ФБ ЮНИТ-М300/Проект/РЭ500/103. Общие разде
лы РЭ//Элементы ФС/_latex/img/24_2.pdf><//uni-eng.ru/unit/Ivanovo/
Документация ЮНИТ М300/Разработка/Схемы ФБ 
ЮНИТ-М300/Проект/РЭ500/103. Общие разделы РЭ//Эл
ементы ФС/_latex/img/25.pdf><//uni-eng.ru/unit/Ivanovo/Докумен
тация ЮНИТ М300/Разработка/Схемы ФБ ЮНИТ-М300/
Проект/РЭ500/103. Общие разделы РЭ//Элементы Ф
С/_latex/img/26.pdf><//uni-eng.ru/unit/Ivanovo/Документация ЮН
ИТ М300/Разработка/Схемы ФБ ЮНИТ-М300/Проект/Р
Э500/103. Общие разделы РЭ//Элементы ФС/_latex/img/27.p
df>]) (./endapp.tex)
("//uni-eng.ru/unit/Ivanovo/Документация ЮНИТ М300/Разра
ботка/Схемы ФБ ЮНИТ-М300/Проект/РЭ500/103. Общие 
разделы РЭ//Лист рег изм/_latex/izm.tex"
Package typearea Info: These are the values describing the layout:
(typearea)             DIV  = areaset
(typearea)             BCOR = 0.0pt
(typearea)             \paperwidth      = 597.50793pt
(typearea)              \textwidth      = 512.1496pt
(typearea)              \evensidemargin = -29.59084pt
(typearea)              \oddsidemargin  = -29.59084pt
(typearea)             \paperheight     = 845.04694pt
(typearea)              \textheight     = 759.68857pt
(typearea)              \topmargin      = -82.5672pt
(typearea)              \headheight     = 17.0pt
(typearea)              \headsep        = 21.75pt
(typearea)              \topskip        = 22.0pt
(typearea)              \footskip       = 50.75pt
(typearea)              \baselineskip   = 14.5pt
(typearea)              on input line 2.
Package typearea Info: Using dirty hack to recalculate internal output
(typearea)             dimensions of LaTeX on input line 2.


Package typearea Warning: page content and margins higher than paper.
(typearea)                This may result in page footer out of paper.
(typearea)                You should decrease DIV, decrease foot height,
(typearea)                or decreate height of text area.

*geometry* verbose mode - [ newgeometry ] result:
* driver: luatex
* paper: a4paper
* layout: <same size as paper>
* layoutoffset:(h,v)=(0.0pt,0.0pt)
* modes: includehead includefoot 
* h-part:(L,W,R)=(62.59605pt, 506.45908pt, 28.45274pt)
* v-part:(T,H,B)=(17.07164pt, 810.90356pt, 17.07164pt)
* \paperwidth=597.50787pt
* \paperheight=845.04684pt
* \textwidth=506.45908pt
* \textheight=767.95084pt
* \oddsidemargin=-9.67393pt
* \evensidemargin=-9.67393pt
* \topmargin=-55.19835pt
* \headheight=14.5pt
* \headsep=8.53581pt
* \topskip=22.0pt
* \footskip=19.91692pt
* \marginparwidth=0.0pt
* \marginparsep=0.0pt
* \columnsep=10.0pt
* \skip\footins=10.8pt plus 4.0pt minus 2.0pt
* \hoffset=0.0pt
* \voffset=0.0pt
* \mag=1000
* \@twocolumnfalse
* \@twosidefalse
* \@mparswitchfalse
* \@reversemarginfalse
* (1in=72.27pt=25.4mm, 1cm=28.453pt)


Overfull \hbox (3.58856pt too wide) in paragraph at lines 28--28
 []|\TU/ArialNarrow(1)/m/n/12 Изм.| 
 []


Overfull \hbox (1.0348pt too wide) in alignment at lines 21--30
 [][][][][][][][][] 
 []


Overfull \hbox (44.7773pt too wide) in paragraph at lines 31--32
 []|\TU/ArialNarrow(1)/m/it/12 Продолжение 
 []


Overfull \hbox (3.58856pt too wide) in paragraph at lines 35--35
 []|\TU/ArialNarrow(1)/m/n/12 Изм.| 
 []


Overfull \hbox (1.0348pt too wide) in alignment at lines 30--37
 [][][][][][][][][] 
 []


Overfull \hbox (1.0348pt too wide) in alignment at lines 37--39
 [][][][][][][][][] 
 []


Overfull \hbox (1.0348pt too wide) in alignment at lines 39--41
 [][][][][][][][][] 
 []


Overfull \hbox (1.0348pt too wide) in alignment at lines 41--97
 [][][][][][][][][] 
 []

[58


]) (./general.aux)
 ***********
LaTeX2e <2023-11-01>
L3 programming layer <2023-11-09>
 ***********


LaTeX Warning: There were undefined references.


LaTeX Warning: There were multiply-defined labels.

Package rerunfilecheck Info: File `general.out' has not changed.
(rerunfilecheck)             Checksum: BF7A0CE956ED67328B4FE5E07E2D1177;2859.
)

Here is how much of LuaTeX's memory you used:
 41815 strings out of 476598
 195466,1977958 words of node,token memory allocated
 958 words of node memory still in use:
   7 hlist, 3 vlist, 4 rule, 1 local_par, 5 glue, 4 kern, 1 penalty, 3 glyph, 43
 attribute, 108 glue_spec, 23 attribute_list, 3 write nodes
   avail lists: 1:6,2:5968,3:890,4:212,5:479,6:526,7:9746,8:94,9:5886,10:20,11:1
423
 61809 multiletter control sequences out of 65536+600000
 80 fonts using 28844439 bytes
 113i,17n,104p,2099b,998s stack positions out of 10000i,1000n,20000p,200000b,200000s
<d:/texlive/2023/texmf-dist/fonts/opentype/public/stix2-otf/STIXTwoMath-Regular.
otf><c:/Windows/Fonts/ARIALNI.TTF><d:/texlive/2023/texmf-dist/fonts/opentype/pub
lic/stix2-otf/STIXTwoMath-Regular.otf><d:/texlive/2023/texmf-dist/fonts/opentype
/public/stix2-otf/STIXTwoMath-Regular.otf><c:/Windows/Fonts/ARIALN.TTF><c:/Windo
ws/Fonts/ARIALNB.TTF>
Output written on general.pdf (58 pages, 11172679 bytes).

PDF statistics: 3112 PDF objects out of 3580 (max. 8388607)
 2313 compressed objects within 24 object streams
 453 named destinations out of 1000 (max. 131072)
 96 words of extra memory for PDF output out of 10000 (max. 100000000)

