This is LuaHBTeX, Version 1.22.0 (TeX Live 2025)  (format=lualatex 2025.12.19)  20 JUL 2026 17:03
 restricted system commands enabled.
**general.tex
(./general.tex
LaTeX2e <2025-11-01>
L3 programming layer <2025-11-14>
Lua module: luaotfload 2024-12-03 v3.29 Lua based OpenType font support
Lua module: lualibs 2023-07-13 v2.76 ConTeXt Lua standard libraries.
Lua module: lualibs-extended 2023-07-13 v2.76 ConTeXt Lua libraries -- extended 
collection.
luaotfload | conf : Root cache directory is "C:/texlive/2025/texmf-var/luatex-ca
che/generic/names".
luaotfload | init : Loading fontloader "fontloader-2023-12-28.lua" from kpse-res
olved path "c:/texlive/2025/texmf-dist/tex/luatex/luaotfload/fontloader-2023-12-
28.lua".
Lua-only attribute luaotfload@noligature = 1
luaotfload | init : Context OpenType loader version 3.134
Inserting `luaotfload.node_processor' in `pre_linebreak_filter'.
Inserting `luaotfload.node_processor' in `hpack_filter'.
Inserting `luaotfload.glyph_stream' in `glyph_stream_provider'.
Inserting `luaotfload.define_font' in `define_font'.
Lua-only attribute luaotfload_color_attribute = 2
luaotfload | conf : Root cache directory is "C:/texlive/2025/texmf-var/luatex-ca
che/generic/names".
Inserting `luaotfload.harf.strip_prefix' in `find_opentype_file'.
Inserting `luaotfload.harf.strip_prefix' in `find_truetype_file'.
Removing  `luaotfload.glyph_stream' from `glyph_stream_provider'.
Inserting `luaotfload.harf.glyphstream' in `glyph_stream_provider'.
Inserting `luaotfload.harf.finalize_vlist' in `post_linebreak_filter'.
Inserting `luaotfload.harf.finalize_hlist' in `hpack_filter'.
Inserting `luaotfload.cleanup_files' in `wrapup_run'.
Inserting `luaotfload.harf.finalize_unicode' in `finish_pdffile'.
Inserting `luaotfload.glyphinfo' in `glyph_info'.
Lua-only attribute luaotfload.letterspace_done = 3
Inserting `luaotfload.aux.set_sscale_dimens' in `luaotfload.patch_font'.
Inserting `luaotfload.aux.set_font_index' in `luaotfload.patch_font'.
Inserting `luaotfload.aux.patch_cambria_domh' in `luaotfload.patch_font'.
Inserting `luaotfload.aux.fixup_fontdata' in `luaotfload.patch_font_unsafe'.
Inserting `luaotfload.aux.set_capheight' in `luaotfload.patch_font'.
Inserting `luaotfload.aux.set_xheight' in `luaotfload.patch_font'.
Inserting `luaotfload.rewrite_fontname' in `luaotfload.patch_font'.
Inserting `tracingstacklevels' in `input_level_string'.
("//192.168.11.240/Ivanovo/Документация ЮНИТ М300/Разра
ботка/Схемы ФБ ЮНИТ-М300/Проект/РЭ500/99. Общие 
разделы РЭ/preamble.tex"
(c:/texlive/2025/texmf-dist/tex/latex/extsizes/extarticle.cls
Document Class: extarticle 1996/10/08 v1.0 Non Standard LaTeX document class
(c:/texlive/2025/texmf-dist/tex/latex/base/size12.clo
File: size12.clo 2025/01/22 v1.4n Standard LaTeX file (size option)
luaotfload | db : Font names database loaded from C:/texlive/2025/texmf-var/luat
ex-cache/generic/names/luaotfload-names.luc.gz)
(c:/texlive/2025/texmf-dist/tex/latex/base/exscale.sty
Package: exscale 2025/06/05 v2.1i Standard LaTeX package exscale
LaTeX Font Info:    Redeclaring symbol font `largesymbols' on input line 57.
LaTeX Font Info:    Overwriting symbol font `largesymbols' in version `normal'
(Font)                  OMX/cmex/m/n --> OMX/cmex/m/n on input line 57.
LaTeX Font Info:    Overwriting symbol font `largesymbols' in version `bold'
(Font)                  OMX/cmex/m/n --> OMX/cmex/m/n on input line 57.
\big@size=\dimen147
)
\c@part=\count273
\c@section=\count274
\c@subsection=\count275
\c@subsubsection=\count276
\c@paragraph=\count277
\c@subparagraph=\count278
\c@figure=\count279
\c@table=\count280
\abovecaptionskip=\skip49
\belowcaptionskip=\skip50
\bibindent=\dimen148
)
(c:/texlive/2025/texmf-dist/tex/latex/fontspec/fontspec.sty
(c:/texlive/2025/texmf-dist/tex/latex/l3packages/xparse/xparse.sty
(c:/texlive/2025/texmf-dist/tex/latex/l3kernel/expl3.sty
Package: expl3 2025-11-14 L3 programming layer (loader) 

(c:/texlive/2025/texmf-dist/tex/latex/l3backend/l3backend-luatex.def
File: l3backend-luatex.def 2025-10-09 L3 backend support: PDF output (LuaTeX)
\l__color_backend_stack_int=\count281
Inserting `l3color' in `luaotfload.parse_color'.))
Package: xparse 2025-10-09 L3 Experimental document command parser
)
Package: fontspec 2025/09/29 v2.9g Font selection for XeLaTeX and LuaLaTeX
Lua module: fontspec 2025/09/29 v2.9g Font selection for XeLaTeX and LuaLaTeX
(c:/texlive/2025/texmf-dist/tex/latex/fontspec/fontspec-luatex.sty
Package: fontspec-luatex 2025/09/29 v2.9g Font selection for XeLaTeX and LuaLaT
eX
\l__fontspec_script_int=\count282
\l__fontspec_language_int=\count283
\l__fontspec_strnum_int=\count284
\l__fontspec_tmp_int=\count285
\l__fontspec_tmpa_int=\count286
\l__fontspec_tmpb_int=\count287
\l__fontspec_tmpc_int=\count288
\l__fontspec_em_int=\count289
\l__fontspec_emdef_int=\count290
\l__fontspec_strong_int=\count291
\l__fontspec_strongdef_int=\count292
\l__fontspec_tmpa_dim=\dimen149
\l__fontspec_tmpb_dim=\dimen150
\l__fontspec_tmpc_dim=\dimen151

(c:/texlive/2025/texmf-dist/tex/latex/base/fontenc.sty
Package: fontenc 2025/07/18 v2.1d Standard LaTeX package
)
(c:/texlive/2025/texmf-dist/tex/latex/fontspec/fontspec.cfg)))
luaotfload | cache : Lookup cache loaded from C:/texlive/2025/texmf-var/luatex-c
ache/generic/names/luaotfload-lookup-cache.luc.

Package fontspec Info: 
(fontspec)             Font family 'ArialNarrow(0)' created for font 'Arial
(fontspec)             Narrow' with options
(fontspec)             [Ligatures=TeX,Ligatures=TeX,BoldFont={Arial Narrow
(fontspec)             Bold},ItalicFont={Arial Narrow
(fontspec)             Italic},BoldItalicFont={Arial Narrow Bold Italic}].
(fontspec)              
(fontspec)              This font family consists of the following NFSS
(fontspec)             series/shapes:
(fontspec)              
(fontspec)             - 'normal' (m/n) with NFSS spec.: <->"name:Arial
(fontspec)             Narrow:mode=node;language=dflt;+tlig;"
(fontspec)             - 'bold' (b/n) with NFSS spec.: <->"name:Arial Narrow
(fontspec)             Bold:mode=node;language=dflt;+tlig;"
(fontspec)             - 'italic' (m/it) with NFSS spec.: <->"name:Arial
(fontspec)             Narrow Italic:mode=node;language=dflt;+tlig;"
(fontspec)             - 'bold italic' (b/it) with NFSS spec.: <->"name:Arial
(fontspec)             Narrow Bold Italic:mode=node;language=dflt;+tlig;"


(c:/texlive/2025/texmf-dist/tex/latex/unicode-math/unicode-math.sty
Package: unicode-math 2023/08/13 v0.8r Unicode maths in XeLaTeX and LuaLaTeX

(c:/texlive/2025/texmf-dist/tex/latex/unicode-math/unicode-math-luatex.sty
Package: unicode-math-luatex 2023/08/13 v0.8r Unicode maths in XeLaTeX and LuaL
aTeX

(c:/texlive/2025/texmf-dist/tex/latex/l3packages/l3keys2e/l3keys2e.sty
Package: l3keys2e 2025-10-09 LaTeX2e option processing using LaTeX3 keys
)
(c:/texlive/2025/texmf-dist/tex/latex/base/fix-cm.sty
Package: fix-cm 2020/11/24 v1.1t fixes to LaTeX

(c:/texlive/2025/texmf-dist/tex/latex/base/ts1enc.def
File: ts1enc.def 2001/06/05 v3.0e (jk/car/fm) Standard LaTeX file
LaTeX Font Info:    Redeclaring font encoding TS1 on input line 47.
LaTeX Encoding Info:    Redeclaring text command \capitalcedilla (encoding TS1)
 on input line 49.
LaTeX Encoding Info:    Redeclaring text command \capitalogonek (encoding TS1) 
on input line 52.
LaTeX Encoding Info:    Redeclaring text command \capitalgrave (encoding TS1) o
n input line 55.
LaTeX Encoding Info:    Redeclaring text command \capitalacute (encoding TS1) o
n input line 56.
LaTeX Encoding Info:    Redeclaring text command \capitalcircumflex (encoding T
S1) on input line 57.
LaTeX Encoding Info:    Redeclaring text command \capitaltilde (encoding TS1) o
n input line 58.
LaTeX Encoding Info:    Redeclaring text command \capitaldieresis (encoding TS1
) on input line 59.
LaTeX Encoding Info:    Redeclaring text command \capitalhungarumlaut (encoding
 TS1) on input line 60.
LaTeX Encoding Info:    Redeclaring text command \capitalring (encoding TS1) on
 input line 61.
LaTeX Encoding Info:    Redeclaring text command \capitalcaron (encoding TS1) o
n input line 62.
LaTeX Encoding Info:    Redeclaring text command \capitalbreve (encoding TS1) o
n input line 63.
LaTeX Encoding Info:    Redeclaring text command \capitalmacron (encoding TS1) 
on input line 64.
LaTeX Encoding Info:    Redeclaring text command \capitaldotaccent (encoding TS
1) on input line 65.
LaTeX Encoding Info:    Redeclaring text command \t (encoding TS1) on input lin
e 66.
LaTeX Encoding Info:    Redeclaring text command \capitaltie (encoding TS1) on 
input line 67.
LaTeX Encoding Info:    Redeclaring text command \newtie (encoding TS1) on inpu
t line 68.
LaTeX Encoding Info:    Redeclaring text command \capitalnewtie (encoding TS1) 
on input line 69.
LaTeX Encoding Info:    Redeclaring text symbol \textcapitalcompwordmark (encod
ing TS1) on input line 70.
LaTeX Encoding Info:    Redeclaring text symbol \textascendercompwordmark (enco
ding TS1) on input line 71.
LaTeX Encoding Info:    Redeclaring text symbol \textquotestraightbase (encodin
g TS1) on input line 72.
LaTeX Encoding Info:    Redeclaring text symbol \textquotestraightdblbase (enco
ding TS1) on input line 73.
LaTeX Encoding Info:    Redeclaring text symbol \texttwelveudash (encoding TS1)
 on input line 74.
LaTeX Encoding Info:    Redeclaring text symbol \textthreequartersemdash (encod
ing TS1) on input line 75.
LaTeX Encoding Info:    Redeclaring text symbol \textleftarrow (encoding TS1) o
n input line 76.
LaTeX Encoding Info:    Redeclaring text symbol \textrightarrow (encoding TS1) 
on input line 77.
LaTeX Encoding Info:    Redeclaring text symbol \textblank (encoding TS1) on in
put line 78.
LaTeX Encoding Info:    Redeclaring text symbol \textdollar (encoding TS1) on i
nput line 79.
LaTeX Encoding Info:    Redeclaring text symbol \textquotesingle (encoding TS1)
 on input line 80.
LaTeX Encoding Info:    Redeclaring text command \textasteriskcentered (encodin
g TS1) on input line 81.
LaTeX Encoding Info:    Redeclaring text symbol \textdblhyphen (encoding TS1) o
n input line 92.
LaTeX Encoding Info:    Redeclaring text symbol \textfractionsolidus (encoding 
TS1) on input line 93.
LaTeX Encoding Info:    Redeclaring text symbol \textzerooldstyle (encoding TS1
) on input line 94.
LaTeX Encoding Info:    Redeclaring text symbol \textoneoldstyle (encoding TS1)
 on input line 95.
LaTeX Encoding Info:    Redeclaring text symbol \texttwooldstyle (encoding TS1)
 on input line 96.
LaTeX Encoding Info:    Redeclaring text symbol \textthreeoldstyle (encoding TS
1) on input line 97.
LaTeX Encoding Info:    Redeclaring text symbol \textfouroldstyle (encoding TS1
) on input line 98.
LaTeX Encoding Info:    Redeclaring text symbol \textfiveoldstyle (encoding TS1
) on input line 99.
LaTeX Encoding Info:    Redeclaring text symbol \textsixoldstyle (encoding TS1)
 on input line 100.
LaTeX Encoding Info:    Redeclaring text symbol \textsevenoldstyle (encoding TS
1) on input line 101.
LaTeX Encoding Info:    Redeclaring text symbol \texteightoldstyle (encoding TS
1) on input line 102.
LaTeX Encoding Info:    Redeclaring text symbol \textnineoldstyle (encoding TS1
) on input line 103.
LaTeX Encoding Info:    Redeclaring text symbol \textlangle (encoding TS1) on i
nput line 104.
LaTeX Encoding Info:    Redeclaring text symbol \textminus (encoding TS1) on in
put line 105.
LaTeX Encoding Info:    Redeclaring text symbol \textrangle (encoding TS1) on i
nput line 106.
LaTeX Encoding Info:    Redeclaring text symbol \textmho (encoding TS1) on inpu
t line 107.
LaTeX Encoding Info:    Redeclaring text symbol \textbigcircle (encoding TS1) o
n input line 108.
LaTeX Encoding Info:    Redeclaring text command \textcircled (encoding TS1) on
 input line 109.
LaTeX Encoding Info:    Redeclaring text symbol \textohm (encoding TS1) on inpu
t line 115.
LaTeX Encoding Info:    Redeclaring text symbol \textlbrackdbl (encoding TS1) o
n input line 116.
LaTeX Encoding Info:    Redeclaring text symbol \textrbrackdbl (encoding TS1) o
n input line 117.
LaTeX Encoding Info:    Redeclaring text symbol \textuparrow (encoding TS1) on 
input line 118.
LaTeX Encoding Info:    Redeclaring text symbol \textdownarrow (encoding TS1) o
n input line 119.
LaTeX Encoding Info:    Redeclaring text symbol \textasciigrave (encoding TS1) 
on input line 120.
LaTeX Encoding Info:    Redeclaring text symbol \textborn (encoding TS1) on inp
ut line 121.
LaTeX Encoding Info:    Redeclaring text symbol \textdivorced (encoding TS1) on
 input line 122.
LaTeX Encoding Info:    Redeclaring text symbol \textdied (encoding TS1) on inp
ut line 123.
LaTeX Encoding Info:    Redeclaring text symbol \textleaf (encoding TS1) on inp
ut line 124.
LaTeX Encoding Info:    Redeclaring text symbol \textmarried (encoding TS1) on 
input line 125.
LaTeX Encoding Info:    Redeclaring text symbol \textmusicalnote (encoding TS1)
 on input line 126.
LaTeX Encoding Info:    Redeclaring text symbol \texttildelow (encoding TS1) on
 input line 127.
LaTeX Encoding Info:    Redeclaring text symbol \textdblhyphenchar (encoding TS
1) on input line 128.
LaTeX Encoding Info:    Redeclaring text symbol \textasciibreve (encoding TS1) 
on input line 129.
LaTeX Encoding Info:    Redeclaring text symbol \textasciicaron (encoding TS1) 
on input line 130.
LaTeX Encoding Info:    Redeclaring text symbol \textacutedbl (encoding TS1) on
 input line 131.
LaTeX Encoding Info:    Redeclaring text symbol \textgravedbl (encoding TS1) on
 input line 132.
LaTeX Encoding Info:    Redeclaring text symbol \textdagger (encoding TS1) on i
nput line 133.
LaTeX Encoding Info:    Redeclaring text symbol \textdaggerdbl (encoding TS1) o
n input line 134.
LaTeX Encoding Info:    Redeclaring text symbol \textbardbl (encoding TS1) on i
nput line 135.
LaTeX Encoding Info:    Redeclaring text symbol \textperthousand (encoding TS1)
 on input line 136.
LaTeX Encoding Info:    Redeclaring text symbol \textbullet (encoding TS1) on i
nput line 137.
LaTeX Encoding Info:    Redeclaring text symbol \textcelsius (encoding TS1) on 
input line 138.
LaTeX Encoding Info:    Redeclaring text symbol \textdollaroldstyle (encoding T
S1) on input line 139.
LaTeX Encoding Info:    Redeclaring text symbol \textcentoldstyle (encoding TS1
) on input line 140.
LaTeX Encoding Info:    Redeclaring text symbol \textflorin (encoding TS1) on i
nput line 141.
LaTeX Encoding Info:    Redeclaring text symbol \textcolonmonetary (encoding TS
1) on input line 142.
LaTeX Encoding Info:    Redeclaring text symbol \textwon (encoding TS1) on inpu
t line 143.
LaTeX Encoding Info:    Redeclaring text symbol \textnaira (encoding TS1) on in
put line 144.
LaTeX Encoding Info:    Redeclaring text symbol \textguarani (encoding TS1) on 
input line 145.
LaTeX Encoding Info:    Redeclaring text symbol \textpeso (encoding TS1) on inp
ut line 146.
LaTeX Encoding Info:    Redeclaring text symbol \textlira (encoding TS1) on inp
ut line 147.
LaTeX Encoding Info:    Redeclaring text symbol \textrecipe (encoding TS1) on i
nput line 148.
LaTeX Encoding Info:    Redeclaring text symbol \textinterrobang (encoding TS1)
 on input line 149.
LaTeX Encoding Info:    Redeclaring text symbol \textinterrobangdown (encoding 
TS1) on input line 150.
LaTeX Encoding Info:    Redeclaring text symbol \textdong (encoding TS1) on inp
ut line 151.
LaTeX Encoding Info:    Redeclaring text symbol \texttrademark (encoding TS1) o
n input line 152.
LaTeX Encoding Info:    Redeclaring text symbol \textpertenthousand (encoding T
S1) on input line 153.
LaTeX Encoding Info:    Redeclaring text symbol \textpilcrow (encoding TS1) on 
input line 154.
LaTeX Encoding Info:    Redeclaring text symbol \textbaht (encoding TS1) on inp
ut line 155.
LaTeX Encoding Info:    Redeclaring text symbol \textnumero (encoding TS1) on i
nput line 156.
LaTeX Encoding Info:    Redeclaring text symbol \textdiscount (encoding TS1) on
 input line 157.
LaTeX Encoding Info:    Redeclaring text symbol \textestimated (encoding TS1) o
n input line 158.
LaTeX Encoding Info:    Redeclaring text symbol \textopenbullet (encoding TS1) 
on input line 159.
LaTeX Encoding Info:    Redeclaring text symbol \textservicemark (encoding TS1)
 on input line 160.
LaTeX Encoding Info:    Redeclaring text symbol \textlquill (encoding TS1) on i
nput line 161.
LaTeX Encoding Info:    Redeclaring text symbol \textrquill (encoding TS1) on i
nput line 162.
LaTeX Encoding Info:    Redeclaring text symbol \textcent (encoding TS1) on inp
ut line 163.
LaTeX Encoding Info:    Redeclaring text symbol \textsterling (encoding TS1) on
 input line 164.
LaTeX Encoding Info:    Redeclaring text symbol \textcurrency (encoding TS1) on
 input line 165.
LaTeX Encoding Info:    Redeclaring text symbol \textyen (encoding TS1) on inpu
t line 166.
LaTeX Encoding Info:    Redeclaring text symbol \textbrokenbar (encoding TS1) o
n input line 167.
LaTeX Encoding Info:    Redeclaring text symbol \textsection (encoding TS1) on 
input line 168.
LaTeX Encoding Info:    Redeclaring text symbol \textasciidieresis (encoding TS
1) on input line 169.
LaTeX Encoding Info:    Redeclaring text symbol \textcopyright (encoding TS1) o
n input line 170.
LaTeX Encoding Info:    Redeclaring text symbol \textordfeminine (encoding TS1)
 on input line 171.
LaTeX Encoding Info:    Redeclaring text symbol \textcopyleft (encoding TS1) on
 input line 172.
LaTeX Encoding Info:    Redeclaring text symbol \textlnot (encoding TS1) on inp
ut line 173.
LaTeX Encoding Info:    Redeclaring text symbol \textcircledP (encoding TS1) on
 input line 174.
LaTeX Encoding Info:    Redeclaring text symbol \textregistered (encoding TS1) 
on input line 175.
LaTeX Encoding Info:    Redeclaring text symbol \textasciimacron (encoding TS1)
 on input line 176.
LaTeX Encoding Info:    Redeclaring text symbol \textdegree (encoding TS1) on i
nput line 177.
LaTeX Encoding Info:    Redeclaring text symbol \textpm (encoding TS1) on input
 line 178.
LaTeX Encoding Info:    Redeclaring text symbol \texttwosuperior (encoding TS1)
 on input line 179.
LaTeX Encoding Info:    Redeclaring text symbol \textthreesuperior (encoding TS
1) on input line 180.
LaTeX Encoding Info:    Redeclaring text symbol \textasciiacute (encoding TS1) 
on input line 181.
LaTeX Encoding Info:    Redeclaring text symbol \textmu (encoding TS1) on input
 line 182.
LaTeX Encoding Info:    Redeclaring text symbol \textparagraph (encoding TS1) o
n input line 183.
LaTeX Encoding Info:    Redeclaring text symbol \textperiodcentered (encoding T
S1) on input line 184.
LaTeX Encoding Info:    Redeclaring text symbol \textreferencemark (encoding TS
1) on input line 185.
LaTeX Encoding Info:    Redeclaring text symbol \textonesuperior (encoding TS1)
 on input line 186.
LaTeX Encoding Info:    Redeclaring text symbol \textordmasculine (encoding TS1
) on input line 187.
LaTeX Encoding Info:    Redeclaring text symbol \textsurd (encoding TS1) on inp
ut line 188.
LaTeX Encoding Info:    Redeclaring text symbol \textonequarter (encoding TS1) 
on input line 189.
LaTeX Encoding Info:    Redeclaring text symbol \textonehalf (encoding TS1) on 
input line 190.
LaTeX Encoding Info:    Redeclaring text symbol \textthreequarters (encoding TS
1) on input line 191.
LaTeX Encoding Info:    Redeclaring text symbol \texteuro (encoding TS1) on inp
ut line 192.
LaTeX Encoding Info:    Redeclaring text symbol \texttimes (encoding TS1) on in
put line 193.
LaTeX Encoding Info:    Redeclaring text symbol \textdiv (encoding TS1) on inpu
t line 194.
))
(c:/texlive/2025/texmf-dist/tex/latex/amsmath/amsmath.sty
Package: amsmath 2025/07/09 v2.17z AMS math features
\@mathmargin=\skip51

For additional information on amsmath, use the `?' option.
(c:/texlive/2025/texmf-dist/tex/latex/amsmath/amstext.sty
Package: amstext 2024/11/17 v2.01 AMS text

(c:/texlive/2025/texmf-dist/tex/latex/amsmath/amsgen.sty
File: amsgen.sty 1999/11/30 v2.0 generic functions
\@emptytoks=\toks17
\ex@=\dimen152
))
(c:/texlive/2025/texmf-dist/tex/latex/amsmath/amsbsy.sty
Package: amsbsy 1999/11/29 v1.2d Bold Symbols
\pmbraise@=\dimen153
)
(c:/texlive/2025/texmf-dist/tex/latex/amsmath/amsopn.sty
Package: amsopn 2022/04/08 v2.04 operator names
)
\inf@bad=\count293
LaTeX Info: Redefining \frac on input line 235.
\uproot@=\count294
\leftroot@=\count295
LaTeX Info: Redefining \overline on input line 398.
LaTeX Info: Redefining \colon on input line 409.
\classnum@=\count296
\DOTSCASE@=\count297
LaTeX Info: Redefining \ldots on input line 495.
LaTeX Info: Redefining \dots on input line 498.
LaTeX Info: Redefining \cdots on input line 619.
\Mathstrutbox@=\box53
\strutbox@=\box54
LaTeX Info: Redefining \big on input line 721.
LaTeX Info: Redefining \Big on input line 722.
LaTeX Info: Redefining \bigg on input line 723.
LaTeX Info: Redefining \Bigg on input line 724.
\big@size=\dimen154
LaTeX Font Info:    Redeclaring font encoding OML on input line 742.
LaTeX Font Info:    Redeclaring font encoding OMS on input line 743.
\macc@depth=\count298
LaTeX Info: Redefining \bmod on input line 904.
LaTeX Info: Redefining \pmod on input line 909.
LaTeX Info: Redefining \smash on input line 939.
LaTeX Info: Redefining \relbar on input line 969.
LaTeX Info: Redefining \Relbar on input line 970.
\c@MaxMatrixCols=\count299
\dotsspace@=\muskip17
\c@parentequation=\count300
\dspbrk@lvl=\count301
\tag@help=\toks18
\row@=\count302
\column@=\count303
\maxfields@=\count304
\andhelp@=\toks19
\eqnshift@=\dimen155
\alignsep@=\dimen156
\tagshift@=\dimen157
\tagwidth@=\dimen158
\totwidth@=\dimen159
\lineht@=\dimen160
\@envbody=\toks20
\multlinegap=\skip52
\multlinetaggap=\skip53
\mathdisplay@stack=\toks21
LaTeX Info: Redefining \[ on input line 2950.
LaTeX Info: Redefining \] on input line 2951.
)
(c:/texlive/2025/texmf-dist/tex/lualatex/lualatex-math/lualatex-math.sty
Package: lualatex-math 2022/01/01 v1.12 Patches for mathematics typesetting wit
h LuaLaTeX

(c:/texlive/2025/texmf-dist/tex/latex/etoolbox/etoolbox.sty
Package: etoolbox 2025/10/02 v2.5m e-TeX tools for LaTeX (JAW)
\etb@tempcnta=\count305
)
Lua module: lualatex-math 2013/08/03 v1.3 Patches for mathematics typesetting wi
th LuaLaTeX)
\g__um_fam_int=\count306
\g__um_fonts_used_int=\count307
\l__um_primecount_int=\count308
\g__um_primekern_muskip=\muskip18

(c:/texlive/2025/texmf-dist/tex/latex/unicode-math/unicode-math-table.tex)))

Package fontspec Info: 
(fontspec)             Could not resolve font "Stix Two Math/B" (it probably
(fontspec)             doesn't exist).


Package fontspec Info: 
(fontspec)             Font family 'StixTwoMath(0)' created for font 'Stix Two
(fontspec)             Math' with options
(fontspec)             [Renderer=Basic,BoldItalicFont={},ItalicFont={},SmallCap
sFont={},Script=Math,RawFeature={mathfontdimen=xetex}].
(fontspec)              
(fontspec)              This font family consists of the following NFSS
(fontspec)             series/shapes:
(fontspec)              
(fontspec)             - 'normal' (m/n) with NFSS spec.: <->"name:Stix Two
(fontspec)             Math:mode=base;script=math;language=dflt;mathfontdimen=x
etex;"


Package fontspec Info: 
(fontspec)             Could not resolve font "Stix Two Math/B" (it probably
(fontspec)             doesn't exist).


Package fontspec Info: 
(fontspec)             Font family 'StixTwoMath(1)' created for font 'Stix Two
(fontspec)             Math' with options
(fontspec)             [Renderer=Basic,BoldItalicFont={},ItalicFont={},SmallCap
sFont={},Script=Math,SizeFeatures={{Size=10.2-},{Size=7.5-10.2,Font=Stix
(fontspec)             Two Math,Style=MathScript},{Size=-7.5,Font=Stix Two
(fontspec)             Math,Style=MathScriptScript}},RawFeature={mathfontdimen=
xetex}].
(fontspec)              
(fontspec)              This font family consists of the following NFSS
(fontspec)             series/shapes:
(fontspec)              
(fontspec)             - 'normal' (m/n) with NFSS spec.: <10.2->"name:Stix Two
(fontspec)             Math:mode=base;script=math;language=dflt;mathfontdimen=x
etex;"<7.5-10.2>"name:Stix
(fontspec)             Two
(fontspec)             Math:mode=base;script=math;language=dflt;mathfontdimen=x
etex;+ssty=0;"<-7.5>"name:Stix
(fontspec)             Two
(fontspec)             Math:mode=base;script=math;language=dflt;mathfontdimen=x
etex;+ssty=1;"

LaTeX Font Info:    Encoding `OT1' has changed to `TU' for symbol font
(Font)              `operators' in the math version `normal' on input line 16.
LaTeX Font Info:    Overwriting symbol font `operators' in version `normal'
(Font)                  OT1/cmr/m/n --> TU/StixTwoMath(1)/m/n on input line 16.

LaTeX Font Info:    Encoding `OT1' has changed to `TU' for symbol font
(Font)              `operators' in the math version `bold' on input line 16.
LaTeX Font Info:    Overwriting symbol font `operators' in version `bold'
(Font)                  OT1/cmr/bx/n --> TU/StixTwoMath(1)/b/n on input line 16
.

Package fontspec Info: 
(fontspec)             Could not resolve font "Stix Two Math/B" (it probably
(fontspec)             doesn't exist).


Package fontspec Info: 
(fontspec)             Font family 'StixTwoMath(2)' created for font 'Stix Two
(fontspec)             Math' with options
(fontspec)             [Renderer=Basic,BoldItalicFont={},ItalicFont={},SmallCap
sFont={},Script=Math,SizeFeatures={{Size=10.2-},{Size=7.5-10.2,Font=Stix
(fontspec)             Two Math,Style=MathScript},{Size=-7.5,Font=Stix Two
(fontspec)             Math,Style=MathScriptScript}},RawFeature={mathfontdimen=
xetex},RawFeature={mathfontdimen=tex2}].
(fontspec)              
(fontspec)              This font family consists of the following NFSS
(fontspec)             series/shapes:
(fontspec)              
(fontspec)             - 'normal' (m/n) with NFSS spec.: <10.2->"name:Stix Two
(fontspec)             Math:mode=base;script=math;language=dflt;mathfontdimen=x
etex;mathfontdimen=tex2;"<7.5-10.2>"name:Stix
(fontspec)             Two
(fontspec)             Math:mode=base;script=math;language=dflt;mathfontdimen=x
etex;mathfontdimen=tex2;+ssty=0;"<-7.5>"name:Stix
(fontspec)             Two
(fontspec)             Math:mode=base;script=math;language=dflt;mathfontdimen=x
etex;mathfontdimen=tex2;+ssty=1;"

LaTeX Font Info:    Encoding `OMS' has changed to `TU' for symbol font
(Font)              `symbols' in the math version `normal' on input line 16.
LaTeX Font Info:    Overwriting symbol font `symbols' in version `normal'
(Font)                  OMS/cmsy/m/n --> TU/StixTwoMath(2)/m/n on input line 16
.
LaTeX Font Info:    Encoding `OMS' has changed to `TU' for symbol font
(Font)              `symbols' in the math version `bold' on input line 16.
LaTeX Font Info:    Overwriting symbol font `symbols' in version `bold'
(Font)                  OMS/cmsy/b/n --> TU/StixTwoMath(2)/b/n on input line 16
.

Package fontspec Info: 
(fontspec)             Could not resolve font "Stix Two Math/B" (it probably
(fontspec)             doesn't exist).


Package fontspec Info: 
(fontspec)             Font family 'StixTwoMath(3)' created for font 'Stix Two
(fontspec)             Math' with options
(fontspec)             [Renderer=Basic,BoldItalicFont={},ItalicFont={},SmallCap
sFont={},Script=Math,SizeFeatures={{Size=10.2-},{Size=7.5-10.2,Font=Stix
(fontspec)             Two Math,Style=MathScript},{Size=-7.5,Font=Stix Two
(fontspec)             Math,Style=MathScriptScript}},RawFeature={mathfontdimen=
xetex},RawFeature={mathfontdimen=tex3}].
(fontspec)              
(fontspec)              This font family consists of the following NFSS
(fontspec)             series/shapes:
(fontspec)              
(fontspec)             - 'normal' (m/n) with NFSS spec.: <10.2->"name:Stix Two
(fontspec)             Math:mode=base;script=math;language=dflt;mathfontdimen=x
etex;mathfontdimen=tex3;"<7.5-10.2>"name:Stix
(fontspec)             Two
(fontspec)             Math:mode=base;script=math;language=dflt;mathfontdimen=x
etex;mathfontdimen=tex3;+ssty=0;"<-7.5>"name:Stix
(fontspec)             Two
(fontspec)             Math:mode=base;script=math;language=dflt;mathfontdimen=x
etex;mathfontdimen=tex3;+ssty=1;"

LaTeX Font Info:    Encoding `OMX' has changed to `TU' for symbol font
(Font)              `largesymbols' in the math version `normal' on input line 1
6.
LaTeX Font Info:    Overwriting symbol font `largesymbols' in version `normal'
(Font)                  OMX/cmex/m/n --> TU/StixTwoMath(3)/m/n on input line 16
.
LaTeX Font Info:    Encoding `OMX' has changed to `TU' for symbol font
(Font)              `largesymbols' in the math version `bold' on input line 16.

LaTeX Font Info:    Overwriting symbol font `largesymbols' in version `bold'
(Font)                  OMX/cmex/m/n --> TU/StixTwoMath(3)/b/n on input line 16
.

(c:/texlive/2025/texmf-dist/tex/generic/babel/babel.sty
Package: babel 2025/12/11 v25.17 The multilingual framework for LuaLaTeX, pdfLa
TeX and XeLaTeX

(c:/texlive/2025/texmf-dist/tex/generic/babel/luababel.def
\bbl@readstream=\read2
\l@dumylang=\language2
Package babel Info: Non-standard hyphenation setup on input line 118.
\l@nohyphenation=\language3
\l@german-x-2024-02-28=\language4
\l@ngerman-x-2024-02-28=\language5
\l@afrikaans=\language6
\l@albanian=\language7
\l@ancientgreek=\language8
\l@ibycus=\language9
\l@arabic=\language10
\l@armenian=\language11
\l@basque=\language12
\l@belarusian=\language13
\l@bulgarian=\language14
\l@catalan=\language15
\l@pinyin=\language16
\l@churchslavonic=\language17
\l@coptic=\language18
\l@croatian=\language19
\l@czech=\language20
\l@danish=\language21
\l@dutch=\language22
\l@ukenglish=\language23
\l@usenglishmax=\language24
\l@esperanto=\language25
\l@estonian=\language26
\l@ethiopic=\language27
\l@farsi=\language28
\l@finnish=\language29
\l@schoolfinnish=\language30
\l@french=\language31
\l@friulan=\language32
\l@galician=\language33
\l@georgian=\language34
\l@german=\language35
\l@ngerman=\language36
\l@swissgerman=\language37
\l@greek=\language38
\l@monogreek=\language39
\l@hebrew=\language40
\l@hungarian=\language41
\l@icelandic=\language42
\l@assamese=\language43
\l@bengali=\language44
\l@gujarati=\language45
\l@hindi=\language46
\l@kannada=\language47
\l@malayalam=\language48
\l@marathi=\language49
\l@oriya=\language50
\l@pali=\language51
\l@panjabi=\language52
\l@tamil=\language53
\l@telugu=\language54
\l@indonesian=\language55
\l@interlingua=\language56
\l@irish=\language57
\l@italian=\language58
\l@kurmanji=\language59
\l@classiclatin=\language60
\l@latin=\language61
\l@liturgicallatin=\language62
\l@latvian=\language63
\l@lithuanian=\language64
\l@macedonian=\language65
\l@mongolian=\language66
\l@mongolianlmc=\language67
\l@bokmal=\language68
\l@nynorsk=\language69
\l@occitan=\language70
\l@piedmontese=\language71
\l@polish=\language72
\l@portuguese=\language73
\l@romanian=\language74
\l@romansh=\language75
\l@russian=\language76
\l@sanskrit=\language77
\l@serbian=\language78
\l@serbianc=\language79
\l@slovak=\language80
\l@slovenian=\language81
\l@spanish=\language82
\l@swedish=\language83
\l@thai=\language84
\l@turkish=\language85
\l@turkmen=\language86
\l@ukrainian=\language87
\l@uppersorbian=\language88
\l@vietnamese=\language89
\l@welsh=\language90
\babelcatcodetablenum=\catcodetable14
\bbl@pattcodes=\catcodetable15
)
\babel@savecnt=\count309
LaTeX Encoding Info:    Redeclaring text command \ij (encoding OT1) on input li
ne 2068.
LaTeX Encoding Info:    Redeclaring text command \IJ (encoding OT1) on input li
ne 2070.
LaTeX Encoding Info:    Redeclaring text command \ij (encoding T1) on input lin
e 2072.
LaTeX Encoding Info:    Redeclaring text command \IJ (encoding T1) on input lin
e 2073.
LaTeX Encoding Info:    Ignoring declaration for text command \ij (encoding ?) 
on input line 2074.
LaTeX Encoding Info:    Ignoring declaration for text command \IJ (encoding ?) 
on input line 2076.
LaTeX Encoding Info:    Ignoring declaration for text command \SS (encoding ?) 
on input line 2101.
\U@D=\dimen161
\l@unhyphenated=\language91

(c:/texlive/2025/texmf-dist/tex/generic/babel/luababel.def
\bbl@attr@locale=\attribute4
)
(c:/texlive/2025/texmf-dist/tex/generic/babel/locale/en/babel-english.tex)
(c:/texlive/2025/texmf-dist/tex/generic/babel/locale/ru/babel-russian.tex)
Package babel Info: Importing font and identification data for english
(babel)             from babel-en.ini. Reported on input line 4320.

(c:/texlive/2025/texmf-dist/tex/generic/babel-english/english.ldf
Language: english 2017/06/06 v3.3r English support from the babel system
Package babel Info: Hyphen rules for 'canadian' set to \l@english
(babel)             (\language0). Reported on input line 102.
Package babel Info: Hyphen rules for 'australian' set to \l@ukenglish
(babel)             (\language23). Reported on input line 105.
Package babel Info: Hyphen rules for 'newzealand' set to \l@ukenglish
(babel)             (\language23). Reported on input line 108.
)
Package babel Info: Importing font and identification data for russian
(babel)             from babel-ru.ini. Reported on input line 4320.

(c:/texlive/2025/texmf-dist/tex/generic/babel-russian/russianb.ldf
File: russianb.ldf 2021/01/10 1.3m Russian support for the Babel system
Language: russian 2020/09/09 1.3k Russian support for the Babel system
Package babel Info: Making " an active character on input line 124.
Package babel Info: Default for \cyrdash is provided on input line 163.

(c:/texlive/2025/texmf-dist/tex/generic/hyph-utf8/loadhyph/loadhyph-ru.tex
UTF-8 Russian hyphenation patterns
(c:/texlive/2025/texmf-dist/tex/generic/hyph-utf8/patterns/tex/hyph-ru.tex))))
(c:/texlive/2025/texmf-dist/tex/latex/graphics/graphicx.sty
Package: graphicx 2024/12/31 v1.2e Enhanced LaTeX Graphics (DPC,SPQR)

(c:/texlive/2025/texmf-dist/tex/latex/graphics/keyval.sty
Package: keyval 2022/05/29 v1.15 key=value parser (DPC)
\KV@toks@=\toks22
)
(c:/texlive/2025/texmf-dist/tex/latex/graphics/graphics.sty
Package: graphics 2024/08/06 v1.4g Standard LaTeX Graphics (DPC,SPQR)

(c:/texlive/2025/texmf-dist/tex/latex/graphics/trig.sty
Package: trig 2023/12/02 v1.11 sin cos tan (DPC)
)
(c:/texlive/2025/texmf-dist/tex/latex/graphics-cfg/graphics.cfg
File: graphics.cfg 2016/06/04 v1.11 sample graphics configuration
)
Package graphics Info: Driver file: luatex.def on input line 106.

(c:/texlive/2025/texmf-dist/tex/latex/graphics-def/luatex.def
File: luatex.def 2025/09/29 v1.2f Graphics/color driver for luatex
))
\Gin@req@height=\dimen162
\Gin@req@width=\dimen163
)
(c:/texlive/2025/texmf-dist/tex/latex/xcolor/xcolor.sty
Package: xcolor 2024/09/29 v3.02 LaTeX color extensions (UK)

(c:/texlive/2025/texmf-dist/tex/latex/graphics-cfg/color.cfg
File: color.cfg 2016/01/02 v1.6 sample color configuration
)
Package xcolor Info: Driver file: luatex.def on input line 274.

(c:/texlive/2025/texmf-dist/tex/latex/graphics/mathcolor.ltx)
Package xcolor Info: Model `cmy' substituted by `cmy0' on input line 1349.
Package xcolor Info: Model `hsb' substituted by `rgb' on input line 1353.
Package xcolor Info: Model `RGB' extended on input line 1365.
Package xcolor Info: Model `HTML' substituted by `rgb' on input line 1367.
Package xcolor Info: Model `Hsb' substituted by `hsb' on input line 1368.
Package xcolor Info: Model `tHsb' substituted by `hsb' on input line 1369.
Package xcolor Info: Model `HSB' substituted by `hsb' on input line 1370.
Package xcolor Info: Model `Gray' substituted by `gray' on input line 1371.
Package xcolor Info: Model `wave' substituted by `hsb' on input line 1372.
)
(c:/texlive/2025/texmf-dist/tex/latex/colortbl/colortbl.sty
Package: colortbl 2024/10/29 v1.0k Color table columns (DPC)

(c:/texlive/2025/texmf-dist/tex/latex/tools/array.sty
Package: array 2025/09/25 v2.6n Tabular extension package (FMi)
\col@sep=\dimen164
\ar@mcellbox=\box55
\extrarowheight=\dimen165
\NC@list=\toks23
\extratabsurround=\skip54
\backup@length=\skip55
\ar@cellbox=\box56
)
\everycr=\toks24
\minrowclearance=\skip56
\rownum=\count310
)
(c:/texlive/2025/texmf-dist/tex/latex/koma-script/typearea.sty
Package: typearea 2025/12/01 v3.49 KOMA-Script package (type area)

(c:/texlive/2025/texmf-dist/tex/latex/koma-script/scrkbase.sty
Package: scrkbase 2025/12/01 v3.49 KOMA-Script package (KOMA-Script-dependent b
asics and keyval usage)

(c:/texlive/2025/texmf-dist/tex/latex/koma-script/scrbase.sty
Package: scrbase 2025/12/01 v3.49 KOMA-Script package (KOMA-Script-independent 
basics and keyval usage)

(c:/texlive/2025/texmf-dist/tex/latex/koma-script/scrlfile.sty
Package: scrlfile 2025/12/01 v3.49 KOMA-Script package (file load hooks)

(c:/texlive/2025/texmf-dist/tex/latex/koma-script/scrlfile-hook.sty
Package: scrlfile-hook 2025/12/01 v3.49 KOMA-Script package (using LaTeX hooks)


(c:/texlive/2025/texmf-dist/tex/latex/koma-script/scrlogo.sty
Package: scrlogo 2025/12/01 v3.49 KOMA-Script package (logo)
)))
Applying: [2021/05/01] Usage of raw or classic option list on input line 254.
Already applied: [0000/00/00] Usage of raw or classic option list on input line
 370.
))
\ta@bcor=\skip57
\ta@div=\count311
Package typearea Info: You've used standard option `a4paper'.
(typearea)             This is correct!
(typearea)             Internally I'm using `paper=a4'.
(typearea)             If you'd like to set the option with \KOMAoptions,
(typearea)             you'd have to use `paper=a4' there
(typearea)             instead of `a4paper', too.
\ta@hblk=\skip58
\ta@vblk=\skip59
\ta@temp=\skip60
\footheight=\skip61


Package typearea Info: DIV calculation for classic typearea. on input line 1808
.

Package typearea Info: These are the values describing the layout:
(typearea)             DIV  = 6
(typearea)             BCOR = 0.0pt
(typearea)             \paperwidth      = 597.50793pt
(typearea)              \textwidth      = 298.75397pt
(typearea)              DIV departure   = 7%
(typearea)              \evensidemargin = 77.107pt
(typearea)              \oddsidemargin  = 77.107pt
(typearea)             \paperheight     = 845.04694pt
(typearea)              \textheight     = 428.0pt
(typearea)              \topmargin      = 28.69617pt
(typearea)              \headheight     = 18.125pt
(typearea)              \headsep        = 21.75pt
(typearea)              \topskip        = 22.0pt
(typearea)              \footskip       = 50.75pt
(typearea)              \baselineskip   = 14.5pt
(typearea)              on input line 1808.
) (c:/texlive/2025/texmf-dist/tex/latex/geometry/geometry.sty
Package: geometry 2020/01/02 v5.9 Page Geometry

(c:/texlive/2025/texmf-dist/tex/generic/iftex/ifvtex.sty
Package: ifvtex 2019/10/25 v1.7 ifvtex legacy package. Use iftex instead.

(c:/texlive/2025/texmf-dist/tex/generic/iftex/iftex.sty
Package: iftex 2024/12/12 v1.0g TeX engine tests
))
\Gm@cnth=\count312
\Gm@cntv=\count313
\c@Gm@tempcnt=\count314
\Gm@bindingoffset=\dimen166
\Gm@wd@mp=\dimen167
\Gm@odd@mp=\dimen168
\Gm@even@mp=\dimen169
\Gm@layoutwidth=\dimen170
\Gm@layoutheight=\dimen171
\Gm@layouthoffset=\dimen172
\Gm@layoutvoffset=\dimen173
\Gm@dimlist=\toks25
)
(c:/texlive/2025/texmf-dist/tex/latex/parskip/parskip.sty
Package: parskip 2021-03-14 v2.0h non-zero parskip adjustments

(c:/texlive/2025/texmf-dist/tex/latex/kvoptions/kvoptions.sty
Package: kvoptions 2022-06-15 v3.15 Key value format for package options (HO)

(c:/texlive/2025/texmf-dist/tex/generic/ltxcmds/ltxcmds.sty
Package: ltxcmds 2023-12-04 v1.26 LaTeX kernel commands for general use (HO)
)
(c:/texlive/2025/texmf-dist/tex/latex/kvsetkeys/kvsetkeys.sty
Package: kvsetkeys 2022-10-05 v1.19 Key value parser (HO)
)))
(c:/texlive/2025/texmf-dist/tex/latex/tools/indentfirst.sty
Package: indentfirst 2023/07/02 v1.03 Indent first paragraph (DPC)
)
(c:/texlive/2025/texmf-dist/tex/latex/fancyhdr/fancyhdr.sty
Package: fancyhdr 2025/02/07 v5.2 Extensive control of page headers and footers

\f@nch@headwidth=\skip62
\f@nch@offset@elh=\skip63
\f@nch@offset@erh=\skip64
\f@nch@offset@olh=\skip65
\f@nch@offset@orh=\skip66
\f@nch@offset@elf=\skip67
\f@nch@offset@erf=\skip68
\f@nch@offset@olf=\skip69
\f@nch@offset@orf=\skip70
\f@nch@height=\skip71
\f@nch@footalignment=\skip72
\f@nch@widthL=\skip73
\f@nch@widthC=\skip74
\f@nch@widthR=\skip75
\@temptokenb=\toks26
)
(c:/texlive/2025/texmf-dist/tex/latex/tools/longtable.sty
Package: longtable 2025-10-13 v4.24 Multi-page Table package (DPC)
\LTleft=\skip76
\LTright=\skip77
\LTpre=\skip78
\LTpost=\skip79
\LTchunksize=\count315
\LTcapwidth=\dimen174
\LT@head=\box57
\LT@firsthead=\box58
\LT@foot=\box59
\LT@lastfoot=\box60
\LT@gbox=\box61
\LT@cols=\count316
\LT@rows=\count317
\c@LT@tables=\count318
\c@LT@chunks=\count319
\LT@p@ftn=\toks27
)
(c:/texlive/2025/texmf-dist/tex/latex/booktabs/booktabs.sty
Package: booktabs 2020/01/12 v1.61803398 Publication quality tables
\heavyrulewidth=\dimen175
\lightrulewidth=\dimen176
\cmidrulewidth=\dimen177
\belowrulesep=\dimen178
\belowbottomsep=\dimen179
\aboverulesep=\dimen180
\abovetopsep=\dimen181
\cmidrulesep=\dimen182
\cmidrulekern=\dimen183
\defaultaddspace=\dimen184
\@cmidla=\count320
\@cmidlb=\count321
\@aboverulesep=\dimen185
\@belowrulesep=\dimen186
\@thisruleclass=\count322
\@lastruleclass=\count323
\@thisrulewidth=\dimen187
)
(c:/texlive/2025/texmf-dist/tex/latex/tools/calc.sty
Package: calc 2025/03/01 v4.3b Infix arithmetic (KKT,FJ)
\calc@Acount=\count324
\calc@Bcount=\count325
\calc@Adimen=\dimen188
\calc@Bdimen=\dimen189
\calc@Askip=\skip80
\calc@Bskip=\skip81
LaTeX Info: Redefining \setlength on input line 86.
LaTeX Info: Redefining \addtolength on input line 87.
\calc@Ccount=\count326
\calc@Cskip=\skip82
)
(c:/texlive/2025/texmf-dist/tex/latex/tools/tabularx.sty
Package: tabularx 2023/12/11 v2.12a `tabularx' package (DPC)
\TX@col@width=\dimen190
\TX@old@table=\dimen191
\TX@old@col=\dimen192
\TX@target=\dimen193
\TX@delta=\dimen194
\TX@cols=\count327
\TX@ftn=\toks28
)
(c:/texlive/2025/texmf-dist/tex/latex/multirow/multirow.sty
Package: multirow 2024/11/12 v2.9 Span multiple rows of a table
\multirow@colwidth=\skip83
\multirow@cntb=\count328
\multirow@dima=\skip84
\bigstrutjot=\dimen195
)
(c:/texlive/2025/texmf-dist/tex/latex/tabularray/tabularray.sty
Package: tabularray 2025-11-27 v2025C Typeset tabulars and arrays with LaTeX3

(c:/texlive/2025/texmf-dist/tex/latex/ninecolors/ninecolors.sty
Package: ninecolors 2022-02-13 v2022D Select colors with proper color contrast
)
\g__tblr_nohyper_int=\count329
\l__tblr_a_int=\count330
\l__tblr_c_int=\count331
\l__tblr_r_int=\count332
\l__tblr_d_dim=\dimen196
\l__tblr_h_dim=\dimen197
\l__tblr_o_dim=\dimen198
\l__tblr_p_dim=\dimen199
\l__tblr_q_dim=\dimen256
\l__tblr_r_dim=\dimen257
\l__tblr_s_dim=\dimen258
\l__tblr_t_dim=\dimen259
\l__tblr_v_dim=\dimen260
\l__tblr_w_dim=\dimen261
\l__tblr_a_box=\box62
\l__tblr_b_box=\box63
\l__tblr_c_box=\box64
\l__tblr_d_box=\box65
\c@tblrcount=\count333
\c@colnum=\count334
\c@rowcount=\count335
\c@colcount=\count336
\abovesep=\dimen262
\belowsep=\dimen263
\leftsep=\dimen264
\rightsep=\dimen265
\gTblrLevelInt=\count337
\g__tblr_data_row_key_count_int=\count338
\g__tblr_data_column_key_count_int=\count339
\g__tblr_data_cell_key_count_int=\count340
\g__tblr_array_int=\count341
\l__tblr_key_count_int=\count342
\l__tblr_key_quotient_int=\count343
\l__tblr_key_quotient_two_int=\count344
\l__tblr_key_remainder_int=\count345
\g__tblr_data_str_value_count_int=\count346
\lTblrChildTotalInt=\count347
\lTblrChildHtotalInt=\count348
\lTblrChildVtotalInt=\count349
\l__child_diff_h_int=\count350
\l__child_diff_v_int=\count351
\l__child_sign_h_int=\count352
\l__child_sign_v_int=\count353
\l__child_step_int=\count354
\lTblrDefaultHruleWidthDim=\dimen266
\lTblrDefaultVruleWidthDim=\dimen267
\l__tblr_split_balance_int=\count355
\l__tblr_strut_dp_dim=\dimen268
\l__tblr_strut_ht_dim=\dimen269
\g__tblr_cell_wd_dim=\dimen270
\g__tblr_cell_ht_dim=\dimen271
\g__tblr_cell_head_dim=\dimen272
\g__tblr_cell_foot_dim=\dimen273
\l__tblr_measured_cell_box=\box66
\g__tblr_last_box=\box67
\l__tblr_temp_box=\box68
\l__tblr_column_target_dim=\dimen274
\l__tblr_hfuzz_dim=\dimen275
\l__tblr_caption_box=\box69
\l__tblr_caption_left_box=\box70
\lTblrRowHeadInt=\count356
\lTblrRowFootInt=\count357
\l__tblr_row_head_box=\box71
\l__tblr_row_foot_box=\box72
\l__tblr_row_head_foot_dim=\dimen276
\lTblrTableWidthDim=\dimen277
\l__tblr_table_firsthead_box=\box73
\l__tblr_table_middlehead_box=\box74
\l__tblr_table_lasthead_box=\box75
\l__tblr_table_firstfoot_box=\box76
\l__tblr_table_middlefoot_box=\box77
\l__tblr_table_lastfoot_box=\box78
\l__tblr_remain_height_dim=\dimen278
\l__tblr_next_rows_dim=\dimen279
\l__tblr_page_overfill_dim=\dimen280
\l__tblr_long_from_int=\count358
\l__tblr_long_to_int=\count359
\l__tblr_curr_i_int=\count360
\l__tblr_prev_i_int=\count361
\lTblrTablePageInt=\count362
\l__tblr_table_head_box=\box79
\l__tblr_table_foot_box=\box80
\l__tblr_table_head_foot_dim=\dimen281
\l__tblr_table_head_body_foot_dim=\dimen282
\l__tblr_table_box=\box81
\lTblrRowFirstInt=\count363
\lTblrRowLastInt=\count364
\l__tblr_cover_box_a_dim=\dimen283
\l__tblr_cover_box_b_dim=\dimen284
\l__tblr_table_hlines_box=\box82
\l__tblr_hline_box=\box83
\l__tblr_row_box=\box84
\l__tblr_col_o_wd_dim=\dimen285
\l__tblr_col_b_wd_dim=\dimen286
\l__tblr_hline_leftskip_dim=\dimen287
\l__tblr_hline_rightskip_dim=\dimen288
\l__tblr_row_ht_dim=\dimen289
\l__tblr_row_dp_dim=\dimen290
\l__tblr_row_abovesep_dim=\dimen291
\l__tblr_row_belowsep_dim=\dimen292
\l__tblr_row_vlines_box=\box85
\l__tblr_vline_box=\box86
\l__tblr_cell_box=\box87
\l__tblr_row_upper_dim=\dimen293
\l__tblr_row_lower_dim=\dimen294
\l__tblr_row_vpace_dim=\dimen295
\l__tblr_vline_aboveskip_dim=\dimen296
\l__tblr_vline_belowskip_dim=\dimen297
\lTblrCellRowSpanInt=\count365
\lTblrCellColSpanInt=\count366
\l__tblr_cell_wd_dim=\dimen298
\l__tblr_cell_ht_dim=\dimen299
\lTblrCellAboveBorderWidthDim=\dimen300
\lTblrCellBelowBorderWidthDim=\dimen301
\lTblrCellLeftBorderWidthDim=\dimen302
\lTblrCellRightBorderWidthDim=\dimen303
\l__tblr_diag_box=\box88
\l__tblr_cell_inner_wd_dim=\dimen304
\l__tblr_cell_inner_dp_dim=\dimen305
\l__tblr_cell_hanchor_dim=\dimen306
\l__tblr_last_cell_table_ht_dim=\dimen307
\l__tblr_last_cell_table_dp_dim=\dimen308
\l__tblr_last_vline_wd_dim=\dimen309
\l__tblr_tikz_node_box=\box89
)
(c:/texlive/2025/texmf-dist/tex/latex/tools/hhline.sty
Package: hhline 2020/01/04 v2.04 Table rule package (DPC)
)
(c:/texlive/2025/texmf-dist/tex/latex/makecell/makecell.sty
Package: makecell 2009/08/03 V0.1e Managing of Tab Column Heads and Cells
\rotheadsize=\dimen310
\c@nlinenum=\count367
\TeXr@lab=\toks29
)
(c:/texlive/2025/texmf-dist/tex/latex/caption/caption.sty
Package: caption 2023/08/05 v3.6o Customizing captions (AR)

(c:/texlive/2025/texmf-dist/tex/latex/caption/caption3.sty
Package: caption3 2023/07/31 v2.4d caption3 kernel (AR)
\caption@tempdima=\dimen311
\captionmargin=\dimen312
\caption@leftmargin=\dimen313
\caption@rightmargin=\dimen314
\caption@width=\dimen315
\caption@indent=\dimen316
\caption@parindent=\dimen317
\caption@hangindent=\dimen318
Package caption Info: Standard document class detected.
)
\c@caption@flags=\count368
\c@continuedfloat=\count369
Package caption Info: longtable package is loaded.

(c:/texlive/2025/texmf-dist/tex/latex/caption/ltcaption.sty
Package: ltcaption 2021/01/08 v1.4c longtable captions (AR)
))
(c:/texlive/2025/texmf-dist/tex/latex/eqexpl/eqexpl.sty
Package: eqexpl 2022/06/17 v. 1.1.1
\eqexplSpaceWidth=\skip85
\itemWidth=\skip86
\leftSideWidth=\skip87
)
(c:/texlive/2025/texmf-dist/tex/latex/titlesec/titlesec.sty
Package: titlesec 2025/01/04 v2.17 Sectioning titles
\ttl@box=\box90
\beforetitleunit=\skip88
\aftertitleunit=\skip89
\ttl@plus=\dimen319
\ttl@minus=\dimen320
\ttl@toksa=\toks30
\titlewidth=\dimen321
\titlewidthlast=\dimen322
\titlewidthfirst=\dimen323
)
(c:/texlive/2025/texmf-dist/tex/latex/appendix/appendix.sty
Package: appendix 2020/02/08 v1.2c extra appendix facilities
\c@@pps=\count370
\c@@ppsavesec=\count371
\c@@ppsaveapp=\count372
)
(c:/texlive/2025/texmf-dist/tex/latex/enumitem/enumitem.sty
Package: enumitem 2025/02/06 v3.11 Customized lists
\labelindent=\skip90
\enit@outerparindent=\dimen324
\enit@toks=\toks31
\enit@inbox=\box91
\enit@count@id=\count373
\enitdp@description=\count374
)
(c:/texlive/2025/texmf-dist/tex/latex/float/float.sty
Package: float 2001/11/08 v1.3d Float enhancements (AL)
\c@float@type=\count375
\float@exts=\toks32
\float@box=\box92
\@float@everytoks=\toks33
\@floatcapt=\box93
)
(c:/texlive/2025/texmf-dist/tex/latex/needspace/needspace.sty
Package: needspace 2025/03/13 v1.3e reserve vertical space
)
(c:/texlive/2025/texmf-dist/tex/latex/placeins/placeins.sty
Package: placeins 2005/04/18  v 2.2
)
(c:/texlive/2025/texmf-dist/tex/latex/tocloft/tocloft.sty
Package: tocloft 2017/08/31 v2.3i parameterised ToC, etc., typesetting
Package tocloft Info: The document has section divisions on input line 51.
\cftparskip=\skip91
\cftbeforetoctitleskip=\skip92
\cftaftertoctitleskip=\skip93
\cftbeforepartskip=\skip94
\cftpartnumwidth=\skip95
\cftpartindent=\skip96
\cftbeforesecskip=\skip97
\cftsecindent=\skip98
\cftsecnumwidth=\skip99
\cftbeforesubsecskip=\skip100
\cftsubsecindent=\skip101
\cftsubsecnumwidth=\skip102
\cftbeforesubsubsecskip=\skip103
\cftsubsubsecindent=\skip104
\cftsubsubsecnumwidth=\skip105
\cftbeforeparaskip=\skip106
\cftparaindent=\skip107
\cftparanumwidth=\skip108
\cftbeforesubparaskip=\skip109
\cftsubparaindent=\skip110
\cftsubparanumwidth=\skip111
\cftbeforeloftitleskip=\skip112
\cftafterloftitleskip=\skip113
\cftbeforefigskip=\skip114
\cftfigindent=\skip115
\cftfignumwidth=\skip116
\c@lofdepth=\count376
\c@lotdepth=\count377
\cftbeforelottitleskip=\skip117
\cftafterlottitleskip=\skip118
\cftbeforetabskip=\skip119
\cfttabindent=\skip120
\cfttabnumwidth=\skip121


Package tocloft Warning: \@starttoc has already been redefined; tocloft bailing
 out. on input line 1156.

) (c:/texlive/2025/texmf-dist/tex/latex/tocvsec2/tocvsec2.sty
Package: tocvsec2 2014/03/10 v1.3a variable ToC section entries

(c:/texlive/2025/texmf-dist/tex/latex/base/ifthen.sty
Package: ifthen 2024/03/16 v1.1e Standard LaTeX ifthen package (DPC)
)
\c@max@tocdepth=\count378
\c@max@secnumdepth=\count379
)
(c:/texlive/2025/texmf-dist/tex/latex/hyperref/hyperref.sty
Package: hyperref 2025-07-12 v7.01o Hypertext links for LaTeX

(c:/texlive/2025/texmf-dist/tex/generic/kvdefinekeys/kvdefinekeys.sty
Package: kvdefinekeys 2019-12-19 v1.6 Define keys (HO)
)
(c:/texlive/2025/texmf-dist/tex/generic/pdfescape/pdfescape.sty
Package: pdfescape 2019/12/09 v1.15 Implements pdfTeX's escape features (HO)

(c:/texlive/2025/texmf-dist/tex/generic/pdftexcmds/pdftexcmds.sty
Package: pdftexcmds 2020-06-27 v0.33 Utility functions of pdfTeX for LuaTeX (HO
)

(c:/texlive/2025/texmf-dist/tex/generic/infwarerr/infwarerr.sty
Package: infwarerr 2019/12/03 v1.5 Providing info/warning/error messages (HO)
)
Package pdftexcmds Info: \pdf@primitive is available.
Package pdftexcmds Info: \pdf@ifprimitive is available.
Package pdftexcmds Info: \pdfdraftmode found.
\pdftexcmds@toks=\toks34
))
(c:/texlive/2025/texmf-dist/tex/latex/hycolor/hycolor.sty
Package: hycolor 2020-01-27 v1.10 Color options for hyperref/bookmark (HO)
)
(c:/texlive/2025/texmf-dist/tex/latex/hyperref/nameref.sty
Package: nameref 2025-06-21 v2.57 Cross-referencing by name of section

(c:/texlive/2025/texmf-dist/tex/latex/refcount/refcount.sty
Package: refcount 2019/12/15 v3.6 Data extraction from label references (HO)
)
(c:/texlive/2025/texmf-dist/tex/generic/gettitlestring/gettitlestring.sty
Package: gettitlestring 2019/12/15 v1.6 Cleanup title references (HO)
)
\c@section@level=\count380
)
(c:/texlive/2025/texmf-dist/tex/generic/stringenc/stringenc.sty
Package: stringenc 2019/11/29 v1.12 Convert strings between diff. encodings (HO
)
)
\@linkdim=\dimen325
\Hy@linkcounter=\count381
\Hy@pagecounter=\count382

(c:/texlive/2025/texmf-dist/tex/latex/hyperref/pd1enc.def
File: pd1enc.def 2025-07-12 v7.01o Hyperref: PDFDocEncoding definition (HO)
)
(c:/texlive/2025/texmf-dist/tex/generic/intcalc/intcalc.sty
Package: intcalc 2019/12/15 v1.3 Expandable calculations with integers (HO)
)
\Hy@SavedSpaceFactor=\count383

(c:/texlive/2025/texmf-dist/tex/latex/hyperref/puenc.def
File: puenc.def 2025-07-12 v7.01o Hyperref: PDF Unicode definition (HO)
)
Package hyperref Info: Option `unicode' set `true' on input line 3160.
Package hyperref Info: Hyper figures OFF on input line 4195.
Package hyperref Info: Link nesting OFF on input line 4200.
Package hyperref Info: Hyper index ON on input line 4203.
Package hyperref Info: Plain pages OFF on input line 4210.
Package hyperref Info: Backreferencing OFF on input line 4215.
Package hyperref Info: Implicit mode ON; LaTeX internals redefined.
Package hyperref Info: Bookmarks ON on input line 4462.
\c@Hy@tempcnt=\count384

(c:/texlive/2025/texmf-dist/tex/latex/url/url.sty
\Urlmuskip=\muskip19
Package: url 2013/09/16  ver 3.4  Verb mode for urls, etc.
)
LaTeX Info: Redefining \url on input line 4801.
\XeTeXLinkMargin=\dimen326

(c:/texlive/2025/texmf-dist/tex/generic/bitset/bitset.sty
Package: bitset 2019/12/09 v1.3 Handle bit-vector datatype (HO)

(c:/texlive/2025/texmf-dist/tex/generic/bigintcalc/bigintcalc.sty
Package: bigintcalc 2019/12/15 v1.5 Expandable calculations on big integers (HO
)
))
\Fld@menulength=\count385
\Field@Width=\dimen327
\Fld@charsize=\dimen328
Package hyperref Info: Hyper figures OFF on input line 6078.
Package hyperref Info: Link nesting OFF on input line 6083.
Package hyperref Info: Hyper index ON on input line 6086.
Package hyperref Info: backreferencing OFF on input line 6093.
Package hyperref Info: Link coloring OFF on input line 6098.
Package hyperref Info: Link coloring with OCG OFF on input line 6103.
Package hyperref Info: PDF/A mode OFF on input line 6108.
\Hy@abspage=\count386
\c@Item=\count387
\c@Hfootnote=\count388
)
Package hyperref Info: Driver (autodetected): hluatex.

(c:/texlive/2025/texmf-dist/tex/latex/hyperref/hluatex.def
File: hluatex.def 2025-07-12 v7.01o Hyperref driver for luaTeX
\Fld@listcount=\count389
\c@bookmark@seq@number=\count390

(c:/texlive/2025/texmf-dist/tex/latex/rerunfilecheck/rerunfilecheck.sty
Package: rerunfilecheck 2025-06-21 v1.11 Rerun checks for auxiliary files (HO)

(c:/texlive/2025/texmf-dist/tex/generic/uniquecounter/uniquecounter.sty
Package: uniquecounter 2019/12/15 v1.4 Provide unlimited unique counter (HO)
)
Package uniquecounter Info: New unique counter `rerunfilecheck' on input line 2
84.
)
\Hy@SectionHShift=\skip122
)
(c:/texlive/2025/texmf-dist/tex/latex/pdflscape/pdflscape.sty
Package: pdflscape 2025-06-23 v0.14 Display of landscape pages in PDF

(c:/texlive/2025/texmf-dist/tex/latex/pdflscape/pdflscape-nometadata.sty
Package: pdflscape-nometadata 2025-06-23 v0.14 Display of landscape pages in PD
F (HO)

(c:/texlive/2025/texmf-dist/tex/latex/graphics/lscape.sty
Package: lscape 2020/05/28 v3.02 Landscape Pages (DPC)
)
Package pdflscape Info: Auto-detected driver: pdftex on input line 81.
))
(c:/texlive/2025/texmf-dist/tex/latex/pdfpages/pdfpages.sty
Package: pdfpages 2025/07/23 v0.6g Insert pages of external PDF documents (AM)

(c:/texlive/2025/texmf-dist/tex/latex/eso-pic/eso-pic.sty
Package: eso-pic 2025/12/10 v3.0d eso-pic (RN)
\ESO@tempdima=\dimen329
\ESO@tempdimb=\dimen330
)
\AM@pagewidth=\dimen331
\AM@pageheight=\dimen332
\AM@fboxrule=\dimen333

(c:/texlive/2025/texmf-dist/tex/latex/pdfpages/ppluatex.def
File: ppluatex.def 2025/07/23 v0.6g Pdfpages driver for LuaTeX (AM)
)
\pdfpages@includegraphics@status=\count391
\AM@pagebox=\box94
\AM@global@opts=\toks35
\AM@pagecnt=\count392
\AM@toc@title=\toks36
\AM@lof@heading=\toks37
\c@AM@survey=\count393
\AM@templatesizebox=\box95
)
(c:/texlive/2025/texmf-dist/tex/latex/textpos/textpos.sty
Package: textpos 2022/07/23 v1.10.1
Package textpos Info: choosing support for LaTeX3 on input line 60.
\TP@textbox=\box96
\TP@holdbox=\box97
\TPHorizModule=\dimen334
\TPVertModule=\dimen335
\TP@margin=\dimen336
\TP@absmargin=\dimen337

Grid set 16 x 16 = 37.34424pt x 52.81541pt
\TPboxrulesize=\dimen338
\TP@ox=\dimen339
\TP@oy=\dimen340
\TP@tbargs=\toks38
TextBlockOrigin set to 0pt x 0pt
) (c:/texlive/2025/texmf-dist/tex/latex/fontawesome7/fontawesome7.sty
Package: fontawesome7 2025/11/02 v7.1.0-1 Font Awesome 7

(c:/texlive/2025/texmf-dist/tex/latex/fontawesome7/fontawesome7-utex-helper.sty
Package: fontawesome7-utex-helper 2025/11/02 v7.1.0-1 uTeX helper for fontaweso
me7
(c:/texlive/2025/texmf-dist/tex/luatex/luatexbase/luatexbase.sty
Package: luatexbase 2015/10/04 v1.3 luatexbase interface to LuaTeX 

(c:/texlive/2025/texmf-dist/tex/luatex/ctablestack/ctablestack.sty
Package: ctablestack 2015/10/01 v1.0 Catcode table stable support
\@catcodetablestackcnt=\count394
)
\CatcodeTableOther=\catcodetable16
\CatcodeTableExpl=\catcodetable17
)
LaTeX Font Info:    Trying to load font information for TU+fontawesome7free on 
input line 63.

(c:/texlive/2025/texmf-dist/tex/latex/fontawesome7/tufontawesome7free.fd)
LaTeX Font Info:    Trying to load font information for TU+fontawesome7brands o
n input line 64.

(c:/texlive/2025/texmf-dist/tex/latex/fontawesome7/tufontawesome7brands.fd)))
(c:/texlive/2025/texmf-dist/tex/latex/microtype/microtype.sty
Package: microtype 2025/07/09 v3.2b Micro-typographical refinements (RS)
\MT@toks=\toks39
\MT@tempbox=\box98
\MT@count=\count395
LaTeX Info: Redefining \noprotrusionifhmode on input line 1087.
LaTeX Info: Redefining \leftprotrusion on input line 1088.
\MT@prot@toks=\toks40
LaTeX Info: Redefining \rightprotrusion on input line 1107.
LaTeX Info: Redefining \textls on input line 1449.
\MT@outer@kern=\dimen341
LaTeX Info: Redefining \microtypecontext on input line 2053.
LaTeX Info: Redefining \textmicrotypecontext on input line 2070.
\MT@listname@count=\count396

(c:/texlive/2025/texmf-dist/tex/latex/microtype/microtype-luatex.def
File: microtype-luatex.def 2025/07/09 v3.2b Definitions specific to luatex (RS)

Lua module: microtype 2025/07/09 v3.2b microtype module.
Module microtype Info: overwriting function `keepligature' on input line 63
LaTeX Info: Redefining \lsstyle on input line 779.
LaTeX Info: Redefining \lslig on input line 779.
\MT@outer@space=\skip123
)
Package microtype Info: Loading configuration file microtype.cfg.

(c:/texlive/2025/texmf-dist/tex/latex/microtype/microtype.cfg
File: microtype.cfg 2025/07/09 v3.2b microtype main configuration file (RS)
)
LaTeX Info: Redefining \microtypesetup on input line 3065.
)
(c:/texlive/2025/texmf-dist/tex/generic/ulem/ulem.sty
\UL@box=\box99
\UL@hyphenbox=\box100
\UL@skip=\skip124
\UL@hook=\toks41
\UL@height=\dimen342
\UL@pe=\count397
\UL@pixel=\dimen343
\ULC@box=\box101
Package: ulem 2019/11/18
\ULdepth=\dimen344
)
(c:/texlive/2025/texmf-dist/tex/latex/caption/subcaption.sty
Package: subcaption 2023/07/28 v1.6b Sub-captions (AR)
Package caption Info: New subtype `subfigure' on input line 238.
\c@subfigure=\count398
Package caption Info: New subtype `subtable' on input line 238.
\c@subtable=\count399
)
(c:/texlive/2025/texmf-dist/tex/generic/xstring/xstring.sty
(c:/texlive/2025/texmf-dist/tex/generic/xstring/xstring.tex
\xs_counta=\count400
\xs_countb=\count401
)
Package: xstring 2023/08/22 v1.86 String manipulations (CT)
)
(c:/texlive/2025/texmf-dist/tex/latex/footmisc/footmisc.sty
Package: footmisc 2025/05/09 v7.0b a miscellany of footnote facilities
\FN@temptoken=\toks42
\footnotemargin=\dimen345

(c:/texlive/2025/texmf-dist/tex/latex/bigfoot/perpage.sty
Package: perpage 2014/10/25 2.0 Reset/sort counters per page
\c@abspage=\count402
)
\c@pp@a@footnote=\count403
Package footmisc Info: Declaring symbol style bringhurst on input line 549.
Package footmisc Info: Declaring symbol style chicago on input line 557.
Package footmisc Info: Declaring symbol style wiley on input line 566.
Package footmisc Info: Declaring symbol style lamport-robust on input line 577.

Package footmisc Info: Declaring symbol style lamport* on input line 597.
Package footmisc Info: Declaring symbol style lamport*-robust on input line 618
.
)
(c:/texlive/2025/texmf-dist/tex/latex/pgf/frontendlayer/tikz.sty
(c:/texlive/2025/texmf-dist/tex/latex/pgf/basiclayer/pgf.sty
(c:/texlive/2025/texmf-dist/tex/latex/pgf/utilities/pgfrcs.sty
(c:/texlive/2025/texmf-dist/tex/generic/pgf/utilities/pgfutil-common.tex
\pgfutil@everybye=\toks43
\pgfutil@tempdima=\dimen346
\pgfutil@tempdimb=\dimen347
)
(c:/texlive/2025/texmf-dist/tex/generic/pgf/utilities/pgfutil-latex.def
\pgfutil@abb=\box102
)
(c:/texlive/2025/texmf-dist/tex/generic/pgf/utilities/pgfrcs.code.tex
(c:/texlive/2025/texmf-dist/tex/generic/pgf/pgf.revision.tex)
Package: pgfrcs 2025-08-29 v3.1.11a (3.1.11a)
))
Package: pgf 2025-08-29 v3.1.11a (3.1.11a)

(c:/texlive/2025/texmf-dist/tex/latex/pgf/basiclayer/pgfcore.sty
(c:/texlive/2025/texmf-dist/tex/latex/pgf/systemlayer/pgfsys.sty
(c:/texlive/2025/texmf-dist/tex/generic/pgf/systemlayer/pgfsys.code.tex
Package: pgfsys 2025-08-29 v3.1.11a (3.1.11a)

(c:/texlive/2025/texmf-dist/tex/generic/pgf/utilities/pgfkeys.code.tex
\pgfkeys@pathtoks=\toks44
\pgfkeys@temptoks=\toks45

(c:/texlive/2025/texmf-dist/tex/generic/pgf/utilities/pgfkeyslibraryfiltered.co
de.tex
\pgfkeys@tmptoks=\toks46
))
\pgf@x=\dimen348
\pgf@y=\dimen349
\pgf@xa=\dimen350
\pgf@ya=\dimen351
\pgf@xb=\dimen352
\pgf@yb=\dimen353
\pgf@xc=\dimen354
\pgf@yc=\dimen355
\pgf@xd=\dimen356
\pgf@yd=\dimen357
\w@pgf@writea=\write3
\r@pgf@reada=\read3
\c@pgf@counta=\count404
\c@pgf@countb=\count405
\c@pgf@countc=\count406
\c@pgf@countd=\count407
\t@pgf@toka=\toks47
\t@pgf@tokb=\toks48
\t@pgf@tokc=\toks49
\pgf@sys@id@count=\count408
 (c:/texlive/2025/texmf-dist/tex/generic/pgf/systemlayer/pgf.cfg
File: pgf.cfg 2025-08-29 v3.1.11a (3.1.11a)
)
Driver file for pgf: pgfsys-luatex.def

(c:/texlive/2025/texmf-dist/tex/generic/pgf/systemlayer/pgfsys-luatex.def
File: pgfsys-luatex.def 2025-08-29 v3.1.11a (3.1.11a)

(c:/texlive/2025/texmf-dist/tex/generic/pgf/systemlayer/pgfsys-common-pdf.def
File: pgfsys-common-pdf.def 2025-08-29 v3.1.11a (3.1.11a)
)))
(c:/texlive/2025/texmf-dist/tex/generic/pgf/systemlayer/pgfsyssoftpath.code.tex
File: pgfsyssoftpath.code.tex 2025-08-29 v3.1.11a (3.1.11a)
\pgfsyssoftpath@smallbuffer@items=\count409
\pgfsyssoftpath@bigbuffer@items=\count410
)
(c:/texlive/2025/texmf-dist/tex/generic/pgf/systemlayer/pgfsysprotocol.code.tex
File: pgfsysprotocol.code.tex 2025-08-29 v3.1.11a (3.1.11a)
)) (c:/texlive/2025/texmf-dist/tex/generic/pgf/basiclayer/pgfcore.code.tex
Package: pgfcore 2025-08-29 v3.1.11a (3.1.11a)

(c:/texlive/2025/texmf-dist/tex/generic/pgf/math/pgfmath.code.tex
(c:/texlive/2025/texmf-dist/tex/generic/pgf/math/pgfmathutil.code.tex)
(c:/texlive/2025/texmf-dist/tex/generic/pgf/math/pgfmathparser.code.tex
\pgfmath@dimen=\dimen358
\pgfmath@count=\count411
\pgfmath@box=\box103
\pgfmath@toks=\toks50
\pgfmath@stack@operand=\toks51
\pgfmath@stack@operation=\toks52
)
(c:/texlive/2025/texmf-dist/tex/generic/pgf/math/pgfmathfunctions.code.tex)
(c:/texlive/2025/texmf-dist/tex/generic/pgf/math/pgfmathfunctions.basic.code.te
x)
(c:/texlive/2025/texmf-dist/tex/generic/pgf/math/pgfmathfunctions.trigonometric
.code.tex)
(c:/texlive/2025/texmf-dist/tex/generic/pgf/math/pgfmathfunctions.random.code.t
ex)
(c:/texlive/2025/texmf-dist/tex/generic/pgf/math/pgfmathfunctions.comparison.co
de.tex)
(c:/texlive/2025/texmf-dist/tex/generic/pgf/math/pgfmathfunctions.base.code.tex
)
(c:/texlive/2025/texmf-dist/tex/generic/pgf/math/pgfmathfunctions.round.code.te
x)
(c:/texlive/2025/texmf-dist/tex/generic/pgf/math/pgfmathfunctions.misc.code.tex
)
(c:/texlive/2025/texmf-dist/tex/generic/pgf/math/pgfmathfunctions.integerarithm
etics.code.tex)
(c:/texlive/2025/texmf-dist/tex/generic/pgf/math/pgfmathcalc.code.tex)
(c:/texlive/2025/texmf-dist/tex/generic/pgf/math/pgfmathfloat.code.tex
\c@pgfmathroundto@lastzeros=\count412
))
(c:/texlive/2025/texmf-dist/tex/generic/pgf/math/pgfint.code.tex)
(c:/texlive/2025/texmf-dist/tex/generic/pgf/basiclayer/pgfcorepoints.code.tex
File: pgfcorepoints.code.tex 2025-08-29 v3.1.11a (3.1.11a)
\pgf@picminx=\dimen359
\pgf@picmaxx=\dimen360
\pgf@picminy=\dimen361
\pgf@picmaxy=\dimen362
\pgf@pathminx=\dimen363
\pgf@pathmaxx=\dimen364
\pgf@pathminy=\dimen365
\pgf@pathmaxy=\dimen366
\pgf@xx=\dimen367
\pgf@xy=\dimen368
\pgf@yx=\dimen369
\pgf@yy=\dimen370
\pgf@zx=\dimen371
\pgf@zy=\dimen372
)
(c:/texlive/2025/texmf-dist/tex/generic/pgf/basiclayer/pgfcorepathconstruct.cod
e.tex
File: pgfcorepathconstruct.code.tex 2025-08-29 v3.1.11a (3.1.11a)
\pgf@path@lastx=\dimen373
\pgf@path@lasty=\dimen374
)
(c:/texlive/2025/texmf-dist/tex/generic/pgf/basiclayer/pgfcorepathusage.code.te
x
File: pgfcorepathusage.code.tex 2025-08-29 v3.1.11a (3.1.11a)
\pgf@shorten@end@additional=\dimen375
\pgf@shorten@start@additional=\dimen376
)
(c:/texlive/2025/texmf-dist/tex/generic/pgf/basiclayer/pgfcorescopes.code.tex
File: pgfcorescopes.code.tex 2025-08-29 v3.1.11a (3.1.11a)
\pgfpic=\box104
\pgf@hbox=\box105
\pgf@layerbox@main=\box106
\pgf@picture@serial@count=\count413
)
(c:/texlive/2025/texmf-dist/tex/generic/pgf/basiclayer/pgfcoregraphicstate.code
.tex
File: pgfcoregraphicstate.code.tex 2025-08-29 v3.1.11a (3.1.11a)
\pgflinewidth=\dimen377
)
(c:/texlive/2025/texmf-dist/tex/generic/pgf/basiclayer/pgfcoretransformations.c
ode.tex
File: pgfcoretransformations.code.tex 2025-08-29 v3.1.11a (3.1.11a)
\pgf@pt@x=\dimen378
\pgf@pt@y=\dimen379
\pgf@pt@temp=\dimen380
)
(c:/texlive/2025/texmf-dist/tex/generic/pgf/basiclayer/pgfcorequick.code.tex
File: pgfcorequick.code.tex 2025-08-29 v3.1.11a (3.1.11a)
)
(c:/texlive/2025/texmf-dist/tex/generic/pgf/basiclayer/pgfcoreobjects.code.tex
File: pgfcoreobjects.code.tex 2025-08-29 v3.1.11a (3.1.11a)
)
(c:/texlive/2025/texmf-dist/tex/generic/pgf/basiclayer/pgfcorepathprocessing.co
de.tex
File: pgfcorepathprocessing.code.tex 2025-08-29 v3.1.11a (3.1.11a)
)
(c:/texlive/2025/texmf-dist/tex/generic/pgf/basiclayer/pgfcorearrows.code.tex
File: pgfcorearrows.code.tex 2025-08-29 v3.1.11a (3.1.11a)
\pgfarrowsep=\dimen381
)
(c:/texlive/2025/texmf-dist/tex/generic/pgf/basiclayer/pgfcoreshade.code.tex
File: pgfcoreshade.code.tex 2025-08-29 v3.1.11a (3.1.11a)
\pgf@max=\dimen382
\pgf@sys@shading@range@num=\count414
\pgf@shadingcount=\count415
)
(c:/texlive/2025/texmf-dist/tex/generic/pgf/basiclayer/pgfcoreimage.code.tex
File: pgfcoreimage.code.tex 2025-08-29 v3.1.11a (3.1.11a)
)
(c:/texlive/2025/texmf-dist/tex/generic/pgf/basiclayer/pgfcoreexternal.code.tex
File: pgfcoreexternal.code.tex 2025-08-29 v3.1.11a (3.1.11a)
\pgfexternal@startupbox=\box107
) (c:/texlive/2025/texmf-dist/tex/generic/pgf/basiclayer/pgfcorelayers.code.tex
File: pgfcorelayers.code.tex 2025-08-29 v3.1.11a (3.1.11a)
)
(c:/texlive/2025/texmf-dist/tex/generic/pgf/basiclayer/pgfcoretransparency.code
.tex
File: pgfcoretransparency.code.tex 2025-08-29 v3.1.11a (3.1.11a)
)
(c:/texlive/2025/texmf-dist/tex/generic/pgf/basiclayer/pgfcorepatterns.code.tex
File: pgfcorepatterns.code.tex 2025-08-29 v3.1.11a (3.1.11a)
) (c:/texlive/2025/texmf-dist/tex/generic/pgf/basiclayer/pgfcorerdf.code.tex
File: pgfcorerdf.code.tex 2025-08-29 v3.1.11a (3.1.11a)
))) (c:/texlive/2025/texmf-dist/tex/generic/pgf/modules/pgfmoduleshapes.code.te
x
File: pgfmoduleshapes.code.tex 2025-08-29 v3.1.11a (3.1.11a)
\pgfnodeparttextbox=\box108
)
(c:/texlive/2025/texmf-dist/tex/generic/pgf/modules/pgfmoduleplot.code.tex
File: pgfmoduleplot.code.tex 2025-08-29 v3.1.11a (3.1.11a)
)
(c:/texlive/2025/texmf-dist/tex/latex/pgf/compatibility/pgfcomp-version-0-65.st
y
Package: pgfcomp-version-0-65 2025-08-29 v3.1.11a (3.1.11a)
\pgf@nodesepstart=\dimen383
\pgf@nodesepend=\dimen384
)
(c:/texlive/2025/texmf-dist/tex/latex/pgf/compatibility/pgfcomp-version-1-18.st
y
Package: pgfcomp-version-1-18 2025-08-29 v3.1.11a (3.1.11a)
)) (c:/texlive/2025/texmf-dist/tex/latex/pgf/utilities/pgffor.sty
(c:/texlive/2025/texmf-dist/tex/latex/pgf/utilities/pgfkeys.sty
(c:/texlive/2025/texmf-dist/tex/generic/pgf/utilities/pgfkeys.code.tex))
(c:/texlive/2025/texmf-dist/tex/latex/pgf/math/pgfmath.sty
(c:/texlive/2025/texmf-dist/tex/generic/pgf/math/pgfmath.code.tex))
(c:/texlive/2025/texmf-dist/tex/generic/pgf/utilities/pgffor.code.tex
Package: pgffor 2025-08-29 v3.1.11a (3.1.11a)
\pgffor@iter=\dimen385
\pgffor@skip=\dimen386
\pgffor@stack=\toks53
\pgffor@toks=\toks54
))
(c:/texlive/2025/texmf-dist/tex/generic/pgf/frontendlayer/tikz/tikz.code.tex
Package: tikz 2025-08-29 v3.1.11a (3.1.11a)

(c:/texlive/2025/texmf-dist/tex/generic/pgf/libraries/pgflibraryplothandlers.co
de.tex
File: pgflibraryplothandlers.code.tex 2025-08-29 v3.1.11a (3.1.11a)
\pgf@plot@mark@count=\count416
\pgfplotmarksize=\dimen387
)
\tikz@lastx=\dimen388
\tikz@lasty=\dimen389
\tikz@lastxsaved=\dimen390
\tikz@lastysaved=\dimen391
\tikz@lastmovetox=\dimen392
\tikz@lastmovetoy=\dimen393
\tikzleveldistance=\dimen394
\tikzsiblingdistance=\dimen395
\tikz@figbox=\box109
\tikz@figbox@bg=\box110
\tikz@tempbox=\box111
\tikz@tempbox@bg=\box112
\tikztreelevel=\count417
\tikznumberofchildren=\count418
\tikznumberofcurrentchild=\count419
\tikz@fig@count=\count420

(c:/texlive/2025/texmf-dist/tex/generic/pgf/modules/pgfmodulematrix.code.tex
File: pgfmodulematrix.code.tex 2025-08-29 v3.1.11a (3.1.11a)
\pgfmatrixcurrentrow=\count421
\pgfmatrixcurrentcolumn=\count422
\pgf@matrix@numberofcolumns=\count423
)
\tikz@expandcount=\count424

(c:/texlive/2025/texmf-dist/tex/generic/pgf/frontendlayer/tikz/libraries/tikzli
brarytopaths.code.tex
File: tikzlibrarytopaths.code.tex 2025-08-29 v3.1.11a (3.1.11a)
)))) (./general.aux
Package babel Info: 'russian' activates 'russian' shorthands.
(babel)             Reported on input line 9.


LaTeX Warning: Label `eq:Ibaz' multiply defined.


LaTeX Warning: Label `eq:Ibaz' multiply defined.

)
\openout1 = general.aux

LaTeX Font Info:    Checking defaults for OML/cmm/m/it on input line 28.
LaTeX Font Info:    ... okay on input line 28.
LaTeX Font Info:    Checking defaults for OMS/cmsy/m/n on input line 28.
LaTeX Font Info:    ... okay on input line 28.
LaTeX Font Info:    Checking defaults for OT1/cmr/m/n on input line 28.
LaTeX Font Info:    ... okay on input line 28.
LaTeX Font Info:    Checking defaults for T1/cmr/m/n on input line 28.
LaTeX Font Info:    ... okay on input line 28.
LaTeX Font Info:    Checking defaults for TS1/cmr/m/n on input line 28.
LaTeX Font Info:    ... okay on input line 28.
LaTeX Font Info:    Checking defaults for TU/lmr/m/n on input line 28.
LaTeX Font Info:    ... okay on input line 28.
LaTeX Font Info:    Checking defaults for OMX/cmex/m/n on input line 28.
LaTeX Font Info:    ... okay on input line 28.
LaTeX Font Info:    Checking defaults for U/cmr/m/n on input line 28.
LaTeX Font Info:    ... okay on input line 28.
LaTeX Font Info:    Checking defaults for PD1/pdf/m/n on input line 28.
LaTeX Font Info:    ... okay on input line 28.
LaTeX Font Info:    Checking defaults for PU/pdf/m/n on input line 28.
LaTeX Font Info:    ... okay on input line 28.
LaTeX Font Info:    Overwriting math alphabet `\mathrm' in version `normal'
(Font)                  TU/StixTwoMath(1)/m/n --> TU/lmr/m/n on input line 28.
LaTeX Font Info:    Overwriting math alphabet `\mathit' in version `normal'
(Font)                  OT1/cmr/m/it --> TU/lmr/m/it on input line 28.
LaTeX Font Info:    Overwriting math alphabet `\mathbf' in version `normal'
(Font)                  OT1/cmr/bx/n --> TU/lmr/bx/n on input line 28.
LaTeX Font Info:    Overwriting math alphabet `\mathsf' in version `normal'
(Font)                  OT1/cmss/m/n --> TU/ArialNarrow(0)/m/n on input line 28
.
LaTeX Font Info:    Overwriting math alphabet `\mathsf' in version `bold'
(Font)                  OT1/cmss/bx/n --> TU/ArialNarrow(0)/bx/n on input line 
28.
LaTeX Font Info:    Overwriting math alphabet `\mathtt' in version `normal'
(Font)                  OT1/cmtt/m/n --> TU/lmtt/m/n on input line 28.
LaTeX Font Info:    Overwriting math alphabet `\mathtt' in version `bold'
(Font)                  OT1/cmtt/m/n --> TU/lmtt/bx/n on input line 28.
LaTeX Info: Redefining \th on input line 28.
 (c:/texlive/2025/texmf-dist/tex/context/base/mkii/supp-pdf.mkii
[Loading MPS to PDF converter (version 2006.09.02).]
\scratchcounter=\count425
\scratchdimen=\dimen396
\scratchbox=\box113
\nofMPsegments=\count426
\nofMParguments=\count427
\everyMPshowfont=\toks55
\MPscratchCnt=\count428
\MPscratchDim=\dimen397
\MPnumerator=\count429
\makeMPintoPDFobject=\count430
\everyMPtoPDFconversion=\toks56
) (c:/texlive/2025/texmf-dist/tex/latex/epstopdf-pkg/epstopdf-base.sty
Package: epstopdf-base 2020-01-24 v2.11 Base part for package epstopdf
Package epstopdf-base Info: Redefining graphics rule for `.eps' on input line 4
85.

(c:/texlive/2025/texmf-dist/tex/latex/latexconfig/epstopdf-sys.cfg
File: epstopdf-sys.cfg 2010/07/13 v1.3 Configuration of (r)epstopdf for TeX Liv
e
))
*geometry* driver: auto-detecting
*geometry* detected driver: luatex
*geometry* verbose mode - [ preamble ] result:
* driver: luatex
* paper: a4paper
* layout: <same size as paper>
* layoutoffset:(h,v)=(0.0pt,0.0pt)
* modes: includehead includefoot 
* h-part:(L,W,R)=(62.59605pt, 506.45908pt, 28.45274pt)
* v-part:(T,H,B)=(17.07164pt, 810.90356pt, 17.07164pt)
* \paperwidth=597.50787pt
* \paperheight=845.04684pt
* \textwidth=506.45908pt
* \textheight=767.95084pt
* \oddsidemargin=-9.67393pt
* \evensidemargin=-9.67393pt
* \topmargin=-55.19835pt
* \headheight=14.5pt
* \headsep=8.53581pt
* \topskip=22.0pt
* \footskip=19.91692pt
* \marginparwidth=0.0pt
* \marginparsep=0.0pt
* \columnsep=10.0pt
* \skip\footins=10.8pt plus 4.0pt minus 2.0pt
* \hoffset=0.0pt
* \voffset=0.0pt
* \mag=1000
* \@twocolumnfalse
* \@twosidefalse
* \@mparswitchfalse
* \@reversemarginfalse
* (1in=72.27pt=25.4mm, 1cm=28.453pt)

Package caption Info: Begin \AtBeginDocument code.
Package caption Info: float package is loaded.
Package caption Info: hyperref package is loaded.
Package caption Info: End \AtBeginDocument code.
Package hyperref Info: Link coloring OFF on input line 28.
(./general.out) (./general.out)
\@outlinefile=\write4

\openout4 = general.out
LaTeX Info: Redefining \microtypecontext on input line 28.
Package microtype Info: Applying patch `item' on input line 28.
Package microtype Info: Applying patch `toc' on input line 28.
Package microtype Info: Applying patch `eqnum' on input line 28.
Package microtype Info: Applying patch `footnote' on input line 28.
Package microtype Info: Applying patch `verbatim' on input line 28.
LaTeX Info: Redefining \microtypesetup on input line 28.
Package microtype Info: Generating PDF output.
Package microtype Info: Character protrusion enabled (level 2).
Package microtype Info: Using default protrusion set `alltext'.
Package microtype Info: Automatic font expansion enabled (level 2),
(microtype)             stretch: 20, shrink: 20, step: 1, non-selected.
Package microtype Info: Using default expansion set `alltext-nott'.
Package microtype Info: Patching command `\showhyphens'.
Package microtype Info: No adjustment of tracking.
Package microtype Info: No adjustment of spacing.
Package microtype Info: No adjustment of kerning.
Package microtype Info: Loading generic protrusion settings for font family
(microtype)             `ArialNarrow' (encoding: TU).
(microtype)             For optimal results, create family-specific settings.
(microtype)             See the microtype manual for details.

("//uni-eng.ru/unit/Ivanovo/Документация ЮНИТ М300/Разра
ботка/Схемы ФБ ЮНИТ-М300/Проект/РЭ500/99. Общие 
разделы РЭ//title0.tex")
Package microtype Info: Loading generic protrusion settings for font family
(microtype)             `StixTwoMath' (encoding: TU).
(microtype)             For optimal results, create family-specific settings.
(microtype)             See the microtype manual for details.
<./images/uni.pdf, id=67, 845.04709pt x 321.52422pt>
File: ./images/uni.pdf Graphic file (type pdf)
<use ./images/uni.pdf>
Package luatex.def Info: ./images/uni.pdf  used on input line 39.
(luatex.def)             Requested size: 211.26125pt x 80.38084pt.


Package fancyhdr Warning: \headheight is too small (14.5pt): 
(fancyhdr)                Make it at least 84.73088pt, for example:
(fancyhdr)                \setlength{\headheight}{84.73088pt}.
(fancyhdr)                You might also make \topmargin smaller:
(fancyhdr)                \addtolength{\topmargin}{-70.23088pt}.

<./images/2.pdf, id=69, 48.35385pt x 57.13847pt>
File: ./images/2.pdf Graphic file (type pdf)
<use ./images/2.pdf>
Package luatex.def Info: ./images/2.pdf  used on input line 39.
(luatex.def)             Requested size: 388.37646pt x 459.02814pt.
[1{c:/texlive/2025/texmf-var/fonts/map/pdftex/updmap/pdftex.map}

<./images/2.pdf><./images/uni.pdf>]
("//uni-eng.ru/unit/Ivanovo/Документация ЮНИТ М300/Разра
ботка/Схемы ФБ ЮНИТ-М300/Проект/РЭ500/99. Общие 
разделы РЭ//title1.tex"

Package enumitem Warning: Negative labelwidth. This does not make much
(enumitem)                sense, on input line 35.


Overfull \hbox (2.33063pt too wide) in paragraph at lines 41--42
[]\TU/ArialNarrow(0)/m/n/12 СТО 34.01-6.2-002-2024 «Контроллеры 
при-со-еди-не-ния, пре-об-ра-зо-ва-те-ли дис-к
рет-ных сиг-на-лов. Типовые
 []


Package enumitem Warning: Negative labelwidth. This does not make much
(enumitem)                sense, on input line 96.

[2

]) [3]
("//uni-eng.ru/unit/Ivanovo/Документация ЮНИТ М300/Разра
ботка/Схемы ФБ ЮНИТ-М300/Проект/РЭ500/99. Общие 
разделы РЭ//toc.tex" (./general.toc [4

])
\tf@toc=\write5

\openout5 = general.toc
) [5] (./toa_general.tex
Overfull \hbox (169.7279pt too wide) in alignment at lines 5--6
 [][][] 
 []


Overfull \hbox (169.7279pt too wide) in alignment at lines 6--6
 [][][] 
 []


Overfull \hbox (169.7279pt too wide) in alignment at lines 6--6
 [][][] 
 []


Overfull \hbox (169.7279pt too wide) in alignment at lines 6--6
 [][][] 
 []


Overfull \hbox (169.7279pt too wide) in alignment at lines 6--20
 [][][] 
 []

) [6

]
("//uni-eng.ru/unit/Ivanovo/Документация ЮНИТ М300/Разра
ботка/Схемы ФБ ЮНИТ-М300/Проект/РЭ500/99. Общие 
разделы РЭ//section1.tex"
Inserting `luaotfload.letterspace' in `pre_linebreak_filter'.
Inserting `luaotfload.letterspace' in `hpack_filter'.

Package enumitem Warning: Negative labelwidth. This does not make much
(enumitem)                sense, on input line 102.


LaTeX Warning: Reference `app:analogs' on page 7 undefined on input line 106.

[7

]

LaTeX Warning: Reference `app:settings' on page 8 undefined on input line 121.


Package enumitem Warning: Negative labelwidth. This does not make much
(enumitem)                sense, on input line 165.

[8]

Package enumitem Warning: Negative labelwidth. This does not make much
(enumitem)                sense, on input line 203.


Package enumitem Warning: Negative labelwidth. This does not make much
(enumitem)                sense, on input line 232.

[9]

Package enumitem Warning: Negative labelwidth. This does not make much
(enumitem)                sense, on input line 248.


Package enumitem Warning: Negative labelwidth. This does not make much
(enumitem)                sense, on input line 272.


Package enumitem Warning: Negative labelwidth. This does not make much
(enumitem)                sense, on input line 289.

[10]

Package enumitem Warning: Negative labelwidth. This does not make much
(enumitem)                sense, on input line 300.


Package enumitem Warning: Negative labelwidth. This does not make much
(enumitem)                sense, on input line 307.


Overfull \hbox (2.95848pt too wide) in paragraph at lines 310--311
[]\TU/ArialNarrow(0)/m/n/12 Пользователь мо-жет быть за-
бло-ки-ро-ван при-ну-ди-тель-но поль-зо-ва-те-
лем с ро-лью Администратор.
 []


Overfull \hbox (0.88pt too wide) in paragraph at lines 321--321
 [][]\TU/fontawesome7free/solid/n/24.88 [] 
 []

[11]

Package enumitem Warning: Negative labelwidth. This does not make much
(enumitem)                sense, on input line 351.

) [12]
("//uni-eng.ru/unit/Ivanovo/Документация ЮНИТ М300/Разра
ботка/Схемы ФБ ЮНИТ-М300/Проект/РЭ500/99. Общие 
разделы РЭ//section2.tex"

Package enumitem Warning: Negative labelwidth. This does not make much
(enumitem)                sense, on input line 27.

) [13

]
("//uni-eng.ru/unit/Ivanovo/Документация ЮНИТ М300/Разра
ботка/Схемы ФБ ЮНИТ-М300/Проект/БД500/desc//06.02 Д
ЗАТ/041.0611 ДТЗ/dtz.tex"
LaTeX Font Info:    Font shape `TU/ArialNarrow(0)/m/sl' in size <12> not availa
ble
(Font)              Font shape `TU/ArialNarrow(0)/m/it' tried instead on input 
line 28.

(c:/texlive/2025/texmf-dist/tex/latex/microtype/mt-LatinModernRoman.cfg
File: mt-LatinModernRoman.cfg 2021/02/21 v1.1 microtype config. file: Latin Mod
ern Roman (RS)
)
[14

]
Overfull \hbox (1.10786pt too wide) in alignment at lines 86--93
 [][][][][][] 
 []


Overfull \hbox (1.10786pt too wide) in alignment at lines 93--100
 [][][][][][] 
 []


Overfull \hbox (1.10786pt too wide) in alignment at lines 100--102
 [][][][][][] 
 []


Overfull \hbox (1.10786pt too wide) in alignment at lines 102--103
 [][][][][][] 
 []


Overfull \hbox (1.10786pt too wide) in alignment at lines 103--153
 [][][][][][] 
 []

<//uni-eng.ru/unit/Ivanovo/Документация ЮНИТ М300/Разра
ботка/Схемы ФБ ЮНИТ-М300/Проект/БД500/desc//06.02 Д
ЗАТ/041.0611 ДТЗ/img/DTO.pdf, id=331, 514.50917pt x 176.91093pt>
File: //uni-eng.ru/unit/Ivanovo/Документация ЮНИТ М300/Раз
работка/Схемы ФБ ЮНИТ-М300/Проект/БД500/desc//06.02 
ДЗАТ/041.0611 ДТЗ/img/DTO.pdf Graphic file (type pdf)
<use //uni-eng.ru/unit/Ivanovo/Документация ЮНИТ М300/Раз
работка/Схемы ФБ ЮНИТ-М300/Проект/БД500/desc//06.02 
ДЗАТ/041.0611 ДТЗ/img/DTO.pdf>
Package luatex.def Info: //uni-eng.ru/unit/Ivanovo/Документация Ю
НИТ М300/Разработка/Схемы ФБ ЮНИТ-М300/Проект/
БД500/desc//06.02 ДЗАТ/041.0611 ДТЗ/img/DTO.pdf  used on input line 16
8.
(luatex.def)             Requested size: 506.46088pt x 174.14355pt.
<//uni-eng.ru/unit/Ivanovo/Документация ЮНИТ М300/Разра
ботка/Схемы ФБ ЮНИТ-М300/Проект/БД500/desc//06.02 Д
ЗАТ/041.0611 ДТЗ/img/dz_har.pdf, id=333, 294.26073pt x 196.43512pt>
File: //uni-eng.ru/unit/Ivanovo/Документация ЮНИТ М300/Раз
работка/Схемы ФБ ЮНИТ-М300/Проект/БД500/desc//06.02 
ДЗАТ/041.0611 ДТЗ/img/dz_har.pdf Graphic file (type pdf)
<use //uni-eng.ru/unit/Ivanovo/Документация ЮНИТ М300/Раз
работка/Схемы ФБ ЮНИТ-М300/Проект/БД500/desc//06.02 
ДЗАТ/041.0611 ДТЗ/img/dz_har.pdf>
Package luatex.def Info: //uni-eng.ru/unit/Ivanovo/Документация Ю
НИТ М300/Разработка/Схемы ФБ ЮНИТ-М300/Проект/
БД500/desc//06.02 ДЗАТ/041.0611 ДТЗ/img/dz_har.pdf  used on input line
 177.
(luatex.def)             Requested size: 253.2344pt x 169.04779pt.
[15<//uni-eng.ru/unit/Ivanovo/Документация ЮНИТ М300/Разр
аботка/Схемы ФБ ЮНИТ-М300/Проект/БД500/desc//06.02 
ДЗАТ/041.0611 ДТЗ/img/DTO.pdf>]

Package enumitem Warning: Negative labelwidth. This does not make much
(enumitem)                sense, on input line 184.


Package enumitem Warning: Negative labelwidth. This does not make much
(enumitem)                sense, on input line 195.

<//uni-eng.ru/unit/Ivanovo/Документация ЮНИТ М300/Разра
ботка/Схемы ФБ ЮНИТ-М300/Проект/БД500/desc//06.02 Д
ЗАТ/041.0611 ДТЗ/img/DTZ.pdf, id=354, 680.53377pt x 424.08998pt>
File: //uni-eng.ru/unit/Ivanovo/Документация ЮНИТ М300/Раз
работка/Схемы ФБ ЮНИТ-М300/Проект/БД500/desc//06.02 
ДЗАТ/041.0611 ДТЗ/img/DTZ.pdf Graphic file (type pdf)
<use //uni-eng.ru/unit/Ivanovo/Документация ЮНИТ М300/Раз
работка/Схемы ФБ ЮНИТ-М300/Проект/БД500/desc//06.02 
ДЗАТ/041.0611 ДТЗ/img/DTZ.pdf>
Package luatex.def Info: //uni-eng.ru/unit/Ivanovo/Документация Ю
НИТ М300/Разработка/Схемы ФБ ЮНИТ-М300/Проект/
БД500/desc//06.02 ДЗАТ/041.0611 ДТЗ/img/DTZ.pdf  used on input line 20
6.
(luatex.def)             Requested size: 506.45311pt x 315.60768pt.
[16<//uni-eng.ru/unit/Ivanovo/Документация ЮНИТ М300/Разр
аботка/Схемы ФБ ЮНИТ-М300/Проект/БД500/desc//06.02 
ДЗАТ/041.0611 ДТЗ/img/dz_har.pdf><//uni-eng.ru/unit/Ivanovo/Докум
ентация ЮНИТ М300/Разработка/Схемы ФБ ЮНИТ-М30
0/Проект/БД500/desc//06.02 ДЗАТ/041.0611 ДТЗ/img/DTZ.pdf>]
<//uni-eng.ru/unit/Ivanovo/Документация ЮНИТ М300/Разра
ботка/Схемы ФБ ЮНИТ-М300/Проект/БД500/desc//06.02 Д
ЗАТ/041.0611 ДТЗ/img/d2g.pdf, id=394, 675.02188pt x 287.57437pt>
File: //uni-eng.ru/unit/Ivanovo/Документация ЮНИТ М300/Раз
работка/Схемы ФБ ЮНИТ-М300/Проект/БД500/desc//06.02 
ДЗАТ/041.0611 ДТЗ/img/d2g.pdf Graphic file (type pdf)
<use //uni-eng.ru/unit/Ivanovo/Документация ЮНИТ М300/Раз
работка/Схемы ФБ ЮНИТ-М300/Проект/БД500/desc//06.02 
ДЗАТ/041.0611 ДТЗ/img/d2g.pdf>
Package luatex.def Info: //uni-eng.ru/unit/Ivanovo/Документация Ю
НИТ М300/Разработка/Схемы ФБ ЮНИТ-М300/Проект/
БД500/desc//06.02 ДЗАТ/041.0611 ДТЗ/img/d2g.pdf  used on input line 22
8.
(luatex.def)             Requested size: 506.47116pt x 215.768pt.
<//uni-eng.ru/unit/Ivanovo/Документация ЮНИТ М300/Разра
ботка/Схемы ФБ ЮНИТ-М300/Проект/БД500/desc//06.02 Д
ЗАТ/041.0611 ДТЗ/img/d5g.pdf, id=396, 673.01437pt x 280.54813pt>
File: //uni-eng.ru/unit/Ivanovo/Документация ЮНИТ М300/Раз
работка/Схемы ФБ ЮНИТ-М300/Проект/БД500/desc//06.02 
ДЗАТ/041.0611 ДТЗ/img/d5g.pdf Graphic file (type pdf)
<use //uni-eng.ru/unit/Ivanovo/Документация ЮНИТ М300/Раз
работка/Схемы ФБ ЮНИТ-М300/Проект/БД500/desc//06.02 
ДЗАТ/041.0611 ДТЗ/img/d5g.pdf>
Package luatex.def Info: //uni-eng.ru/unit/Ivanovo/Документация Ю
НИТ М300/Разработка/Схемы ФБ ЮНИТ-М300/Проект/
БД500/desc//06.02 ДЗАТ/041.0611 ДТЗ/img/d5g.pdf  used on input line 25
0.
(luatex.def)             Requested size: 506.46425pt x 211.12117pt.

[17<//uni-eng.ru/unit/Ivanovo/Документация ЮНИТ М300/Разр
аботка/Схемы ФБ ЮНИТ-М300/Проект/БД500/desc//06.02 
ДЗАТ/041.0611 ДТЗ/img/d2g.pdf>]
<//uni-eng.ru/unit/Ivanovo/Документация ЮНИТ М300/Разра
ботка/Схемы ФБ ЮНИТ-М300/Проект/БД500/desc//06.02 Д
ЗАТ/041.0611 ДТЗ/img/KCT.pdf, id=419, 516.24399pt x 307.2148pt>
File: //uni-eng.ru/unit/Ivanovo/Документация ЮНИТ М300/Раз
работка/Схемы ФБ ЮНИТ-М300/Проект/БД500/desc//06.02 
ДЗАТ/041.0611 ДТЗ/img/KCT.pdf Graphic file (type pdf)
<use //uni-eng.ru/unit/Ivanovo/Документация ЮНИТ М300/Раз
работка/Схемы ФБ ЮНИТ-М300/Проект/БД500/desc//06.02 
ДЗАТ/041.0611 ДТЗ/img/KCT.pdf>
Package luatex.def Info: //uni-eng.ru/unit/Ivanovo/Документация Ю
НИТ М300/Разработка/Схемы ФБ ЮНИТ-М300/Проект/
БД500/desc//06.02 ДЗАТ/041.0611 ДТЗ/img/KCT.pdf  used on input line 26
6.
(luatex.def)             Requested size: 506.47495pt x 301.40126pt.
)
("//uni-eng.ru/unit/Ivanovo/Документация ЮНИТ М300/Разра
ботка/Схемы ФБ ЮНИТ-М300/Проект/БД500/desc//09.01 Б
СК/261.0621 ДТЗ НП/dtz_np.tex" [18<//uni-eng.ru/unit/Ivanovo/Докум
ентация ЮНИТ М300/Разработка/Схемы ФБ ЮНИТ-М30
0/Проект/БД500/desc//06.02 ДЗАТ/041.0611 ДТЗ/img/d5g.pdf><//uni-e
ng.ru/unit/Ivanovo/Документация ЮНИТ М300/Разработк
а/Схемы ФБ ЮНИТ-М300/Проект/БД500/desc//06.02 ДЗАТ/041.
0611 ДТЗ/img/KCT.pdf>]
<//uni-eng.ru/unit/Ivanovo/Документация ЮНИТ М300/Разра
ботка/Схемы ФБ ЮНИТ-М300/Проект/БД500/desc//09.01 Б
СК/261.0621 ДТЗ НП/img/DTZ_NP.pdf, id=448, 526.30403pt x 221.02576pt>
File: //uni-eng.ru/unit/Ivanovo/Документация ЮНИТ М300/Раз
работка/Схемы ФБ ЮНИТ-М300/Проект/БД500/desc//09.01 
БСК/261.0621 ДТЗ НП/img/DTZ_NP.pdf Graphic file (type pdf)
<use //uni-eng.ru/unit/Ivanovo/Документация ЮНИТ М300/Раз
работка/Схемы ФБ ЮНИТ-М300/Проект/БД500/desc//09.01 
БСК/261.0621 ДТЗ НП/img/DTZ_NP.pdf>
Package luatex.def Info: //uni-eng.ru/unit/Ivanovo/Документация Ю
НИТ М300/Разработка/Схемы ФБ ЮНИТ-М300/Проект/
БД500/desc//09.01 БСК/261.0621 ДТЗ НП/img/DTZ_NP.pdf  used on input l
ine 22.
(luatex.def)             Requested size: 506.47482pt x 212.6983pt.


Package enumitem Warning: Negative labelwidth. This does not make much
(enumitem)                sense, on input line 83.

<//uni-eng.ru/unit/Ivanovo/Документация ЮНИТ М300/Разра
ботка/Схемы ФБ ЮНИТ-М300/Проект/БД500/desc//09.01 Б
СК/261.0621 ДТЗ НП/img/har_srab_dz.pdf, id=449, 342.42616pt x 140.7408pt
>
File: //uni-eng.ru/unit/Ivanovo/Документация ЮНИТ М300/Раз
работка/Схемы ФБ ЮНИТ-М300/Проект/БД500/desc//09.01 
БСК/261.0621 ДТЗ НП/img/har_srab_dz.pdf Graphic file (type pdf)
<use //uni-eng.ru/unit/Ivanovo/Документация ЮНИТ М300/Раз
работка/Схемы ФБ ЮНИТ-М300/Проект/БД500/desc//09.01 
БСК/261.0621 ДТЗ НП/img/har_srab_dz.pdf>
Package luatex.def Info: //uni-eng.ru/unit/Ivanovo/Документация Ю
НИТ М300/Разработка/Схемы ФБ ЮНИТ-М300/Проект/
БД500/desc//09.01 БСК/261.0621 ДТЗ НП/img/har_srab_dz.pdf  used on in
put line 91.
(luatex.def)             Requested size: 405.18796pt x 166.53656pt.
[19<//uni-eng.ru/unit/Ivanovo/Документация ЮНИТ М300/Разр
аботка/Схемы ФБ ЮНИТ-М300/Проект/БД500/desc//09.01 
БСК/261.0621 ДТЗ НП/img/DTZ_NP.pdf>]

Package enumitem Warning: Negative labelwidth. This does not make much
(enumitem)                sense, on input line 99.

<//uni-eng.ru/unit/Ivanovo/Документация ЮНИТ М300/Разра
ботка/Схемы ФБ ЮНИТ-М300/Проект/БД500/desc//09.01 Б
СК/261.0621 ДТЗ НП/img/har_srab_napr.pdf, id=481, 287.48744pt x 156.5459
7pt>
File: //uni-eng.ru/unit/Ivanovo/Документация ЮНИТ М300/Раз
работка/Схемы ФБ ЮНИТ-М300/Проект/БД500/desc//09.01 
БСК/261.0621 ДТЗ НП/img/har_srab_napr.pdf Graphic file (type pdf)
<use //uni-eng.ru/unit/Ivanovo/Документация ЮНИТ М300/Раз
работка/Схемы ФБ ЮНИТ-М300/Проект/БД500/desc//09.01 
БСК/261.0621 ДТЗ НП/img/har_srab_napr.pdf>
Package luatex.def Info: //uni-eng.ru/unit/Ivanovo/Документация Ю
НИТ М300/Разработка/Схемы ФБ ЮНИТ-М300/Проект/
БД500/desc//09.01 БСК/261.0621 ДТЗ НП/img/har_srab_napr.pdf  used on 
input line 114.
(luatex.def)             Requested size: 379.86621pt x 206.84912pt.
)
("//uni-eng.ru/unit/Ivanovo/Документация ЮНИТ М300/Разра
ботка/Схемы ФБ ЮНИТ-М300/Проект/БД500/desc//09.01 Б
СК/261.0231 ЗВП/zvp.tex" [20<//uni-eng.ru/unit/Ivanovo/Документа
ция ЮНИТ М300/Разработка/Схемы ФБ ЮНИТ-М300/Пр
оект/БД500/desc//09.01 БСК/261.0621 ДТЗ НП/img/har_srab_dz.pdf><//
uni-eng.ru/unit/Ivanovo/Документация ЮНИТ М300/Разрабо
тка/Схемы ФБ ЮНИТ-М300/Проект/БД500/desc//09.01 БСК/26
1.0621 ДТЗ НП/img/har_srab_napr.pdf>]
<//uni-eng.ru/unit/Ivanovo/Документация ЮНИТ М300/Разра
ботка/Схемы ФБ ЮНИТ-М300/Проект/БД500/desc//09.01 Б
СК/261.0231 ЗВП/img/ZVP.pdf, id=535, 525.70183pt x 381.82648pt>
File: //uni-eng.ru/unit/Ivanovo/Документация ЮНИТ М300/Раз
работка/Схемы ФБ ЮНИТ-М300/Проект/БД500/desc//09.01 
БСК/261.0231 ЗВП/img/ZVP.pdf Graphic file (type pdf)
<use //uni-eng.ru/unit/Ivanovo/Документация ЮНИТ М300/Раз
работка/Схемы ФБ ЮНИТ-М300/Проект/БД500/desc//09.01 
БСК/261.0231 ЗВП/img/ZVP.pdf>
Package luatex.def Info: //uni-eng.ru/unit/Ivanovo/Документация Ю
НИТ М300/Разработка/Схемы ФБ ЮНИТ-М300/Проект/
БД500/desc//09.01 БСК/261.0231 ЗВП/img/ZVP.pdf  used on input line 15.
(luatex.def)             Requested size: 506.46486pt x 367.85431pt.


Package enumitem Warning: Negative labelwidth. This does not make much
(enumitem)                sense, on input line 22.

)
("//uni-eng.ru/unit/Ivanovo/Документация ЮНИТ М300/Разра
ботка/Схемы ФБ ЮНИТ-М300/Проект/БД500/desc//09.01 Б
СК/261.0861 ЗН/zn.tex" [21<//uni-eng.ru/unit/Ivanovo/Документац
ия ЮНИТ М300/Разработка/Схемы ФБ ЮНИТ-М300/Про
ект/БД500/desc//09.01 БСК/261.0231 ЗВП/img/ZVP.pdf>]
<//uni-eng.ru/unit/Ivanovo/Документация ЮНИТ М300/Разра
ботка/Схемы ФБ ЮНИТ-М300/Проект/БД500/desc//09.01 Б
СК/261.0861 ЗН/img/ZPN.pdf, id=560, 604.3995pt x 441.45432pt>
File: //uni-eng.ru/unit/Ivanovo/Документация ЮНИТ М300/Раз
работка/Схемы ФБ ЮНИТ-М300/Проект/БД500/desc//09.01 
БСК/261.0861 ЗН/img/ZPN.pdf Graphic file (type pdf)
<use //uni-eng.ru/unit/Ivanovo/Документация ЮНИТ М300/Раз
работка/Схемы ФБ ЮНИТ-М300/Проект/БД500/desc//09.01 
БСК/261.0861 ЗН/img/ZPN.pdf>
Package luatex.def Info: //uni-eng.ru/unit/Ivanovo/Документация Ю
НИТ М300/Разработка/Схемы ФБ ЮНИТ-М300/Проект/
БД500/desc//09.01 БСК/261.0861 ЗН/img/ZPN.pdf  used on input line 38.
(luatex.def)             Requested size: 506.47476pt x 369.92993pt.
 [22<//uni-eng.ru/unit/Ivanovo/Документация ЮНИТ М300/Раз
работка/Схемы ФБ ЮНИТ-М300/Проект/БД500/desc//09.01 
БСК/261.0861 ЗН/img/ZPN.pdf>]
<//uni-eng.ru/unit/Ivanovo/Документация ЮНИТ М300/Разра
ботка/Схемы ФБ ЮНИТ-М300/Проект/БД500/desc//09.01 Б
СК/261.0861 ЗН/img/ZMN.pdf, id=589, 599.74063pt x 211.79124pt>
File: //uni-eng.ru/unit/Ivanovo/Документация ЮНИТ М300/Раз
работка/Схемы ФБ ЮНИТ-М300/Проект/БД500/desc//09.01 
БСК/261.0861 ЗН/img/ZMN.pdf Graphic file (type pdf)
<use //uni-eng.ru/unit/Ivanovo/Документация ЮНИТ М300/Раз
работка/Схемы ФБ ЮНИТ-М300/Проект/БД500/desc//09.01 
БСК/261.0861 ЗН/img/ZMN.pdf>
Package luatex.def Info: //uni-eng.ru/unit/Ivanovo/Документация Ю
НИТ М300/Разработка/Схемы ФБ ЮНИТ-М300/Проект/
БД500/desc//09.01 БСК/261.0861 ЗН/img/ZMN.pdf  used on input line 62.
(luatex.def)             Requested size: 506.46918pt x 178.85353pt.
)
("//uni-eng.ru/unit/Ivanovo/Документация ЮНИТ М300/Разра
ботка/Схемы ФБ ЮНИТ-М300/Проект/БД500/desc//09.01 Б
СК/271.0281 МТЗ/mtz.tex"
<//uni-eng.ru/unit/Ivanovo/Документация ЮНИТ М300/Разра
ботка/Схемы ФБ ЮНИТ-М300/Проект/БД500/desc//09.01 Б
СК/271.0281 МТЗ/img/MTZ_VV.pdf, id=592, 444.8791pt x 153.57375pt>
File: //uni-eng.ru/unit/Ivanovo/Документация ЮНИТ М300/Раз
работка/Схемы ФБ ЮНИТ-М300/Проект/БД500/desc//09.01 
БСК/271.0281 МТЗ/img/MTZ_VV.pdf Graphic file (type pdf)
<use //uni-eng.ru/unit/Ivanovo/Документация ЮНИТ М300/Раз
работка/Схемы ФБ ЮНИТ-М300/Проект/БД500/desc//09.01 
БСК/271.0281 МТЗ/img/MTZ_VV.pdf>
Package luatex.def Info: //uni-eng.ru/unit/Ivanovo/Документация Ю
НИТ М300/Разработка/Схемы ФБ ЮНИТ-М300/Проект/
БД500/desc//09.01 БСК/271.0281 МТЗ/img/MTZ_VV.pdf  used on input line 2
2.
(luatex.def)             Requested size: 506.46146pt x 174.83217pt.
) [23<//uni-eng.ru/unit/Ivanovo/Документация ЮНИТ М300/Раз
работка/Схемы ФБ ЮНИТ-М300/Проект/БД500/desc//09.01 
БСК/261.0861 ЗН/img/ZMN.pdf><//uni-eng.ru/unit/Ivanovo/Документа
ция ЮНИТ М300/Разработка/Схемы ФБ ЮНИТ-М300/Пр
оект/БД500/desc//09.01 БСК/271.0281 МТЗ/img/MTZ_VV.pdf>]
("//uni-eng.ru/unit/Ivanovo/Документация ЮНИТ М300/Разра
ботка/Схемы ФБ ЮНИТ-М300/Проект/РЭ500/99. Общие 
разделы РЭ//section3.tex" [24]

Package enumitem Warning: Negative labelwidth. This does not make much
(enumitem)                sense, on input line 76.

) (./startapp.tex) [25]
("//uni-eng.ru/unit/Ivanovo/Документация ЮНИТ М300/Разра
ботка/Схемы ФБ ЮНИТ-М300/Проект/РЭ500/09.01 РЭ ЮН
ИТ-М500-БСК//Приложение. Уставки/_latex/settings_macros.
tex")
("//uni-eng.ru/unit/Ivanovo/Документация ЮНИТ М300/Разра
ботка/Схемы ФБ ЮНИТ-М300/Проект/РЭ500/09.01 РЭ ЮН
ИТ-М500-БСК//Приложение. Уставки/_latex/appset.tex"
ignored error Infinite glue shrinkage found in box being split [26]
ignored error Infinite glue shrinkage found in box being split [27]
ignored error Infinite glue shrinkage found in box being split [28]) [29]
("//uni-eng.ru/unit/Ivanovo/Документация ЮНИТ М300/Разра
ботка/Схемы ФБ ЮНИТ-М300/Проект/РЭ500/99. Общие 
разделы РЭ//Приложение. Код заказа/_latex/apporder.
tex"
<//uni-eng.ru/unit/Ivanovo/Документация ЮНИТ М300/Разра
ботка/Схемы ФБ ЮНИТ-М300/Проект/РЭ500/99. Общие 
разделы РЭ//Приложение. Код заказа/Unit-M510.pdf, i
d=691, 845.07718pt x 1010.4344pt>
File: //uni-eng.ru/unit/Ivanovo/Документация ЮНИТ М300/Раз
работка/Схемы ФБ ЮНИТ-М300/Проект/РЭ500/99. Общ
ие разделы РЭ//Приложение. Код заказа/Unit-M510.p
df Graphic file (type pdf)
<use //uni-eng.ru/unit/Ivanovo/Документация ЮНИТ М300/Раз
работка/Схемы ФБ ЮНИТ-М300/Проект/РЭ500/99. Общ
ие разделы РЭ//Приложение. Код заказа/Unit-M510.p
df>
Package luatex.def Info: //uni-eng.ru/unit/Ivanovo/Документация Ю
НИТ М300/Разработка/Схемы ФБ ЮНИТ-М300/Проект/
РЭ500/99. Общие разделы РЭ//Приложение. Код за
каза/Unit-M510.pdf  used on input line 30.
(luatex.def)             Requested size: 455.8062pt x 544.99432pt.
<//uni-eng.ru/unit/Ivanovo/Документация ЮНИТ М300/Разра
ботка/Схемы ФБ ЮНИТ-М300/Проект/РЭ500/99. Общие 
разделы РЭ//Приложение. Код заказа/Unit-M514.pdf, i
d=692, 845.07718pt x 1088.33382pt>
File: //uni-eng.ru/unit/Ivanovo/Документация ЮНИТ М300/Раз
работка/Схемы ФБ ЮНИТ-М300/Проект/РЭ500/99. Общ
ие разделы РЭ//Приложение. Код заказа/Unit-M514.p
df Graphic file (type pdf)
<use //uni-eng.ru/unit/Ivanovo/Документация ЮНИТ М300/Раз
работка/Схемы ФБ ЮНИТ-М300/Проект/РЭ500/99. Общ
ие разделы РЭ//Приложение. Код заказа/Unit-M514.p
df>
Package luatex.def Info: //uni-eng.ru/unit/Ivanovo/Документация Ю
НИТ М300/Разработка/Схемы ФБ ЮНИТ-М300/Проект/
РЭ500/99. Общие разделы РЭ//Приложение. Код за
каза/Unit-M514.pdf  used on input line 35.
(luatex.def)             Requested size: 506.45706pt x 652.24144pt.
 [30<//uni-eng.ru/unit/Ivanovo/Документация ЮНИТ М300/Раз
работка/Схемы ФБ ЮНИТ-М300/Проект/РЭ500/99. Общ
ие разделы РЭ//Приложение. Код заказа/Unit-M510.pd
f>]
<//uni-eng.ru/unit/Ivanovo/Документация ЮНИТ М300/Разра
ботка/Схемы ФБ ЮНИТ-М300/Проект/РЭ500/99. Общие 
разделы РЭ//Приложение. Код заказа/Unit-M519.pdf, i
d=725, 845.07718pt x 1090.59184pt>
File: //uni-eng.ru/unit/Ivanovo/Документация ЮНИТ М300/Раз
работка/Схемы ФБ ЮНИТ-М300/Проект/РЭ500/99. Общ
ие разделы РЭ//Приложение. Код заказа/Unit-M519.p
df Graphic file (type pdf)
<use //uni-eng.ru/unit/Ivanovo/Документация ЮНИТ М300/Раз
работка/Схемы ФБ ЮНИТ-М300/Проект/РЭ500/99. Общ
ие разделы РЭ//Приложение. Код заказа/Unit-M519.p
df>
Package luatex.def Info: //uni-eng.ru/unit/Ivanovo/Документация Ю
НИТ М300/Разработка/Схемы ФБ ЮНИТ-М300/Проект/
РЭ500/99. Общие разделы РЭ//Приложение. Код за
каза/Unit-M519.pdf  used on input line 40.
(luatex.def)             Requested size: 506.45706pt x 653.59467pt.
 [31<//uni-eng.ru/unit/Ivanovo/Документация ЮНИТ М300/Раз
работка/Схемы ФБ ЮНИТ-М300/Проект/РЭ500/99. Общ
ие разделы РЭ//Приложение. Код заказа/Unit-M514.pd
f>] [32<//uni-eng.ru/unit/Ivanovo/Документация ЮНИТ М300/Ра
зработка/Схемы ФБ ЮНИТ-М300/Проект/РЭ500/99. Об
щие разделы РЭ//Приложение. Код заказа/Unit-M519.
pdf>])
("//uni-eng.ru/unit/Ivanovo/Документация ЮНИТ М300/Разра
ботка/Схемы ФБ ЮНИТ-М300/Проект/РЭ500/09.01 РЭ ЮН
ИТ-М500-БСК//Приложение. ФСУ/_latex/app2.tex"
Package typearea Info: These are the values describing the layout:
(typearea)             DIV  = areaset
(typearea)             BCOR = 0.0pt
(typearea)             \paperwidth      = 1195.01587pt
(typearea)              \textwidth      = 1109.65747pt
(typearea)              \evensidemargin = -29.5908pt
(typearea)              \oddsidemargin  = -29.5908pt
(typearea)             \paperheight     = 845.04694pt
(typearea)              \textheight     = 768.2244pt
(typearea)              \topmargin      = -85.41248pt
(typearea)              \headheight     = 17.0pt
(typearea)              \headsep        = 21.75pt
(typearea)              \topskip        = 22.0pt
(typearea)              \footskip       = 50.75pt
(typearea)              \baselineskip   = 14.5pt
(typearea)              on input line 4.
Package typearea Info: Using dirty hack to recalculate internal output
(typearea)             dimensions of LaTeX on input line 4.


Package typearea Warning: page content and margins higher than paper.
(typearea)                This may result in page footer out of paper.
(typearea)                You should decrease DIV, decrease foot height,
(typearea)                or decreate height of text area.

\c@filecounter=\count431
<//uni-eng.ru/unit/Ivanovo/Документация ЮНИТ М300/Разра
ботка/Схемы ФБ ЮНИТ-М300/Проект/РЭ500/09.01 РЭ ЮН
ИТ-М500-БСК//Приложение. ФСУ/_latex/img/0.pdf, id=791, 805.0
0996pt x 453.13498pt>
File: //uni-eng.ru/unit/Ivanovo/Документация ЮНИТ М300/Раз
работка/Схемы ФБ ЮНИТ-М300/Проект/РЭ500/09.01 РЭ 
ЮНИТ-М500-БСК//Приложение. ФСУ/_latex/img/0.pdf Graphic fi
le (type pdf)
<use //uni-eng.ru/unit/Ivanovo/Документация ЮНИТ М300/Раз
работка/Схемы ФБ ЮНИТ-М300/Проект/РЭ500/09.01 РЭ 
ЮНИТ-М500-БСК//Приложение. ФСУ/_latex/img/0.pdf>
Package luatex.def Info: //uni-eng.ru/unit/Ivanovo/Документация Ю
НИТ М300/Разработка/Схемы ФБ ЮНИТ-М300/Проект/
РЭ500/09.01 РЭ ЮНИТ-М500-БСК//Приложение. ФСУ/_latex/i
mg/0.pdf  used on input line 29.
(luatex.def)             Requested size: 1109.66205pt x 624.62169pt.

Package fancyhdr Warning: \footskip is too small (-22.76228pt): 
(fancyhdr)                Make it at least 15.49998pt, for example:
(fancyhdr)                \setlength{\footskip}{15.49998pt}.

[33

<//uni-eng.ru/unit/Ivanovo/Документация ЮНИТ М300/Разра
ботка/Схемы ФБ ЮНИТ-М300/Проект/РЭ500/09.01 РЭ ЮН
ИТ-М500-БСК//Приложение. ФСУ/_latex/img/0.pdf>]
<//uni-eng.ru/unit/Ivanovo/Документация ЮНИТ М300/Разра
ботка/Схемы ФБ ЮНИТ-М300/Проект/РЭ500/09.01 РЭ ЮН
ИТ-М500-БСК//Приложение. ФСУ/_latex/img/1.pdf, id=817, 1613.
4925pt x 1161.323pt>
File: //uni-eng.ru/unit/Ivanovo/Документация ЮНИТ М300/Раз
работка/Схемы ФБ ЮНИТ-М300/Проект/РЭ500/09.01 РЭ 
ЮНИТ-М500-БСК//Приложение. ФСУ/_latex/img/1.pdf Graphic fi
le (type pdf)
<use //uni-eng.ru/unit/Ivanovo/Документация ЮНИТ М300/Раз
работка/Схемы ФБ ЮНИТ-М300/Проект/РЭ500/09.01 РЭ 
ЮНИТ-М500-БСК//Приложение. ФСУ/_latex/img/1.pdf>
Package luatex.def Info: //uni-eng.ru/unit/Ivanovo/Документация Ю
НИТ М300/Разработка/Схемы ФБ ЮНИТ-М300/Проект/
РЭ500/09.01 РЭ ЮНИТ-М500-БСК//Приложение. ФСУ/_latex/i
mg/1.pdf  used on input line 29.
(luatex.def)             Requested size: 1067.3211pt x 768.21214pt.


Package fancyhdr Warning: \footskip is too small (-22.76228pt): 
(fancyhdr)                Make it at least 15.49998pt, for example:
(fancyhdr)                \setlength{\footskip}{15.49998pt}.

[34

<//uni-eng.ru/unit/Ivanovo/Документация ЮНИТ М300/Разра
ботка/Схемы ФБ ЮНИТ-М300/Проект/РЭ500/09.01 РЭ ЮН
ИТ-М500-БСК//Приложение. ФСУ/_latex/img/1.pdf>]
<//uni-eng.ru/unit/Ivanovo/Документация ЮНИТ М300/Разра
ботка/Схемы ФБ ЮНИТ-М300/Проект/РЭ500/09.01 РЭ ЮН
ИТ-М500-БСК//Приложение. ФСУ/_latex/img/2.pdf, id=832, 1613.
4925pt x 1161.323pt>
File: //uni-eng.ru/unit/Ivanovo/Документация ЮНИТ М300/Раз
работка/Схемы ФБ ЮНИТ-М300/Проект/РЭ500/09.01 РЭ 
ЮНИТ-М500-БСК//Приложение. ФСУ/_latex/img/2.pdf Graphic fi
le (type pdf)
<use //uni-eng.ru/unit/Ivanovo/Документация ЮНИТ М300/Раз
работка/Схемы ФБ ЮНИТ-М300/Проект/РЭ500/09.01 РЭ 
ЮНИТ-М500-БСК//Приложение. ФСУ/_latex/img/2.pdf>
Package luatex.def Info: //uni-eng.ru/unit/Ivanovo/Документация Ю
НИТ М300/Разработка/Схемы ФБ ЮНИТ-М300/Проект/
РЭ500/09.01 РЭ ЮНИТ-М500-БСК//Приложение. ФСУ/_latex/i
mg/2.pdf  used on input line 29.
(luatex.def)             Requested size: 1067.3211pt x 768.21214pt.


Package fancyhdr Warning: \footskip is too small (-22.76228pt): 
(fancyhdr)                Make it at least 15.49998pt, for example:
(fancyhdr)                \setlength{\footskip}{15.49998pt}.

[35

<//uni-eng.ru/unit/Ivanovo/Документация ЮНИТ М300/Разра
ботка/Схемы ФБ ЮНИТ-М300/Проект/РЭ500/09.01 РЭ ЮН
ИТ-М500-БСК//Приложение. ФСУ/_latex/img/2.pdf>]
<//uni-eng.ru/unit/Ivanovo/Документация ЮНИТ М300/Разра
ботка/Схемы ФБ ЮНИТ-М300/Проект/РЭ500/09.01 РЭ ЮН
ИТ-М500-БСК//Приложение. ФСУ/_latex/img/3.pdf, id=855, 1613.
4925pt x 1161.323pt>
File: //uni-eng.ru/unit/Ivanovo/Документация ЮНИТ М300/Раз
работка/Схемы ФБ ЮНИТ-М300/Проект/РЭ500/09.01 РЭ 
ЮНИТ-М500-БСК//Приложение. ФСУ/_latex/img/3.pdf Graphic fi
le (type pdf)
<use //uni-eng.ru/unit/Ivanovo/Документация ЮНИТ М300/Раз
работка/Схемы ФБ ЮНИТ-М300/Проект/РЭ500/09.01 РЭ 
ЮНИТ-М500-БСК//Приложение. ФСУ/_latex/img/3.pdf>
Package luatex.def Info: //uni-eng.ru/unit/Ivanovo/Документация Ю
НИТ М300/Разработка/Схемы ФБ ЮНИТ-М300/Проект/
РЭ500/09.01 РЭ ЮНИТ-М500-БСК//Приложение. ФСУ/_latex/i
mg/3.pdf  used on input line 29.
(luatex.def)             Requested size: 1067.3211pt x 768.21214pt.


Package fancyhdr Warning: \footskip is too small (-22.76228pt): 
(fancyhdr)                Make it at least 15.49998pt, for example:
(fancyhdr)                \setlength{\footskip}{15.49998pt}.

[36

<//uni-eng.ru/unit/Ivanovo/Документация ЮНИТ М300/Разра
ботка/Схемы ФБ ЮНИТ-М300/Проект/РЭ500/09.01 РЭ ЮН
ИТ-М500-БСК//Приложение. ФСУ/_latex/img/3.pdf>]
<//uni-eng.ru/unit/Ivanovo/Документация ЮНИТ М300/Разра
ботка/Схемы ФБ ЮНИТ-М300/Проект/РЭ500/09.01 РЭ ЮН
ИТ-М500-БСК//Приложение. ФСУ/_latex/img/4.pdf, id=878, 1613.
4925pt x 1161.323pt>
File: //uni-eng.ru/unit/Ivanovo/Документация ЮНИТ М300/Раз
работка/Схемы ФБ ЮНИТ-М300/Проект/РЭ500/09.01 РЭ 
ЮНИТ-М500-БСК//Приложение. ФСУ/_latex/img/4.pdf Graphic fi
le (type pdf)
<use //uni-eng.ru/unit/Ivanovo/Документация ЮНИТ М300/Раз
работка/Схемы ФБ ЮНИТ-М300/Проект/РЭ500/09.01 РЭ 
ЮНИТ-М500-БСК//Приложение. ФСУ/_latex/img/4.pdf>
Package luatex.def Info: //uni-eng.ru/unit/Ivanovo/Документация Ю
НИТ М300/Разработка/Схемы ФБ ЮНИТ-М300/Проект/
РЭ500/09.01 РЭ ЮНИТ-М500-БСК//Приложение. ФСУ/_latex/i
mg/4.pdf  used on input line 29.
(luatex.def)             Requested size: 1067.3211pt x 768.21214pt.


Package fancyhdr Warning: \footskip is too small (-22.76228pt): 
(fancyhdr)                Make it at least 15.49998pt, for example:
(fancyhdr)                \setlength{\footskip}{15.49998pt}.

[37

<//uni-eng.ru/unit/Ivanovo/Документация ЮНИТ М300/Разра
ботка/Схемы ФБ ЮНИТ-М300/Проект/РЭ500/09.01 РЭ ЮН
ИТ-М500-БСК//Приложение. ФСУ/_latex/img/4.pdf>]
<//uni-eng.ru/unit/Ivanovo/Документация ЮНИТ М300/Разра
ботка/Схемы ФБ ЮНИТ-М300/Проект/РЭ500/09.01 РЭ ЮН
ИТ-М500-БСК//Приложение. ФСУ/_latex/img/5.pdf, id=897, 1613.
4925pt x 1161.323pt>
File: //uni-eng.ru/unit/Ivanovo/Документация ЮНИТ М300/Раз
работка/Схемы ФБ ЮНИТ-М300/Проект/РЭ500/09.01 РЭ 
ЮНИТ-М500-БСК//Приложение. ФСУ/_latex/img/5.pdf Graphic fi
le (type pdf)
<use //uni-eng.ru/unit/Ivanovo/Документация ЮНИТ М300/Раз
работка/Схемы ФБ ЮНИТ-М300/Проект/РЭ500/09.01 РЭ 
ЮНИТ-М500-БСК//Приложение. ФСУ/_latex/img/5.pdf>
Package luatex.def Info: //uni-eng.ru/unit/Ivanovo/Документация Ю
НИТ М300/Разработка/Схемы ФБ ЮНИТ-М300/Проект/
РЭ500/09.01 РЭ ЮНИТ-М500-БСК//Приложение. ФСУ/_latex/i
mg/5.pdf  used on input line 29.
(luatex.def)             Requested size: 1067.3211pt x 768.21214pt.


Package fancyhdr Warning: \footskip is too small (-22.76228pt): 
(fancyhdr)                Make it at least 15.49998pt, for example:
(fancyhdr)                \setlength{\footskip}{15.49998pt}.

[38

<//uni-eng.ru/unit/Ivanovo/Документация ЮНИТ М300/Разра
ботка/Схемы ФБ ЮНИТ-М300/Проект/РЭ500/09.01 РЭ ЮН
ИТ-М500-БСК//Приложение. ФСУ/_latex/img/5.pdf>]
<//uni-eng.ru/unit/Ivanovo/Документация ЮНИТ М300/Разра
ботка/Схемы ФБ ЮНИТ-М300/Проект/РЭ500/09.01 РЭ ЮН
ИТ-М500-БСК//Приложение. ФСУ/_latex/img/6.pdf, id=920, 1613.
4925pt x 1161.323pt>
File: //uni-eng.ru/unit/Ivanovo/Документация ЮНИТ М300/Раз
работка/Схемы ФБ ЮНИТ-М300/Проект/РЭ500/09.01 РЭ 
ЮНИТ-М500-БСК//Приложение. ФСУ/_latex/img/6.pdf Graphic fi
le (type pdf)
<use //uni-eng.ru/unit/Ivanovo/Документация ЮНИТ М300/Раз
работка/Схемы ФБ ЮНИТ-М300/Проект/РЭ500/09.01 РЭ 
ЮНИТ-М500-БСК//Приложение. ФСУ/_latex/img/6.pdf>
Package luatex.def Info: //uni-eng.ru/unit/Ivanovo/Документация Ю
НИТ М300/Разработка/Схемы ФБ ЮНИТ-М300/Проект/
РЭ500/09.01 РЭ ЮНИТ-М500-БСК//Приложение. ФСУ/_latex/i
mg/6.pdf  used on input line 29.
(luatex.def)             Requested size: 1067.3211pt x 768.21214pt.


Package fancyhdr Warning: \footskip is too small (-22.76228pt): 
(fancyhdr)                Make it at least 15.49998pt, for example:
(fancyhdr)                \setlength{\footskip}{15.49998pt}.

[39

<//uni-eng.ru/unit/Ivanovo/Документация ЮНИТ М300/Разра
ботка/Схемы ФБ ЮНИТ-М300/Проект/РЭ500/09.01 РЭ ЮН
ИТ-М500-БСК//Приложение. ФСУ/_latex/img/6.pdf>]
<//uni-eng.ru/unit/Ivanovo/Документация ЮНИТ М300/Разра
ботка/Схемы ФБ ЮНИТ-М300/Проект/РЭ500/09.01 РЭ ЮН
ИТ-М500-БСК//Приложение. ФСУ/_latex/img/7.pdf, id=939, 1613.
4925pt x 1161.323pt>
File: //uni-eng.ru/unit/Ivanovo/Документация ЮНИТ М300/Раз
работка/Схемы ФБ ЮНИТ-М300/Проект/РЭ500/09.01 РЭ 
ЮНИТ-М500-БСК//Приложение. ФСУ/_latex/img/7.pdf Graphic fi
le (type pdf)
<use //uni-eng.ru/unit/Ivanovo/Документация ЮНИТ М300/Раз
работка/Схемы ФБ ЮНИТ-М300/Проект/РЭ500/09.01 РЭ 
ЮНИТ-М500-БСК//Приложение. ФСУ/_latex/img/7.pdf>
Package luatex.def Info: //uni-eng.ru/unit/Ivanovo/Документация Ю
НИТ М300/Разработка/Схемы ФБ ЮНИТ-М300/Проект/
РЭ500/09.01 РЭ ЮНИТ-М500-БСК//Приложение. ФСУ/_latex/i
mg/7.pdf  used on input line 29.
(luatex.def)             Requested size: 1067.3211pt x 768.21214pt.


Package fancyhdr Warning: \footskip is too small (-22.76228pt): 
(fancyhdr)                Make it at least 15.49998pt, for example:
(fancyhdr)                \setlength{\footskip}{15.49998pt}.

[40

<//uni-eng.ru/unit/Ivanovo/Документация ЮНИТ М300/Разра
ботка/Схемы ФБ ЮНИТ-М300/Проект/РЭ500/09.01 РЭ ЮН
ИТ-М500-БСК//Приложение. ФСУ/_latex/img/7.pdf>]
<//uni-eng.ru/unit/Ivanovo/Документация ЮНИТ М300/Разра
ботка/Схемы ФБ ЮНИТ-М300/Проект/РЭ500/09.01 РЭ ЮН
ИТ-М500-БСК//Приложение. ФСУ/_latex/img/8.pdf, id=958, 1613.
4925pt x 1161.323pt>
File: //uni-eng.ru/unit/Ivanovo/Документация ЮНИТ М300/Раз
работка/Схемы ФБ ЮНИТ-М300/Проект/РЭ500/09.01 РЭ 
ЮНИТ-М500-БСК//Приложение. ФСУ/_latex/img/8.pdf Graphic fi
le (type pdf)
<use //uni-eng.ru/unit/Ivanovo/Документация ЮНИТ М300/Раз
работка/Схемы ФБ ЮНИТ-М300/Проект/РЭ500/09.01 РЭ 
ЮНИТ-М500-БСК//Приложение. ФСУ/_latex/img/8.pdf>
Package luatex.def Info: //uni-eng.ru/unit/Ivanovo/Документация Ю
НИТ М300/Разработка/Схемы ФБ ЮНИТ-М300/Проект/
РЭ500/09.01 РЭ ЮНИТ-М500-БСК//Приложение. ФСУ/_latex/i
mg/8.pdf  used on input line 29.
(luatex.def)             Requested size: 1067.3211pt x 768.21214pt.


Package fancyhdr Warning: \footskip is too small (-22.76228pt): 
(fancyhdr)                Make it at least 15.49998pt, for example:
(fancyhdr)                \setlength{\footskip}{15.49998pt}.

[41

<//uni-eng.ru/unit/Ivanovo/Документация ЮНИТ М300/Разра
ботка/Схемы ФБ ЮНИТ-М300/Проект/РЭ500/09.01 РЭ ЮН
ИТ-М500-БСК//Приложение. ФСУ/_latex/img/8.pdf>]
<//uni-eng.ru/unit/Ivanovo/Документация ЮНИТ М300/Разра
ботка/Схемы ФБ ЮНИТ-М300/Проект/РЭ500/09.01 РЭ ЮН
ИТ-М500-БСК//Приложение. ФСУ/_latex/img/9.pdf, id=979, 1613.
4925pt x 1161.323pt>
File: //uni-eng.ru/unit/Ivanovo/Документация ЮНИТ М300/Раз
работка/Схемы ФБ ЮНИТ-М300/Проект/РЭ500/09.01 РЭ 
ЮНИТ-М500-БСК//Приложение. ФСУ/_latex/img/9.pdf Graphic fi
le (type pdf)
<use //uni-eng.ru/unit/Ivanovo/Документация ЮНИТ М300/Раз
работка/Схемы ФБ ЮНИТ-М300/Проект/РЭ500/09.01 РЭ 
ЮНИТ-М500-БСК//Приложение. ФСУ/_latex/img/9.pdf>
Package luatex.def Info: //uni-eng.ru/unit/Ivanovo/Документация Ю
НИТ М300/Разработка/Схемы ФБ ЮНИТ-М300/Проект/
РЭ500/09.01 РЭ ЮНИТ-М500-БСК//Приложение. ФСУ/_latex/i
mg/9.pdf  used on input line 29.
(luatex.def)             Requested size: 1067.3211pt x 768.21214pt.


Package fancyhdr Warning: \footskip is too small (-22.76228pt): 
(fancyhdr)                Make it at least 15.49998pt, for example:
(fancyhdr)                \setlength{\footskip}{15.49998pt}.

[42

<//uni-eng.ru/unit/Ivanovo/Документация ЮНИТ М300/Разра
ботка/Схемы ФБ ЮНИТ-М300/Проект/РЭ500/09.01 РЭ ЮН
ИТ-М500-БСК//Приложение. ФСУ/_latex/img/9.pdf>]
<//uni-eng.ru/unit/Ivanovo/Документация ЮНИТ М300/Разра
ботка/Схемы ФБ ЮНИТ-М300/Проект/РЭ500/09.01 РЭ ЮН
ИТ-М500-БСК//Приложение. ФСУ/_latex/img/10.pdf, id=998, 1613
.4925pt x 1161.323pt>
File: //uni-eng.ru/unit/Ivanovo/Документация ЮНИТ М300/Раз
работка/Схемы ФБ ЮНИТ-М300/Проект/РЭ500/09.01 РЭ 
ЮНИТ-М500-БСК//Приложение. ФСУ/_latex/img/10.pdf Graphic f
ile (type pdf)
<use //uni-eng.ru/unit/Ivanovo/Документация ЮНИТ М300/Раз
работка/Схемы ФБ ЮНИТ-М300/Проект/РЭ500/09.01 РЭ 
ЮНИТ-М500-БСК//Приложение. ФСУ/_latex/img/10.pdf>
Package luatex.def Info: //uni-eng.ru/unit/Ivanovo/Документация Ю
НИТ М300/Разработка/Схемы ФБ ЮНИТ-М300/Проект/
РЭ500/09.01 РЭ ЮНИТ-М500-БСК//Приложение. ФСУ/_latex/i
mg/10.pdf  used on input line 29.
(luatex.def)             Requested size: 1067.3211pt x 768.21214pt.


Package fancyhdr Warning: \footskip is too small (-22.76228pt): 
(fancyhdr)                Make it at least 15.49998pt, for example:
(fancyhdr)                \setlength{\footskip}{15.49998pt}.

[43

<//uni-eng.ru/unit/Ivanovo/Документация ЮНИТ М300/Разра
ботка/Схемы ФБ ЮНИТ-М300/Проект/РЭ500/09.01 РЭ ЮН
ИТ-М500-БСК//Приложение. ФСУ/_latex/img/10.pdf>])
("//uni-eng.ru/unit/Ivanovo/Документация ЮНИТ М300/Разра
ботка/Схемы ФБ ЮНИТ-М300/Проект/РЭ500/09.01 РЭ ЮН
ИТ-М500-БСК//Приложение. БНН/bnn.tex"
Package typearea Info: These are the values describing the layout:
(typearea)             DIV  = areaset
(typearea)             BCOR = 0.0pt
(typearea)             \paperwidth      = 597.50793pt
(typearea)              \textwidth      = 759.68857pt
(typearea)              \evensidemargin = -153.3603pt
(typearea)              \oddsidemargin  = -153.3603pt
(typearea)             \paperheight     = 845.04694pt
(typearea)              \textheight     = 512.1496pt
(typearea)              \topmargin      = -0.05421pt
(typearea)              \headheight     = 17.0pt
(typearea)              \headsep        = 21.75pt
(typearea)              \topskip        = 22.0pt
(typearea)              \footskip       = 50.75pt
(typearea)              \baselineskip   = 14.5pt
(typearea)              on input line 2.
Package typearea Info: Using dirty hack to recalculate internal output
(typearea)             dimensions of LaTeX on input line 2.
*geometry* verbose mode - [ newgeometry ] result:
* driver: luatex
* paper: a4paper
* layout: <same size as paper>
* layoutoffset:(h,v)=(0.0pt,0.0pt)
* modes: 
* h-part:(L,W,R)=(62.59605pt, 506.45908pt, 28.45274pt)
* v-part:(T,H,B)=(39.83385pt, 773.91498pt, 31.29802pt)
* \paperwidth=597.50787pt
* \paperheight=845.04684pt
* \textwidth=506.45908pt
* \textheight=773.91498pt
* \oddsidemargin=-9.67393pt
* \evensidemargin=-9.67393pt
* \topmargin=-55.47195pt
* \headheight=14.5pt
* \headsep=8.53581pt
* \topskip=22.0pt
* \footskip=19.91692pt
* \marginparwidth=0.0pt
* \marginparsep=0.0pt
* \columnsep=10.0pt
* \skip\footins=10.8pt plus 4.0pt minus 2.0pt
* \hoffset=0.0pt
* \voffset=0.0pt
* \mag=1000
* \@twocolumnfalse
* \@twosidefalse
* \@mparswitchfalse
* \@reversemarginfalse
* (1in=72.27pt=25.4mm, 1cm=28.453pt)

 [44




]
Overfull \hbox (2.39368pt too wide) in paragraph at lines 38--38
 []|\TU/ArialNarrow(0)/m/n/10.95 Особая 
 []

LaTeX Font Info:    Font shape `TU/ArialNarrow(0)/m/sl' in size <10.95> not ava
ilable
(Font)              Font shape `TU/ArialNarrow(0)/m/it' tried instead on input 
line 38.

Overfull \hbox (7.8699pt too wide) in alignment at lines 33--40
 [][][][][][][] 
 []


Overfull \hbox (2.39368pt too wide) in paragraph at lines 45--45
 []|\TU/ArialNarrow(0)/m/n/10.95 Особая 
 []


Overfull \hbox (7.8699pt too wide) in alignment at lines 40--47
 [][][][][][][] 
 []


Overfull \hbox (7.8699pt too wide) in alignment at lines 47--50
 [][][][][][][] 
 []


Overfull \hbox (7.8699pt too wide) in alignment at lines 50--51
 [][][][][][][] 
 []

<//uni-eng.ru/unit/Ivanovo/Документация ЮНИТ М300/Разра
ботка/Схемы ФБ ЮНИТ-М300/Проект/РЭ500/09.01 РЭ ЮН
ИТ-М500-БСК//Приложение. БНН/img/111.pdf, id=1023, 137.6434p
t x 99.21962pt>
File: //uni-eng.ru/unit/Ivanovo/Документация ЮНИТ М300/Раз
работка/Схемы ФБ ЮНИТ-М300/Проект/РЭ500/09.01 РЭ 
ЮНИТ-М500-БСК//Приложение. БНН/img/111.pdf Graphic file (t
ype pdf)
<use //uni-eng.ru/unit/Ivanovo/Документация ЮНИТ М300/Раз
работка/Схемы ФБ ЮНИТ-М300/Проект/РЭ500/09.01 РЭ 
ЮНИТ-М500-БСК//Приложение. БНН/img/111.pdf>
Package luatex.def Info: //uni-eng.ru/unit/Ivanovo/Документация Ю
НИТ М300/Разработка/Схемы ФБ ЮНИТ-М300/Проект/
РЭ500/09.01 РЭ ЮНИТ-М500-БСК//Приложение. БНН/img/111.
pdf  used on input line 53.
(luatex.def)             Requested size: 126.61664pt x 91.27104pt.
<//uni-eng.ru/unit/Ivanovo/Документация ЮНИТ М300/Разра
ботка/Схемы ФБ ЮНИТ-М300/Проект/РЭ500/09.01 РЭ ЮН
ИТ-М500-БСК//Приложение. БНН/img/112.pdf, id=1024, 138.5372p
t x 103.68898pt>
File: //uni-eng.ru/unit/Ivanovo/Документация ЮНИТ М300/Раз
работка/Схемы ФБ ЮНИТ-М300/Проект/РЭ500/09.01 РЭ 
ЮНИТ-М500-БСК//Приложение. БНН/img/112.pdf Graphic file (t
ype pdf)
<use //uni-eng.ru/unit/Ivanovo/Документация ЮНИТ М300/Раз
работка/Схемы ФБ ЮНИТ-М300/Проект/РЭ500/09.01 РЭ 
ЮНИТ-М500-БСК//Приложение. БНН/img/112.pdf>
Package luatex.def Info: //uni-eng.ru/unit/Ivanovo/Документация Ю
НИТ М300/Разработка/Схемы ФБ ЮНИТ-М300/Проект/
РЭ500/09.01 РЭ ЮНИТ-М500-БСК//Приложение. БНН/img/112.
pdf  used on input line 53.
(luatex.def)             Requested size: 126.61476pt x 94.76846pt.
<//uni-eng.ru/unit/Ivanovo/Документация ЮНИТ М300/Разра
ботка/Схемы ФБ ЮНИТ-М300/Проект/РЭ500/09.01 РЭ ЮН
ИТ-М500-БСК//Приложение. БНН/img/121.pdf, id=1025, 135.40897
pt x 86.2585pt>
File: //uni-eng.ru/unit/Ivanovo/Документация ЮНИТ М300/Раз
работка/Схемы ФБ ЮНИТ-М300/Проект/РЭ500/09.01 РЭ 
ЮНИТ-М500-БСК//Приложение. БНН/img/121.pdf Graphic file (t
ype pdf)
<use //uni-eng.ru/unit/Ivanovo/Документация ЮНИТ М300/Раз
работка/Схемы ФБ ЮНИТ-М300/Проект/РЭ500/09.01 РЭ 
ЮНИТ-М500-БСК//Приложение. БНН/img/121.pdf>
Package luatex.def Info: //uni-eng.ru/unit/Ivanovo/Документация Ю
НИТ М300/Разработка/Схемы ФБ ЮНИТ-М300/Проект/
РЭ500/09.01 РЭ ЮНИТ-М500-БСК//Приложение. БНН/img/121.
pdf  used on input line 56.
(luatex.def)             Requested size: 126.61497pt x 80.65652pt.
<//uni-eng.ru/unit/Ivanovo/Документация ЮНИТ М300/Разра
ботка/Схемы ФБ ЮНИТ-М300/Проект/РЭ500/09.01 РЭ ЮН
ИТ-М500-БСК//Приложение. БНН/img/122.pdf, id=1026, 137.58383
pt x 87.89198pt>
File: //uni-eng.ru/unit/Ivanovo/Документация ЮНИТ М300/Раз
работка/Схемы ФБ ЮНИТ-М300/Проект/РЭ500/09.01 РЭ 
ЮНИТ-М500-БСК//Приложение. БНН/img/122.pdf Graphic file (t
ype pdf)
<use //uni-eng.ru/unit/Ivanovo/Документация ЮНИТ М300/Раз
работка/Схемы ФБ ЮНИТ-М300/Проект/РЭ500/09.01 РЭ 
ЮНИТ-М500-БСК//Приложение. БНН/img/122.pdf>
Package luatex.def Info: //uni-eng.ru/unit/Ivanovo/Документация Ю
НИТ М300/Разработка/Схемы ФБ ЮНИТ-М300/Проект/
РЭ500/09.01 РЭ ЮНИТ-М500-БСК//Приложение. БНН/img/122.
pdf  used on input line 56.
(luatex.def)             Requested size: 151.93925pt x 97.06502pt.
<//uni-eng.ru/unit/Ivanovo/Документация ЮНИТ М300/Разра
ботка/Схемы ФБ ЮНИТ-М300/Проект/РЭ500/09.01 РЭ ЮН
ИТ-М500-БСК//Приложение. БНН/img/131.pdf, id=1027, 135.51347
pt x 76.76369pt>
File: //uni-eng.ru/unit/Ivanovo/Документация ЮНИТ М300/Раз
работка/Схемы ФБ ЮНИТ-М300/Проект/РЭ500/09.01 РЭ 
ЮНИТ-М500-БСК//Приложение. БНН/img/131.pdf Graphic file (t
ype pdf)
<use //uni-eng.ru/unit/Ivanovo/Документация ЮНИТ М300/Раз
работка/Схемы ФБ ЮНИТ-М300/Проект/РЭ500/09.01 РЭ 
ЮНИТ-М500-БСК//Приложение. БНН/img/131.pdf>
Package luatex.def Info: //uni-eng.ru/unit/Ivanovo/Документация Ю
НИТ М300/Разработка/Схемы ФБ ЮНИТ-М300/Проект/
РЭ500/09.01 РЭ ЮНИТ-М500-БСК//Приложение. БНН/img/131.
pdf  used on input line 59.
(luatex.def)             Requested size: 126.61966pt x 71.72563pt.
<//uni-eng.ru/unit/Ivanovo/Документация ЮНИТ М300/Разра
ботка/Схемы ФБ ЮНИТ-М300/Проект/РЭ500/09.01 РЭ ЮН
ИТ-М500-БСК//Приложение. БНН/img/132.pdf, id=1028, 133.98792
pt x 73.2516pt>
File: //uni-eng.ru/unit/Ivanovo/Документация ЮНИТ М300/Раз
работка/Схемы ФБ ЮНИТ-М300/Проект/РЭ500/09.01 РЭ 
ЮНИТ-М500-БСК//Приложение. БНН/img/132.pdf Graphic file (t
ype pdf)
<use //uni-eng.ru/unit/Ivanovo/Документация ЮНИТ М300/Раз
работка/Схемы ФБ ЮНИТ-М300/Проект/РЭ500/09.01 РЭ 
ЮНИТ-М500-БСК//Приложение. БНН/img/132.pdf>
Package luatex.def Info: //uni-eng.ru/unit/Ivanovo/Документация Ю
НИТ М300/Разработка/Схемы ФБ ЮНИТ-М300/Проект/
РЭ500/09.01 РЭ ЮНИТ-М500-БСК//Приложение. БНН/img/132.
pdf  used on input line 59.
(luatex.def)             Requested size: 151.93925pt x 83.06729pt.
<//uni-eng.ru/unit/Ivanovo/Документация ЮНИТ М300/Разра
ботка/Схемы ФБ ЮНИТ-М300/Проект/РЭ500/09.01 РЭ ЮН
ИТ-М500-БСК//Приложение. БНН/img/141.pdf, id=1029, 129.97322
pt x 83.7878pt>
File: //uni-eng.ru/unit/Ivanovo/Документация ЮНИТ М300/Раз
работка/Схемы ФБ ЮНИТ-М300/Проект/РЭ500/09.01 РЭ 
ЮНИТ-М500-БСК//Приложение. БНН/img/141.pdf Graphic file (t
ype pdf)
<use //uni-eng.ru/unit/Ivanovo/Документация ЮНИТ М300/Раз
работка/Схемы ФБ ЮНИТ-М300/Проект/РЭ500/09.01 РЭ 
ЮНИТ-М500-БСК//Приложение. БНН/img/141.pdf>
Package luatex.def Info: //uni-eng.ru/unit/Ivanovo/Документация Ю
НИТ М300/Разработка/Схемы ФБ ЮНИТ-М300/Проект/
РЭ500/09.01 РЭ ЮНИТ-М500-БСК//Приложение. БНН/img/141.
pdf  used on input line 62.
(luatex.def)             Requested size: 126.61725pt x 81.62434pt.
<//uni-eng.ru/unit/Ivanovo/Документация ЮНИТ М300/Разра
ботка/Схемы ФБ ЮНИТ-М300/Проект/РЭ500/09.01 РЭ ЮН
ИТ-М500-БСК//Приложение. БНН/img/142.pdf, id=1030, 132.48232
pt x 81.27919pt>
File: //uni-eng.ru/unit/Ivanovo/Документация ЮНИТ М300/Раз
работка/Схемы ФБ ЮНИТ-М300/Проект/РЭ500/09.01 РЭ 
ЮНИТ-М500-БСК//Приложение. БНН/img/142.pdf Graphic file (t
ype pdf)
<use //uni-eng.ru/unit/Ivanovo/Документация ЮНИТ М300/Раз
работка/Схемы ФБ ЮНИТ-М300/Проект/РЭ500/09.01 РЭ 
ЮНИТ-М500-БСК//Приложение. БНН/img/142.pdf>
Package luatex.def Info: //uni-eng.ru/unit/Ivanovo/Документация Ю
НИТ М300/Разработка/Схемы ФБ ЮНИТ-М300/Проект/
РЭ500/09.01 РЭ ЮНИТ-М500-БСК//Приложение. БНН/img/142.
pdf  used on input line 62.
(luatex.def)             Requested size: 151.93925pt x 93.22476pt.
<//uni-eng.ru/unit/Ivanovo/Документация ЮНИТ М300/Разра
ботка/Схемы ФБ ЮНИТ-М300/Проект/РЭ500/09.01 РЭ ЮН
ИТ-М500-БСК//Приложение. БНН/img/151.pdf, id=1031, 105.00732
pt x 76.82222pt>
File: //uni-eng.ru/unit/Ivanovo/Документация ЮНИТ М300/Раз
работка/Схемы ФБ ЮНИТ-М300/Проект/РЭ500/09.01 РЭ 
ЮНИТ-М500-БСК//Приложение. БНН/img/151.pdf Graphic file (t
ype pdf)
<use //uni-eng.ru/unit/Ivanovo/Документация ЮНИТ М300/Раз
работка/Схемы ФБ ЮНИТ-М300/Проект/РЭ500/09.01 РЭ 
ЮНИТ-М500-БСК//Приложение. БНН/img/151.pdf>
Package luatex.def Info: //uni-eng.ru/unit/Ivanovo/Документация Ю
НИТ М300/Разработка/Схемы ФБ ЮНИТ-М300/Проект/
РЭ500/09.01 РЭ ЮНИТ-М500-БСК//Приложение. БНН/img/151.
pdf  used on input line 65.
(luatex.def)             Requested size: 101.29617pt x 74.10718pt.
<//uni-eng.ru/unit/Ivanovo/Документация ЮНИТ М300/Разра
ботка/Схемы ФБ ЮНИТ-М300/Проект/РЭ500/09.01 РЭ ЮН
ИТ-М500-БСК//Приложение. БНН/img/152.pdf, id=1032, 122.94765
pt x 80.77747pt>
File: //uni-eng.ru/unit/Ivanovo/Документация ЮНИТ М300/Раз
работка/Схемы ФБ ЮНИТ-М300/Проект/РЭ500/09.01 РЭ 
ЮНИТ-М500-БСК//Приложение. БНН/img/152.pdf Graphic file (t
ype pdf)
<use //uni-eng.ru/unit/Ivanovo/Документация ЮНИТ М300/Раз
работка/Схемы ФБ ЮНИТ-М300/Проект/РЭ500/09.01 РЭ 
ЮНИТ-М500-БСК//Приложение. БНН/img/152.pdf>
Package luatex.def Info: //uni-eng.ru/unit/Ivanovo/Документация Ю
НИТ М300/Разработка/Схемы ФБ ЮНИТ-М300/Проект/
РЭ500/09.01 РЭ ЮНИТ-М500-БСК//Приложение. БНН/img/152.
pdf  used on input line 65.
(luatex.def)             Requested size: 141.80792pt x 93.1756pt.
<//uni-eng.ru/unit/Ivanovo/Документация ЮНИТ М300/Разра
ботка/Схемы ФБ ЮНИТ-М300/Проект/РЭ500/09.01 РЭ ЮН
ИТ-М500-БСК//Приложение. БНН/img/161.pdf, id=1033, 100.5968p
t x 77.00032pt>
File: //uni-eng.ru/unit/Ivanovo/Документация ЮНИТ М300/Раз
работка/Схемы ФБ ЮНИТ-М300/Проект/РЭ500/09.01 РЭ 
ЮНИТ-М500-БСК//Приложение. БНН/img/161.pdf Graphic file (t
ype pdf)
<use //uni-eng.ru/unit/Ivanovo/Документация ЮНИТ М300/Раз
работка/Схемы ФБ ЮНИТ-М300/Проект/РЭ500/09.01 РЭ 
ЮНИТ-М500-БСК//Приложение. БНН/img/161.pdf>
Package luatex.def Info: //uni-eng.ru/unit/Ivanovo/Документация Ю
НИТ М300/Разработка/Схемы ФБ ЮНИТ-М300/Проект/
РЭ500/09.01 РЭ ЮНИТ-М500-БСК//Приложение. БНН/img/161.
pdf  used on input line 68.
(luatex.def)             Requested size: 101.29189pt x 77.53235pt.
<//uni-eng.ru/unit/Ivanovo/Документация ЮНИТ М300/Разра
ботка/Схемы ФБ ЮНИТ-М300/Проект/РЭ500/09.01 РЭ ЮН
ИТ-М500-БСК//Приложение. БНН/img/162.pdf, id=1034, 115.92207
pt x 82.78435pt>
File: //uni-eng.ru/unit/Ivanovo/Документация ЮНИТ М300/Раз
работка/Схемы ФБ ЮНИТ-М300/Проект/РЭ500/09.01 РЭ 
ЮНИТ-М500-БСК//Приложение. БНН/img/162.pdf Graphic file (t
ype pdf)
<use //uni-eng.ru/unit/Ivanovo/Документация ЮНИТ М300/Раз
работка/Схемы ФБ ЮНИТ-М300/Проект/РЭ500/09.01 РЭ 
ЮНИТ-М500-БСК//Приложение. БНН/img/162.pdf>
Package luatex.def Info: //uni-eng.ru/unit/Ivanovo/Документация Ю
НИТ М300/Разработка/Схемы ФБ ЮНИТ-М300/Проект/
РЭ500/09.01 РЭ ЮНИТ-М500-БСК//Приложение. БНН/img/162.
pdf  used on input line 68.
(luatex.def)             Requested size: 141.80792pt x 101.28348pt.
<//uni-eng.ru/unit/Ivanovo/Документация ЮНИТ М300/Разра
ботка/Схемы ФБ ЮНИТ-М300/Проект/РЭ500/09.01 РЭ ЮН
ИТ-М500-БСК//Приложение. БНН/img/171.pdf, id=1035, 97.66814p
t x 76.76366pt>
File: //uni-eng.ru/unit/Ivanovo/Документация ЮНИТ М300/Раз
работка/Схемы ФБ ЮНИТ-М300/Проект/РЭ500/09.01 РЭ 
ЮНИТ-М500-БСК//Приложение. БНН/img/171.pdf Graphic file (t
ype pdf)
<use //uni-eng.ru/unit/Ivanovo/Документация ЮНИТ М300/Раз
работка/Схемы ФБ ЮНИТ-М300/Проект/РЭ500/09.01 РЭ 
ЮНИТ-М500-БСК//Приложение. БНН/img/171.pdf>
Package luatex.def Info: //uni-eng.ru/unit/Ivanovo/Документация Ю
НИТ М300/Разработка/Схемы ФБ ЮНИТ-М300/Проект/
РЭ500/09.01 РЭ ЮНИТ-М500-БСК//Приложение. БНН/img/171.
pdf  used on input line 71.
(luatex.def)             Requested size: 101.29376pt x 79.61325pt.
<//uni-eng.ru/unit/Ivanovo/Документация ЮНИТ М300/Разра
ботка/Схемы ФБ ЮНИТ-М300/Проект/РЭ500/09.01 РЭ ЮН
ИТ-М500-БСК//Приложение. БНН/img/172.pdf, id=1036, 122.94768
pt x 93.32053pt>
File: //uni-eng.ru/unit/Ivanovo/Документация ЮНИТ М300/Раз
работка/Схемы ФБ ЮНИТ-М300/Проект/РЭ500/09.01 РЭ 
ЮНИТ-М500-БСК//Приложение. БНН/img/172.pdf Graphic file (t
ype pdf)
<use //uni-eng.ru/unit/Ivanovo/Документация ЮНИТ М300/Раз
работка/Схемы ФБ ЮНИТ-М300/Проект/РЭ500/09.01 РЭ 
ЮНИТ-М500-БСК//Приложение. БНН/img/172.pdf>
Package luatex.def Info: //uni-eng.ru/unit/Ivanovo/Документация Ю
НИТ М300/Разработка/Схемы ФБ ЮНИТ-М300/Проект/
РЭ500/09.01 РЭ ЮНИТ-М500-БСК//Приложение. БНН/img/172.
pdf  used on input line 71.
(luatex.def)             Requested size: 141.80792pt x 107.64383pt.
<//uni-eng.ru/unit/Ivanovo/Документация ЮНИТ М300/Разра
ботка/Схемы ФБ ЮНИТ-М300/Проект/РЭ500/09.01 РЭ ЮН
ИТ-М500-БСК//Приложение. БНН/img/181.pdf, id=1037, 93.46529p
t x 73.12619pt>
File: //uni-eng.ru/unit/Ivanovo/Документация ЮНИТ М300/Раз
работка/Схемы ФБ ЮНИТ-М300/Проект/РЭ500/09.01 РЭ 
ЮНИТ-М500-БСК//Приложение. БНН/img/181.pdf Graphic file (t
ype pdf)
<use //uni-eng.ru/unit/Ivanovo/Документация ЮНИТ М300/Раз
работка/Схемы ФБ ЮНИТ-М300/Проект/РЭ500/09.01 РЭ 
ЮНИТ-М500-БСК//Приложение. БНН/img/181.pdf>
Package luatex.def Info: //uni-eng.ru/unit/Ivanovo/Документация Ю
НИТ М300/Разработка/Схемы ФБ ЮНИТ-М300/Проект/
РЭ500/09.01 РЭ ЮНИТ-М500-БСК//Приложение. БНН/img/181.
pdf  used on input line 74.
(luatex.def)             Requested size: 101.2947pt x 79.25182pt.
<//uni-eng.ru/unit/Ivanovo/Документация ЮНИТ М300/Разра
ботка/Схемы ФБ ЮНИТ-М300/Проект/РЭ500/09.01 РЭ ЮН
ИТ-М500-БСК//Приложение. БНН/img/182.pdf, id=1038, 123.95126
pt x 86.29642pt>
File: //uni-eng.ru/unit/Ivanovo/Документация ЮНИТ М300/Раз
работка/Схемы ФБ ЮНИТ-М300/Проект/РЭ500/09.01 РЭ 
ЮНИТ-М500-БСК//Приложение. БНН/img/182.pdf Graphic file (t
ype pdf)
<use //uni-eng.ru/unit/Ivanovo/Документация ЮНИТ М300/Раз
работка/Схемы ФБ ЮНИТ-М300/Проект/РЭ500/09.01 РЭ 
ЮНИТ-М500-БСК//Приложение. БНН/img/182.pdf>
Package luatex.def Info: //uni-eng.ru/unit/Ivanovo/Документация Ю
НИТ М300/Разработка/Схемы ФБ ЮНИТ-М300/Проект/
РЭ500/09.01 РЭ ЮНИТ-М500-БСК//Приложение. БНН/img/182.
pdf  used on input line 74.
(luatex.def)             Requested size: 126.61476pt x 88.15414pt.
<//uni-eng.ru/unit/Ivanovo/Документация ЮНИТ М300/Разра
ботка/Схемы ФБ ЮНИТ-М300/Проект/РЭ500/09.01 РЭ ЮН
ИТ-М500-БСК//Приложение. БНН/img/191.pdf, id=1039, 91.45802p
t x 72.1227pt>
File: //uni-eng.ru/unit/Ivanovo/Документация ЮНИТ М300/Раз
работка/Схемы ФБ ЮНИТ-М300/Проект/РЭ500/09.01 РЭ 
ЮНИТ-М500-БСК//Приложение. БНН/img/191.pdf Graphic file (t
ype pdf)
<use //uni-eng.ru/unit/Ivanovo/Документация ЮНИТ М300/Раз
работка/Схемы ФБ ЮНИТ-М300/Проект/РЭ500/09.01 РЭ 
ЮНИТ-М500-БСК//Приложение. БНН/img/191.pdf>
Package luatex.def Info: //uni-eng.ru/unit/Ivanovo/Документация Ю
НИТ М300/Разработка/Схемы ФБ ЮНИТ-М300/Проект/
РЭ500/09.01 РЭ ЮНИТ-М500-БСК//Приложение. БНН/img/191.
pdf  used on input line 78.
(luatex.def)             Requested size: 101.29489pt x 79.87993pt.
<//uni-eng.ru/unit/Ivanovo/Документация ЮНИТ М300/Разра
ботка/Схемы ФБ ЮНИТ-М300/Проект/РЭ500/09.01 РЭ ЮН
ИТ-М500-БСК//Приложение. БНН/img/192.pdf, id=1040, 102.37273
pt x 72.74988pt>
File: //uni-eng.ru/unit/Ivanovo/Документация ЮНИТ М300/Раз
работка/Схемы ФБ ЮНИТ-М300/Проект/РЭ500/09.01 РЭ 
ЮНИТ-М500-БСК//Приложение. БНН/img/192.pdf Graphic file (t
ype pdf)
<use //uni-eng.ru/unit/Ivanovo/Документация ЮНИТ М300/Раз
работка/Схемы ФБ ЮНИТ-М300/Проект/РЭ500/09.01 РЭ 
ЮНИТ-М500-БСК//Приложение. БНН/img/192.pdf>
Package luatex.def Info: //uni-eng.ru/unit/Ivanovo/Документация Ю
НИТ М300/Разработка/Схемы ФБ ЮНИТ-М300/Проект/
РЭ500/09.01 РЭ ЮНИТ-М500-БСК//Приложение. БНН/img/192.
pdf  used on input line 78.
(luatex.def)             Requested size: 111.4216pt x 79.18367pt.
<//uni-eng.ru/unit/Ivanovo/Документация ЮНИТ М300/Разра
ботка/Схемы ФБ ЮНИТ-М300/Проект/РЭ500/09.01 РЭ ЮН
ИТ-М500-БСК//Приложение. БНН/img/1101.pdf, id=1041, 95.34718
pt x 73.12619pt>
File: //uni-eng.ru/unit/Ivanovo/Документация ЮНИТ М300/Раз
работка/Схемы ФБ ЮНИТ-М300/Проект/РЭ500/09.01 РЭ 
ЮНИТ-М500-БСК//Приложение. БНН/img/1101.pdf Graphic file (
type pdf)
<use //uni-eng.ru/unit/Ivanovo/Документация ЮНИТ М300/Раз
работка/Схемы ФБ ЮНИТ-М300/Проект/РЭ500/09.01 РЭ 
ЮНИТ-М500-БСК//Приложение. БНН/img/1101.pdf>
Package luatex.def Info: //uni-eng.ru/unit/Ivanovo/Документация Ю
НИТ М300/Разработка/Схемы ФБ ЮНИТ-М300/Проект/
РЭ500/09.01 РЭ ЮНИТ-М500-БСК//Приложение. БНН/img/1101
.pdf  used on input line 81.
(luatex.def)             Requested size: 101.293pt x 77.68633pt.
<//uni-eng.ru/unit/Ivanovo/Документация ЮНИТ М300/Разра
ботка/Схемы ФБ ЮНИТ-М300/Проект/РЭ500/09.01 РЭ ЮН
ИТ-М500-БСК//Приложение. БНН/img/1102.pdf, id=1042, 100.8672
5pt x 74.75677pt>
File: //uni-eng.ru/unit/Ivanovo/Документация ЮНИТ М300/Раз
работка/Схемы ФБ ЮНИТ-М300/Проект/РЭ500/09.01 РЭ 
ЮНИТ-М500-БСК//Приложение. БНН/img/1102.pdf Graphic file (
type pdf)
<use //uni-eng.ru/unit/Ivanovo/Документация ЮНИТ М300/Раз
работка/Схемы ФБ ЮНИТ-М300/Проект/РЭ500/09.01 РЭ 
ЮНИТ-М500-БСК//Приложение. БНН/img/1102.pdf>
Package luatex.def Info: //uni-eng.ru/unit/Ivanovo/Документация Ю
НИТ М300/Разработка/Схемы ФБ ЮНИТ-М300/Проект/
РЭ500/09.01 РЭ ЮНИТ-М500-БСК//Приложение. БНН/img/1102
.pdf  used on input line 81.
(luatex.def)             Requested size: 111.4216pt x 82.58516pt.
<//uni-eng.ru/unit/Ivanovo/Документация ЮНИТ М300/Разра
ботка/Схемы ФБ ЮНИТ-М300/Проект/РЭ500/09.01 РЭ ЮН
ИТ-М500-БСК//Приложение. БНН/img/1111.pdf, id=1043, 98.85999
pt x 74.25507pt>
File: //uni-eng.ru/unit/Ivanovo/Документация ЮНИТ М300/Раз
работка/Схемы ФБ ЮНИТ-М300/Проект/РЭ500/09.01 РЭ 
ЮНИТ-М500-БСК//Приложение. БНН/img/1111.pdf Graphic file (
type pdf)
<use //uni-eng.ru/unit/Ivanovo/Документация ЮНИТ М300/Раз
работка/Схемы ФБ ЮНИТ-М300/Проект/РЭ500/09.01 РЭ 
ЮНИТ-М500-БСК//Приложение. БНН/img/1111.pdf>
Package luatex.def Info: //uni-eng.ru/unit/Ivanovo/Документация Ю
НИТ М300/Разработка/Схемы ФБ ЮНИТ-М300/Проект/
РЭ500/09.01 РЭ ЮНИТ-М500-БСК//Приложение. БНН/img/1111
.pdf  used on input line 84.
(luatex.def)             Requested size: 101.2899pt x 76.08018pt.
<//uni-eng.ru/unit/Ivanovo/Документация ЮНИТ М300/Разра
ботка/Схемы ФБ ЮНИТ-М300/Проект/РЭ500/09.01 РЭ ЮН
ИТ-М500-БСК//Приложение. БНН/img/1112.pdf, id=1044, 83.80513
pt x 69.73953pt>
File: //uni-eng.ru/unit/Ivanovo/Документация ЮНИТ М300/Раз
работка/Схемы ФБ ЮНИТ-М300/Проект/РЭ500/09.01 РЭ 
ЮНИТ-М500-БСК//Приложение. БНН/img/1112.pdf Graphic file (
type pdf)
<use //uni-eng.ru/unit/Ivanovo/Документация ЮНИТ М300/Раз
работка/Схемы ФБ ЮНИТ-М300/Проект/РЭ500/09.01 РЭ 
ЮНИТ-М500-БСК//Приложение. БНН/img/1112.pdf>
Package luatex.def Info: //uni-eng.ru/unit/Ivanovo/Документация Ю
НИТ М300/Разработка/Схемы ФБ ЮНИТ-М300/Проект/
РЭ500/09.01 РЭ ЮНИТ-М500-БСК//Приложение. БНН/img/1112
.pdf  used on input line 84.
(luatex.def)             Requested size: 101.29027pt x 84.2893pt.
<//uni-eng.ru/unit/Ivanovo/Документация ЮНИТ М300/Разра
ботка/Схемы ФБ ЮНИТ-М300/Проект/РЭ500/09.01 РЭ ЮН
ИТ-М500-БСК//Приложение. БНН/img/1121.pdf, id=1045, 97.35446
pt x 69.73953pt>
File: //uni-eng.ru/unit/Ivanovo/Документация ЮНИТ М300/Раз
работка/Схемы ФБ ЮНИТ-М300/Проект/РЭ500/09.01 РЭ 
ЮНИТ-М500-БСК//Приложение. БНН/img/1121.pdf Graphic file (
type pdf)
<use //uni-eng.ru/unit/Ivanovo/Документация ЮНИТ М300/Раз
работка/Схемы ФБ ЮНИТ-М300/Проект/РЭ500/09.01 РЭ 
ЮНИТ-М500-БСК//Приложение. БНН/img/1121.pdf>
Package luatex.def Info: //uni-eng.ru/unit/Ivanovo/Документация Ю
НИТ М300/Разработка/Схемы ФБ ЮНИТ-М300/Проект/
РЭ500/09.01 РЭ ЮНИТ-М500-БСК//Приложение. БНН/img/1121
.pdf  used on input line 87.
(luatex.def)             Requested size: 101.2923pt x 72.56038pt.
<//uni-eng.ru/unit/Ivanovo/Документация ЮНИТ М300/Разра
ботка/Схемы ФБ ЮНИТ-М300/Проект/РЭ500/09.01 РЭ ЮН
ИТ-М500-БСК//Приложение. БНН/img/1122.pdf, id=1046, 89.32524
pt x 89.80847pt>
File: //uni-eng.ru/unit/Ivanovo/Документация ЮНИТ М300/Раз
работка/Схемы ФБ ЮНИТ-М300/Проект/РЭ500/09.01 РЭ 
ЮНИТ-М500-БСК//Приложение. БНН/img/1122.pdf Graphic file (
type pdf)
<use //uni-eng.ru/unit/Ivanovo/Документация ЮНИТ М300/Раз
работка/Схемы ФБ ЮНИТ-М300/Проект/РЭ500/09.01 РЭ 
ЮНИТ-М500-БСК//Приложение. БНН/img/1122.pdf>
Package luatex.def Info: //uni-eng.ru/unit/Ivanovo/Документация Ю
НИТ М300/Разработка/Схемы ФБ ЮНИТ-М300/Проект/
РЭ500/09.01 РЭ ЮНИТ-М500-БСК//Приложение. БНН/img/1122
.pdf  used on input line 87.
(luatex.def)             Requested size: 101.29027pt x 101.84276pt.

Overfull \hbox (7.8699pt too wide) in alignment at lines 51--91
 [][][][][][][] 
 []

[45<//uni-eng.ru/unit/Ivanovo/Документация ЮНИТ М300/Разр
аботка/Схемы ФБ ЮНИТ-М300/Проект/РЭ500/09.01 РЭ Ю
НИТ-М500-БСК//Приложение. БНН/img/111.pdf><//uni-eng.ru/unit
/Ivanovo/Документация ЮНИТ М300/Разработка/Схем
ы ФБ ЮНИТ-М300/Проект/РЭ500/09.01 РЭ ЮНИТ-М500-БСК//
Приложение. БНН/img/112.pdf><//uni-eng.ru/unit/Ivanovo/Докум
ентация ЮНИТ М300/Разработка/Схемы ФБ ЮНИТ-М30
0/Проект/РЭ500/09.01 РЭ ЮНИТ-М500-БСК//Приложение. 
БНН/img/121.pdf><//uni-eng.ru/unit/Ivanovo/Документация ЮНИ
Т М300/Разработка/Схемы ФБ ЮНИТ-М300/Проект/РЭ50
0/09.01 РЭ ЮНИТ-М500-БСК//Приложение. БНН/img/122.pdf><//
uni-eng.ru/unit/Ivanovo/Документация ЮНИТ М300/Разрабо
тка/Схемы ФБ ЮНИТ-М300/Проект/РЭ500/09.01 РЭ ЮНИТ-
М500-БСК//Приложение. БНН/img/131.pdf><//uni-eng.ru/unit/Ivanov
o/Документация ЮНИТ М300/Разработка/Схемы ФБ 
ЮНИТ-М300/Проект/РЭ500/09.01 РЭ ЮНИТ-М500-БСК//Прил
ожение. БНН/img/132.pdf><//uni-eng.ru/unit/Ivanovo/Документа
ция ЮНИТ М300/Разработка/Схемы ФБ ЮНИТ-М300/Пр
оект/РЭ500/09.01 РЭ ЮНИТ-М500-БСК//Приложение. БН
Н/img/141.pdf><//uni-eng.ru/unit/Ivanovo/Документация ЮНИТ М30
0/Разработка/Схемы ФБ ЮНИТ-М300/Проект/РЭ500/09.01
 РЭ ЮНИТ-М500-БСК//Приложение. БНН/img/142.pdf>] [46<//un
i-eng.ru/unit/Ivanovo/Документация ЮНИТ М300/Разработ
ка/Схемы ФБ ЮНИТ-М300/Проект/РЭ500/09.01 РЭ ЮНИТ-
М500-БСК//Приложение. БНН/img/151.pdf><//uni-eng.ru/unit/Ivanov
o/Документация ЮНИТ М300/Разработка/Схемы ФБ 
ЮНИТ-М300/Проект/РЭ500/09.01 РЭ ЮНИТ-М500-БСК//Прил
ожение. БНН/img/152.pdf><//uni-eng.ru/unit/Ivanovo/Документа
ция ЮНИТ М300/Разработка/Схемы ФБ ЮНИТ-М300/Пр
оект/РЭ500/09.01 РЭ ЮНИТ-М500-БСК//Приложение. БН
Н/img/161.pdf><//uni-eng.ru/unit/Ivanovo/Документация ЮНИТ М30
0/Разработка/Схемы ФБ ЮНИТ-М300/Проект/РЭ500/09.01
 РЭ ЮНИТ-М500-БСК//Приложение. БНН/img/162.pdf><//uni-eng
.ru/unit/Ivanovo/Документация ЮНИТ М300/Разработка/
Схемы ФБ ЮНИТ-М300/Проект/РЭ500/09.01 РЭ ЮНИТ-М500-
БСК//Приложение. БНН/img/171.pdf><//uni-eng.ru/unit/Ivanovo/Д
окументация ЮНИТ М300/Разработка/Схемы ФБ Ю
НИТ-М300/Проект/РЭ500/09.01 РЭ ЮНИТ-М500-БСК//Прило
жение. БНН/img/172.pdf><//uni-eng.ru/unit/Ivanovo/Документац
ия ЮНИТ М300/Разработка/Схемы ФБ ЮНИТ-М300/Про
ект/РЭ500/09.01 РЭ ЮНИТ-М500-БСК//Приложение. БНН/im
g/181.pdf><//uni-eng.ru/unit/Ivanovo/Документация ЮНИТ М300/
Разработка/Схемы ФБ ЮНИТ-М300/Проект/РЭ500/09.01 
РЭ ЮНИТ-М500-БСК//Приложение. БНН/img/182.pdf>]
Overfull \hbox (0.90613pt too wide) in paragraph at lines 118--118
 []|\TU/ArialNarrow(0)/m/n/10.95 №| 
 []


Overfull \hbox (2.39368pt too wide) in paragraph at lines 118--118
 []|\TU/ArialNarrow(0)/m/n/10.95 Особая 
 []


Overfull \hbox (7.75061pt too wide) in alignment at lines 113--120
 [][][][][][][][] 
 []


Overfull \hbox (0.90613pt too wide) in paragraph at lines 125--125
 []|\TU/ArialNarrow(0)/m/n/10.95 №| 
 []


Overfull \hbox (2.39368pt too wide) in paragraph at lines 125--125
 []|\TU/ArialNarrow(0)/m/n/10.95 Особая 
 []


Overfull \hbox (7.75061pt too wide) in alignment at lines 120--127
 [][][][][][][][] 
 []


Overfull \hbox (7.75061pt too wide) in alignment at lines 127--130
 [][][][][][][][] 
 []


Overfull \hbox (7.75061pt too wide) in alignment at lines 130--131
 [][][][][][][][] 
 []

<//uni-eng.ru/unit/Ivanovo/Документация ЮНИТ М300/Разра
ботка/Схемы ФБ ЮНИТ-М300/Проект/РЭ500/09.01 РЭ ЮН
ИТ-М500-БСК//Приложение. БНН/img/211.pdf, id=1345, 98.85992p
t x 83.7878pt>
File: //uni-eng.ru/unit/Ivanovo/Документация ЮНИТ М300/Раз
работка/Схемы ФБ ЮНИТ-М300/Проект/РЭ500/09.01 РЭ 
ЮНИТ-М500-БСК//Приложение. БНН/img/211.pdf Graphic file (t
ype pdf)
<use //uni-eng.ru/unit/Ivanovo/Документация ЮНИТ М300/Раз
работка/Схемы ФБ ЮНИТ-М300/Проект/РЭ500/09.01 РЭ 
ЮНИТ-М500-БСК//Приложение. БНН/img/211.pdf>
Package luatex.def Info: //uni-eng.ru/unit/Ivanovo/Документация Ю
НИТ М300/Разработка/Схемы ФБ ЮНИТ-М300/Проект/
РЭ500/09.01 РЭ ЮНИТ-М500-БСК//Приложение. БНН/img/211.
pdf  used on input line 133.
(luatex.def)             Requested size: 101.28981pt x 85.84721pt.
<//uni-eng.ru/unit/Ivanovo/Документация ЮНИТ М300/Разра
ботка/Схемы ФБ ЮНИТ-М300/Проект/РЭ500/09.01 РЭ ЮН
ИТ-М500-БСК//Приложение. БНН/img/212.pdf, id=1346, 107.39102
pt x 106.36534pt>
File: //uni-eng.ru/unit/Ivanovo/Документация ЮНИТ М300/Раз
работка/Схемы ФБ ЮНИТ-М300/Проект/РЭ500/09.01 РЭ 
ЮНИТ-М500-БСК//Приложение. БНН/img/212.pdf Graphic file (t
ype pdf)
<use //uni-eng.ru/unit/Ivanovo/Документация ЮНИТ М300/Раз
работка/Схемы ФБ ЮНИТ-М300/Проект/РЭ500/09.01 РЭ 
ЮНИТ-М500-БСК//Приложение. БНН/img/212.pdf>
Package luatex.def Info: //uni-eng.ru/unit/Ivanovo/Документация Ю
НИТ М300/Разработка/Схемы ФБ ЮНИТ-М300/Проект/
РЭ500/09.01 РЭ ЮНИТ-М500-БСК//Приложение. БНН/img/212.
pdf  used on input line 133.
(luatex.def)             Requested size: 101.29027pt x 100.32262pt.
<//uni-eng.ru/unit/Ivanovo/Документация ЮНИТ М300/Разра
ботка/Схемы ФБ ЮНИТ-М300/Проект/РЭ500/09.01 РЭ ЮН
ИТ-М500-БСК//Приложение. БНН/img/221.pdf, id=1347, 93.8417pt
 x 73.75333pt>
File: //uni-eng.ru/unit/Ivanovo/Документация ЮНИТ М300/Раз
работка/Схемы ФБ ЮНИТ-М300/Проект/РЭ500/09.01 РЭ 
ЮНИТ-М500-БСК//Приложение. БНН/img/221.pdf Graphic file (t
ype pdf)
<use //uni-eng.ru/unit/Ivanovo/Документация ЮНИТ М300/Раз
работка/Схемы ФБ ЮНИТ-М300/Проект/РЭ500/09.01 РЭ 
ЮНИТ-М500-БСК//Приложение. БНН/img/221.pdf>
Package luatex.def Info: //uni-eng.ru/unit/Ivanovo/Документация Ю
НИТ М300/Разработка/Схемы ФБ ЮНИТ-М300/Проект/
РЭ500/09.01 РЭ ЮНИТ-М500-БСК//Приложение. БНН/img/221.
pdf  used on input line 136.
(luatex.def)             Requested size: 101.29596pt x 79.61186pt.
<//uni-eng.ru/unit/Ivanovo/Документация ЮНИТ М300/Разра
ботка/Схемы ФБ ЮНИТ-М300/Проект/РЭ500/09.01 РЭ ЮН
ИТ-М500-БСК//Приложение. БНН/img/222.pdf, id=1348, 89.82704p
t x 88.80502pt>
File: //uni-eng.ru/unit/Ivanovo/Документация ЮНИТ М300/Раз
работка/Схемы ФБ ЮНИТ-М300/Проект/РЭ500/09.01 РЭ 
ЮНИТ-М500-БСК//Приложение. БНН/img/222.pdf Graphic file (t
ype pdf)
<use //uni-eng.ru/unit/Ivanovo/Документация ЮНИТ М300/Раз
работка/Схемы ФБ ЮНИТ-М300/Проект/РЭ500/09.01 РЭ 
ЮНИТ-М500-БСК//Приложение. БНН/img/222.pdf>
Package luatex.def Info: //uni-eng.ru/unit/Ivanovo/Документация Ю
НИТ М300/Разработка/Схемы ФБ ЮНИТ-М300/Проект/
РЭ500/09.01 РЭ ЮНИТ-М500-БСК//Приложение. БНН/img/222.
pdf  used on input line 136.
(luatex.def)             Requested size: 101.29027pt x 100.14388pt.
<//uni-eng.ru/unit/Ivanovo/Документация ЮНИТ М300/Разра
ботка/Схемы ФБ ЮНИТ-М300/Проект/РЭ500/09.01 РЭ ЮН
ИТ-М500-БСК//Приложение. БНН/img/231.pdf, id=1349, 89.32527p
t x 71.74643pt>
File: //uni-eng.ru/unit/Ivanovo/Документация ЮНИТ М300/Раз
работка/Схемы ФБ ЮНИТ-М300/Проект/РЭ500/09.01 РЭ 
ЮНИТ-М500-БСК//Приложение. БНН/img/231.pdf Graphic file (t
ype pdf)
<use //uni-eng.ru/unit/Ivanovo/Документация ЮНИТ М300/Раз
работка/Схемы ФБ ЮНИТ-М300/Проект/РЭ500/09.01 РЭ 
ЮНИТ-М500-БСК//Приложение. БНН/img/231.pdf>
Package luatex.def Info: //uni-eng.ru/unit/Ivanovo/Документация Ю
НИТ М300/Разработка/Схемы ФБ ЮНИТ-М300/Проект/
РЭ500/09.01 РЭ ЮНИТ-М500-БСК//Приложение. БНН/img/231.
pdf  used on input line 139.
(luatex.def)             Requested size: 101.29483pt x 81.36043pt.
<//uni-eng.ru/unit/Ivanovo/Документация ЮНИТ М300/Разра
ботка/Схемы ФБ ЮНИТ-М300/Проект/РЭ500/09.01 РЭ ЮН
ИТ-М500-БСК//Приложение. БНН/img/232.pdf, id=1350, 101.87091
pt x 67.73265pt>
File: //uni-eng.ru/unit/Ivanovo/Документация ЮНИТ М300/Раз
работка/Схемы ФБ ЮНИТ-М300/Проект/РЭ500/09.01 РЭ 
ЮНИТ-М500-БСК//Приложение. БНН/img/232.pdf Graphic file (t
ype pdf)
<use //uni-eng.ru/unit/Ivanovo/Документация ЮНИТ М300/Раз
работка/Схемы ФБ ЮНИТ-М300/Проект/РЭ500/09.01 РЭ 
ЮНИТ-М500-БСК//Приложение. БНН/img/232.pdf>
Package luatex.def Info: //uni-eng.ru/unit/Ivanovo/Документация Ю
НИТ М300/Разработка/Схемы ФБ ЮНИТ-М300/Проект/
РЭ500/09.01 РЭ ЮНИТ-М500-БСК//Приложение. БНН/img/232.
pdf  used on input line 139.
(luatex.def)             Requested size: 101.29027pt x 67.34799pt.
<//uni-eng.ru/unit/Ivanovo/Документация ЮНИТ М300/Разра
ботка/Схемы ФБ ЮНИТ-М300/Проект/РЭ500/09.01 РЭ ЮН
ИТ-М500-БСК//Приложение. БНН/img/241.pdf, id=1351, 99.36177p
t x 82.28262pt>
File: //uni-eng.ru/unit/Ivanovo/Документация ЮНИТ М300/Раз
работка/Схемы ФБ ЮНИТ-М300/Проект/РЭ500/09.01 РЭ 
ЮНИТ-М500-БСК//Приложение. БНН/img/241.pdf Graphic file (t
ype pdf)
<use //uni-eng.ru/unit/Ivanovo/Документация ЮНИТ М300/Раз
работка/Схемы ФБ ЮНИТ-М300/Проект/РЭ500/09.01 РЭ 
ЮНИТ-М500-БСК//Приложение. БНН/img/241.pdf>
Package luatex.def Info: //uni-eng.ru/unit/Ivanovo/Документация Ю
НИТ М300/Разработка/Схемы ФБ ЮНИТ-М300/Проект/
РЭ500/09.01 РЭ ЮНИТ-М500-БСК//Приложение. БНН/img/241.
pdf  used on input line 142.
(luatex.def)             Requested size: 101.29155pt x 83.88069pt.
<//uni-eng.ru/unit/Ivanovo/Документация ЮНИТ М300/Разра
ботка/Схемы ФБ ЮНИТ-М300/Проект/РЭ500/09.01 РЭ ЮН
ИТ-М500-БСК//Приложение. БНН/img/242.pdf, id=1352, 67.74666p
t x 69.23781pt>
File: //uni-eng.ru/unit/Ivanovo/Документация ЮНИТ М300/Раз
работка/Схемы ФБ ЮНИТ-М300/Проект/РЭ500/09.01 РЭ 
ЮНИТ-М500-БСК//Приложение. БНН/img/242.pdf Graphic file (t
ype pdf)
<use //uni-eng.ru/unit/Ivanovo/Документация ЮНИТ М300/Раз
работка/Схемы ФБ ЮНИТ-М300/Проект/РЭ500/09.01 РЭ 
ЮНИТ-М500-БСК//Приложение. БНН/img/242.pdf>
Package luatex.def Info: //uni-eng.ru/unit/Ivanovo/Документация Ю
НИТ М300/Разработка/Схемы ФБ ЮНИТ-М300/Проект/
РЭ500/09.01 РЭ ЮНИТ-М500-БСК//Приложение. БНН/img/242.
pdf  used on input line 142.
(luatex.def)             Requested size: 81.0353pt x 82.82397pt.
<//uni-eng.ru/unit/Ivanovo/Документация ЮНИТ М300/Разра
ботка/Схемы ФБ ЮНИТ-М300/Проект/РЭ500/09.01 РЭ ЮН
ИТ-М500-БСК//Приложение. БНН/img/251.pdf, id=1353, 105.88554
pt x 76.76369pt>
File: //uni-eng.ru/unit/Ivanovo/Документация ЮНИТ М300/Раз
работка/Схемы ФБ ЮНИТ-М300/Проект/РЭ500/09.01 РЭ 
ЮНИТ-М500-БСК//Приложение. БНН/img/251.pdf Graphic file (t
ype pdf)
<use //uni-eng.ru/unit/Ivanovo/Документация ЮНИТ М300/Раз
работка/Схемы ФБ ЮНИТ-М300/Проект/РЭ500/09.01 РЭ 
ЮНИТ-М500-БСК//Приложение. БНН/img/251.pdf>
Package luatex.def Info: //uni-eng.ru/unit/Ivanovo/Документация Ю
НИТ М300/Разработка/Схемы ФБ ЮНИТ-М300/Проект/
РЭ500/09.01 РЭ ЮНИТ-М500-БСК//Приложение. БНН/img/251.
pdf  used on input line 146.
(luatex.def)             Requested size: 111.42383pt x 80.77875pt.
<//uni-eng.ru/unit/Ivanovo/Документация ЮНИТ М300/Разра
ботка/Схемы ФБ ЮНИТ-М300/Проект/РЭ500/09.01 РЭ ЮН
ИТ-М500-БСК//Приложение. БНН/img/252.pdf, id=1354, 77.3127pt
 x 74.6382pt>
File: //uni-eng.ru/unit/Ivanovo/Документация ЮНИТ М300/Раз
работка/Схемы ФБ ЮНИТ-М300/Проект/РЭ500/09.01 РЭ 
ЮНИТ-М500-БСК//Приложение. БНН/img/252.pdf Graphic file (t
ype pdf)
<use //uni-eng.ru/unit/Ivanovo/Документация ЮНИТ М300/Раз
работка/Схемы ФБ ЮНИТ-М300/Проект/РЭ500/09.01 РЭ 
ЮНИТ-М500-БСК//Приложение. БНН/img/252.pdf>
Package luatex.def Info: //uni-eng.ru/unit/Ivanovo/Документация Ю
НИТ М300/Разработка/Схемы ФБ ЮНИТ-М300/Проект/
РЭ500/09.01 РЭ ЮНИТ-М500-БСК//Приложение. БНН/img/252.
pdf  used on input line 146.
(luatex.def)             Requested size: 86.0971pt x 83.11813pt.
<//uni-eng.ru/unit/Ivanovo/Документация ЮНИТ М300/Разра
ботка/Схемы ФБ ЮНИТ-М300/Проект/РЭ500/09.01 РЭ ЮН
ИТ-М500-БСК//Приложение. БНН/img/261.pdf, id=1355, 100.5512p
t x 76.42593pt>
File: //uni-eng.ru/unit/Ivanovo/Документация ЮНИТ М300/Раз
работка/Схемы ФБ ЮНИТ-М300/Проект/РЭ500/09.01 РЭ 
ЮНИТ-М500-БСК//Приложение. БНН/img/261.pdf Graphic file (t
ype pdf)
<use //uni-eng.ru/unit/Ivanovo/Документация ЮНИТ М300/Раз
работка/Схемы ФБ ЮНИТ-М300/Проект/РЭ500/09.01 РЭ 
ЮНИТ-М500-БСК//Приложение. БНН/img/261.pdf>
Package luatex.def Info: //uni-eng.ru/unit/Ivanovo/Документация Ю
НИТ М300/Разработка/Схемы ФБ ЮНИТ-М300/Проект/
РЭ500/09.01 РЭ ЮНИТ-М500-БСК//Приложение. БНН/img/261.
pdf  used on input line 149.
(luatex.def)             Requested size: 111.42595pt x 84.6915pt.
<//uni-eng.ru/unit/Ivanovo/Документация ЮНИТ М300/Разра
ботка/Схемы ФБ ЮНИТ-М300/Проект/РЭ500/09.01 РЭ ЮН
ИТ-М500-БСК//Приложение. БНН/img/262.pdf, id=1356, 88.32158p
t x 72.74988pt>
File: //uni-eng.ru/unit/Ivanovo/Документация ЮНИТ М300/Раз
работка/Схемы ФБ ЮНИТ-М300/Проект/РЭ500/09.01 РЭ 
ЮНИТ-М500-БСК//Приложение. БНН/img/262.pdf Graphic file (t
ype pdf)
<use //uni-eng.ru/unit/Ivanovo/Документация ЮНИТ М300/Раз
работка/Схемы ФБ ЮНИТ-М300/Проект/РЭ500/09.01 РЭ 
ЮНИТ-М500-БСК//Приложение. БНН/img/262.pdf>
Package luatex.def Info: //uni-eng.ru/unit/Ivanovo/Документация Ю
НИТ М300/Разработка/Схемы ФБ ЮНИТ-М300/Проект/
РЭ500/09.01 РЭ ЮНИТ-М500-БСК//Приложение. БНН/img/262.
pdf  used on input line 149.
(luatex.def)             Requested size: 91.15892pt x 75.0875pt.
<//uni-eng.ru/unit/Ivanovo/Документация ЮНИТ М300/Разра
ботка/Схемы ФБ ЮНИТ-М300/Проект/РЭ500/09.01 РЭ ЮН
ИТ-М500-БСК//Приложение. БНН/img/271.pdf, id=1357, 99.36179p
t x 73.2516pt>
File: //uni-eng.ru/unit/Ivanovo/Документация ЮНИТ М300/Раз
работка/Схемы ФБ ЮНИТ-М300/Проект/РЭ500/09.01 РЭ 
ЮНИТ-М500-БСК//Приложение. БНН/img/271.pdf Graphic file (t
ype pdf)
<use //uni-eng.ru/unit/Ivanovo/Документация ЮНИТ М300/Раз
работка/Схемы ФБ ЮНИТ-М300/Проект/РЭ500/09.01 РЭ 
ЮНИТ-М500-БСК//Приложение. БНН/img/271.pdf>
Package luatex.def Info: //uni-eng.ru/unit/Ivanovo/Документация Ю
НИТ М300/Разработка/Схемы ФБ ЮНИТ-М300/Проект/
РЭ500/09.01 РЭ ЮНИТ-М500-БСК//Приложение. БНН/img/271.
pdf  used on input line 152.
(luatex.def)             Requested size: 111.4239pt x 82.14406pt.
<//uni-eng.ru/unit/Ivanovo/Документация ЮНИТ М300/Разра
ботка/Схемы ФБ ЮНИТ-М300/Проект/РЭ500/09.01 РЭ ЮН
ИТ-М500-БСК//Приложение. БНН/img/272.pdf, id=1358, 98.35812p
t x 91.31364pt>
File: //uni-eng.ru/unit/Ivanovo/Документация ЮНИТ М300/Раз
работка/Схемы ФБ ЮНИТ-М300/Проект/РЭ500/09.01 РЭ 
ЮНИТ-М500-БСК//Приложение. БНН/img/272.pdf Graphic file (t
ype pdf)
<use //uni-eng.ru/unit/Ivanovo/Документация ЮНИТ М300/Раз
работка/Схемы ФБ ЮНИТ-М300/Проект/РЭ500/09.01 РЭ 
ЮНИТ-М500-БСК//Приложение. БНН/img/272.pdf>
Package luatex.def Info: //uni-eng.ru/unit/Ivanovo/Документация Ю
НИТ М300/Разработка/Схемы ФБ ЮНИТ-М300/Проект/
РЭ500/09.01 РЭ ЮНИТ-М500-БСК//Приложение. БНН/img/272.
pdf  used on input line 152.
(luatex.def)             Requested size: 101.29027pt x 94.04155pt.
<//uni-eng.ru/unit/Ivanovo/Документация ЮНИТ М300/Разра
ботка/Схемы ФБ ЮНИТ-М300/Проект/РЭ500/09.01 РЭ ЮН
ИТ-М500-БСК//Приложение. БНН/img/281.pdf, id=1359, 96.35085p
t x 73.75333pt>
File: //uni-eng.ru/unit/Ivanovo/Документация ЮНИТ М300/Раз
работка/Схемы ФБ ЮНИТ-М300/Проект/РЭ500/09.01 РЭ 
ЮНИТ-М500-БСК//Приложение. БНН/img/281.pdf Graphic file (t
ype pdf)
<use //uni-eng.ru/unit/Ivanovo/Документация ЮНИТ М300/Раз
работка/Схемы ФБ ЮНИТ-М300/Проект/РЭ500/09.01 РЭ 
ЮНИТ-М500-БСК//Приложение. БНН/img/281.pdf>
Package luatex.def Info: //uni-eng.ru/unit/Ivanovo/Документация Ю
НИТ М300/Разработка/Схемы ФБ ЮНИТ-М300/Проект/
РЭ500/09.01 РЭ ЮНИТ-М500-БСК//Приложение. БНН/img/281.
pdf  used on input line 155.
(luatex.def)             Requested size: 111.4289pt x 85.29506pt.
<//uni-eng.ru/unit/Ivanovo/Документация ЮНИТ М300/Разра
ботка/Схемы ФБ ЮНИТ-М300/Проект/РЭ500/09.01 РЭ ЮН
ИТ-М500-БСК//Приложение. БНН/img/282.pdf, id=1360, 112.91112
pt x 80.77745pt>
File: //uni-eng.ru/unit/Ivanovo/Документация ЮНИТ М300/Раз
работка/Схемы ФБ ЮНИТ-М300/Проект/РЭ500/09.01 РЭ 
ЮНИТ-М500-БСК//Приложение. БНН/img/282.pdf Graphic file (t
ype pdf)
<use //uni-eng.ru/unit/Ivanovo/Документация ЮНИТ М300/Раз
работка/Схемы ФБ ЮНИТ-М300/Проект/РЭ500/09.01 РЭ 
ЮНИТ-М500-БСК//Приложение. БНН/img/282.pdf>
Package luatex.def Info: //uni-eng.ru/unit/Ivanovo/Документация Ю
НИТ М300/Разработка/Схемы ФБ ЮНИТ-М300/Проект/
РЭ500/09.01 РЭ ЮНИТ-М500-БСК//Приложение. БНН/img/282.
pdf  used on input line 155.
(luatex.def)             Requested size: 101.29027pt x 72.46606pt.
<//uni-eng.ru/unit/Ivanovo/Документация ЮНИТ М300/Разра
ботка/Схемы ФБ ЮНИТ-М300/Проект/РЭ500/09.01 РЭ ЮН
ИТ-М500-БСК//Приложение. БНН/img/291.pdf, id=1361, 104.38007
pt x 74.75677pt>
File: //uni-eng.ru/unit/Ivanovo/Документация ЮНИТ М300/Раз
работка/Схемы ФБ ЮНИТ-М300/Проект/РЭ500/09.01 РЭ 
ЮНИТ-М500-БСК//Приложение. БНН/img/291.pdf Graphic file (t
ype pdf)
<use //uni-eng.ru/unit/Ivanovo/Документация ЮНИТ М300/Раз
работка/Схемы ФБ ЮНИТ-М300/Проект/РЭ500/09.01 РЭ 
ЮНИТ-М500-БСК//Приложение. БНН/img/291.pdf>
Package luatex.def Info: //uni-eng.ru/unit/Ivanovo/Документация Ю
НИТ М300/Разработка/Схемы ФБ ЮНИТ-М300/Проект/
РЭ500/09.01 РЭ ЮНИТ-М500-БСК//Приложение. БНН/img/291.
pdf  used on input line 159.
(luatex.def)             Requested size: 111.42593pt x 79.80301pt.
<//uni-eng.ru/unit/Ivanovo/Документация ЮНИТ М300/Разра
ботка/Схемы ФБ ЮНИТ-М300/Проект/РЭ500/09.01 РЭ ЮН
ИТ-М500-БСК//Приложение. БНН/img/292.pdf, id=1362, 105.3837p
t x 70.24127pt>
File: //uni-eng.ru/unit/Ivanovo/Документация ЮНИТ М300/Раз
работка/Схемы ФБ ЮНИТ-М300/Проект/РЭ500/09.01 РЭ 
ЮНИТ-М500-БСК//Приложение. БНН/img/292.pdf Graphic file (t
ype pdf)
<use //uni-eng.ru/unit/Ivanovo/Документация ЮНИТ М300/Раз
работка/Схемы ФБ ЮНИТ-М300/Проект/РЭ500/09.01 РЭ 
ЮНИТ-М500-БСК//Приложение. БНН/img/292.pdf>
Package luatex.def Info: //uni-eng.ru/unit/Ivanovo/Документация Ю
НИТ М300/Разработка/Схемы ФБ ЮНИТ-М300/Проект/
РЭ500/09.01 РЭ ЮНИТ-М500-БСК//Приложение. БНН/img/292.
pdf  used on input line 159.
(luatex.def)             Requested size: 101.29027pt x 67.51228pt.

Overfull \hbox (1.25197pt too wide) in paragraph at lines 162--162
 []|\TU/ArialNarrow(0)/m/n/10.95 10| 
 []

<//uni-eng.ru/unit/Ivanovo/Документация ЮНИТ М300/Разра
ботка/Схемы ФБ ЮНИТ-М300/Проект/РЭ500/09.01 РЭ ЮН
ИТ-М500-БСК//Приложение. БНН/img/2101.pdf, id=1363, 104.3800
7pt x 76.26193pt>
File: //uni-eng.ru/unit/Ivanovo/Документация ЮНИТ М300/Раз
работка/Схемы ФБ ЮНИТ-М300/Проект/РЭ500/09.01 РЭ 
ЮНИТ-М500-БСК//Приложение. БНН/img/2101.pdf Graphic file (
type pdf)
<use //uni-eng.ru/unit/Ivanovo/Документация ЮНИТ М300/Раз
работка/Схемы ФБ ЮНИТ-М300/Проект/РЭ500/09.01 РЭ 
ЮНИТ-М500-БСК//Приложение. БНН/img/2101.pdf>
Package luatex.def Info: //uni-eng.ru/unit/Ivanovo/Документация Ю
НИТ М300/Разработка/Схемы ФБ ЮНИТ-М300/Проект/
РЭ500/09.01 РЭ ЮНИТ-М500-БСК//Приложение. БНН/img/2101
.pdf  used on input line 162.
(luatex.def)             Requested size: 111.42593pt x 81.40976pt.
<//uni-eng.ru/unit/Ivanovo/Документация ЮНИТ М300/Разра
ботка/Схемы ФБ ЮНИТ-М300/Проект/РЭ500/09.01 РЭ ЮН
ИТ-М500-БСК//Приложение. БНН/img/2102.pdf, id=1364, 101.8709
1pt x 80.27574pt>
File: //uni-eng.ru/unit/Ivanovo/Документация ЮНИТ М300/Раз
работка/Схемы ФБ ЮНИТ-М300/Проект/РЭ500/09.01 РЭ 
ЮНИТ-М500-БСК//Приложение. БНН/img/2102.pdf Graphic file (
type pdf)
<use //uni-eng.ru/unit/Ivanovo/Документация ЮНИТ М300/Раз
работка/Схемы ФБ ЮНИТ-М300/Проект/РЭ500/09.01 РЭ 
ЮНИТ-М500-БСК//Приложение. БНН/img/2102.pdf>
Package luatex.def Info: //uni-eng.ru/unit/Ivanovo/Документация Ю
НИТ М300/Разработка/Схемы ФБ ЮНИТ-М300/Проект/
РЭ500/09.01 РЭ ЮНИТ-М500-БСК//Приложение. БНН/img/2102
.pdf  used on input line 162.
(luatex.def)             Requested size: 101.29027pt x 79.81985pt.

Overfull \hbox (1.25197pt too wide) in paragraph at lines 165--165
 []|\TU/ArialNarrow(0)/m/n/10.95 11| 
 []

<//uni-eng.ru/unit/Ivanovo/Документация ЮНИТ М300/Разра
ботка/Схемы ФБ ЮНИТ-М300/Проект/РЭ500/09.01 РЭ ЮН
ИТ-М500-БСК//Приложение. БНН/img/2111.pdf, id=1365, 109.3983
2pt x 77.76712pt>
File: //uni-eng.ru/unit/Ivanovo/Документация ЮНИТ М300/Раз
работка/Схемы ФБ ЮНИТ-М300/Проект/РЭ500/09.01 РЭ 
ЮНИТ-М500-БСК//Приложение. БНН/img/2111.pdf Graphic file (
type pdf)
<use //uni-eng.ru/unit/Ivanovo/Документация ЮНИТ М300/Раз
работка/Схемы ФБ ЮНИТ-М300/Проект/РЭ500/09.01 РЭ 
ЮНИТ-М500-БСК//Приложение. БНН/img/2111.pdf>
Package luatex.def Info: //uni-eng.ru/unit/Ivanovo/Документация Ю
НИТ М300/Разработка/Схемы ФБ ЮНИТ-М300/Проект/
РЭ500/09.01 РЭ ЮНИТ-М500-БСК//Приложение. БНН/img/2111
.pdf  used on input line 165.
(luatex.def)             Requested size: 111.42789pt x 79.20985pt.
<//uni-eng.ru/unit/Ivanovo/Документация ЮНИТ М300/Разра
ботка/Схемы ФБ ЮНИТ-М300/Проект/РЭ500/09.01 РЭ ЮН
ИТ-М500-БСК//Приложение. БНН/img/2112.pdf, id=1366, 85.31061
pt x 77.76712pt>
File: //uni-eng.ru/unit/Ivanovo/Документация ЮНИТ М300/Раз
работка/Схемы ФБ ЮНИТ-М300/Проект/РЭ500/09.01 РЭ 
ЮНИТ-М500-БСК//Приложение. БНН/img/2112.pdf Graphic file (
type pdf)
<use //uni-eng.ru/unit/Ivanovo/Документация ЮНИТ М300/Раз
работка/Схемы ФБ ЮНИТ-М300/Проект/РЭ500/09.01 РЭ 
ЮНИТ-М500-БСК//Приложение. БНН/img/2112.pdf>
Package luatex.def Info: //uni-eng.ru/unit/Ivanovo/Документация Ю
НИТ М300/Разработка/Схемы ФБ ЮНИТ-М300/Проект/
РЭ500/09.01 РЭ ЮНИТ-М500-БСК//Приложение. БНН/img/2112
.pdf  used on input line 165.
(luatex.def)             Requested size: 101.29027pt x 92.3399pt.

Overfull \hbox (1.25197pt too wide) in paragraph at lines 168--168
 []|\TU/ArialNarrow(0)/m/n/10.95 12| 
 []

<//uni-eng.ru/unit/Ivanovo/Документация ЮНИТ М300/Разра
ботка/Схемы ФБ ЮНИТ-М300/Проект/РЭ500/09.01 РЭ ЮН
ИТ-М500-БСК//Приложение. БНН/img/2121.pdf, id=1367, 97.85628
pt x 78.26884pt>
File: //uni-eng.ru/unit/Ivanovo/Документация ЮНИТ М300/Раз
работка/Схемы ФБ ЮНИТ-М300/Проект/РЭ500/09.01 РЭ 
ЮНИТ-М500-БСК//Приложение. БНН/img/2121.pdf Graphic file (
type pdf)
<use //uni-eng.ru/unit/Ivanovo/Документация ЮНИТ М300/Раз
работка/Схемы ФБ ЮНИТ-М300/Проект/РЭ500/09.01 РЭ 
ЮНИТ-М500-БСК//Приложение. БНН/img/2121.pdf>
Package luatex.def Info: //uni-eng.ru/unit/Ivanovo/Документация Ю
НИТ М300/Разработка/Схемы ФБ ЮНИТ-М300/Проект/
РЭ500/09.01 РЭ ЮНИТ-М500-БСК//Приложение. БНН/img/2121
.pdf  used on input line 168.
(luatex.def)             Requested size: 111.4259pt x 89.1223pt.
<//uni-eng.ru/unit/Ivanovo/Документация ЮНИТ М300/Разра
ботка/Схемы ФБ ЮНИТ-М300/Проект/РЭ500/09.01 РЭ ЮН
ИТ-М500-БСК//Приложение. БНН/img/2122.pdf, id=1368, 99.8636p
t x 94.32399pt>
File: //uni-eng.ru/unit/Ivanovo/Документация ЮНИТ М300/Раз
работка/Схемы ФБ ЮНИТ-М300/Проект/РЭ500/09.01 РЭ 
ЮНИТ-М500-БСК//Приложение. БНН/img/2122.pdf Graphic file (
type pdf)
<use //uni-eng.ru/unit/Ivanovo/Документация ЮНИТ М300/Раз
работка/Схемы ФБ ЮНИТ-М300/Проект/РЭ500/09.01 РЭ 
ЮНИТ-М500-БСК//Приложение. БНН/img/2122.pdf>
Package luatex.def Info: //uni-eng.ru/unit/Ivanovo/Документация Ю
НИТ М300/Разработка/Схемы ФБ ЮНИТ-М300/Проект/
РЭ500/09.01 РЭ ЮНИТ-М500-БСК//Приложение. БНН/img/2122
.pdf  used on input line 168.
(luatex.def)             Requested size: 101.29027pt x 95.6752pt.

Overfull \hbox (7.75061pt too wide) in alignment at lines 131--171
 [][][][][][][][] 
 []

[47<//uni-eng.ru/unit/Ivanovo/Документация ЮНИТ М300/Разр
аботка/Схемы ФБ ЮНИТ-М300/Проект/РЭ500/09.01 РЭ Ю
НИТ-М500-БСК//Приложение. БНН/img/191.pdf><//uni-eng.ru/unit
/Ivanovo/Документация ЮНИТ М300/Разработка/Схем
ы ФБ ЮНИТ-М300/Проект/РЭ500/09.01 РЭ ЮНИТ-М500-БСК//
Приложение. БНН/img/192.pdf><//uni-eng.ru/unit/Ivanovo/Докум
ентация ЮНИТ М300/Разработка/Схемы ФБ ЮНИТ-М30
0/Проект/РЭ500/09.01 РЭ ЮНИТ-М500-БСК//Приложение. 
БНН/img/1101.pdf><//uni-eng.ru/unit/Ivanovo/Документация ЮНИ
Т М300/Разработка/Схемы ФБ ЮНИТ-М300/Проект/РЭ50
0/09.01 РЭ ЮНИТ-М500-БСК//Приложение. БНН/img/1102.pdf></
/uni-eng.ru/unit/Ivanovo/Документация ЮНИТ М300/Разраб
отка/Схемы ФБ ЮНИТ-М300/Проект/РЭ500/09.01 РЭ ЮНИ
Т-М500-БСК//Приложение. БНН/img/1111.pdf><//uni-eng.ru/unit/Iv
anovo/Документация ЮНИТ М300/Разработка/Схемы 
ФБ ЮНИТ-М300/Проект/РЭ500/09.01 РЭ ЮНИТ-М500-БСК//П
риложение. БНН/img/1112.pdf><//uni-eng.ru/unit/Ivanovo/Докум
ентация ЮНИТ М300/Разработка/Схемы ФБ ЮНИТ-М30
0/Проект/РЭ500/09.01 РЭ ЮНИТ-М500-БСК//Приложение. 
БНН/img/1121.pdf><//uni-eng.ru/unit/Ivanovo/Документация ЮНИ
Т М300/Разработка/Схемы ФБ ЮНИТ-М300/Проект/РЭ50
0/09.01 РЭ ЮНИТ-М500-БСК//Приложение. БНН/img/1122.pdf>]
 [48<//uni-eng.ru/unit/Ivanovo/Документация ЮНИТ М300/Раз
работка/Схемы ФБ ЮНИТ-М300/Проект/РЭ500/09.01 РЭ 
ЮНИТ-М500-БСК//Приложение. БНН/img/211.pdf><//uni-eng.ru/un
it/Ivanovo/Документация ЮНИТ М300/Разработка/Схе
мы ФБ ЮНИТ-М300/Проект/РЭ500/09.01 РЭ ЮНИТ-М500-БСК//
Приложение. БНН/img/212.pdf><//uni-eng.ru/unit/Ivanovo/Докум
ентация ЮНИТ М300/Разработка/Схемы ФБ ЮНИТ-М30
0/Проект/РЭ500/09.01 РЭ ЮНИТ-М500-БСК//Приложение. 
БНН/img/221.pdf><//uni-eng.ru/unit/Ivanovo/Документация ЮНИ
Т М300/Разработка/Схемы ФБ ЮНИТ-М300/Проект/РЭ50
0/09.01 РЭ ЮНИТ-М500-БСК//Приложение. БНН/img/222.pdf><//
uni-eng.ru/unit/Ivanovo/Документация ЮНИТ М300/Разрабо
тка/Схемы ФБ ЮНИТ-М300/Проект/РЭ500/09.01 РЭ ЮНИТ-
М500-БСК//Приложение. БНН/img/231.pdf><//uni-eng.ru/unit/Ivanov
o/Документация ЮНИТ М300/Разработка/Схемы ФБ 
ЮНИТ-М300/Проект/РЭ500/09.01 РЭ ЮНИТ-М500-БСК//Прил
ожение. БНН/img/232.pdf><//uni-eng.ru/unit/Ivanovo/Документа
ция ЮНИТ М300/Разработка/Схемы ФБ ЮНИТ-М300/Пр
оект/РЭ500/09.01 РЭ ЮНИТ-М500-БСК//Приложение. БН
Н/img/241.pdf><//uni-eng.ru/unit/Ivanovo/Документация ЮНИТ М30
0/Разработка/Схемы ФБ ЮНИТ-М300/Проект/РЭ500/09.01
 РЭ ЮНИТ-М500-БСК//Приложение. БНН/img/242.pdf>] [49<//un
i-eng.ru/unit/Ivanovo/Документация ЮНИТ М300/Разработ
ка/Схемы ФБ ЮНИТ-М300/Проект/РЭ500/09.01 РЭ ЮНИТ-
М500-БСК//Приложение. БНН/img/251.pdf><//uni-eng.ru/unit/Ivanov
o/Документация ЮНИТ М300/Разработка/Схемы ФБ 
ЮНИТ-М300/Проект/РЭ500/09.01 РЭ ЮНИТ-М500-БСК//Прил
ожение. БНН/img/252.pdf><//uni-eng.ru/unit/Ivanovo/Документа
ция ЮНИТ М300/Разработка/Схемы ФБ ЮНИТ-М300/Пр
оект/РЭ500/09.01 РЭ ЮНИТ-М500-БСК//Приложение. БН
Н/img/261.pdf><//uni-eng.ru/unit/Ivanovo/Документация ЮНИТ М30
0/Разработка/Схемы ФБ ЮНИТ-М300/Проект/РЭ500/09.01
 РЭ ЮНИТ-М500-БСК//Приложение. БНН/img/262.pdf><//uni-eng
.ru/unit/Ivanovo/Документация ЮНИТ М300/Разработка/
Схемы ФБ ЮНИТ-М300/Проект/РЭ500/09.01 РЭ ЮНИТ-М500-
БСК//Приложение. БНН/img/271.pdf><//uni-eng.ru/unit/Ivanovo/Д
окументация ЮНИТ М300/Разработка/Схемы ФБ Ю
НИТ-М300/Проект/РЭ500/09.01 РЭ ЮНИТ-М500-БСК//Прило
жение. БНН/img/272.pdf><//uni-eng.ru/unit/Ivanovo/Документац
ия ЮНИТ М300/Разработка/Схемы ФБ ЮНИТ-М300/Про
ект/РЭ500/09.01 РЭ ЮНИТ-М500-БСК//Приложение. БНН/im
g/281.pdf><//uni-eng.ru/unit/Ivanovo/Документация ЮНИТ М300/
Разработка/Схемы ФБ ЮНИТ-М300/Проект/РЭ500/09.01 
РЭ ЮНИТ-М500-БСК//Приложение. БНН/img/282.pdf>]
Overfull \hbox (0.90613pt too wide) in paragraph at lines 199--199
 []|\TU/ArialNarrow(0)/m/n/10.95 №| 
 []


Overfull \hbox (2.39368pt too wide) in paragraph at lines 199--199
 []|\TU/ArialNarrow(0)/m/n/10.95 Особая 
 []


Overfull \hbox (7.75061pt too wide) in alignment at lines 194--201
 [][][][][][][][] 
 []


Overfull \hbox (0.90613pt too wide) in paragraph at lines 206--206
 []|\TU/ArialNarrow(0)/m/n/10.95 №| 
 []


Overfull \hbox (2.39368pt too wide) in paragraph at lines 206--206
 []|\TU/ArialNarrow(0)/m/n/10.95 Особая 
 []


Overfull \hbox (7.75061pt too wide) in alignment at lines 201--208
 [][][][][][][][] 
 []


Overfull \hbox (7.75061pt too wide) in alignment at lines 208--211
 [][][][][][][][] 
 []


Overfull \hbox (7.75061pt too wide) in alignment at lines 211--212
 [][][][][][][][] 
 []

<//uni-eng.ru/unit/Ivanovo/Документация ЮНИТ М300/Разра
ботка/Схемы ФБ ЮНИТ-М300/Проект/РЭ500/09.01 РЭ ЮН
ИТ-М500-БСК//Приложение. БНН/img/311.pdf, id=1806, 103.87822
pt x 86.2964pt>
File: //uni-eng.ru/unit/Ivanovo/Документация ЮНИТ М300/Раз
работка/Схемы ФБ ЮНИТ-М300/Проект/РЭ500/09.01 РЭ 
ЮНИТ-М500-БСК//Приложение. БНН/img/311.pdf Graphic file (t
ype pdf)
<use //uni-eng.ru/unit/Ivanovo/Документация ЮНИТ М300/Раз
работка/Схемы ФБ ЮНИТ-М300/Проект/РЭ500/09.01 РЭ 
ЮНИТ-М500-БСК//Приложение. БНН/img/311.pdf>
Package luatex.def Info: //uni-eng.ru/unit/Ivanovo/Документация Ю
НИТ М300/Разработка/Схемы ФБ ЮНИТ-М300/Проект/
РЭ500/09.01 РЭ ЮНИТ-М500-БСК//Приложение. БНН/img/311.
pdf  used on input line 214.
(luatex.def)             Requested size: 101.29272pt x 84.1485pt.
<//uni-eng.ru/unit/Ivanovo/Документация ЮНИТ М300/Разра
ботка/Схемы ФБ ЮНИТ-М300/Проект/РЭ500/09.01 РЭ ЮН
ИТ-М500-БСК//Приложение. БНН/img/312.pdf, id=1807, 111.90747
pt x 111.38258pt>
File: //uni-eng.ru/unit/Ivanovo/Документация ЮНИТ М300/Раз
работка/Схемы ФБ ЮНИТ-М300/Проект/РЭ500/09.01 РЭ 
ЮНИТ-М500-БСК//Приложение. БНН/img/312.pdf Graphic file (t
ype pdf)
<use //uni-eng.ru/unit/Ivanovo/Документация ЮНИТ М300/Раз
работка/Схемы ФБ ЮНИТ-М300/Проект/РЭ500/09.01 РЭ 
ЮНИТ-М500-БСК//Приложение. БНН/img/312.pdf>
Package luatex.def Info: //uni-eng.ru/unit/Ivanovo/Документация Ю
НИТ М300/Разработка/Схемы ФБ ЮНИТ-М300/Проект/
РЭ500/09.01 РЭ ЮНИТ-М500-БСК//Приложение. БНН/img/312.
pdf  used on input line 214.
(luatex.def)             Requested size: 101.29027pt x 100.81444pt.
<//uni-eng.ru/unit/Ivanovo/Документация ЮНИТ М300/Разра
ботка/Схемы ФБ ЮНИТ-М300/Проект/РЭ500/09.01 РЭ ЮН
ИТ-М500-БСК//Приложение. БНН/img/321.pdf, id=1808, 98.85997p
t x 81.78087pt>
File: //uni-eng.ru/unit/Ivanovo/Документация ЮНИТ М300/Раз
работка/Схемы ФБ ЮНИТ-М300/Проект/РЭ500/09.01 РЭ 
ЮНИТ-М500-БСК//Приложение. БНН/img/321.pdf Graphic file (t
ype pdf)
<use //uni-eng.ru/unit/Ivanovo/Документация ЮНИТ М300/Раз
работка/Схемы ФБ ЮНИТ-М300/Проект/РЭ500/09.01 РЭ 
ЮНИТ-М500-БСК//Приложение. БНН/img/321.pdf>
Package luatex.def Info: //uni-eng.ru/unit/Ivanovo/Документация Ю
НИТ М300/Разработка/Схемы ФБ ЮНИТ-М300/Проект/
РЭ500/09.01 РЭ ЮНИТ-М500-БСК//Приложение. БНН/img/321.
pdf  used on input line 217.
(luatex.def)             Requested size: 106.35986pt x 87.98508pt.
<//uni-eng.ru/unit/Ivanovo/Документация ЮНИТ М300/Разра
ботка/Схемы ФБ ЮНИТ-М300/Проект/РЭ500/09.01 РЭ ЮН
ИТ-М500-БСК//Приложение. БНН/img/322.pdf, id=1809, 90.8307pt
 x 95.82915pt>
File: //uni-eng.ru/unit/Ivanovo/Документация ЮНИТ М300/Раз
работка/Схемы ФБ ЮНИТ-М300/Проект/РЭ500/09.01 РЭ 
ЮНИТ-М500-БСК//Приложение. БНН/img/322.pdf Graphic file (t
ype pdf)
<use //uni-eng.ru/unit/Ivanovo/Документация ЮНИТ М300/Раз
работка/Схемы ФБ ЮНИТ-М300/Проект/РЭ500/09.01 РЭ 
ЮНИТ-М500-БСК//Приложение. БНН/img/322.pdf>
Package luatex.def Info: //uni-eng.ru/unit/Ivanovo/Документация Ю
НИТ М300/Разработка/Схемы ФБ ЮНИТ-М300/Проект/
РЭ500/09.01 РЭ ЮНИТ-М500-БСК//Приложение. БНН/img/322.
pdf  used on input line 217.
(luatex.def)             Requested size: 91.15892pt x 96.1769pt.
<//uni-eng.ru/unit/Ivanovo/Документация ЮНИТ М300/Разра
ботка/Схемы ФБ ЮНИТ-М300/Проект/РЭ500/09.01 РЭ ЮН
ИТ-М500-БСК//Приложение. БНН/img/331.pdf, id=1810, 93.33984p
t x 73.25162pt>
File: //uni-eng.ru/unit/Ivanovo/Документация ЮНИТ М300/Раз
работка/Схемы ФБ ЮНИТ-М300/Проект/РЭ500/09.01 РЭ 
ЮНИТ-М500-БСК//Приложение. БНН/img/331.pdf Graphic file (t
ype pdf)
<use //uni-eng.ru/unit/Ivanovo/Документация ЮНИТ М300/Раз
работка/Схемы ФБ ЮНИТ-М300/Проект/РЭ500/09.01 РЭ 
ЮНИТ-М500-БСК//Приложение. БНН/img/331.pdf>
Package luatex.def Info: //uni-eng.ru/unit/Ivanovo/Документация Ю
НИТ М300/Разработка/Схемы ФБ ЮНИТ-М300/Проект/
РЭ500/09.01 РЭ ЮНИТ-М500-БСК//Приложение. БНН/img/331.
pdf  used on input line 220.
(luatex.def)             Requested size: 101.29402pt x 79.49394pt.
<//uni-eng.ru/unit/Ivanovo/Документация ЮНИТ М300/Разра
ботка/Схемы ФБ ЮНИТ-М300/Проект/РЭ500/09.01 РЭ ЮН
ИТ-М500-БСК//Приложение. БНН/img/332.pdf, id=1811, 99.8636pt
 x 74.25507pt>
File: //uni-eng.ru/unit/Ivanovo/Документация ЮНИТ М300/Раз
работка/Схемы ФБ ЮНИТ-М300/Проект/РЭ500/09.01 РЭ 
ЮНИТ-М500-БСК//Приложение. БНН/img/332.pdf Graphic file (t
ype pdf)
<use //uni-eng.ru/unit/Ivanovo/Документация ЮНИТ М300/Раз
работка/Схемы ФБ ЮНИТ-М300/Проект/РЭ500/09.01 РЭ 
ЮНИТ-М500-БСК//Приложение. БНН/img/332.pdf>
Package luatex.def Info: //uni-eng.ru/unit/Ivanovo/Документация Ю
НИТ М300/Разработка/Схемы ФБ ЮНИТ-М300/Проект/
РЭ500/09.01 РЭ ЮНИТ-М500-БСК//Приложение. БНН/img/332.
pdf  used on input line 220.
(luatex.def)             Requested size: 101.29027pt x 75.31879pt.
<//uni-eng.ru/unit/Ivanovo/Документация ЮНИТ М300/Разра
ботка/Схемы ФБ ЮНИТ-М300/Проект/РЭ500/09.01 РЭ ЮН
ИТ-М500-БСК//Приложение. БНН/img/341.pdf, id=1812, 103.87823
pt x 89.30675pt>
File: //uni-eng.ru/unit/Ivanovo/Документация ЮНИТ М300/Раз
работка/Схемы ФБ ЮНИТ-М300/Проект/РЭ500/09.01 РЭ 
ЮНИТ-М500-БСК//Приложение. БНН/img/341.pdf Graphic file (t
ype pdf)
<use //uni-eng.ru/unit/Ivanovo/Документация ЮНИТ М300/Раз
работка/Схемы ФБ ЮНИТ-М300/Проект/РЭ500/09.01 РЭ 
ЮНИТ-М500-БСК//Приложение. БНН/img/341.pdf>
Package luatex.def Info: //uni-eng.ru/unit/Ivanovo/Документация Ю
НИТ М300/Разработка/Схемы ФБ ЮНИТ-М300/Проект/
РЭ500/09.01 РЭ ЮНИТ-М500-БСК//Приложение. БНН/img/341.
pdf  used on input line 223.
(luatex.def)             Requested size: 101.29274pt x 87.08392pt.
<//uni-eng.ru/unit/Ivanovo/Документация ЮНИТ М300/Разра
ботка/Схемы ФБ ЮНИТ-М300/Проект/РЭ500/09.01 РЭ ЮН
ИТ-М500-БСК//Приложение. БНН/img/342.pdf, id=1813, 88.32158p
t x 78.26886pt>
File: //uni-eng.ru/unit/Ivanovo/Документация ЮНИТ М300/Раз
работка/Схемы ФБ ЮНИТ-М300/Проект/РЭ500/09.01 РЭ 
ЮНИТ-М500-БСК//Приложение. БНН/img/342.pdf Graphic file (t
ype pdf)
<use //uni-eng.ru/unit/Ivanovo/Документация ЮНИТ М300/Раз
работка/Схемы ФБ ЮНИТ-М300/Проект/РЭ500/09.01 РЭ 
ЮНИТ-М500-БСК//Приложение. БНН/img/342.pdf>
Package luatex.def Info: //uni-eng.ru/unit/Ivanovo/Документация Ю
НИТ М300/Разработка/Схемы ФБ ЮНИТ-М300/Проект/
РЭ500/09.01 РЭ ЮНИТ-М500-БСК//Приложение. БНН/img/342.
pdf  used on input line 223.
(luatex.def)             Requested size: 101.29027pt x 89.76245pt.
<//uni-eng.ru/unit/Ivanovo/Документация ЮНИТ М300/Разра
ботка/Схемы ФБ ЮНИТ-М300/Проект/РЭ500/09.01 РЭ ЮН
ИТ-М500-БСК//Приложение. БНН/img/351.pdf, id=1814, 103.87822
pt x 81.27916pt>
File: //uni-eng.ru/unit/Ivanovo/Документация ЮНИТ М300/Раз
работка/Схемы ФБ ЮНИТ-М300/Проект/РЭ500/09.01 РЭ 
ЮНИТ-М500-БСК//Приложение. БНН/img/351.pdf Graphic file (t
ype pdf)
<use //uni-eng.ru/unit/Ivanovo/Документация ЮНИТ М300/Раз
работка/Схемы ФБ ЮНИТ-М300/Проект/РЭ500/09.01 РЭ 
ЮНИТ-М500-БСК//Приложение. БНН/img/351.pdf>
Package luatex.def Info: //uni-eng.ru/unit/Ivanovo/Документация Ю
НИТ М300/Разработка/Схемы ФБ ЮНИТ-М300/Проект/
РЭ500/09.01 РЭ ЮНИТ-М500-БСК//Приложение. БНН/img/351.
pdf  used on input line 227.
(luatex.def)             Requested size: 101.29272pt x 79.25615pt.
<//uni-eng.ru/unit/Ivanovo/Документация ЮНИТ М300/Разра
ботка/Схемы ФБ ЮНИТ-М300/Проект/РЭ500/09.01 РЭ ЮН
ИТ-М500-БСК//Приложение. БНН/img/352.pdf, id=1815, 88.32158p
t x 81.27919pt>
File: //uni-eng.ru/unit/Ivanovo/Документация ЮНИТ М300/Раз
работка/Схемы ФБ ЮНИТ-М300/Проект/РЭ500/09.01 РЭ 
ЮНИТ-М500-БСК//Приложение. БНН/img/352.pdf Graphic file (t
ype pdf)
<use //uni-eng.ru/unit/Ivanovo/Документация ЮНИТ М300/Раз
работка/Схемы ФБ ЮНИТ-М300/Проект/РЭ500/09.01 РЭ 
ЮНИТ-М500-БСК//Приложение. БНН/img/352.pdf>
Package luatex.def Info: //uni-eng.ru/unit/Ivanovo/Документация Ю
НИТ М300/Разработка/Схемы ФБ ЮНИТ-М300/Проект/
РЭ500/09.01 РЭ ЮНИТ-М500-БСК//Приложение. БНН/img/352.
pdf  used on input line 227.
(luatex.def)             Requested size: 101.29027pt x 93.21483pt.
<//uni-eng.ru/unit/Ivanovo/Документация ЮНИТ М300/Разра
ботка/Схемы ФБ ЮНИТ-М300/Проект/РЭ500/09.01 РЭ ЮН
ИТ-М500-БСК//Приложение. БНН/img/361.pdf, id=1816, 100.3654p
t x 77.76714pt>
File: //uni-eng.ru/unit/Ivanovo/Документация ЮНИТ М300/Раз
работка/Схемы ФБ ЮНИТ-М300/Проект/РЭ500/09.01 РЭ 
ЮНИТ-М500-БСК//Приложение. БНН/img/361.pdf Graphic file (t
ype pdf)
<use //uni-eng.ru/unit/Ivanovo/Документация ЮНИТ М300/Раз
работка/Схемы ФБ ЮНИТ-М300/Проект/РЭ500/09.01 РЭ 
ЮНИТ-М500-БСК//Приложение. БНН/img/361.pdf>
Package luatex.def Info: //uni-eng.ru/unit/Ivanovo/Документация Ю
НИТ М300/Разработка/Схемы ФБ ЮНИТ-М300/Проект/
РЭ500/09.01 РЭ ЮНИТ-М500-БСК//Приложение. БНН/img/361.
pdf  used on input line 230.
(luatex.def)             Requested size: 101.29472pt x 78.48721pt.
<//uni-eng.ru/unit/Ivanovo/Документация ЮНИТ М300/Разра
ботка/Схемы ФБ ЮНИТ-М300/Проект/РЭ500/09.01 РЭ ЮН
ИТ-М500-БСК//Приложение. БНН/img/362.pdf, id=1817, 82.80147p
t x 76.26196pt>
File: //uni-eng.ru/unit/Ivanovo/Документация ЮНИТ М300/Раз
работка/Схемы ФБ ЮНИТ-М300/Проект/РЭ500/09.01 РЭ 
ЮНИТ-М500-БСК//Приложение. БНН/img/362.pdf Graphic file (t
ype pdf)
<use //uni-eng.ru/unit/Ivanovo/Документация ЮНИТ М300/Раз
работка/Схемы ФБ ЮНИТ-М300/Проект/РЭ500/09.01 РЭ 
ЮНИТ-М500-БСК//Приложение. БНН/img/362.pdf>
Package luatex.def Info: //uni-eng.ru/unit/Ivanovo/Документация Ю
НИТ М300/Разработка/Схемы ФБ ЮНИТ-М300/Проект/
РЭ500/09.01 РЭ ЮНИТ-М500-БСК//Приложение. БНН/img/362.
pdf  used on input line 230.
(luatex.def)             Requested size: 91.15892pt x 83.96288pt.
<//uni-eng.ru/unit/Ivanovo/Документация ЮНИТ М300/Разра
ботка/Схемы ФБ ЮНИТ-М300/Проект/РЭ500/09.01 РЭ ЮН
ИТ-М500-БСК//Приложение. БНН/img/371.pdf, id=1818, 100.86728
pt x 78.26883pt>
File: //uni-eng.ru/unit/Ivanovo/Документация ЮНИТ М300/Раз
работка/Схемы ФБ ЮНИТ-М300/Проект/РЭ500/09.01 РЭ 
ЮНИТ-М500-БСК//Приложение. БНН/img/371.pdf Graphic file (t
ype pdf)
<use //uni-eng.ru/unit/Ivanovo/Документация ЮНИТ М300/Раз
работка/Схемы ФБ ЮНИТ-М300/Проект/РЭ500/09.01 РЭ 
ЮНИТ-М500-БСК//Приложение. БНН/img/371.pdf>
Package luatex.def Info: //uni-eng.ru/unit/Ivanovo/Документация Ю
НИТ М300/Разработка/Схемы ФБ ЮНИТ-М300/Проект/
РЭ500/09.01 РЭ ЮНИТ-М500-БСК//Приложение. БНН/img/371.
pdf  used on input line 233.
(luatex.def)             Requested size: 101.29642pt x 78.60182pt.
<//uni-eng.ru/unit/Ivanovo/Документация ЮНИТ М300/Разра
ботка/Схемы ФБ ЮНИТ-М300/Проект/РЭ500/09.01 РЭ ЮН
ИТ-М500-БСК//Приложение. БНН/img/372.pdf, id=1819, 104.88188
pt x 92.31711pt>
File: //uni-eng.ru/unit/Ivanovo/Документация ЮНИТ М300/Раз
работка/Схемы ФБ ЮНИТ-М300/Проект/РЭ500/09.01 РЭ 
ЮНИТ-М500-БСК//Приложение. БНН/img/372.pdf Graphic file (t
ype pdf)
<use //uni-eng.ru/unit/Ivanovo/Документация ЮНИТ М300/Раз
работка/Схемы ФБ ЮНИТ-М300/Проект/РЭ500/09.01 РЭ 
ЮНИТ-М500-БСК//Приложение. БНН/img/372.pdf>
Package luatex.def Info: //uni-eng.ru/unit/Ivanovo/Документация Ю
НИТ М300/Разработка/Схемы ФБ ЮНИТ-М300/Проект/
РЭ500/09.01 РЭ ЮНИТ-М500-БСК//Приложение. БНН/img/372.
pdf  used on input line 233.
(luatex.def)             Requested size: 116.48341pt x 102.53517pt.
<//uni-eng.ru/unit/Ivanovo/Документация ЮНИТ М300/Разра
ботка/Схемы ФБ ЮНИТ-М300/Проект/РЭ500/09.01 РЭ ЮН
ИТ-М500-БСК//Приложение. БНН/img/381.pdf, id=1820, 98.35815p
t x 82.28264pt>
File: //uni-eng.ru/unit/Ivanovo/Документация ЮНИТ М300/Раз
работка/Схемы ФБ ЮНИТ-М300/Проект/РЭ500/09.01 РЭ 
ЮНИТ-М500-БСК//Приложение. БНН/img/381.pdf Graphic file (t
ype pdf)
<use //uni-eng.ru/unit/Ivanovo/Документация ЮНИТ М300/Раз
работка/Схемы ФБ ЮНИТ-М300/Проект/РЭ500/09.01 РЭ 
ЮНИТ-М500-БСК//Приложение. БНН/img/381.pdf>
Package luatex.def Info: //uni-eng.ru/unit/Ivanovo/Документация Ю
НИТ М300/Разработка/Схемы ФБ ЮНИТ-М300/Проект/
РЭ500/09.01 РЭ ЮНИТ-М500-БСК//Приложение. БНН/img/381.
pdf  used on input line 236.
(luatex.def)             Requested size: 101.29651pt x 84.74074pt.
<//uni-eng.ru/unit/Ivanovo/Документация ЮНИТ М300/Разра
ботка/Схемы ФБ ЮНИТ-М300/Проект/РЭ500/09.01 РЭ ЮН
ИТ-М500-БСК//Приложение. БНН/img/382.pdf, id=1821, 112.91112
pt x 89.80849pt>
File: //uni-eng.ru/unit/Ivanovo/Документация ЮНИТ М300/Раз
работка/Схемы ФБ ЮНИТ-М300/Проект/РЭ500/09.01 РЭ 
ЮНИТ-М500-БСК//Приложение. БНН/img/382.pdf Graphic file (t
ype pdf)
<use //uni-eng.ru/unit/Ivanovo/Документация ЮНИТ М300/Раз
работка/Схемы ФБ ЮНИТ-М300/Проект/РЭ500/09.01 РЭ 
ЮНИТ-М500-БСК//Приложение. БНН/img/382.pdf>
Package luatex.def Info: //uni-eng.ru/unit/Ivanovo/Документация Ю
НИТ М300/Разработка/Схемы ФБ ЮНИТ-М300/Проект/
РЭ500/09.01 РЭ ЮНИТ-М500-БСК//Приложение. БНН/img/382.
pdf  used on input line 236.
(luatex.def)             Requested size: 116.48341pt x 92.6531pt.
<//uni-eng.ru/unit/Ivanovo/Документация ЮНИТ М300/Разра
ботка/Схемы ФБ ЮНИТ-М300/Проект/РЭ500/09.01 РЭ ЮН
ИТ-М500-БСК//Приложение. БНН/img/391.pdf, id=1822, 104.88187
pt x 72.74988pt>
File: //uni-eng.ru/unit/Ivanovo/Документация ЮНИТ М300/Раз
работка/Схемы ФБ ЮНИТ-М300/Проект/РЭ500/09.01 РЭ 
ЮНИТ-М500-БСК//Приложение. БНН/img/391.pdf Graphic file (t
ype pdf)
<use //uni-eng.ru/unit/Ivanovo/Документация ЮНИТ М300/Раз
работка/Схемы ФБ ЮНИТ-М300/Проект/РЭ500/09.01 РЭ 
ЮНИТ-М500-БСК//Приложение. БНН/img/391.pdf>
Package luatex.def Info: //uni-eng.ru/unit/Ivanovo/Документация Ю
НИТ М300/Разработка/Схемы ФБ ЮНИТ-М300/Проект/
РЭ500/09.01 РЭ ЮНИТ-М500-БСК//Приложение. БНН/img/391.
pdf  used on input line 240.
(luatex.def)             Requested size: 101.29517pt x 70.26201pt.
<//uni-eng.ru/unit/Ivanovo/Документация ЮНИТ М300/Разра
ботка/Схемы ФБ ЮНИТ-М300/Проект/РЭ500/09.01 РЭ ЮН
ИТ-М500-БСК//Приложение. БНН/img/392.pdf, id=1823, 105.3837p
t x 75.25848pt>
File: //uni-eng.ru/unit/Ivanovo/Документация ЮНИТ М300/Раз
работка/Схемы ФБ ЮНИТ-М300/Проект/РЭ500/09.01 РЭ 
ЮНИТ-М500-БСК//Приложение. БНН/img/392.pdf Graphic file (t
ype pdf)
<use //uni-eng.ru/unit/Ivanovo/Документация ЮНИТ М300/Раз
работка/Схемы ФБ ЮНИТ-М300/Проект/РЭ500/09.01 РЭ 
ЮНИТ-М500-БСК//Приложение. БНН/img/392.pdf>
Package luatex.def Info: //uni-eng.ru/unit/Ivanovo/Документация Ю
НИТ М300/Разработка/Схемы ФБ ЮНИТ-М300/Проект/
РЭ500/09.01 РЭ ЮНИТ-М500-БСК//Приложение. БНН/img/392.
pdf  used on input line 240.
(luatex.def)             Requested size: 111.4216pt x 79.57033pt.

Overfull \hbox (1.25197pt too wide) in paragraph at lines 243--243
 []|\TU/ArialNarrow(0)/m/n/10.95 10| 
 []

<//uni-eng.ru/unit/Ivanovo/Документация ЮНИТ М300/Разра
ботка/Схемы ФБ ЮНИТ-М300/Проект/РЭ500/09.01 РЭ ЮН
ИТ-М500-БСК//Приложение. БНН/img/3101.pdf, id=1824, 108.8965
pt x 78.77057pt>
File: //uni-eng.ru/unit/Ivanovo/Документация ЮНИТ М300/Раз
работка/Схемы ФБ ЮНИТ-М300/Проект/РЭ500/09.01 РЭ 
ЮНИТ-М500-БСК//Приложение. БНН/img/3101.pdf Graphic file (
type pdf)
<use //uni-eng.ru/unit/Ivanovo/Документация ЮНИТ М300/Раз
работка/Схемы ФБ ЮНИТ-М300/Проект/РЭ500/09.01 РЭ 
ЮНИТ-М500-БСК//Приложение. БНН/img/3101.pdf>
Package luatex.def Info: //uni-eng.ru/unit/Ivanovo/Документация Ю
НИТ М300/Разработка/Схемы ФБ ЮНИТ-М300/Проект/
РЭ500/09.01 РЭ ЮНИТ-М500-БСК//Приложение. БНН/img/3101
.pdf  used on input line 243.
(luatex.def)             Requested size: 101.29428pt x 73.27148pt.
<//uni-eng.ru/unit/Ivanovo/Документация ЮНИТ М300/Разра
ботка/Схемы ФБ ЮНИТ-М300/Проект/РЭ500/09.01 РЭ ЮН
ИТ-М500-БСК//Приложение. БНН/img/3102.pdf, id=1825, 103.8782
3pt x 78.77054pt>
File: //uni-eng.ru/unit/Ivanovo/Документация ЮНИТ М300/Раз
работка/Схемы ФБ ЮНИТ-М300/Проект/РЭ500/09.01 РЭ 
ЮНИТ-М500-БСК//Приложение. БНН/img/3102.pdf Graphic file (
type pdf)
<use //uni-eng.ru/unit/Ivanovo/Документация ЮНИТ М300/Раз
работка/Схемы ФБ ЮНИТ-М300/Проект/РЭ500/09.01 РЭ 
ЮНИТ-М500-БСК//Приложение. БНН/img/3102.pdf>
Package luatex.def Info: //uni-eng.ru/unit/Ivanovo/Документация Ю
НИТ М300/Разработка/Схемы ФБ ЮНИТ-М300/Проект/
РЭ500/09.01 РЭ ЮНИТ-М500-БСК//Приложение. БНН/img/3102
.pdf  used on input line 243.
(luatex.def)             Requested size: 111.4216pt x 84.49277pt.

Overfull \hbox (1.25197pt too wide) in paragraph at lines 246--246
 []|\TU/ArialNarrow(0)/m/n/10.95 11| 
 []

<//uni-eng.ru/unit/Ivanovo/Документация ЮНИТ М300/Разра
ботка/Схемы ФБ ЮНИТ-М300/Проект/РЭ500/09.01 РЭ ЮН
ИТ-М500-БСК//Приложение. БНН/img/3111.pdf, id=1826, 104.3800
5pt x 79.2723pt>
File: //uni-eng.ru/unit/Ivanovo/Документация ЮНИТ М300/Раз
работка/Схемы ФБ ЮНИТ-М300/Проект/РЭ500/09.01 РЭ 
ЮНИТ-М500-БСК//Приложение. БНН/img/3111.pdf Graphic file (
type pdf)
<use //uni-eng.ru/unit/Ivanovo/Документация ЮНИТ М300/Раз
работка/Схемы ФБ ЮНИТ-М300/Проект/РЭ500/09.01 РЭ 
ЮНИТ-М500-БСК//Приложение. БНН/img/3111.pdf>
Package luatex.def Info: //uni-eng.ru/unit/Ivanovo/Документация Ю
НИТ М300/Разработка/Схемы ФБ ЮНИТ-М300/Проект/
РЭ500/09.01 РЭ ЮНИТ-М500-БСК//Приложение. БНН/img/3111
.pdf  used on input line 246.
(luatex.def)             Requested size: 101.2947pt x 76.9291pt.
<//uni-eng.ru/unit/Ivanovo/Документация ЮНИТ М300/Разра
ботка/Схемы ФБ ЮНИТ-М300/Проект/РЭ500/09.01 РЭ ЮН
ИТ-М500-БСК//Приложение. БНН/img/3112.pdf, id=1827, 89.82704
pt x 80.27574pt>
File: //uni-eng.ru/unit/Ivanovo/Документация ЮНИТ М300/Раз
работка/Схемы ФБ ЮНИТ-М300/Проект/РЭ500/09.01 РЭ 
ЮНИТ-М500-БСК//Приложение. БНН/img/3112.pdf Graphic file (
type pdf)
<use //uni-eng.ru/unit/Ivanovo/Документация ЮНИТ М300/Раз
работка/Схемы ФБ ЮНИТ-М300/Проект/РЭ500/09.01 РЭ 
ЮНИТ-М500-БСК//Приложение. БНН/img/3112.pdf>
Package luatex.def Info: //uni-eng.ru/unit/Ivanovo/Документация Ю
НИТ М300/Разработка/Схемы ФБ ЮНИТ-М300/Проект/
РЭ500/09.01 РЭ ЮНИТ-М500-БСК//Приложение. БНН/img/3112
.pdf  used on input line 246.
(luatex.def)             Requested size: 101.29027pt x 90.52554pt.

Overfull \hbox (1.25197pt too wide) in paragraph at lines 249--249
 []|\TU/ArialNarrow(0)/m/n/10.95 12| 
 []

<//uni-eng.ru/unit/Ivanovo/Документация ЮНИТ М300/Разра
ботка/Схемы ФБ ЮНИТ-М300/Проект/РЭ500/09.01 РЭ ЮН
ИТ-М500-БСК//Приложение. БНН/img/3121.pdf, id=1828, 103.8782
5pt x 80.27574pt>
File: //uni-eng.ru/unit/Ivanovo/Документация ЮНИТ М300/Раз
работка/Схемы ФБ ЮНИТ-М300/Проект/РЭ500/09.01 РЭ 
ЮНИТ-М500-БСК//Приложение. БНН/img/3121.pdf Graphic file (
type pdf)
<use //uni-eng.ru/unit/Ivanovo/Документация ЮНИТ М300/Раз
работка/Схемы ФБ ЮНИТ-М300/Проект/РЭ500/09.01 РЭ 
ЮНИТ-М500-БСК//Приложение. БНН/img/3121.pdf>
Package luatex.def Info: //uni-eng.ru/unit/Ivanovo/Документация Ю
НИТ М300/Разработка/Схемы ФБ ЮНИТ-М300/Проект/
РЭ500/09.01 РЭ ЮНИТ-М500-БСК//Приложение. БНН/img/3121
.pdf  used on input line 249.
(luatex.def)             Requested size: 101.29276pt x 78.2777pt.
<//uni-eng.ru/unit/Ivanovo/Документация ЮНИТ М300/Разра
ботка/Схемы ФБ ЮНИТ-М300/Проект/РЭ500/09.01 РЭ ЮН
ИТ-М500-БСК//Приложение. БНН/img/3122.pdf, id=1829, 94.34349
pt x 87.29987pt>
File: //uni-eng.ru/unit/Ivanovo/Документация ЮНИТ М300/Раз
работка/Схемы ФБ ЮНИТ-М300/Проект/РЭ500/09.01 РЭ 
ЮНИТ-М500-БСК//Приложение. БНН/img/3122.pdf Graphic file (
type pdf)
<use //uni-eng.ru/unit/Ivanovo/Документация ЮНИТ М300/Раз
работка/Схемы ФБ ЮНИТ-М300/Проект/РЭ500/09.01 РЭ 
ЮНИТ-М500-БСК//Приложение. БНН/img/3122.pdf>
Package luatex.def Info: //uni-eng.ru/unit/Ivanovo/Документация Ю
НИТ М300/Разработка/Схемы ФБ ЮНИТ-М300/Проект/
РЭ500/09.01 РЭ ЮНИТ-М500-БСК//Приложение. БНН/img/3122
.pdf  used on input line 249.
(luatex.def)             Requested size: 101.29027pt x 93.73494pt.

Overfull \hbox (7.75061pt too wide) in alignment at lines 212--253
 [][][][][][][][] 
 []

[50<//uni-eng.ru/unit/Ivanovo/Документация ЮНИТ М300/Разр
аботка/Схемы ФБ ЮНИТ-М300/Проект/РЭ500/09.01 РЭ Ю
НИТ-М500-БСК//Приложение. БНН/img/291.pdf><//uni-eng.ru/unit
/Ivanovo/Документация ЮНИТ М300/Разработка/Схем
ы ФБ ЮНИТ-М300/Проект/РЭ500/09.01 РЭ ЮНИТ-М500-БСК//
Приложение. БНН/img/292.pdf><//uni-eng.ru/unit/Ivanovo/Докум
ентация ЮНИТ М300/Разработка/Схемы ФБ ЮНИТ-М30
0/Проект/РЭ500/09.01 РЭ ЮНИТ-М500-БСК//Приложение. 
БНН/img/2101.pdf><//uni-eng.ru/unit/Ivanovo/Документация ЮНИ
Т М300/Разработка/Схемы ФБ ЮНИТ-М300/Проект/РЭ50
0/09.01 РЭ ЮНИТ-М500-БСК//Приложение. БНН/img/2102.pdf></
/uni-eng.ru/unit/Ivanovo/Документация ЮНИТ М300/Разраб
отка/Схемы ФБ ЮНИТ-М300/Проект/РЭ500/09.01 РЭ ЮНИ
Т-М500-БСК//Приложение. БНН/img/2111.pdf><//uni-eng.ru/unit/Iv
anovo/Документация ЮНИТ М300/Разработка/Схемы 
ФБ ЮНИТ-М300/Проект/РЭ500/09.01 РЭ ЮНИТ-М500-БСК//П
риложение. БНН/img/2112.pdf><//uni-eng.ru/unit/Ivanovo/Докум
ентация ЮНИТ М300/Разработка/Схемы ФБ ЮНИТ-М30
0/Проект/РЭ500/09.01 РЭ ЮНИТ-М500-БСК//Приложение. 
БНН/img/2121.pdf><//uni-eng.ru/unit/Ivanovo/Документация ЮНИ
Т М300/Разработка/Схемы ФБ ЮНИТ-М300/Проект/РЭ50
0/09.01 РЭ ЮНИТ-М500-БСК//Приложение. БНН/img/2122.pdf>]
 [51<//uni-eng.ru/unit/Ivanovo/Документация ЮНИТ М300/Раз
работка/Схемы ФБ ЮНИТ-М300/Проект/РЭ500/09.01 РЭ 
ЮНИТ-М500-БСК//Приложение. БНН/img/311.pdf><//uni-eng.ru/un
it/Ivanovo/Документация ЮНИТ М300/Разработка/Схе
мы ФБ ЮНИТ-М300/Проект/РЭ500/09.01 РЭ ЮНИТ-М500-БСК//
Приложение. БНН/img/312.pdf><//uni-eng.ru/unit/Ivanovo/Докум
ентация ЮНИТ М300/Разработка/Схемы ФБ ЮНИТ-М30
0/Проект/РЭ500/09.01 РЭ ЮНИТ-М500-БСК//Приложение. 
БНН/img/321.pdf><//uni-eng.ru/unit/Ivanovo/Документация ЮНИ
Т М300/Разработка/Схемы ФБ ЮНИТ-М300/Проект/РЭ50
0/09.01 РЭ ЮНИТ-М500-БСК//Приложение. БНН/img/322.pdf><//
uni-eng.ru/unit/Ivanovo/Документация ЮНИТ М300/Разрабо
тка/Схемы ФБ ЮНИТ-М300/Проект/РЭ500/09.01 РЭ ЮНИТ-
М500-БСК//Приложение. БНН/img/331.pdf><//uni-eng.ru/unit/Ivanov
o/Документация ЮНИТ М300/Разработка/Схемы ФБ 
ЮНИТ-М300/Проект/РЭ500/09.01 РЭ ЮНИТ-М500-БСК//Прил
ожение. БНН/img/332.pdf><//uni-eng.ru/unit/Ivanovo/Документа
ция ЮНИТ М300/Разработка/Схемы ФБ ЮНИТ-М300/Пр
оект/РЭ500/09.01 РЭ ЮНИТ-М500-БСК//Приложение. БН
Н/img/341.pdf><//uni-eng.ru/unit/Ivanovo/Документация ЮНИТ М30
0/Разработка/Схемы ФБ ЮНИТ-М300/Проект/РЭ500/09.01
 РЭ ЮНИТ-М500-БСК//Приложение. БНН/img/342.pdf>] [52<//un
i-eng.ru/unit/Ivanovo/Документация ЮНИТ М300/Разработ
ка/Схемы ФБ ЮНИТ-М300/Проект/РЭ500/09.01 РЭ ЮНИТ-
М500-БСК//Приложение. БНН/img/351.pdf><//uni-eng.ru/unit/Ivanov
o/Документация ЮНИТ М300/Разработка/Схемы ФБ 
ЮНИТ-М300/Проект/РЭ500/09.01 РЭ ЮНИТ-М500-БСК//Прил
ожение. БНН/img/352.pdf><//uni-eng.ru/unit/Ivanovo/Документа
ция ЮНИТ М300/Разработка/Схемы ФБ ЮНИТ-М300/Пр
оект/РЭ500/09.01 РЭ ЮНИТ-М500-БСК//Приложение. БН
Н/img/361.pdf><//uni-eng.ru/unit/Ivanovo/Документация ЮНИТ М30
0/Разработка/Схемы ФБ ЮНИТ-М300/Проект/РЭ500/09.01
 РЭ ЮНИТ-М500-БСК//Приложение. БНН/img/362.pdf><//uni-eng
.ru/unit/Ivanovo/Документация ЮНИТ М300/Разработка/
Схемы ФБ ЮНИТ-М300/Проект/РЭ500/09.01 РЭ ЮНИТ-М500-
БСК//Приложение. БНН/img/371.pdf><//uni-eng.ru/unit/Ivanovo/Д
окументация ЮНИТ М300/Разработка/Схемы ФБ Ю
НИТ-М300/Проект/РЭ500/09.01 РЭ ЮНИТ-М500-БСК//Прило
жение. БНН/img/372.pdf><//uni-eng.ru/unit/Ivanovo/Документац
ия ЮНИТ М300/Разработка/Схемы ФБ ЮНИТ-М300/Про
ект/РЭ500/09.01 РЭ ЮНИТ-М500-БСК//Приложение. БНН/im
g/381.pdf><//uni-eng.ru/unit/Ivanovo/Документация ЮНИТ М300/
Разработка/Схемы ФБ ЮНИТ-М300/Проект/РЭ500/09.01 
РЭ ЮНИТ-М500-БСК//Приложение. БНН/img/382.pdf>] [53<//uni
-eng.ru/unit/Ivanovo/Документация ЮНИТ М300/Разработ
ка/Схемы ФБ ЮНИТ-М300/Проект/РЭ500/09.01 РЭ ЮНИТ-
М500-БСК//Приложение. БНН/img/391.pdf><//uni-eng.ru/unit/Ivanov
o/Документация ЮНИТ М300/Разработка/Схемы ФБ 
ЮНИТ-М300/Проект/РЭ500/09.01 РЭ ЮНИТ-М500-БСК//Прил
ожение. БНН/img/392.pdf><//uni-eng.ru/unit/Ivanovo/Документа
ция ЮНИТ М300/Разработка/Схемы ФБ ЮНИТ-М300/Пр
оект/РЭ500/09.01 РЭ ЮНИТ-М500-БСК//Приложение. БН
Н/img/3101.pdf><//uni-eng.ru/unit/Ivanovo/Документация ЮНИТ 
М300/Разработка/Схемы ФБ ЮНИТ-М300/Проект/РЭ500/0
9.01 РЭ ЮНИТ-М500-БСК//Приложение. БНН/img/3102.pdf><//un
i-eng.ru/unit/Ivanovo/Документация ЮНИТ М300/Разработ
ка/Схемы ФБ ЮНИТ-М300/Проект/РЭ500/09.01 РЭ ЮНИТ-
М500-БСК//Приложение. БНН/img/3111.pdf><//uni-eng.ru/unit/Ivano
vo/Документация ЮНИТ М300/Разработка/Схемы Ф
Б ЮНИТ-М300/Проект/РЭ500/09.01 РЭ ЮНИТ-М500-БСК//Пр
иложение. БНН/img/3112.pdf><//uni-eng.ru/unit/Ivanovo/Докуме
нтация ЮНИТ М300/Разработка/Схемы ФБ ЮНИТ-М300/
Проект/РЭ500/09.01 РЭ ЮНИТ-М500-БСК//Приложение. 
БНН/img/3121.pdf><//uni-eng.ru/unit/Ivanovo/Документация ЮНИ
Т М300/Разработка/Схемы ФБ ЮНИТ-М300/Проект/РЭ50
0/09.01 РЭ ЮНИТ-М500-БСК//Приложение. БНН/img/3122.pdf>]
)
("//uni-eng.ru/unit/Ivanovo/Документация ЮНИТ М300/Разра
ботка/Схемы ФБ ЮНИТ-М300/Проект/РЭ500/09.01 РЭ ЮН
ИТ-М500-БСК//Приложение А. Сигналы/_latex/app1.tex"
Package typearea Info: These are the values describing the layout:
(typearea)             DIV  = areaset
(typearea)             BCOR = 0.0pt
(typearea)             \paperwidth      = 597.50793pt
(typearea)              \textwidth      = 759.68857pt
(typearea)              \evensidemargin = -153.3603pt
(typearea)              \oddsidemargin  = -153.3603pt
(typearea)             \paperheight     = 845.04694pt
(typearea)              \textheight     = 512.1496pt
(typearea)              \topmargin      = -0.05421pt
(typearea)              \headheight     = 17.0pt
(typearea)              \headsep        = 21.75pt
(typearea)              \topskip        = 22.0pt
(typearea)              \footskip       = 50.75pt
(typearea)              \baselineskip   = 14.5pt
(typearea)              on input line 2.
Package typearea Info: Using dirty hack to recalculate internal output
(typearea)             dimensions of LaTeX on input line 2.
*geometry* verbose mode - [ newgeometry ] result:
* driver: luatex
* paper: a4paper
* layout: <same size as paper>
* layoutoffset:(h,v)=(0.0pt,0.0pt)
* modes: 
* h-part:(L,W,R)=(62.59605pt, 506.45908pt, 28.45274pt)
* v-part:(T,H,B)=(39.83385pt, 773.91498pt, 31.29802pt)
* \paperwidth=597.50787pt
* \paperheight=845.04684pt
* \textwidth=506.45908pt
* \textheight=773.91498pt
* \oddsidemargin=-9.67393pt
* \evensidemargin=-9.67393pt
* \topmargin=-55.47195pt
* \headheight=14.5pt
* \headsep=8.53581pt
* \topskip=22.0pt
* \footskip=19.91692pt
* \marginparwidth=0.0pt
* \marginparsep=0.0pt
* \columnsep=10.0pt
* \skip\footins=10.8pt plus 4.0pt minus 2.0pt
* \hoffset=0.0pt
* \voffset=0.0pt
* \mag=1000
* \@twocolumnfalse
* \@twosidefalse
* \@mparswitchfalse
* \@reversemarginfalse
* (1in=72.27pt=25.4mm, 1cm=28.453pt)



Package hyperref Warning: Token not allowed in a PDF string (Unicode):
(hyperref)                removing `\newline' on input line 19.


Package enumitem Warning: Negative labelwidth. This does not make much
(enumitem)                sense, on input line 26.


Overfull \hbox (7.54622pt too wide) in alignment at lines 45--54
 [][][][][][][][][] 
 []


Overfull \hbox (7.54622pt too wide) in alignment at lines 54--61
 [][][][][][][][][] 
 []


Overfull \hbox (7.54622pt too wide) in alignment at lines 61--64
 [][][][][][][][][] 
 []


Overfull \hbox (7.54622pt too wide) in alignment at lines 64--67
 [][][][][][][][][] 
 []


Overfull \hbox (7.54622pt too wide) in alignment at lines 67--338
 [][][][][][][][][] 
 []


Overfull \hbox (7.54622pt too wide) in alignment at lines 338--528
 [][][][][][][][][] 
 []

[54





] [55] [56] [57] [58] [59] [60] [61] [62] [63] [64] [65] [66] [67] [68]
[69] [70] [71] [72]) (./endapp.tex)
("//uni-eng.ru/unit/Ivanovo/Документация ЮНИТ М300/Разра
ботка/Схемы ФБ ЮНИТ-М300/Проект/РЭ500/99. Общие 
разделы РЭ//revsheet.tex"
Overfull \hbox (1.78079pt too wide) in paragraph at lines 20--20
 []|\TU/ArialNarrow(0)/m/n/10.95 Изм.| 
 []

[73



])

Package caption Warning: Unused \captionsetup[subfigure] on input line 159.
See the caption package documentation for explanation.

(./general.aux)
 ***********
LaTeX2e <2025-11-01>
L3 programming layer <2025-11-14>
 ***********


LaTeX Warning: There were undefined references.


LaTeX Warning: There were multiply-defined labels.

Package rerunfilecheck Info: File `general.out' has not changed.
(rerunfilecheck)             Checksum: 7F32728AD669D4A33F148A0813463242;5283.
)

Here is how much of LuaTeX's memory you used:
 44497 strings out of 476081
 932169,1648299 words of node,token memory allocated
 980 words of node memory still in use:
   7 hlist, 3 vlist, 4 rule, 6 glue, 4 kern, 1 glyph, 60 attribute, 104 glue_spe
c, 32 attribute_list, 3 write, 1 pdf_action nodes
   avail lists: 1:14,2:50170,3:6873,4:344,5:996,6:2680,7:55903,8:96,9:32312,10:2
2,11:1486,12:1
 65317 multiletter control sequences out of 65536+600000
 98 fonts using 40611307 bytes
 113i,17n,104p,1414b,2842s stack positions out of 10000i,1000n,20000p,200000b,200000s
<c:/texlive/2025/texmf-dist/fonts/opentype/public/stix2-otf/STIXTwoMath-Regular.
otf><c:/texlive/2025/texmf-dist/fonts/opentype/public/lm/lmroman12-regular.otf><
c:/texlive/2025/texmf-dist/fonts/opentype/public/stix2-otf/STIXTwoMath-Regular.o
tf><c:/Windows/Fonts/ARIALNI.TTF><c:/texlive/2025/texmf-dist/fonts/opentype/publ
ic/fontawesome7/FontAwesome7Free-Solid-900.otf><c:/texlive/2025/texmf-dist/fonts
/opentype/public/stix2-otf/STIXTwoMath-Regular.otf><c:/Windows/Fonts/ARIALNB.TTF
><c:/Windows/Fonts/ARIALN.TTF>
Output written on general.pdf (73 pages, 7636310 bytes).

PDF statistics: 2612 PDF objects out of 2984 (max. 8388607)
 1933 compressed objects within 20 object streams
 307 named destinations out of 1000 (max. 131072)
 136 words of extra memory for PDF output out of 10000 (max. 100000000)

