This is LuaHBTeX, Version 1.17.0 (TeX Live 2023)  (format=lualatex 2023.11.30)  13 DEC 2025 15:46
 restricted system commands enabled.
**general.tex
(./general.tex
LaTeX2e <2023-11-01>
L3 programming layer <2023-11-09>
Lua module: luaotfload 2023-08-31 3.26 Lua based OpenType font support
Lua module: lualibs 2023-07-13 2.76 ConTeXt Lua standard libraries.
Lua module: lualibs-extended 2023-07-13 2.76 ConTeXt Lua libraries -- extended c
ollection.
luaotfload | conf : Root cache directory is "D:/texlive/2023/texmf-var/luatex-ca
che/generic/names".
luaotfload | init : Loading fontloader "fontloader-2023-08-19.lua" from kpse-res
olved path "d:/texlive/2023/texmf-dist/tex/luatex/luaotfload/fontloader-2023-08-
19.lua".
Lua-only attribute luaotfload@noligature = 1
luaotfload | init : Context OpenType loader version 3.133
Inserting `luaotfload.node_processor' in `pre_linebreak_filter'.
Inserting `luaotfload.node_processor' in `hpack_filter'.
Inserting `luaotfload.glyph_stream' in `glyph_stream_provider'.
Inserting `luaotfload.define_font' in `define_font'.
Lua-only attribute luaotfload_color_attribute = 2
luaotfload | conf : Root cache directory is "D:/texlive/2023/texmf-var/luatex-ca
che/generic/names".
Inserting `luaotfload.harf.strip_prefix' in `find_opentype_file'.
Inserting `luaotfload.harf.strip_prefix' in `find_truetype_file'.
Removing  `luaotfload.glyph_stream' from `glyph_stream_provider'.
Inserting `luaotfload.harf.glyphstream' in `glyph_stream_provider'.
Inserting `luaotfload.harf.finalize_vlist' in `post_linebreak_filter'.
Inserting `luaotfload.harf.finalize_hlist' in `hpack_filter'.
Inserting `luaotfload.cleanup_files' in `wrapup_run'.
Inserting `luaotfload.harf.finalize_unicode' in `finish_pdffile'.
Inserting `luaotfload.glyphinfo' in `glyph_info'.
Lua-only attribute luaotfload.letterspace_done = 3
Inserting `luaotfload.aux.set_sscale_dimens' in `luaotfload.patch_font'.
Inserting `luaotfload.aux.set_font_index' in `luaotfload.patch_font'.
Inserting `luaotfload.aux.patch_cambria_domh' in `luaotfload.patch_font'.
Inserting `luaotfload.aux.fixup_fontdata' in `luaotfload.patch_font_unsafe'.
Inserting `luaotfload.aux.set_capheight' in `luaotfload.patch_font'.
Inserting `luaotfload.aux.set_xheight' in `luaotfload.patch_font'.
Inserting `luaotfload.rewrite_fontname' in `luaotfload.patch_font'.
Inserting `tracingstacklevels' in `input_level_string'. (./preamble.tex (d:/tex
live/2023/texmf-dist/tex/latex/extsizes/extarticle.cls
Document Class: extarticle 1996/10/08 v1.0 Non Standard LaTeX document class
(d:/texlive/2023/texmf-dist/tex/latex/base/size12.clo
File: size12.clo 2023/05/17 v1.4n Standard LaTeX file (size option)
luaotfload | db : Font names database loaded from D:/texlive/2023/texmf-var/luat
ex-cache/generic/names/luaotfload-names.luc.gz)
(d:/texlive/2023/texmf-dist/tex/latex/base/exscale.sty
Package: exscale 2018/09/24 v2.1i Standard LaTeX package exscale
LaTeX Font Info:    Redeclaring symbol font `largesymbols' on input line 57.
LaTeX Font Info:    Overwriting symbol font `largesymbols' in version `normal'
(Font)                  OMX/cmex/m/n --> OMX/cmex/m/n on input line 57.
LaTeX Font Info:    Overwriting symbol font `largesymbols' in version `bold'
(Font)                  OMX/cmex/m/n --> OMX/cmex/m/n on input line 57.
\big@size=\dimen139
)
\c@part=\count184
\c@section=\count185
\c@subsection=\count186
\c@subsubsection=\count187
\c@paragraph=\count188
\c@subparagraph=\count189
\c@figure=\count190
\c@table=\count191
\abovecaptionskip=\skip48
\belowcaptionskip=\skip49
\bibindent=\dimen140
)
(d:/texlive/2023/texmf-dist/tex/latex/fontspec/fontspec.sty
(d:/texlive/2023/texmf-dist/tex/latex/l3packages/xparse/xparse.sty
(d:/texlive/2023/texmf-dist/tex/latex/l3kernel/expl3.sty
Package: expl3 2023-11-09 L3 programming layer (loader) 

(d:/texlive/2023/texmf-dist/tex/latex/l3backend/l3backend-luatex.def
File: l3backend-luatex.def 2023-11-09 L3 backend support: PDF output (LuaTeX)
\l__color_backend_stack_int=\count192
Inserting `l3color' in `luaotfload.parse_color'.
\l__pdf_internal_box=\box51
))
Package: xparse 2023-10-10 L3 Experimental document command parser
)
Package: fontspec 2022/01/15 v2.8a Font selection for XeLaTeX and LuaLaTeX
Lua module: fontspec 2022/01/15 2.8a Font selection for XeLaTeX and LuaLaTeX
(d:/texlive/2023/texmf-dist/tex/latex/fontspec/fontspec-luatex.sty
Package: fontspec-luatex 2022/01/15 v2.8a Font selection for XeLaTeX and LuaLaT
eX
\l__fontspec_script_int=\count193
\l__fontspec_language_int=\count194
\l__fontspec_strnum_int=\count195
\l__fontspec_tmp_int=\count196
\l__fontspec_tmpa_int=\count197
\l__fontspec_tmpb_int=\count198
\l__fontspec_tmpc_int=\count199
\l__fontspec_em_int=\count266
\l__fontspec_emdef_int=\count267
\l__fontspec_strong_int=\count268
\l__fontspec_strongdef_int=\count269
\l__fontspec_tmpa_dim=\dimen141
\l__fontspec_tmpb_dim=\dimen142
\l__fontspec_tmpc_dim=\dimen143

(d:/texlive/2023/texmf-dist/tex/latex/base/fontenc.sty
Package: fontenc 2021/04/29 v2.0v Standard LaTeX package
)
(d:/texlive/2023/texmf-dist/tex/latex/fontspec/fontspec.cfg)))
(d:/texlive/2023/texmf-dist/tex/generic/babel/babel.sty
Package: babel 2023/11/11 v3.97 The Babel package

(d:/texlive/2023/texmf-dist/tex/generic/babel/luababel.def
\bbl@readstream=\read2
\l@dumylang=\language2
Package babel Info: Non-standard hyphenation setup on input line 118.
\l@nohyphenation=\language3
\l@vietnamese=\language4
\l@hebrew=\language5
\l@german-x-2023-03-06=\language6
\l@ngerman-x-2023-03-06=\language7
\l@afrikaans=\language8
\l@ancientgreek=\language9
\l@ibycus=\language10
\l@arabic=\language11
\l@armenian=\language12
\l@basque=\language13
\l@belarusian=\language14
\l@bulgarian=\language15
\l@catalan=\language16
\l@pinyin=\language17
\l@churchslavonic=\language18
\l@coptic=\language19
\l@croatian=\language20
\l@czech=\language21
\l@danish=\language22
\l@dutch=\language23
\l@ukenglish=\language24
\l@usenglishmax=\language25
\l@esperanto=\language26
\l@estonian=\language27
\l@ethiopic=\language28
\l@farsi=\language29
\l@finnish=\language30
\l@schoolfinnish=\language31
\l@french=\language32
\l@friulan=\language33
\l@galician=\language34
\l@georgian=\language35
\l@german=\language36
\l@ngerman=\language37
\l@swissgerman=\language38
\l@greek=\language39
\l@monogreek=\language40
\l@hungarian=\language41
\l@icelandic=\language42
\l@assamese=\language43
\l@bengali=\language44
\l@gujarati=\language45
\l@hindi=\language46
\l@kannada=\language47
\l@malayalam=\language48
\l@marathi=\language49
\l@oriya=\language50
\l@pali=\language51
\l@panjabi=\language52
\l@tamil=\language53
\l@telugu=\language54
\l@indonesian=\language55
\l@interlingua=\language56
\l@irish=\language57
\l@italian=\language58
\l@kurmanji=\language59
\l@classiclatin=\language60
\l@latin=\language61
\l@liturgicallatin=\language62
\l@latvian=\language63
\l@lithuanian=\language64
\l@macedonian=\language65
\l@mongolian=\language66
\l@mongolianlmc=\language67
\l@bokmal=\language68
\l@nynorsk=\language69
\l@occitan=\language70
\l@piedmontese=\language71
\l@polish=\language72
\l@portuguese=\language73
\l@romanian=\language74
\l@romansh=\language75
\l@russian=\language76
\l@sanskrit=\language77
\l@serbian=\language78
\l@serbianc=\language79
\l@slovak=\language80
\l@slovenian=\language81
\l@spanish=\language82
\l@swedish=\language83
\l@thai=\language84
\l@turkish=\language85
\l@turkmen=\language86
\l@ukrainian=\language87
\l@uppersorbian=\language88
\l@welsh=\language89
\babelcatcodetablenum=\catcodetable14
\bbl@pattcodes=\catcodetable15
)
\babel@savecnt=\count270
\U@D=\dimen144
\l@unhyphenated=\language90

(d:/texlive/2023/texmf-dist/tex/generic/babel/luababel.def
\bbl@attr@locale=\attribute4
)
(d:/texlive/2023/texmf-dist/tex/generic/babel-english/english.ldf
Language: english 2017/06/06 v3.3r English support from the babel system
Package babel Info: Hyphen rules for 'canadian' set to \l@english
(babel)             (\language0). Reported on input line 102.
Package babel Info: Hyphen rules for 'australian' set to \l@ukenglish
(babel)             (\language24). Reported on input line 105.
Package babel Info: Hyphen rules for 'newzealand' set to \l@ukenglish
(babel)             (\language24). Reported on input line 108.
)
(d:/texlive/2023/texmf-dist/tex/generic/babel-russian/russianb.ldf
File: russianb.ldf 2021/01/10 1.3m Russian support for the Babel system
Language: russian 2020/09/09 1.3k Russian support for the Babel system
Package babel Info: Making " an active character on input line 124.
Package babel Info: Default for \cyrdash is provided on input line 163.

(d:/texlive/2023/texmf-dist/tex/generic/hyph-utf8/loadhyph/loadhyph-ru.tex
UTF-8 Russian hyphenation patterns
(d:/texlive/2023/texmf-dist/tex/generic/hyph-utf8/patterns/tex/hyph-ru.tex))))
(d:/texlive/2023/texmf-dist/tex/generic/babel/locale/ru/babel-russian.tex
Package babel Info: Importing font and identification data for russian
(babel)             from babel-ru.ini. Reported on input line 11.
)
(d:/texlive/2023/texmf-dist/tex/generic/babel/locale/en/babel-english.tex
Package babel Info: Importing font and identification data for english
(babel)             from babel-en.ini. Reported on input line 11.
)
(d:/texlive/2023/texmf-dist/tex/latex/graphics/graphicx.sty
Package: graphicx 2021/09/16 v1.2d Enhanced LaTeX Graphics (DPC,SPQR)

(d:/texlive/2023/texmf-dist/tex/latex/graphics/keyval.sty
Package: keyval 2022/05/29 v1.15 key=value parser (DPC)
\KV@toks@=\toks17
)
(d:/texlive/2023/texmf-dist/tex/latex/graphics/graphics.sty
Package: graphics 2022/03/10 v1.4e Standard LaTeX Graphics (DPC,SPQR)

(d:/texlive/2023/texmf-dist/tex/latex/graphics/trig.sty
Package: trig 2021/08/11 v1.11 sin cos tan (DPC)
)
(d:/texlive/2023/texmf-dist/tex/latex/graphics-cfg/graphics.cfg
File: graphics.cfg 2016/06/04 v1.11 sample graphics configuration
)
Package graphics Info: Driver file: luatex.def on input line 107.

(d:/texlive/2023/texmf-dist/tex/latex/graphics-def/luatex.def
File: luatex.def 2022/09/22 v1.2d Graphics/color driver for luatex
))
\Gin@req@height=\dimen145
\Gin@req@width=\dimen146
)
luaotfload | cache : Lookup cache loaded from D:/texlive/2023/texmf-var/luatex-c
ache/generic/names/luaotfload-lookup-cache.luc.
luaotfload | aux : font no 18 (nil) defines no feature for script latn
luaotfload | aux : font no 18 (nil) defines no feature for script dflt

Package fontspec Info: Could not resolve font "ArialNarrow/BI" (it probably
(fontspec)             doesn't exist).


Package fontspec Info: Could not resolve font "ArialNarrow/B" (it probably
(fontspec)             doesn't exist).


Package fontspec Info: Could not resolve font "ArialNarrow/I" (it probably
(fontspec)             doesn't exist).


Package fontspec Info: Font family 'ArialNarrow(0)' created for font 'Arial
(fontspec)             Narrow' with options [Ligatures=TeX].
(fontspec)              
(fontspec)              This font family consists of the following NFSS
(fontspec)             series/shapes:
(fontspec)              
(fontspec)             - 'normal' (m/n) with NFSS spec.:
(fontspec)             <->"ArialNarrow:mode=node;language=dflt;+tlig;"
(fontspec)             - 'small caps'  (m/sc) with NFSS spec.: 


(d:/texlive/2023/texmf-dist/tex/latex/unicode-math/unicode-math.sty
Package: unicode-math 2023/08/13 v0.8r Unicode maths in XeLaTeX and LuaLaTeX

(d:/texlive/2023/texmf-dist/tex/latex/unicode-math/unicode-math-luatex.sty
Package: unicode-math-luatex 2023/08/13 v0.8r Unicode maths in XeLaTeX and LuaL
aTeX

(d:/texlive/2023/texmf-dist/tex/latex/l3packages/l3keys2e/l3keys2e.sty
Package: l3keys2e 2023-10-10 LaTeX2e option processing using LaTeX3 keys
)
(d:/texlive/2023/texmf-dist/tex/latex/base/fix-cm.sty
Package: fix-cm 2020/11/24 v1.1t fixes to LaTeX

(d:/texlive/2023/texmf-dist/tex/latex/base/ts1enc.def
File: ts1enc.def 2001/06/05 v3.0e (jk/car/fm) Standard LaTeX file
LaTeX Font Info:    Redeclaring font encoding TS1 on input line 47.
))
(d:/texlive/2023/texmf-dist/tex/latex/amsmath/amsmath.sty
Package: amsmath 2023/05/13 v2.17o AMS math features
\@mathmargin=\skip50

For additional information on amsmath, use the `?' option.
(d:/texlive/2023/texmf-dist/tex/latex/amsmath/amstext.sty
Package: amstext 2021/08/26 v2.01 AMS text

(d:/texlive/2023/texmf-dist/tex/latex/amsmath/amsgen.sty
File: amsgen.sty 1999/11/30 v2.0 generic functions
\@emptytoks=\toks18
\ex@=\dimen147
))
(d:/texlive/2023/texmf-dist/tex/latex/amsmath/amsbsy.sty
Package: amsbsy 1999/11/29 v1.2d Bold Symbols
\pmbraise@=\dimen148
)
(d:/texlive/2023/texmf-dist/tex/latex/amsmath/amsopn.sty
Package: amsopn 2022/04/08 v2.04 operator names
)
\inf@bad=\count271
LaTeX Info: Redefining \frac on input line 236.
\uproot@=\count272
\leftroot@=\count273
LaTeX Info: Redefining \overline on input line 399.
LaTeX Info: Redefining \colon on input line 410.
\classnum@=\count274
\DOTSCASE@=\count275
LaTeX Info: Redefining \ldots on input line 496.
LaTeX Info: Redefining \dots on input line 499.
LaTeX Info: Redefining \cdots on input line 620.
\Mathstrutbox@=\box52
\strutbox@=\box53
LaTeX Info: Redefining \big on input line 722.
LaTeX Info: Redefining \Big on input line 723.
LaTeX Info: Redefining \bigg on input line 724.
LaTeX Info: Redefining \Bigg on input line 725.
\big@size=\dimen149
LaTeX Font Info:    Redeclaring font encoding OML on input line 743.
LaTeX Font Info:    Redeclaring font encoding OMS on input line 744.
\macc@depth=\count276
LaTeX Info: Redefining \bmod on input line 905.
LaTeX Info: Redefining \pmod on input line 910.
LaTeX Info: Redefining \smash on input line 940.
LaTeX Info: Redefining \relbar on input line 970.
LaTeX Info: Redefining \Relbar on input line 971.
\c@MaxMatrixCols=\count277
\dotsspace@=\muskip16
\c@parentequation=\count278
\dspbrk@lvl=\count279
\tag@help=\toks19
\row@=\count280
\column@=\count281
\maxfields@=\count282
\andhelp@=\toks20
\eqnshift@=\dimen150
\alignsep@=\dimen151
\tagshift@=\dimen152
\tagwidth@=\dimen153
\totwidth@=\dimen154
\lineht@=\dimen155
\@envbody=\toks21
\multlinegap=\skip51
\multlinetaggap=\skip52
\mathdisplay@stack=\toks22
LaTeX Info: Redefining \[ on input line 2953.
LaTeX Info: Redefining \] on input line 2954.
)
(d:/texlive/2023/texmf-dist/tex/lualatex/lualatex-math/lualatex-math.sty
Package: lualatex-math 2022/01/01 v1.12 Patches for mathematics typesetting wit
h LuaLaTeX

(d:/texlive/2023/texmf-dist/tex/latex/etoolbox/etoolbox.sty
Package: etoolbox 2020/10/05 v2.5k e-TeX tools for LaTeX (JAW)
\etb@tempcnta=\count283
)
Lua module: lualatex-math 2013/08/03 1.3 Patches for mathematics typesetting wit
h LuaLaTeX)
\g__um_fam_int=\count284
\g__um_fonts_used_int=\count285
\l__um_primecount_int=\count286
\g__um_primekern_muskip=\muskip17

(d:/texlive/2023/texmf-dist/tex/latex/unicode-math/unicode-math-table.tex)))

Package fontspec Info: Could not resolve font "StixTwoMath/B" (it probably
(fontspec)             doesn't exist).


Package fontspec Info: Font family 'StixTwoMath(0)' created for font 'Stix Two
(fontspec)             Math' with options
(fontspec)             [Renderer=Basic,BoldItalicFont={},ItalicFont={},SmallCap
sFont={},Script=Math,RawFeature={mathfontdimen=xetex}].
(fontspec)              
(fontspec)              This font family consists of the following NFSS
(fontspec)             series/shapes:
(fontspec)              
(fontspec)             - 'normal' (m/n) with NFSS spec.:
(fontspec)             <->"StixTwoMath:mode=base;script=math;language=dflt;math
fontdimen=xetex;"
(fontspec)             - 'small caps'  (m/sc) with NFSS spec.: 


Package fontspec Info: Could not resolve font "StixTwoMath/B" (it probably
(fontspec)             doesn't exist).


Package fontspec Info: Font family 'StixTwoMath(1)' created for font 'Stix Two
(fontspec)             Math' with options
(fontspec)             [Renderer=Basic,BoldItalicFont={},ItalicFont={},SmallCap
sFont={},Script=Math,SizeFeatures={{Size=10.2-},{Size=7.5-10.2,Font=Stix
(fontspec)             Two Math,Style=MathScript},{Size=-7.5,Font=Stix Two
(fontspec)             Math,Style=MathScriptScript}},RawFeature={mathfontdimen=
xetex}].
(fontspec)              
(fontspec)              This font family consists of the following NFSS
(fontspec)             series/shapes:
(fontspec)              
(fontspec)             - 'normal' (m/n) with NFSS spec.:
(fontspec)             <10.2->"StixTwoMath:mode=base;script=math;language=dflt;
mathfontdimen=xetex;"<7.5-10.2>"StixTwoMath:mode=base;script=math;language=dflt
;mathfontdimen=xetex;+ssty=0;"<-7.5>"StixTwoMath:mode=base;script=math;language
=dflt;mathfontdimen=xetex;+ssty=1;"
(fontspec)             - 'small caps'  (m/sc) with NFSS spec.: 

LaTeX Font Info:    Encoding `OT1' has changed to `TU' for symbol font
(Font)              `operators' in the math version `normal' on input line 12.
LaTeX Font Info:    Overwriting symbol font `operators' in version `normal'
(Font)                  OT1/cmr/m/n --> TU/StixTwoMath(1)/m/n on input line 12.

LaTeX Font Info:    Encoding `OT1' has changed to `TU' for symbol font
(Font)              `operators' in the math version `bold' on input line 12.
LaTeX Font Info:    Overwriting symbol font `operators' in version `bold'
(Font)                  OT1/cmr/bx/n --> TU/StixTwoMath(1)/b/n on input line 12
.

Package fontspec Info: Could not resolve font "StixTwoMath/B" (it probably
(fontspec)             doesn't exist).


Package fontspec Info: Font family 'StixTwoMath(2)' created for font 'Stix Two
(fontspec)             Math' with options
(fontspec)             [Renderer=Basic,BoldItalicFont={},ItalicFont={},SmallCap
sFont={},Script=Math,SizeFeatures={{Size=10.2-},{Size=7.5-10.2,Font=Stix
(fontspec)             Two Math,Style=MathScript},{Size=-7.5,Font=Stix Two
(fontspec)             Math,Style=MathScriptScript}},RawFeature={mathfontdimen=
xetex},RawFeature={mathfontdimen=tex2}].
(fontspec)              
(fontspec)              This font family consists of the following NFSS
(fontspec)             series/shapes:
(fontspec)              
(fontspec)             - 'normal' (m/n) with NFSS spec.:
(fontspec)             <10.2->"StixTwoMath:mode=base;script=math;language=dflt;
mathfontdimen=xetex;mathfontdimen=tex2;"<7.5-10.2>"StixTwoMath:mode=base;script
=math;language=dflt;mathfontdimen=xetex;mathfontdimen=tex2;+ssty=0;"<-7.5>"Stix
TwoMath:mode=base;script=math;language=dflt;mathfontdimen=xetex;mathfontdimen=t
ex2;+ssty=1;"
(fontspec)             - 'small caps'  (m/sc) with NFSS spec.: 

LaTeX Font Info:    Encoding `OMS' has changed to `TU' for symbol font
(Font)              `symbols' in the math version `normal' on input line 12.
LaTeX Font Info:    Overwriting symbol font `symbols' in version `normal'
(Font)                  OMS/cmsy/m/n --> TU/StixTwoMath(2)/m/n on input line 12
.
LaTeX Font Info:    Encoding `OMS' has changed to `TU' for symbol font
(Font)              `symbols' in the math version `bold' on input line 12.
LaTeX Font Info:    Overwriting symbol font `symbols' in version `bold'
(Font)                  OMS/cmsy/b/n --> TU/StixTwoMath(2)/b/n on input line 12
.

Package fontspec Info: Could not resolve font "StixTwoMath/B" (it probably
(fontspec)             doesn't exist).


Package fontspec Info: Font family 'StixTwoMath(3)' created for font 'Stix Two
(fontspec)             Math' with options
(fontspec)             [Renderer=Basic,BoldItalicFont={},ItalicFont={},SmallCap
sFont={},Script=Math,SizeFeatures={{Size=10.2-},{Size=7.5-10.2,Font=Stix
(fontspec)             Two Math,Style=MathScript},{Size=-7.5,Font=Stix Two
(fontspec)             Math,Style=MathScriptScript}},RawFeature={mathfontdimen=
xetex},RawFeature={mathfontdimen=tex3}].
(fontspec)              
(fontspec)              This font family consists of the following NFSS
(fontspec)             series/shapes:
(fontspec)              
(fontspec)             - 'normal' (m/n) with NFSS spec.:
(fontspec)             <10.2->"StixTwoMath:mode=base;script=math;language=dflt;
mathfontdimen=xetex;mathfontdimen=tex3;"<7.5-10.2>"StixTwoMath:mode=base;script
=math;language=dflt;mathfontdimen=xetex;mathfontdimen=tex3;+ssty=0;"<-7.5>"Stix
TwoMath:mode=base;script=math;language=dflt;mathfontdimen=xetex;mathfontdimen=t
ex3;+ssty=1;"
(fontspec)             - 'small caps'  (m/sc) with NFSS spec.: 

LaTeX Font Info:    Encoding `OMX' has changed to `TU' for symbol font
(Font)              `largesymbols' in the math version `normal' on input line 1
2.
LaTeX Font Info:    Overwriting symbol font `largesymbols' in version `normal'
(Font)                  OMX/cmex/m/n --> TU/StixTwoMath(3)/m/n on input line 12
.
LaTeX Font Info:    Encoding `OMX' has changed to `TU' for symbol font
(Font)              `largesymbols' in the math version `bold' on input line 12.

LaTeX Font Info:    Overwriting symbol font `largesymbols' in version `bold'
(Font)                  OMX/cmex/m/n --> TU/StixTwoMath(3)/b/n on input line 12
.

(d:/texlive/2023/texmf-dist/tex/latex/koma-script/typearea.sty
Package: typearea 2023/07/07 v3.41 KOMA-Script package (type area)

(d:/texlive/2023/texmf-dist/tex/latex/koma-script/scrkbase.sty
Package: scrkbase 2023/07/07 v3.41 KOMA-Script package (KOMA-Script-dependent b
asics and keyval usage)

(d:/texlive/2023/texmf-dist/tex/latex/koma-script/scrbase.sty
Package: scrbase 2023/07/07 v3.41 KOMA-Script package (KOMA-Script-independent 
basics and keyval usage)

(d:/texlive/2023/texmf-dist/tex/latex/koma-script/scrlfile.sty
Package: scrlfile 2023/07/07 v3.41 KOMA-Script package (file load hooks)

(d:/texlive/2023/texmf-dist/tex/latex/koma-script/scrlfile-hook.sty
Package: scrlfile-hook 2023/07/07 v3.41 KOMA-Script package (using LaTeX hooks)


(d:/texlive/2023/texmf-dist/tex/latex/koma-script/scrlogo.sty
Package: scrlogo 2023/07/07 v3.41 KOMA-Script package (logo)
)))
Applying: [2021/05/01] Usage of raw or classic option list on input line 252.
Already applied: [0000/00/00] Usage of raw or classic option list on input line
 368.
))
\ta@bcor=\skip53
\ta@div=\count287
Package typearea Info: You've used standard option `a4paper'.
(typearea)             This is correct!
(typearea)             Internally I'm using `paper=a4'.
(typearea)             If you'd like to set the option with \KOMAoptions,
(typearea)             you'd have to use `paper=a4' there
(typearea)             instead of `a4paper', too.
\ta@hblk=\skip54
\ta@vblk=\skip55
\ta@temp=\skip56
\footheight=\skip57

DIV calculation for typearea with good linewidth.
Package typearea Info: These are the values describing the layout:
(typearea)             DIV  = 6
(typearea)             BCOR = 0.0pt
(typearea)             \paperwidth      = 597.50793pt
(typearea)              \textwidth      = 298.75397pt
(typearea)              DIV departure   = 7%
(typearea)              \evensidemargin = 77.107pt
(typearea)              \oddsidemargin  = 77.107pt
(typearea)             \paperheight     = 845.04694pt
(typearea)              \textheight     = 428.0pt
(typearea)              \topmargin      = 28.69617pt
(typearea)              \headheight     = 18.125pt
(typearea)              \headsep        = 21.75pt
(typearea)              \topskip        = 22.0pt
(typearea)              \footskip       = 50.75pt
(typearea)              \baselineskip   = 14.5pt
(typearea)              on input line 1799.
) (d:/texlive/2023/texmf-dist/tex/latex/geometry/geometry.sty
Package: geometry 2020/01/02 v5.9 Page Geometry

(d:/texlive/2023/texmf-dist/tex/generic/iftex/ifvtex.sty
Package: ifvtex 2019/10/25 v1.7 ifvtex legacy package. Use iftex instead.

(d:/texlive/2023/texmf-dist/tex/generic/iftex/iftex.sty
Package: iftex 2022/02/03 v1.0f TeX engine tests
))
\Gm@cnth=\count288
\Gm@cntv=\count289
\c@Gm@tempcnt=\count290
\Gm@bindingoffset=\dimen156
\Gm@wd@mp=\dimen157
\Gm@odd@mp=\dimen158
\Gm@even@mp=\dimen159
\Gm@layoutwidth=\dimen160
\Gm@layoutheight=\dimen161
\Gm@layouthoffset=\dimen162
\Gm@layoutvoffset=\dimen163
\Gm@dimlist=\toks23
)
(d:/texlive/2023/texmf-dist/tex/latex/xcolor/xcolor.sty
Package: xcolor 2023/11/15 v3.01 LaTeX color extensions (UK)

(d:/texlive/2023/texmf-dist/tex/latex/graphics-cfg/color.cfg
File: color.cfg 2016/01/02 v1.6 sample color configuration
)
Package xcolor Info: Driver file: luatex.def on input line 274.

(d:/texlive/2023/texmf-dist/tex/latex/graphics/mathcolor.ltx)
Package xcolor Info: Model `cmy' substituted by `cmy0' on input line 1350.
Package xcolor Info: Model `hsb' substituted by `rgb' on input line 1354.
Package xcolor Info: Model `RGB' extended on input line 1366.
Package xcolor Info: Model `HTML' substituted by `rgb' on input line 1368.
Package xcolor Info: Model `Hsb' substituted by `hsb' on input line 1369.
Package xcolor Info: Model `tHsb' substituted by `hsb' on input line 1370.
Package xcolor Info: Model `HSB' substituted by `hsb' on input line 1371.
Package xcolor Info: Model `Gray' substituted by `gray' on input line 1372.
Package xcolor Info: Model `wave' substituted by `hsb' on input line 1373.
)
(d:/texlive/2023/texmf-dist/tex/latex/colortbl/colortbl.sty
Package: colortbl 2022/06/20 v1.0f Color table columns (DPC)

(d:/texlive/2023/texmf-dist/tex/latex/tools/array.sty
Package: array 2023/10/16 v2.5g Tabular extension package (FMi)
\col@sep=\dimen164
\ar@mcellbox=\box54
\extrarowheight=\dimen165
\NC@list=\toks24
\extratabsurround=\skip58
\backup@length=\skip59
\ar@cellbox=\box55
)
\everycr=\toks25
\minrowclearance=\skip60
\rownum=\count291
)
(d:/texlive/2023/texmf-dist/tex/latex/hyperref/hyperref.sty
Package: hyperref 2023-11-26 v7.01g Hypertext links for LaTeX

(d:/texlive/2023/texmf-dist/tex/generic/infwarerr/infwarerr.sty
Package: infwarerr 2019/12/03 v1.5 Providing info/warning/error messages (HO)
)
(d:/texlive/2023/texmf-dist/tex/latex/kvsetkeys/kvsetkeys.sty
Package: kvsetkeys 2022-10-05 v1.19 Key value parser (HO)
)
(d:/texlive/2023/texmf-dist/tex/generic/kvdefinekeys/kvdefinekeys.sty
Package: kvdefinekeys 2019-12-19 v1.6 Define keys (HO)
)
(d:/texlive/2023/texmf-dist/tex/generic/pdfescape/pdfescape.sty
Package: pdfescape 2019/12/09 v1.15 Implements pdfTeX's escape features (HO)

(d:/texlive/2023/texmf-dist/tex/generic/ltxcmds/ltxcmds.sty
Package: ltxcmds 2020-05-10 v1.25 LaTeX kernel commands for general use (HO)
)
(d:/texlive/2023/texmf-dist/tex/generic/pdftexcmds/pdftexcmds.sty
Package: pdftexcmds 2020-06-27 v0.33 Utility functions of pdfTeX for LuaTeX (HO
)
Package pdftexcmds Info: \pdf@primitive is available.
Package pdftexcmds Info: \pdf@ifprimitive is available.
Package pdftexcmds Info: \pdfdraftmode found.
\pdftexcmds@toks=\toks26
))
(d:/texlive/2023/texmf-dist/tex/latex/hycolor/hycolor.sty
Package: hycolor 2020-01-27 v1.10 Color options for hyperref/bookmark (HO)
)
(d:/texlive/2023/texmf-dist/tex/latex/letltxmacro/letltxmacro.sty
Package: letltxmacro 2019/12/03 v1.6 Let assignment for LaTeX macros (HO)
)
(d:/texlive/2023/texmf-dist/tex/latex/auxhook/auxhook.sty
Package: auxhook 2019-12-17 v1.6 Hooks for auxiliary files (HO)
)
(d:/texlive/2023/texmf-dist/tex/latex/hyperref/nameref.sty
Package: nameref 2023-11-26 v2.56 Cross-referencing by name of section

(d:/texlive/2023/texmf-dist/tex/latex/refcount/refcount.sty
Package: refcount 2019/12/15 v3.6 Data extraction from label references (HO)
)
(d:/texlive/2023/texmf-dist/tex/generic/gettitlestring/gettitlestring.sty
Package: gettitlestring 2019/12/15 v1.6 Cleanup title references (HO)

(d:/texlive/2023/texmf-dist/tex/latex/kvoptions/kvoptions.sty
Package: kvoptions 2022-06-15 v3.15 Key value format for package options (HO)
))
\c@section@level=\count292
)
\@linkdim=\dimen166
\Hy@linkcounter=\count293
\Hy@pagecounter=\count294

(d:/texlive/2023/texmf-dist/tex/latex/hyperref/pd1enc.def
File: pd1enc.def 2023-11-26 v7.01g Hyperref: PDFDocEncoding definition (HO)
)
(d:/texlive/2023/texmf-dist/tex/generic/intcalc/intcalc.sty
Package: intcalc 2019/12/15 v1.3 Expandable calculations with integers (HO)
)
\Hy@SavedSpaceFactor=\count295

(d:/texlive/2023/texmf-dist/tex/latex/hyperref/puenc.def
File: puenc.def 2023-11-26 v7.01g Hyperref: PDF Unicode definition (HO)
)
Package hyperref Info: Option `unicode' set `true' on input line 3167.
Package hyperref Info: Hyper figures OFF on input line 4181.
Package hyperref Info: Link nesting OFF on input line 4186.
Package hyperref Info: Hyper index ON on input line 4189.
Package hyperref Info: Plain pages OFF on input line 4196.
Package hyperref Info: Backreferencing OFF on input line 4201.
Package hyperref Info: Implicit mode ON; LaTeX internals redefined.
Package hyperref Info: Bookmarks ON on input line 4448.
\c@Hy@tempcnt=\count296

(d:/texlive/2023/texmf-dist/tex/latex/url/url.sty
\Urlmuskip=\muskip18
Package: url 2013/09/16  ver 3.4  Verb mode for urls, etc.
)
LaTeX Info: Redefining \url on input line 4786.
\XeTeXLinkMargin=\dimen167

(d:/texlive/2023/texmf-dist/tex/generic/bitset/bitset.sty
Package: bitset 2019/12/09 v1.3 Handle bit-vector datatype (HO)

(d:/texlive/2023/texmf-dist/tex/generic/bigintcalc/bigintcalc.sty
Package: bigintcalc 2019/12/15 v1.5 Expandable calculations on big integers (HO
)
))
\Fld@menulength=\count297
\Field@Width=\dimen168
\Fld@charsize=\dimen169
Package hyperref Info: Hyper figures OFF on input line 6065.
Package hyperref Info: Link nesting OFF on input line 6070.
Package hyperref Info: Hyper index ON on input line 6073.
Package hyperref Info: backreferencing OFF on input line 6080.
Package hyperref Info: Link coloring OFF on input line 6085.
Package hyperref Info: Link coloring with OCG OFF on input line 6090.
Package hyperref Info: PDF/A mode OFF on input line 6095.

(d:/texlive/2023/texmf-dist/tex/latex/base/atbegshi-ltx.sty
Package: atbegshi-ltx 2021/01/10 v1.0c Emulation of the original atbegshi
package with kernel methods
)
\Hy@abspage=\count298
\c@Item=\count299
\c@Hfootnote=\count300
)
Package hyperref Info: Driver (autodetected): hluatex.

(d:/texlive/2023/texmf-dist/tex/latex/hyperref/hluatex.def
File: hluatex.def 2023-11-26 v7.01g Hyperref driver for luaTeX

(d:/texlive/2023/texmf-dist/tex/generic/stringenc/stringenc.sty
Package: stringenc 2019/11/29 v1.12 Convert strings between diff. encodings (HO
)
)
(d:/texlive/2023/texmf-dist/tex/latex/base/atveryend-ltx.sty
Package: atveryend-ltx 2020/08/19 v1.0a Emulation of the original atveryend pac
kage
with kernel methods
)
\Fld@listcount=\count301
\c@bookmark@seq@number=\count302

(d:/texlive/2023/texmf-dist/tex/latex/rerunfilecheck/rerunfilecheck.sty
Package: rerunfilecheck 2022-07-10 v1.10 Rerun checks for auxiliary files (HO)

(d:/texlive/2023/texmf-dist/tex/generic/uniquecounter/uniquecounter.sty
Package: uniquecounter 2019/12/15 v1.4 Provide unlimited unique counter (HO)
)
Package uniquecounter Info: New unique counter `rerunfilecheck' on input line 2
85.
)
\Hy@SectionHShift=\skip61
)
luaotfload | aux : font no 18 (nil) defines no feature for script latn
luaotfload | aux : font no 18 (nil) defines no feature for script dflt

Package fontspec Info: Font family 'ArialNarrow(1)' created for font 'Arial
(fontspec)             Narrow' with options
(fontspec)             [Ligatures=TeX,Ligatures=TeX,BoldFont={Arial Narrow
(fontspec)             Bold},ItalicFont={Arial Narrow
(fontspec)             Italic},BoldItalicFont={Arial Narrow Bold Italic}].
(fontspec)              
(fontspec)              This font family consists of the following NFSS
(fontspec)             series/shapes:
(fontspec)              
(fontspec)             - 'normal' (m/n) with NFSS spec.:
(fontspec)             <->"ArialNarrow:mode=node;language=dflt;+tlig;"
(fontspec)             - 'small caps'  (m/sc) with NFSS spec.: 
(fontspec)             - 'bold' (b/n) with NFSS spec.:
(fontspec)             <->"ArialNarrowBold:mode=node;language=dflt;+tlig;"
(fontspec)             - 'bold small caps'  (b/sc) with NFSS spec.: 
(fontspec)             - 'italic' (m/it) with NFSS spec.:
(fontspec)             <->"ArialNarrowItalic:mode=node;language=dflt;+tlig;"
(fontspec)             - 'italic small caps'  (m/scit) with NFSS spec.: 
(fontspec)             - 'bold italic' (b/it) with NFSS spec.:
(fontspec)             <->"ArialNarrowBoldItalic:mode=node;language=dflt;+tlig;
"
(fontspec)             - 'bold italic small caps'  (b/scit) with NFSS spec.: 

luaotfload | aux : font no 41 (nil) defines no feature for script latn
luaotfload | aux : font no 41 (nil) defines no feature for script dflt

Package fontspec Info: Font family 'ArialNarrow(2)' created for font 'Arial
(fontspec)             Narrow' with options
(fontspec)             [Renderer=Basic,Ligatures=TeX,BoldFont={Arial Narrow
(fontspec)             Bold},ItalicFont={Arial Narrow
(fontspec)             Italic},BoldItalicFont={Arial Narrow Bold Italic}].
(fontspec)              
(fontspec)              This font family consists of the following NFSS
(fontspec)             series/shapes:
(fontspec)              
(fontspec)             - 'normal' (m/n) with NFSS spec.:
(fontspec)             <->"ArialNarrow:mode=base;language=dflt;+tlig;"
(fontspec)             - 'small caps'  (m/sc) with NFSS spec.: 
(fontspec)             - 'bold' (b/n) with NFSS spec.:
(fontspec)             <->"ArialNarrowBold:mode=base;language=dflt;+tlig;"
(fontspec)             - 'bold small caps'  (b/sc) with NFSS spec.: 
(fontspec)             - 'italic' (m/it) with NFSS spec.:
(fontspec)             <->"ArialNarrowItalic:mode=base;language=dflt;+tlig;"
(fontspec)             - 'italic small caps'  (m/scit) with NFSS spec.: 
(fontspec)             - 'bold italic' (b/it) with NFSS spec.:
(fontspec)             <->"ArialNarrowBoldItalic:mode=base;language=dflt;+tlig;
"
(fontspec)             - 'bold italic small caps'  (b/scit) with NFSS spec.: 

LaTeX Font Info:    Overwriting math alphabet `\mathsf' in version `normal'
(Font)                  OT1/cmss/m/n --> TU/ArialNarrow(2)/m/n on input line 59
.
LaTeX Font Info:    Overwriting math alphabet `\mathsf' in version `bold'
(Font)                  OT1/cmss/bx/n --> TU/ArialNarrow(2)/b/n on input line 5
9.

(d:/texlive/2023/texmf-dist/tex/latex/fancyhdr/fancyhdr.sty
Package: fancyhdr 2022/11/09 v4.1 Extensive control of page headers and footers

\f@nch@headwidth=\skip62
\f@nch@O@elh=\skip63
\f@nch@O@erh=\skip64
\f@nch@O@olh=\skip65
\f@nch@O@orh=\skip66
\f@nch@O@elf=\skip67
\f@nch@O@erf=\skip68
\f@nch@O@olf=\skip69
\f@nch@O@orf=\skip70
)
(d:/texlive/2023/texmf-dist/tex/latex/parskip/parskip.sty
Package: parskip 2021-03-14 v2.0h non-zero parskip adjustments
)
(d:/texlive/2023/texmf-dist/tex/latex/tools/indentfirst.sty
Package: indentfirst 2023/07/02 v1.03 Indent first paragraph (DPC)
)
(d:/texlive/2023/texmf-dist/tex/latex/tools/longtable.sty
Package: longtable 2023-11-01 v4.19 Multi-page Table package (DPC)
\LTleft=\skip71
\LTright=\skip72
\LTpre=\skip73
\LTpost=\skip74
\LTchunksize=\count303
\LTcapwidth=\dimen170
\LT@head=\box56
\LT@firsthead=\box57
\LT@foot=\box58
\LT@lastfoot=\box59
\LT@gbox=\box60
\LT@cols=\count304
\LT@rows=\count305
\c@LT@tables=\count306
\c@LT@chunks=\count307
\LT@p@ftn=\toks27
)
(d:/texlive/2023/texmf-dist/tex/latex/booktabs/booktabs.sty
Package: booktabs 2020/01/12 v1.61803398 Publication quality tables
\heavyrulewidth=\dimen171
\lightrulewidth=\dimen172
\cmidrulewidth=\dimen173
\belowrulesep=\dimen174
\belowbottomsep=\dimen175
\aboverulesep=\dimen176
\abovetopsep=\dimen177
\cmidrulesep=\dimen178
\cmidrulekern=\dimen179
\defaultaddspace=\dimen180
\@cmidla=\count308
\@cmidlb=\count309
\@aboverulesep=\dimen181
\@belowrulesep=\dimen182
\@thisruleclass=\count310
\@lastruleclass=\count311
\@thisrulewidth=\dimen183
)
(d:/texlive/2023/texmf-dist/tex/latex/tools/calc.sty
Package: calc 2023/07/08 v4.3 Infix arithmetic (KKT,FJ)
\calc@Acount=\count312
\calc@Bcount=\count313
\calc@Adimen=\dimen184
\calc@Bdimen=\dimen185
\calc@Askip=\skip75
\calc@Bskip=\skip76
LaTeX Info: Redefining \setlength on input line 80.
LaTeX Info: Redefining \addtolength on input line 81.
\calc@Ccount=\count314
\calc@Cskip=\skip77
)
(d:/texlive/2023/texmf-dist/tex/latex/caption/caption.sty
Package: caption 2023/08/05 v3.6o Customizing captions (AR)

(d:/texlive/2023/texmf-dist/tex/latex/caption/caption3.sty
Package: caption3 2023/07/31 v2.4d caption3 kernel (AR)
\caption@tempdima=\dimen186
\captionmargin=\dimen187
\caption@leftmargin=\dimen188
\caption@rightmargin=\dimen189
\caption@width=\dimen190
\caption@indent=\dimen191
\caption@parindent=\dimen192
\caption@hangindent=\dimen193
Package caption Info: Standard document class detected.
)
\c@caption@flags=\count315
\c@continuedfloat=\count316
Package caption Info: hyperref package is loaded.
Package caption Info: longtable package is loaded.

(d:/texlive/2023/texmf-dist/tex/latex/caption/ltcaption.sty
Package: ltcaption 2021/01/08 v1.4c longtable captions (AR)
))
(d:/texlive/2023/texmf-dist/tex/latex/tools/tabularx.sty
Package: tabularx 2023/07/08 v2.11c `tabularx' package (DPC)
\TX@col@width=\dimen194
\TX@old@table=\dimen195
\TX@old@col=\dimen196
\TX@target=\dimen197
\TX@delta=\dimen198
\TX@cols=\count317
\TX@ftn=\toks28
)
(d:/texlive/2023/texmf-dist/tex/latex/multirow/multirow.sty
Package: multirow 2021/03/15 v2.8 Span multiple rows of a table
\multirow@colwidth=\skip78
\multirow@cntb=\count318
\multirow@dima=\skip79
\bigstrutjot=\dimen199
)
(d:/texlive/2023/texmf-dist/tex/latex/eqexpl/eqexpl.sty
Package: eqexpl 2022/06/17 v. 1.1.1
\eqexplSpaceWidth=\skip80
\itemWidth=\skip81
\leftSideWidth=\skip82
)
(d:/texlive/2023/texmf-dist/tex/latex/titlesec/titlesec.sty
Package: titlesec 2023/10/27 v2.16 Sectioning titles
\ttl@box=\box61
\beforetitleunit=\skip83
\aftertitleunit=\skip84
\ttl@plus=\dimen256
\ttl@minus=\dimen257
\ttl@toksa=\toks29
\titlewidth=\dimen258
\titlewidthlast=\dimen259
\titlewidthfirst=\dimen260
)
(d:/texlive/2023/texmf-dist/tex/latex/appendix/appendix.sty
Package: appendix 2020/02/08 v1.2c extra appendix facilities
\c@@pps=\count319
\c@@ppsavesec=\count320
\c@@ppsaveapp=\count321
)
(d:/texlive/2023/texmf-dist/tex/latex/enumitem/enumitem.sty
Package: enumitem 2019/06/20 v3.9 Customized lists
\labelindent=\skip85
\enit@outerparindent=\dimen261
\enit@toks=\toks30
\enit@inbox=\box62
\enit@count@id=\count322
\enitdp@description=\count323
)
(d:/texlive/2023/texmf-dist/tex/latex/float/float.sty
Package: float 2001/11/08 v1.3d Float enhancements (AL)
\c@float@type=\count324
\float@exts=\toks31
\float@box=\box63
\@float@everytoks=\toks32
\@floatcapt=\box64
)
(d:/texlive/2023/texmf-dist/tex/latex/needspace/needspace.sty
Package: needspace 2010/09/12 v1.3d reserve vertical space
)
(d:/texlive/2023/texmf-dist/tex/latex/tabularray/tabularray.sty
Package: tabularray 2023-03-01 v2023A Typeset tabulars and arrays with LaTeX3
\l__tblr_a_int=\count325
\l__tblr_c_int=\count326
\l__tblr_r_int=\count327
\l__tblr_d_dim=\dimen262
\l__tblr_h_dim=\dimen263
\l__tblr_o_dim=\dimen264
\l__tblr_p_dim=\dimen265
\l__tblr_q_dim=\dimen266
\l__tblr_r_dim=\dimen267
\l__tblr_s_dim=\dimen268
\l__tblr_t_dim=\dimen269
\l__tblr_v_dim=\dimen270
\l__tblr_w_dim=\dimen271
\l__tblr_a_box=\box65
\l__tblr_b_box=\box66
\l__tblr_c_box=\box67
\l__tblr_d_box=\box68
\g__tblr_table_count_int=\count328
\c@colnum=\count329
\c@rowcount=\count330
\c@colcount=\count331
\abovesep=\dimen272
\belowsep=\dimen273
\leftsep=\dimen274
\rightsep=\dimen275
\g_tblr_level_int=\count332
\g__tblr_data_row_key_count_int=\count333
\g__tblr_data_column_key_count_int=\count334
\g__tblr_data_cell_key_count_int=\count335
\g__tblr_array_int=\count336
\l__tblr_key_count_int=\count337
\l__tblr_key_quotient_int=\count338
\l__tblr_key_quotient_two_int=\count339
\l__tblr_key_remainder_int=\count340
\g__tblr_data_str_value_count_int=\count341
\rulewidth=\dimen276
\l__tblr_strut_dp_dim=\dimen277
\l__tblr_strut_ht_dim=\dimen278
\g__tblr_cell_wd_dim=\dimen279
\g__tblr_cell_ht_dim=\dimen280
\g__tblr_cell_head_dim=\dimen281
\g__tblr_cell_foot_dim=\dimen282
\l__column_target_dim=\dimen283
\l__tblr_caption_box=\box69
\l__tblr_caption_left_box=\box70
\l__tblr_row_head_box=\box71
\l__tblr_row_foot_box=\box72
\l__tblr_row_head_foot_dim=\dimen284
\tablewidth=\dimen285
\l__tblr_table_firsthead_box=\box73
\l__tblr_table_middlehead_box=\box74
\l__tblr_table_lasthead_box=\box75
\l__tblr_table_firstfoot_box=\box76
\l__tblr_table_middlefoot_box=\box77
\l__tblr_table_lastfoot_box=\box78
\l__tblr_remain_height_dim=\dimen286
\l__tblr_long_from_int=\count342
\l__tblr_long_to_int=\count343
\l__tblr_curr_i_int=\count344
\l__tblr_prev_i_int=\count345
\l__tblr_table_page_int=\count346
\l__tblr_table_head_box=\box79
\l__tblr_table_foot_box=\box80
\l__tblr_table_head_foot_dim=\dimen287
\l__tblr_table_head_body_foot_dim=\dimen288
\l__tblr_table_box=\box81
\l__tblr_table_hlines_box=\box82
\l__tblr_hline_box=\box83
\l__tblr_row_box=\box84
\l__tblr_col_o_wd_dim=\dimen289
\l__tblr_col_b_wd_dim=\dimen290
\l__tblr_hline_leftskip_dim=\dimen291
\l__tblr_hline_rightskip_dim=\dimen292
\l__tblr_row_ht_dim=\dimen293
\l__tblr_row_dp_dim=\dimen294
\l__tblr_row_abovesep_dim=\dimen295
\l__tblr_row_belowsep_dim=\dimen296
\l__tblr_row_vlines_box=\box85
\l__tblr_vline_box=\box86
\l__tblr_cell_box=\box87
\l__row_upper_dim=\dimen297
\l__row_lower_dim=\dimen298
\l__row_vpace_dim=\dimen299
\l__tblr_vline_aboveskip_dim=\dimen300
\l__tblr_vline_belowskip_dim=\dimen301
\l__tblr_cell_wd_dim=\dimen302
\l__tblr_cell_ht_dim=\dimen303
\l__tblr_diag_box=\box88
)
(d:/texlive/2023/texmf-dist/tex/latex/tocloft/tocloft.sty
Package: tocloft 2017/08/31 v2.3i parameterised ToC, etc., typesetting
Package tocloft Info: The document has section divisions on input line 51.
\cftparskip=\skip86
\cftbeforetoctitleskip=\skip87
\cftaftertoctitleskip=\skip88
\cftbeforepartskip=\skip89
\cftpartnumwidth=\skip90
\cftpartindent=\skip91
\cftbeforesecskip=\skip92
\cftsecindent=\skip93
\cftsecnumwidth=\skip94
\cftbeforesubsecskip=\skip95
\cftsubsecindent=\skip96
\cftsubsecnumwidth=\skip97
\cftbeforesubsubsecskip=\skip98
\cftsubsubsecindent=\skip99
\cftsubsubsecnumwidth=\skip100
\cftbeforeparaskip=\skip101
\cftparaindent=\skip102
\cftparanumwidth=\skip103
\cftbeforesubparaskip=\skip104
\cftsubparaindent=\skip105
\cftsubparanumwidth=\skip106
\cftbeforeloftitleskip=\skip107
\cftafterloftitleskip=\skip108
\cftbeforefigskip=\skip109
\cftfigindent=\skip110
\cftfignumwidth=\skip111
\c@lofdepth=\count347
\c@lotdepth=\count348
\cftbeforelottitleskip=\skip112
\cftafterlottitleskip=\skip113
\cftbeforetabskip=\skip114
\cfttabindent=\skip115
\cfttabnumwidth=\skip116


Package tocloft Warning: \@starttoc has already been redefined; tocloft bailing
 out. on input line 1156.

) (d:/texlive/2023/texmf-dist/tex/latex/tocvsec2/tocvsec2.sty
Package: tocvsec2 2014/03/10 v1.3a variable ToC section entries

(d:/texlive/2023/texmf-dist/tex/latex/base/ifthen.sty
Package: ifthen 2022/04/13 v1.1d Standard LaTeX ifthen package (DPC)
)
\c@max@tocdepth=\count349
\c@max@secnumdepth=\count350
)
(d:/texlive/2023/texmf-dist/tex/latex/pdflscape/pdflscape.sty
Package: pdflscape 2022-10-27 v0.13 Display of landscape pages in PDF

(d:/texlive/2023/texmf-dist/tex/latex/pdflscape/pdflscape-nometadata.sty
Package: pdflscape-nometadata 2022-10-28 v0.13 Display of landscape pages in PD
F (HO)

(d:/texlive/2023/texmf-dist/tex/latex/graphics/lscape.sty
Package: lscape 2020/05/28 v3.02 Landscape Pages (DPC)
)
Package pdflscape Info: Auto-detected driver: pdftex on input line 81.
))
(d:/texlive/2023/texmf-dist/tex/latex/textpos/textpos.sty
Package: textpos 2022/07/23 v1.10.1
Package textpos Info: choosing support for LaTeX3 on input line 60.
\TP@textbox=\box89
\TP@holdbox=\box90
\TPHorizModule=\dimen304
\TPVertModule=\dimen305
\TP@margin=\dimen306
\TP@absmargin=\dimen307

Grid set 16 x 16 = 37.34424pt x 52.81541pt
\TPboxrulesize=\dimen308
\TP@ox=\dimen309
\TP@oy=\dimen310
\TP@tbargs=\toks33
TextBlockOrigin set to 0pt x 0pt
) (d:/texlive/2023/texmf-dist/tex/latex/pdfpages/pdfpages.sty
Package: pdfpages 2022/12/19 v0.5x Insert pages of external PDF documents (AM)

(d:/texlive/2023/texmf-dist/tex/latex/eso-pic/eso-pic.sty
Package: eso-pic 2023/05/03 v3.0c eso-pic (RN)
\ESO@tempdima=\dimen311
\ESO@tempdimb=\dimen312
)
\AM@pagewidth=\dimen313
\AM@pageheight=\dimen314
\AM@fboxrule=\dimen315

(d:/texlive/2023/texmf-dist/tex/latex/pdfpages/ppluatex.def
File: ppluatex.def 2022/12/19 v0.5x Pdfpages driver for LuaTeX (AM)
)
\pdfpages@includegraphics@status=\count351
\AM@pagebox=\box91
\AM@global@opts=\toks34
\AM@pagecnt=\count352
\AM@toc@title=\toks35
\AM@lof@heading=\toks36
\c@AM@survey=\count353
\AM@templatesizebox=\box92
)
(d:/texlive/2023/texmf-dist/tex/latex/fontawesome/fontawesome.sty
Package: fontawesome 2016/05/15 v4.6.3.1 font awesome icons

(d:/texlive/2023/texmf-dist/tex/generic/iftex/ifxetex.sty
Package: ifxetex 2019/10/25 v0.7 ifxetex legacy package. Use iftex instead.
)
(d:/texlive/2023/texmf-dist/tex/generic/iftex/ifluatex.sty
Package: ifluatex 2019/10/25 v1.5 ifluatex legacy package. Use iftex instead.
)
(d:/texlive/2023/texmf-dist/tex/latex/fontawesome/fontawesomesymbols-generic.te
x)
luaotfload | aux : font no 46 (nil) defines no feature for script latn
luaotfload | aux : font no 46 (nil) defines no feature for script dflt

Package fontspec Info: Could not resolve font "FontAwesome/BI" (it probably
(fontspec)             doesn't exist).


Package fontspec Info: Could not resolve font "FontAwesome/B" (it probably
(fontspec)             doesn't exist).


Package fontspec Info: Could not resolve font "FontAwesome/I" (it probably
(fontspec)             doesn't exist).


Package fontspec Info: Font family 'FontAwesome(0)' created for font
(fontspec)             'FontAwesome' with options [].
(fontspec)              
(fontspec)              This font family consists of the following NFSS
(fontspec)             series/shapes:
(fontspec)              
(fontspec)             - 'normal' (m/n) with NFSS spec.:
(fontspec)             <->"FontAwesome:mode=node;language=dflt;"
(fontspec)             - 'small caps'  (m/sc) with NFSS spec.: 


(d:/texlive/2023/texmf-dist/tex/latex/fontawesome/fontawesomesymbols-xeluatex.t
ex)) (d:/texlive/2023/texmf-dist/tex/latex/microtype/microtype.sty
Package: microtype 2023/03/13 v3.1a Micro-typographical refinements (RS)
\MT@toks=\toks37
\MT@tempbox=\box93
\MT@count=\count354
LaTeX Info: Redefining \noprotrusionifhmode on input line 1059.
LaTeX Info: Redefining \leftprotrusion on input line 1060.
\MT@prot@toks=\toks38
LaTeX Info: Redefining \rightprotrusion on input line 1078.
LaTeX Info: Redefining \textls on input line 1368.
\MT@outer@kern=\dimen316
LaTeX Info: Redefining \textmicrotypecontext on input line 1988.
\MT@listname@count=\count355

(d:/texlive/2023/texmf-dist/tex/latex/microtype/microtype-luatex.def
File: microtype-luatex.def 2023/03/13 v3.1a Definitions specific to luatex (RS)

Lua module: microtype 2023/03/13 3.1a microtype module.
Module microtype Info: overwriting function `keepligature' on input line 63
LaTeX Info: Redefining \lsstyle on input line 688.
LaTeX Info: Redefining \lslig on input line 688.
\MT@outer@space=\skip117
)
Package microtype Info: Loading configuration file microtype.cfg.

(d:/texlive/2023/texmf-dist/tex/latex/microtype/microtype.cfg
File: microtype.cfg 2023/03/13 v3.1a microtype main configuration file (RS)
))
(d:/texlive/2023/texmf-dist/tex/latex/pgf/frontendlayer/tikz.sty
(d:/texlive/2023/texmf-dist/tex/latex/pgf/basiclayer/pgf.sty
(d:/texlive/2023/texmf-dist/tex/latex/pgf/utilities/pgfrcs.sty
(d:/texlive/2023/texmf-dist/tex/generic/pgf/utilities/pgfutil-common.tex
\pgfutil@everybye=\toks39
\pgfutil@tempdima=\dimen317
\pgfutil@tempdimb=\dimen318
)
(d:/texlive/2023/texmf-dist/tex/generic/pgf/utilities/pgfutil-latex.def
\pgfutil@abb=\box94
)
(d:/texlive/2023/texmf-dist/tex/generic/pgf/utilities/pgfrcs.code.tex
(d:/texlive/2023/texmf-dist/tex/generic/pgf/pgf.revision.tex)
Package: pgfrcs 2023-01-15 v3.1.10 (3.1.10)
))
Package: pgf 2023-01-15 v3.1.10 (3.1.10)

(d:/texlive/2023/texmf-dist/tex/latex/pgf/basiclayer/pgfcore.sty
(d:/texlive/2023/texmf-dist/tex/latex/pgf/systemlayer/pgfsys.sty
(d:/texlive/2023/texmf-dist/tex/generic/pgf/systemlayer/pgfsys.code.tex
Package: pgfsys 2023-01-15 v3.1.10 (3.1.10)

(d:/texlive/2023/texmf-dist/tex/generic/pgf/utilities/pgfkeys.code.tex
\pgfkeys@pathtoks=\toks40
\pgfkeys@temptoks=\toks41

(d:/texlive/2023/texmf-dist/tex/generic/pgf/utilities/pgfkeyslibraryfiltered.co
de.tex
\pgfkeys@tmptoks=\toks42
))
\pgf@x=\dimen319
\pgf@y=\dimen320
\pgf@xa=\dimen321
\pgf@ya=\dimen322
\pgf@xb=\dimen323
\pgf@yb=\dimen324
\pgf@xc=\dimen325
\pgf@yc=\dimen326
\pgf@xd=\dimen327
\pgf@yd=\dimen328
\w@pgf@writea=\write3
\r@pgf@reada=\read3
\c@pgf@counta=\count356
\c@pgf@countb=\count357
\c@pgf@countc=\count358
\c@pgf@countd=\count359
\t@pgf@toka=\toks43
\t@pgf@tokb=\toks44
\t@pgf@tokc=\toks45
\pgf@sys@id@count=\count360
 (d:/texlive/2023/texmf-dist/tex/generic/pgf/systemlayer/pgf.cfg
File: pgf.cfg 2023-01-15 v3.1.10 (3.1.10)
)
Driver file for pgf: pgfsys-luatex.def

(d:/texlive/2023/texmf-dist/tex/generic/pgf/systemlayer/pgfsys-luatex.def
File: pgfsys-luatex.def 2023-01-15 v3.1.10 (3.1.10)

(d:/texlive/2023/texmf-dist/tex/generic/pgf/systemlayer/pgfsys-common-pdf.def
File: pgfsys-common-pdf.def 2023-01-15 v3.1.10 (3.1.10)
)))
(d:/texlive/2023/texmf-dist/tex/generic/pgf/systemlayer/pgfsyssoftpath.code.tex
File: pgfsyssoftpath.code.tex 2023-01-15 v3.1.10 (3.1.10)
\pgfsyssoftpath@smallbuffer@items=\count361
\pgfsyssoftpath@bigbuffer@items=\count362
)
(d:/texlive/2023/texmf-dist/tex/generic/pgf/systemlayer/pgfsysprotocol.code.tex
File: pgfsysprotocol.code.tex 2023-01-15 v3.1.10 (3.1.10)
)) (d:/texlive/2023/texmf-dist/tex/generic/pgf/basiclayer/pgfcore.code.tex
Package: pgfcore 2023-01-15 v3.1.10 (3.1.10)

(d:/texlive/2023/texmf-dist/tex/generic/pgf/math/pgfmath.code.tex
(d:/texlive/2023/texmf-dist/tex/generic/pgf/math/pgfmathutil.code.tex)
(d:/texlive/2023/texmf-dist/tex/generic/pgf/math/pgfmathparser.code.tex
\pgfmath@dimen=\dimen329
\pgfmath@count=\count363
\pgfmath@box=\box95
\pgfmath@toks=\toks46
\pgfmath@stack@operand=\toks47
\pgfmath@stack@operation=\toks48
)
(d:/texlive/2023/texmf-dist/tex/generic/pgf/math/pgfmathfunctions.code.tex)
(d:/texlive/2023/texmf-dist/tex/generic/pgf/math/pgfmathfunctions.basic.code.te
x)
(d:/texlive/2023/texmf-dist/tex/generic/pgf/math/pgfmathfunctions.trigonometric
.code.tex)
(d:/texlive/2023/texmf-dist/tex/generic/pgf/math/pgfmathfunctions.random.code.t
ex)
(d:/texlive/2023/texmf-dist/tex/generic/pgf/math/pgfmathfunctions.comparison.co
de.tex)
(d:/texlive/2023/texmf-dist/tex/generic/pgf/math/pgfmathfunctions.base.code.tex
)
(d:/texlive/2023/texmf-dist/tex/generic/pgf/math/pgfmathfunctions.round.code.te
x)
(d:/texlive/2023/texmf-dist/tex/generic/pgf/math/pgfmathfunctions.misc.code.tex
)
(d:/texlive/2023/texmf-dist/tex/generic/pgf/math/pgfmathfunctions.integerarithm
etics.code.tex)
(d:/texlive/2023/texmf-dist/tex/generic/pgf/math/pgfmathcalc.code.tex)
(d:/texlive/2023/texmf-dist/tex/generic/pgf/math/pgfmathfloat.code.tex
\c@pgfmathroundto@lastzeros=\count364
))
(d:/texlive/2023/texmf-dist/tex/generic/pgf/math/pgfint.code.tex)
(d:/texlive/2023/texmf-dist/tex/generic/pgf/basiclayer/pgfcorepoints.code.tex
File: pgfcorepoints.code.tex 2023-01-15 v3.1.10 (3.1.10)
\pgf@picminx=\dimen330
\pgf@picmaxx=\dimen331
\pgf@picminy=\dimen332
\pgf@picmaxy=\dimen333
\pgf@pathminx=\dimen334
\pgf@pathmaxx=\dimen335
\pgf@pathminy=\dimen336
\pgf@pathmaxy=\dimen337
\pgf@xx=\dimen338
\pgf@xy=\dimen339
\pgf@yx=\dimen340
\pgf@yy=\dimen341
\pgf@zx=\dimen342
\pgf@zy=\dimen343
)
(d:/texlive/2023/texmf-dist/tex/generic/pgf/basiclayer/pgfcorepathconstruct.cod
e.tex
File: pgfcorepathconstruct.code.tex 2023-01-15 v3.1.10 (3.1.10)
\pgf@path@lastx=\dimen344
\pgf@path@lasty=\dimen345
)
(d:/texlive/2023/texmf-dist/tex/generic/pgf/basiclayer/pgfcorepathusage.code.te
x
File: pgfcorepathusage.code.tex 2023-01-15 v3.1.10 (3.1.10)
\pgf@shorten@end@additional=\dimen346
\pgf@shorten@start@additional=\dimen347
)
(d:/texlive/2023/texmf-dist/tex/generic/pgf/basiclayer/pgfcorescopes.code.tex
File: pgfcorescopes.code.tex 2023-01-15 v3.1.10 (3.1.10)
\pgfpic=\box96
\pgf@hbox=\box97
\pgf@layerbox@main=\box98
\pgf@picture@serial@count=\count365
)
(d:/texlive/2023/texmf-dist/tex/generic/pgf/basiclayer/pgfcoregraphicstate.code
.tex
File: pgfcoregraphicstate.code.tex 2023-01-15 v3.1.10 (3.1.10)
\pgflinewidth=\dimen348
)
(d:/texlive/2023/texmf-dist/tex/generic/pgf/basiclayer/pgfcoretransformations.c
ode.tex
File: pgfcoretransformations.code.tex 2023-01-15 v3.1.10 (3.1.10)
\pgf@pt@x=\dimen349
\pgf@pt@y=\dimen350
\pgf@pt@temp=\dimen351
)
(d:/texlive/2023/texmf-dist/tex/generic/pgf/basiclayer/pgfcorequick.code.tex
File: pgfcorequick.code.tex 2023-01-15 v3.1.10 (3.1.10)
)
(d:/texlive/2023/texmf-dist/tex/generic/pgf/basiclayer/pgfcoreobjects.code.tex
File: pgfcoreobjects.code.tex 2023-01-15 v3.1.10 (3.1.10)
)
(d:/texlive/2023/texmf-dist/tex/generic/pgf/basiclayer/pgfcorepathprocessing.co
de.tex
File: pgfcorepathprocessing.code.tex 2023-01-15 v3.1.10 (3.1.10)
)
(d:/texlive/2023/texmf-dist/tex/generic/pgf/basiclayer/pgfcorearrows.code.tex
File: pgfcorearrows.code.tex 2023-01-15 v3.1.10 (3.1.10)
\pgfarrowsep=\dimen352
)
(d:/texlive/2023/texmf-dist/tex/generic/pgf/basiclayer/pgfcoreshade.code.tex
File: pgfcoreshade.code.tex 2023-01-15 v3.1.10 (3.1.10)
\pgf@max=\dimen353
\pgf@sys@shading@range@num=\count366
\pgf@shadingcount=\count367
)
(d:/texlive/2023/texmf-dist/tex/generic/pgf/basiclayer/pgfcoreimage.code.tex
File: pgfcoreimage.code.tex 2023-01-15 v3.1.10 (3.1.10)
)
(d:/texlive/2023/texmf-dist/tex/generic/pgf/basiclayer/pgfcoreexternal.code.tex
File: pgfcoreexternal.code.tex 2023-01-15 v3.1.10 (3.1.10)
\pgfexternal@startupbox=\box99
) (d:/texlive/2023/texmf-dist/tex/generic/pgf/basiclayer/pgfcorelayers.code.tex
File: pgfcorelayers.code.tex 2023-01-15 v3.1.10 (3.1.10)
)
(d:/texlive/2023/texmf-dist/tex/generic/pgf/basiclayer/pgfcoretransparency.code
.tex
File: pgfcoretransparency.code.tex 2023-01-15 v3.1.10 (3.1.10)
)
(d:/texlive/2023/texmf-dist/tex/generic/pgf/basiclayer/pgfcorepatterns.code.tex
File: pgfcorepatterns.code.tex 2023-01-15 v3.1.10 (3.1.10)
) (d:/texlive/2023/texmf-dist/tex/generic/pgf/basiclayer/pgfcorerdf.code.tex
File: pgfcorerdf.code.tex 2023-01-15 v3.1.10 (3.1.10)
))) (d:/texlive/2023/texmf-dist/tex/generic/pgf/modules/pgfmoduleshapes.code.te
x
File: pgfmoduleshapes.code.tex 2023-01-15 v3.1.10 (3.1.10)
\pgfnodeparttextbox=\box100
)
(d:/texlive/2023/texmf-dist/tex/generic/pgf/modules/pgfmoduleplot.code.tex
File: pgfmoduleplot.code.tex 2023-01-15 v3.1.10 (3.1.10)
)
(d:/texlive/2023/texmf-dist/tex/latex/pgf/compatibility/pgfcomp-version-0-65.st
y
Package: pgfcomp-version-0-65 2023-01-15 v3.1.10 (3.1.10)
\pgf@nodesepstart=\dimen354
\pgf@nodesepend=\dimen355
)
(d:/texlive/2023/texmf-dist/tex/latex/pgf/compatibility/pgfcomp-version-1-18.st
y
Package: pgfcomp-version-1-18 2023-01-15 v3.1.10 (3.1.10)
)) (d:/texlive/2023/texmf-dist/tex/latex/pgf/utilities/pgffor.sty
(d:/texlive/2023/texmf-dist/tex/latex/pgf/utilities/pgfkeys.sty
(d:/texlive/2023/texmf-dist/tex/generic/pgf/utilities/pgfkeys.code.tex))
(d:/texlive/2023/texmf-dist/tex/latex/pgf/math/pgfmath.sty
(d:/texlive/2023/texmf-dist/tex/generic/pgf/math/pgfmath.code.tex))
(d:/texlive/2023/texmf-dist/tex/generic/pgf/utilities/pgffor.code.tex
Package: pgffor 2023-01-15 v3.1.10 (3.1.10)
\pgffor@iter=\dimen356
\pgffor@skip=\dimen357
\pgffor@stack=\toks49
\pgffor@toks=\toks50
))
(d:/texlive/2023/texmf-dist/tex/generic/pgf/frontendlayer/tikz/tikz.code.tex
Package: tikz 2023-01-15 v3.1.10 (3.1.10)

(d:/texlive/2023/texmf-dist/tex/generic/pgf/libraries/pgflibraryplothandlers.co
de.tex
File: pgflibraryplothandlers.code.tex 2023-01-15 v3.1.10 (3.1.10)
\pgf@plot@mark@count=\count368
\pgfplotmarksize=\dimen358
)
\tikz@lastx=\dimen359
\tikz@lasty=\dimen360
\tikz@lastxsaved=\dimen361
\tikz@lastysaved=\dimen362
\tikz@lastmovetox=\dimen363
\tikz@lastmovetoy=\dimen364
\tikzleveldistance=\dimen365
\tikzsiblingdistance=\dimen366
\tikz@figbox=\box101
\tikz@figbox@bg=\box102
\tikz@tempbox=\box103
\tikz@tempbox@bg=\box104
\tikztreelevel=\count369
\tikznumberofchildren=\count370
\tikznumberofcurrentchild=\count371
\tikz@fig@count=\count372

(d:/texlive/2023/texmf-dist/tex/generic/pgf/modules/pgfmodulematrix.code.tex
File: pgfmodulematrix.code.tex 2023-01-15 v3.1.10 (3.1.10)
\pgfmatrixcurrentrow=\count373
\pgfmatrixcurrentcolumn=\count374
\pgf@matrix@numberofcolumns=\count375
)
\tikz@expandcount=\count376

(d:/texlive/2023/texmf-dist/tex/generic/pgf/frontendlayer/tikz/libraries/tikzli
brarytopaths.code.tex
File: tikzlibrarytopaths.code.tex 2023-01-15 v3.1.10 (3.1.10)
)))
(d:/texlive/2023/texmf-dist/tex/latex/makecell/makecell.sty
Package: makecell 2009/08/03 V0.1e Managing of Tab Column Heads and Cells
\rotheadsize=\dimen367
\c@nlinenum=\count377
\TeXr@lab=\toks51
)
(d:/texlive/2023/texmf-dist/tex/latex/footmisc/footmisc.sty
Package: footmisc 2023/07/05 v6.0f a miscellany of footnote facilities
\FN@temptoken=\toks52
\footnotemargin=\dimen368
\@outputbox@depth=\dimen369

(d:/texlive/2023/texmf-dist/tex/latex/bigfoot/perpage.sty
Package: perpage 2014/10/25 2.0 Reset/sort counters per page
\c@abspage=\count378
)
\c@pp@a@footnote=\count379
Package footmisc Info: Declaring symbol style bringhurst on input line 696.
Package footmisc Info: Declaring symbol style chicago on input line 704.
Package footmisc Info: Declaring symbol style wiley on input line 713.
Package footmisc Info: Declaring symbol style lamport-robust on input line 724.

Package footmisc Info: Declaring symbol style lamport* on input line 744.
Package footmisc Info: Declaring symbol style lamport*-robust on input line 765
.
)
(d:/texlive/2023/texmf-dist/tex/latex/tools/hhline.sty
Package: hhline 2020/01/04 v2.04 Table rule package (DPC)
)
(d:/texlive/2023/texmf-dist/tex/generic/ulem/ulem.sty
\UL@box=\box105
\UL@hyphenbox=\box106
\UL@skip=\skip118
\UL@hook=\toks53
\UL@height=\dimen370
\UL@pe=\count380
\UL@pixel=\dimen371
\ULC@box=\box107
Package: ulem 2019/11/18
\ULdepth=\dimen372
)
(d:/texlive/2023/texmf-dist/tex/latex/placeins/placeins.sty
Package: placeins 2005/04/18  v 2.2
)) (./general.aux)
\openout1 = general.aux

LaTeX Font Info:    Checking defaults for OML/cmm/m/it on input line 34.
LaTeX Font Info:    ... okay on input line 34.
LaTeX Font Info:    Checking defaults for OMS/cmsy/m/n on input line 34.
LaTeX Font Info:    ... okay on input line 34.
LaTeX Font Info:    Checking defaults for OT1/cmr/m/n on input line 34.
LaTeX Font Info:    ... okay on input line 34.
LaTeX Font Info:    Checking defaults for T1/cmr/m/n on input line 34.
LaTeX Font Info:    ... okay on input line 34.
LaTeX Font Info:    Checking defaults for TS1/cmr/m/n on input line 34.
LaTeX Font Info:    ... okay on input line 34.
LaTeX Font Info:    Checking defaults for TU/lmr/m/n on input line 34.
LaTeX Font Info:    ... okay on input line 34.
LaTeX Font Info:    Checking defaults for OMX/cmex/m/n on input line 34.
LaTeX Font Info:    ... okay on input line 34.
LaTeX Font Info:    Checking defaults for U/cmr/m/n on input line 34.
LaTeX Font Info:    ... okay on input line 34.
LaTeX Font Info:    Checking defaults for PD1/pdf/m/n on input line 34.
LaTeX Font Info:    ... okay on input line 34.
LaTeX Font Info:    Checking defaults for PU/pdf/m/n on input line 34.
LaTeX Font Info:    ... okay on input line 34.
LaTeX Info: Redefining \th on input line 34.

(d:/texlive/2023/texmf-dist/tex/context/base/mkii/supp-pdf.mkii
[Loading MPS to PDF converter (version 2006.09.02).]
\scratchcounter=\count381
\scratchdimen=\dimen373
\scratchbox=\box108
\nofMPsegments=\count382
\nofMParguments=\count383
\everyMPshowfont=\toks54
\MPscratchCnt=\count384
\MPscratchDim=\dimen374
\MPnumerator=\count385
\makeMPintoPDFobject=\count386
\everyMPtoPDFconversion=\toks55
) (d:/texlive/2023/texmf-dist/tex/latex/epstopdf-pkg/epstopdf-base.sty
Package: epstopdf-base 2020-01-24 v2.11 Base part for package epstopdf
Package epstopdf-base Info: Redefining graphics rule for `.eps' on input line 4
85.

(d:/texlive/2023/texmf-dist/tex/latex/latexconfig/epstopdf-sys.cfg
File: epstopdf-sys.cfg 2010/07/13 v1.3 Configuration of (r)epstopdf for TeX Liv
e
))
LaTeX Font Info:    Overwriting math alphabet `\mathrm' in version `normal'
(Font)                  TU/StixTwoMath(1)/m/n --> TU/ArialNarrow(0)/m/n on inpu
t line 34.
LaTeX Font Info:    Overwriting math alphabet `\mathit' in version `normal'
(Font)                  OT1/cmr/m/it --> TU/ArialNarrow(0)/m/it on input line 3
4.
LaTeX Font Info:    Overwriting math alphabet `\mathbf' in version `normal'
(Font)                  OT1/cmr/bx/n --> TU/ArialNarrow(0)/b/n on input line 34
.
LaTeX Font Info:    Overwriting math alphabet `\mathtt' in version `normal'
(Font)                  OT1/cmtt/m/n --> TU/lmtt/m/n on input line 34.
LaTeX Font Info:    Overwriting math alphabet `\mathtt' in version `bold'
(Font)                  OT1/cmtt/m/n --> TU/lmtt/b/n on input line 34.

*geometry* driver: auto-detecting
*geometry* detected driver: luatex
*geometry* verbose mode - [ preamble ] result:
* driver: luatex
* paper: a4paper
* layout: <same size as paper>
* layoutoffset:(h,v)=(0.0pt,0.0pt)
* modes: includehead includefoot 
* h-part:(L,W,R)=(62.59605pt, 506.45908pt, 28.45274pt)
* v-part:(T,H,B)=(17.07164pt, 810.90356pt, 17.07164pt)
* \paperwidth=597.50787pt
* \paperheight=845.04684pt
* \textwidth=506.45908pt
* \textheight=767.95084pt
* \oddsidemargin=-9.67393pt
* \evensidemargin=-9.67393pt
* \topmargin=-55.19835pt
* \headheight=14.5pt
* \headsep=8.53581pt
* \topskip=22.0pt
* \footskip=19.91692pt
* \marginparwidth=0.0pt
* \marginparsep=0.0pt
* \columnsep=10.0pt
* \skip\footins=10.8pt plus 4.0pt minus 2.0pt
* \hoffset=0.0pt
* \voffset=0.0pt
* \mag=1000
* \@twocolumnfalse
* \@twosidefalse
* \@mparswitchfalse
* \@reversemarginfalse
* (1in=72.27pt=25.4mm, 1cm=28.453pt)

Package hyperref Info: Link coloring OFF on input line 34.
(./general.out) (./general.out)
\@outlinefile=\write4

\openout4 = general.out
Package caption Info: Begin \AtBeginDocument code.
Package caption Info: float package is loaded.
Package caption Info: End \AtBeginDocument code.

(d:/texlive/2023/texmf-dist/tex/latex/ninecolors/ninecolors.sty
Package: ninecolors 2022-02-13 v2022D Select colors with proper color contrast
)
LaTeX Info: Redefining \microtypecontext on input line 34.
Package microtype Info: Applying patch `item' on input line 34.
Package microtype Info: Applying patch `toc' on input line 34.
Package microtype Info: Applying patch `eqnum' on input line 34.
Package microtype Info: Applying patch `footnote' on input line 34.
Package microtype Info: Applying patch `verbatim' on input line 34.
Package microtype Info: Generating PDF output.
Package microtype Info: Character protrusion enabled (level 2).
Package microtype Info: Using default protrusion set `alltext'.
Package microtype Info: Automatic font expansion enabled (level 2),
(microtype)             stretch: 20, shrink: 20, step: 1, non-selected.
Package microtype Info: Using default expansion set `alltext-nott'.
LaTeX Info: Redefining \showhyphens on input line 34.
Package microtype Info: No adjustment of tracking.
Package microtype Info: No adjustment of spacing.
Package microtype Info: No adjustment of kerning.
Package microtype Info: Loading generic protrusion settings for font family
(microtype)             `ArialNarrow' (encoding: TU).
(microtype)             For optimal results, create family-specific settings.
(microtype)             See the microtype manual for details.
 (./title0.tex)
warning  (file ./images/uni.pdf) (pdf inclusion): PDF inclusion: found PDF versi
on '1.6', but at most version '1.5' allowed
<./images/uni.pdf, id=75, 455.11758pt x 94.86363pt>
File: ./images/uni.pdf Graphic file (type pdf)
<use ./images/uni.pdf>
Package luatex.def Info: ./images/uni.pdf  used on input line 45.
(luatex.def)             Requested size: 204.80101pt x 42.68823pt.

Package fancyhdr Warning: \headheight is too small (14.5pt): 
(fancyhdr)                Make it at least 81.83154pt, for example:
(fancyhdr)                \setlength{\headheight}{81.83154pt}.
(fancyhdr)                You might also make \topmargin smaller to compensate:

(fancyhdr)                \addtolength{\topmargin}{-67.33154pt}.

[1

{d:/texlive/2023/texmf-var/fonts/map/pdftex/updmap/pdftex.map}<./images/uni.pdf>
] (./title1.tex
Package microtype Info: Loading generic protrusion settings for font family
(microtype)             `StixTwoMath' (encoding: TU).
(microtype)             For optimal results, create family-specific settings.
(microtype)             See the microtype manual for details.
) [2

] (./section_format.tex) (./toc.tex (./general.toc
[3


]
Overfull \hbox (3.1318pt too wide) in paragraph at lines 71--71
 [][] []\TU/ArialNarrow(1)/m/n/12 ПРИЛОЖЕНИЕ [](СПРАВОЧНОЕ) 
ГРАФИКИ ОБРАТНОЗАВИСИМЫХ ВРЕМЯТОКОВЫХ ХА
РАКТЕРИСТИК[] []  
 []


Overfull \hbox (2.27592pt too wide) in paragraph at lines 72--72
 [][] []\TU/ArialNarrow(1)/m/n/12 ПРИЛОЖЕНИЕ [](СПРАВОЧНОЕ) 
ФУНКЦИОНАЛЬНАЯ СХЕМА ПРЕДУПРЕДИТЕЛЬНОЙ С
ИГНАЛИЗАЦИИ[] []  
 []

)
\tf@toc=\write5

\openout5 = general.toc
) [4] (./toa_general.tex
Overfull \hbox (169.7279pt too wide) in alignment at lines 5--6
 [][][] 
 []


Overfull \hbox (169.7279pt too wide) in alignment at lines 6--6
 [][][] 
 []


Overfull \hbox (169.7279pt too wide) in alignment at lines 6--6
 [][][] 
 []


Overfull \hbox (169.7279pt too wide) in alignment at lines 6--6
 [][][] 
 []


Overfull \hbox (169.7279pt too wide) in alignment at lines 6--117
 [][][] 
 []

[5

] [6]) [7] (./section0.tex) [8] (./section1.tex
Inserting `luaotfload.letterspace' in `pre_linebreak_filter'.
Inserting `luaotfload.letterspace' in `hpack_filter'.
warning  (file ./images/314.jpg) (readjpg): Exif resolution 96dpi x 96dpi differ
s from the input resolution 192dpi x 192dpi
<./images/314.jpg, id=256, 846.91406pt x 298.86656pt>
File: ./images/314.jpg Graphic file (type jpg)
<use ./images/314.jpg>
Package luatex.def Info: ./images/314.jpg  used on input line 91.
(luatex.def)             Requested size: 354.51257pt x 125.10353pt.
[9]
warning  (file ./images/319.jpg) (readjpg): Exif resolution 96dpi x 96dpi differ
s from the input resolution 199dpi x 199dpi
<./images/319.jpg, id=274, 1028.34187pt x 282.30469pt>
File: ./images/319.jpg Graphic file (type jpg)
<use ./images/319.jpg>
Package luatex.def Info: ./images/319.jpg  used on input line 98.
(luatex.def)             Requested size: 455.81406pt x 125.13196pt.
[10<./images/314.jpg
warning  (readjpg): Exif resolution 96dpi x 96dpi differs from the input resolut
ion 192dpi x 192dpi
><./images/319.jpg
warning  (readjpg): Exif resolution 96dpi x 96dpi differs from the input resolut
ion 199dpi x 199dpi
>] [11]
Overfull \hbox (1.6304pt too wide) in alignment at lines 193--199
 [][][][] 
 []


Overfull \hbox (1.6304pt too wide) in alignment at lines 199--205
 [][][][] 
 []


Overfull \hbox (1.6304pt too wide) in alignment at lines 205--207
 [][][][] 
 []


Overfull \hbox (1.6304pt too wide) in alignment at lines 207--209
 [][][][] 
 []


Overfull \hbox (1.6304pt too wide) in alignment at lines 209--241
 [][][][] 
 []

[12] [13] (d:/texlive/2023/texmf-dist/tex/latex/microtype/mt-TU-empty.cfg
File: mt-TU-empty.cfg 2021/06/22 v1.1 microtype config. file: fonts with nonsta
ndard glyph set (RS)
)
Underfull \hbox (badness 3758) in paragraph at lines 422--422
[]| []\TU/FontAwesome(0)/m/n/17.28 []  \TU/ArialNarrow(1)/m/n/12 При у
те-ре па-ро-ля учет-ной за-пи-си поль-зо-ва-т
е-ля с ро-лью Администратор, вос-ста-нов-ле-
ние
 []


Underfull \hbox (badness 4001) in paragraph at lines 422--422
\TU/ArialNarrow(1)/m/n/12 ад-ми-ни-стра-тив-ных прав во
з-мож-но толь-ко пу-тем пе-ре-про-грам-ми-ро-
ва-ния устрой-ства спе-ци-а-ли-стом
 []

[14]) [15] (./section2.tex)
("//uni-eng.ru/unit/Ivanovo/Документация ЮНИТ М300/Разра
ботка/Схемы ФБ ЮНИТ-М300/Проект/БД/desc//101. ДЗ/_la
tex/dz.tex" [16]
LaTeX Font Info:    Font shape `TU/ArialNarrow(1)/m/sl' in size <12> not availa
ble
(Font)              Font shape `TU/ArialNarrow(1)/m/it' tried instead on input 
line 33.

Underfull \hbox (badness 1087) in paragraph at lines 39--40
[]\TU/ArialNarrow(1)/m/n/12 вре-мя воз-вра-та ре-ле со-пр
о-тив-ле-ния при скач-ко-об-раз-ном из-ме-не-
нии со-про-тив-ле-ния на вхо-де от
 []

[17] [18]
warning  (file //uni-eng.ru/unit/Ivanovo/Документация ЮНИТ М300
/Разработка/Схемы ФБ ЮНИТ-М300/Проект/БД/desc//101
. ДЗ/_latex/img/1.pdf) (pdf inclusion): PDF inclusion: found PDF version '1.7'
, but at most version '1.5' allowed
<//uni-eng.ru/unit/Ivanovo/Документация ЮНИТ М300/Разра
ботка/Схемы ФБ ЮНИТ-М300/Проект/БД/desc//101. ДЗ/_la
tex/img/1.pdf, id=438, 752.97044pt x 514.84741pt>
File: //uni-eng.ru/unit/Ivanovo/Документация ЮНИТ М300/Раз
работка/Схемы ФБ ЮНИТ-М300/Проект/БД/desc//101. Д
З/_latex/img/1.pdf Graphic file (type pdf)
<use //uni-eng.ru/unit/Ivanovo/Документация ЮНИТ М300/Раз
работка/Схемы ФБ ЮНИТ-М300/Проект/БД/desc//101. Д
З/_latex/img/1.pdf>
Package luatex.def Info: //uni-eng.ru/unit/Ivanovo/Документация Ю
НИТ М300/Разработка/Схемы ФБ ЮНИТ-М300/Проект/
БД/desc//101. ДЗ/_latex/img/1.pdf  used on input line 166.
(luatex.def)             Requested size: 303.88284pt x 207.78145pt.
[19<//uni-eng.ru/unit/Ivanovo/Документация ЮНИТ М300/Разр
аботка/Схемы ФБ ЮНИТ-М300/Проект/БД/desc//101. ДЗ/_l
atex/img/1.pdf>]
warning  (file //uni-eng.ru/unit/Ivanovo/Документация ЮНИТ М300
/Разработка/Схемы ФБ ЮНИТ-М300/Проект/БД/desc//101
. ДЗ/_latex/img/2.pdf) (pdf inclusion): PDF inclusion: found PDF version '1.7'
, but at most version '1.5' allowed
<//uni-eng.ru/unit/Ivanovo/Документация ЮНИТ М300/Разра
ботка/Схемы ФБ ЮНИТ-М300/Проект/БД/desc//101. ДЗ/_la
tex/img/2.pdf, id=464, 1302.57208pt x 522.57625pt>
File: //uni-eng.ru/unit/Ivanovo/Документация ЮНИТ М300/Раз
работка/Схемы ФБ ЮНИТ-М300/Проект/БД/desc//101. Д
З/_latex/img/2.pdf Graphic file (type pdf)
<use //uni-eng.ru/unit/Ivanovo/Документация ЮНИТ М300/Раз
работка/Схемы ФБ ЮНИТ-М300/Проект/БД/desc//101. Д
З/_latex/img/2.pdf>
Package luatex.def Info: //uni-eng.ru/unit/Ivanovo/Документация Ю
НИТ М300/Разработка/Схемы ФБ ЮНИТ-М300/Проект/
БД/desc//101. ДЗ/_latex/img/2.pdf  used on input line 198.
(luatex.def)             Requested size: 506.45078pt x 203.18195pt.
[20<//uni-eng.ru/unit/Ivanovo/Документация ЮНИТ М300/Разр
аботка/Схемы ФБ ЮНИТ-М300/Проект/БД/desc//101. ДЗ/_l
atex/img/2.pdf>] [21]
warning  (file //uni-eng.ru/unit/Ivanovo/Документация ЮНИТ М300
/Разработка/Схемы ФБ ЮНИТ-М300/Проект/БД/desc//101
. ДЗ/_latex/img/dz1ff.pdf) (pdf inclusion): PDF inclusion: found PDF version '
1.7', but at most version '1.5' allowed
<//uni-eng.ru/unit/Ivanovo/Документация ЮНИТ М300/Разра
ботка/Схемы ФБ ЮНИТ-М300/Проект/БД/desc//101. ДЗ/_la
tex/img/dz1ff.pdf, id=507, 2536.2727pt x 2282.88734pt>
File: //uni-eng.ru/unit/Ivanovo/Документация ЮНИТ М300/Раз
работка/Схемы ФБ ЮНИТ-М300/Проект/БД/desc//101. Д
З/_latex/img/dz1ff.pdf Graphic file (type pdf)
<use //uni-eng.ru/unit/Ivanovo/Документация ЮНИТ М300/Раз
работка/Схемы ФБ ЮНИТ-М300/Проект/БД/desc//101. Д
З/_latex/img/dz1ff.pdf>
Package luatex.def Info: //uni-eng.ru/unit/Ivanovo/Документация Ю
НИТ М300/Разработка/Схемы ФБ ЮНИТ-М300/Проект/
БД/desc//101. ДЗ/_latex/img/dz1ff.pdf  used on input line 302.
(luatex.def)             Requested size: 455.81279pt x 410.27498pt.
[22] [23<//uni-eng.ru/unit/Ivanovo/Документация ЮНИТ М300/Р
азработка/Схемы ФБ ЮНИТ-М300/Проект/БД/desc//101. 
ДЗ/_latex/img/dz1ff.pdf>]
warning  (file //uni-eng.ru/unit/Ivanovo/Документация ЮНИТ М300
/Разработка/Схемы ФБ ЮНИТ-М300/Проект/БД/desc//101
. ДЗ/_latex/img/dz2ff.pdf) (pdf inclusion): PDF inclusion: found PDF version '
1.7', but at most version '1.5' allowed
<//uni-eng.ru/unit/Ivanovo/Документация ЮНИТ М300/Разра
ботка/Схемы ФБ ЮНИТ-М300/Проект/БД/desc//101. ДЗ/_la
tex/img/dz2ff.pdf, id=538, 2624.25255pt x 2392.94pt>
File: //uni-eng.ru/unit/Ivanovo/Документация ЮНИТ М300/Раз
работка/Схемы ФБ ЮНИТ-М300/Проект/БД/desc//101. Д
З/_latex/img/dz2ff.pdf Graphic file (type pdf)
<use //uni-eng.ru/unit/Ivanovo/Документация ЮНИТ М300/Раз
работка/Схемы ФБ ЮНИТ-М300/Проект/БД/desc//101. Д
З/_latex/img/dz2ff.pdf>
Package luatex.def Info: //uni-eng.ru/unit/Ivanovo/Документация Ю
НИТ М300/Разработка/Схемы ФБ ЮНИТ-М300/Проект/
БД/desc//101. ДЗ/_latex/img/dz2ff.pdf  used on input line 409.
(luatex.def)             Requested size: 455.8074pt x 415.63063pt.
[24] [25<//uni-eng.ru/unit/Ivanovo/Документация ЮНИТ М300/Р
азработка/Схемы ФБ ЮНИТ-М300/Проект/БД/desc//101. 
ДЗ/_latex/img/dz2ff.pdf>]
warning  (file //uni-eng.ru/unit/Ivanovo/Документация ЮНИТ М300
/Разработка/Схемы ФБ ЮНИТ-М300/Проект/БД/desc//101
. ДЗ/_latex/img/dz3ff.pdf) (pdf inclusion): PDF inclusion: found PDF version '
1.7', but at most version '1.5' allowed
<//uni-eng.ru/unit/Ivanovo/Документация ЮНИТ М300/Разра
ботка/Схемы ФБ ЮНИТ-М300/Проект/БД/desc//101. ДЗ/_la
tex/img/dz3ff.pdf, id=569, 2418.75146pt x 2344.7802pt>
File: //uni-eng.ru/unit/Ivanovo/Документация ЮНИТ М300/Раз
работка/Схемы ФБ ЮНИТ-М300/Проект/БД/desc//101. Д
З/_latex/img/dz3ff.pdf Graphic file (type pdf)
<use //uni-eng.ru/unit/Ivanovo/Документация ЮНИТ М300/Раз
работка/Схемы ФБ ЮНИТ-М300/Проект/БД/desc//101. Д
З/_latex/img/dz3ff.pdf>
Package luatex.def Info: //uni-eng.ru/unit/Ivanovo/Документация Ю
НИТ М300/Разработка/Схемы ФБ ЮНИТ-М300/Проект/
БД/desc//101. ДЗ/_latex/img/dz3ff.pdf  used on input line 466.
(luatex.def)             Requested size: 455.80304pt x 441.86346pt.
[26<//uni-eng.ru/unit/Ivanovo/Документация ЮНИТ М300/Разр
аботка/Схемы ФБ ЮНИТ-М300/Проект/БД/desc//101. ДЗ/_l
atex/img/dz3ff.pdf>]
warning  (file //uni-eng.ru/unit/Ivanovo/Документация ЮНИТ М300
/Разработка/Схемы ФБ ЮНИТ-М300/Проект/БД/desc//101
. ДЗ/_latex/img/dz1fz.pdf) (pdf inclusion): PDF inclusion: found PDF version '
1.7', but at most version '1.5' allowed
<//uni-eng.ru/unit/Ivanovo/Документация ЮНИТ М300/Разра
ботка/Схемы ФБ ЮНИТ-М300/Проект/БД/desc//101. ДЗ/_la
tex/img/dz1fz.pdf, id=591, 1252.16612pt x 1133.87445pt>
File: //uni-eng.ru/unit/Ivanovo/Документация ЮНИТ М300/Раз
работка/Схемы ФБ ЮНИТ-М300/Проект/БД/desc//101. Д
З/_latex/img/dz1fz.pdf Graphic file (type pdf)
<use //uni-eng.ru/unit/Ivanovo/Документация ЮНИТ М300/Раз
работка/Схемы ФБ ЮНИТ-М300/Проект/БД/desc//101. Д
З/_latex/img/dz1fz.pdf>
Package luatex.def Info: //uni-eng.ru/unit/Ivanovo/Документация Ю
НИТ М300/Разработка/Схемы ФБ ЮНИТ-М300/Проект/
БД/desc//101. ДЗ/_latex/img/dz1fz.pdf  used on input line 525.
(luatex.def)             Requested size: 455.80447pt x 412.7448pt.
[27] [28<//uni-eng.ru/unit/Ivanovo/Документация ЮНИТ М300/Р
азработка/Схемы ФБ ЮНИТ-М300/Проект/БД/desc//101. 
ДЗ/_latex/img/dz1fz.pdf>]
warning  (file //uni-eng.ru/unit/Ivanovo/Документация ЮНИТ М300
/Разработка/Схемы ФБ ЮНИТ-М300/Проект/БД/desc//101
. ДЗ/_latex/img/dz2fz.pdf) (pdf inclusion): PDF inclusion: found PDF version '
1.7', but at most version '1.5' allowed
<//uni-eng.ru/unit/Ivanovo/Документация ЮНИТ М300/Разра
ботка/Схемы ФБ ЮНИТ-М300/Проект/БД/desc//101. ДЗ/_la
tex/img/dz2fz.pdf, id=616, 1122.84392pt x 1029.98006pt>
File: //uni-eng.ru/unit/Ivanovo/Документация ЮНИТ М300/Раз
работка/Схемы ФБ ЮНИТ-М300/Проект/БД/desc//101. Д
З/_latex/img/dz2fz.pdf Graphic file (type pdf)
<use //uni-eng.ru/unit/Ivanovo/Документация ЮНИТ М300/Раз
работка/Схемы ФБ ЮНИТ-М300/Проект/БД/desc//101. Д
З/_latex/img/dz2fz.pdf>
Package luatex.def Info: //uni-eng.ru/unit/Ivanovo/Документация Ю
НИТ М300/Разработка/Схемы ФБ ЮНИТ-М300/Проект/
БД/desc//101. ДЗ/_latex/img/dz2fz.pdf  used on input line 582.
(luatex.def)             Requested size: 455.81155pt x 418.11404pt.
[29<//uni-eng.ru/unit/Ivanovo/Документация ЮНИТ М300/Разр
аботка/Схемы ФБ ЮНИТ-М300/Проект/БД/desc//101. ДЗ/_l
atex/img/dz2fz.pdf>]
warning  (file //uni-eng.ru/unit/Ivanovo/Документация ЮНИТ М300
/Разработка/Схемы ФБ ЮНИТ-М300/Проект/БД/desc//101
. ДЗ/_latex/img/charon.pdf) (pdf inclusion): PDF inclusion: found PDF version 
'1.7', but at most version '1.5' allowed
<//uni-eng.ru/unit/Ivanovo/Документация ЮНИТ М300/Разра
ботка/Схемы ФБ ЮНИТ-М300/Проект/БД/desc//101. ДЗ/_la
tex/img/charon.pdf, id=633, 407.15517pt x 405.29028pt>
File: //uni-eng.ru/unit/Ivanovo/Документация ЮНИТ М300/Раз
работка/Схемы ФБ ЮНИТ-М300/Проект/БД/desc//101. Д
З/_latex/img/charon.pdf Graphic file (type pdf)
<use //uni-eng.ru/unit/Ivanovo/Документация ЮНИТ М300/Раз
работка/Схемы ФБ ЮНИТ-М300/Проект/БД/desc//101. Д
З/_latex/img/charon.pdf>
Package luatex.def Info: //uni-eng.ru/unit/Ivanovo/Документация Ю
НИТ М300/Разработка/Схемы ФБ ЮНИТ-М300/Проект/
БД/desc//101. ДЗ/_latex/img/charon.pdf  used on input line 604.
(luatex.def)             Requested size: 253.23502pt x 252.07513pt.
[30<//uni-eng.ru/unit/Ivanovo/Документация ЮНИТ М300/Разр
аботка/Схемы ФБ ЮНИТ-М300/Проект/БД/desc//101. ДЗ/_l
atex/img/charon.pdf>]
warning  (file //uni-eng.ru/unit/Ivanovo/Документация ЮНИТ М300
/Разработка/Схемы ФБ ЮНИТ-М300/Проект/БД/desc//101
. ДЗ/_latex/img/on1.pdf) (pdf inclusion): PDF inclusion: found PDF version '1.
7', but at most version '1.5' allowed
<//uni-eng.ru/unit/Ivanovo/Документация ЮНИТ М300/Разра
ботка/Схемы ФБ ЮНИТ-М300/Проект/БД/desc//101. ДЗ/_la
tex/img/on1.pdf, id=670, 2189.38188pt x 1098.90506pt>
File: //uni-eng.ru/unit/Ivanovo/Документация ЮНИТ М300/Раз
работка/Схемы ФБ ЮНИТ-М300/Проект/БД/desc//101. Д
З/_latex/img/on1.pdf Graphic file (type pdf)
<use //uni-eng.ru/unit/Ivanovo/Документация ЮНИТ М300/Раз
работка/Схемы ФБ ЮНИТ-М300/Проект/БД/desc//101. Д
З/_latex/img/on1.pdf>
Package luatex.def Info: //uni-eng.ru/unit/Ivanovo/Документация Ю
НИТ М300/Разработка/Схемы ФБ ЮНИТ-М300/Проект/
БД/desc//101. ДЗ/_latex/img/on1.pdf  used on input line 649.
(luatex.def)             Requested size: 506.45367pt x 254.20166pt.

warning  (file //uni-eng.ru/unit/Ivanovo/Документация ЮНИТ М300
/Разработка/Схемы ФБ ЮНИТ-М300/Проект/БД/desc//101
. ДЗ/_latex/img/on2.pdf) (pdf inclusion): PDF inclusion: found PDF version '1.
7', but at most version '1.5' allowed
<//uni-eng.ru/unit/Ivanovo/Документация ЮНИТ М300/Разра
ботка/Схемы ФБ ЮНИТ-М300/Проект/БД/desc//101. ДЗ/_la
tex/img/on2.pdf, id=673, 1802.68155pt x 2110.15935pt>
File: //uni-eng.ru/unit/Ivanovo/Документация ЮНИТ М300/Раз
работка/Схемы ФБ ЮНИТ-М300/Проект/БД/desc//101. Д
З/_latex/img/on2.pdf Graphic file (type pdf)
<use //uni-eng.ru/unit/Ivanovo/Документация ЮНИТ М300/Раз
работка/Схемы ФБ ЮНИТ-М300/Проект/БД/desc//101. Д
З/_latex/img/on2.pdf>
Package luatex.def Info: //uni-eng.ru/unit/Ivanovo/Документация Ю
НИТ М300/Разработка/Схемы ФБ ЮНИТ-М300/Проект/
БД/desc//101. ДЗ/_latex/img/on2.pdf  used on input line 683.
(luatex.def)             Requested size: 506.45282pt x 592.8369pt.
[31<//uni-eng.ru/unit/Ivanovo/Документация ЮНИТ М300/Разр
аботка/Схемы ФБ ЮНИТ-М300/Проект/БД/desc//101. ДЗ/_l
atex/img/on1.pdf>] [32<//uni-eng.ru/unit/Ivanovo/Документация ЮН
ИТ М300/Разработка/Схемы ФБ ЮНИТ-М300/Проект/Б
Д/desc//101. ДЗ/_latex/img/on2.pdf>]
warning  (file //uni-eng.ru/unit/Ivanovo/Документация ЮНИТ М300
/Разработка/Схемы ФБ ЮНИТ-М300/Проект/БД/desc//101
. ДЗ/_latex/img/opo.pdf) (pdf inclusion): PDF inclusion: found PDF version '1.
7', but at most version '1.5' allowed
<//uni-eng.ru/unit/Ivanovo/Документация ЮНИТ М300/Разра
ботка/Схемы ФБ ЮНИТ-М300/Проект/БД/desc//101. ДЗ/_la
tex/img/opo.pdf, id=724, 3304.32169pt x 1790.94263pt>
File: //uni-eng.ru/unit/Ivanovo/Документация ЮНИТ М300/Раз
работка/Схемы ФБ ЮНИТ-М300/Проект/БД/desc//101. Д
З/_latex/img/opo.pdf Graphic file (type pdf)
<use //uni-eng.ru/unit/Ivanovo/Документация ЮНИТ М300/Раз
работка/Схемы ФБ ЮНИТ-М300/Проект/БД/desc//101. Д
З/_latex/img/opo.pdf>
Package luatex.def Info: //uni-eng.ru/unit/Ivanovo/Документация Ю
НИТ М300/Разработка/Схемы ФБ ЮНИТ-М300/Проект/
БД/desc//101. ДЗ/_latex/img/opo.pdf  used on input line 714.
(luatex.def)             Requested size: 405.12329pt x 219.57686pt.
Package microtype Info: Loading generic protrusion settings for font family
(microtype)             `lmtt' (encoding: TU).
(microtype)             For optimal results, create family-specific settings.
(microtype)             See the microtype manual for details.
[33<//uni-eng.ru/unit/Ivanovo/Документация ЮНИТ М300/Разр
аботка/Схемы ФБ ЮНИТ-М300/Проект/БД/desc//101. ДЗ/_l
atex/img/opo.pdf>]
warning  (file //uni-eng.ru/unit/Ivanovo/Документация ЮНИТ М300
/Разработка/Схемы ФБ ЮНИТ-М300/Проект/БД/desc//101
. ДЗ/_latex/img/ovp.pdf) (pdf inclusion): PDF inclusion: found PDF version '1.
7', but at most version '1.5' allowed
<//uni-eng.ru/unit/Ivanovo/Документация ЮНИТ М300/Разра
ботка/Схемы ФБ ЮНИТ-М300/Проект/БД/desc//101. ДЗ/_la
tex/img/ovp.pdf, id=754, 2692.85648pt x 1429.74406pt>
File: //uni-eng.ru/unit/Ivanovo/Документация ЮНИТ М300/Раз
работка/Схемы ФБ ЮНИТ-М300/Проект/БД/desc//101. Д
З/_latex/img/ovp.pdf Graphic file (type pdf)
<use //uni-eng.ru/unit/Ivanovo/Документация ЮНИТ М300/Раз
работка/Схемы ФБ ЮНИТ-М300/Проект/БД/desc//101. Д
З/_latex/img/ovp.pdf>
Package luatex.def Info: //uni-eng.ru/unit/Ivanovo/Документация Ю
НИТ М300/Разработка/Схемы ФБ ЮНИТ-М300/Проект/
БД/desc//101. ДЗ/_latex/img/ovp.pdf  used on input line 793.
(luatex.def)             Requested size: 455.80725pt x 242.0061pt.
[34<//uni-eng.ru/unit/Ivanovo/Документация ЮНИТ М300/Разр
аботка/Схемы ФБ ЮНИТ-М300/Проект/БД/desc//101. ДЗ/_l
atex/img/ovp.pdf>]
warning  (file //uni-eng.ru/unit/Ivanovo/Документация ЮНИТ М300
/Разработка/Схемы ФБ ЮНИТ-М300/Проект/БД/desc//101
. ДЗ/_latex/img/audz.pdf) (pdf inclusion): PDF inclusion: found PDF version '1
.7', but at most version '1.5' allowed
<//uni-eng.ru/unit/Ivanovo/Документация ЮНИТ М300/Разра
ботка/Схемы ФБ ЮНИТ-М300/Проект/БД/desc//101. ДЗ/_la
tex/img/audz.pdf, id=783, 2040.77156pt x 472.90654pt>
File: //uni-eng.ru/unit/Ivanovo/Документация ЮНИТ М300/Раз
работка/Схемы ФБ ЮНИТ-М300/Проект/БД/desc//101. Д
З/_latex/img/audz.pdf Graphic file (type pdf)
<use //uni-eng.ru/unit/Ivanovo/Документация ЮНИТ М300/Раз
работка/Схемы ФБ ЮНИТ-М300/Проект/БД/desc//101. Д
З/_latex/img/audz.pdf>
Package luatex.def Info: //uni-eng.ru/unit/Ivanovo/Документация Ю
НИТ М300/Разработка/Схемы ФБ ЮНИТ-М300/Проект/
БД/desc//101. ДЗ/_latex/img/audz.pdf  used on input line 850.
(luatex.def)             Requested size: 405.15768pt x 93.88689pt.

warning  (file //uni-eng.ru/unit/Ivanovo/Документация ЮНИТ М300
/Разработка/Схемы ФБ ЮНИТ-М300/Проект/БД/desc//101
. ДЗ/_latex/img/oudz.pdf) (pdf inclusion): PDF inclusion: found PDF version '1
.7', but at most version '1.5' allowed
<//uni-eng.ru/unit/Ivanovo/Документация ЮНИТ М300/Разра
ботка/Схемы ФБ ЮНИТ-М300/Проект/БД/desc//101. ДЗ/_la
tex/img/oudz.pdf, id=788, 1802.61125pt x 484.73932pt>
File: //uni-eng.ru/unit/Ivanovo/Документация ЮНИТ М300/Раз
работка/Схемы ФБ ЮНИТ-М300/Проект/БД/desc//101. Д
З/_latex/img/oudz.pdf Graphic file (type pdf)
<use //uni-eng.ru/unit/Ivanovo/Документация ЮНИТ М300/Раз
работка/Схемы ФБ ЮНИТ-М300/Проект/БД/desc//101. Д
З/_latex/img/oudz.pdf>
Package luatex.def Info: //uni-eng.ru/unit/Ivanovo/Документация Ю
НИТ М300/Разработка/Схемы ФБ ЮНИТ-М300/Проект/
БД/desc//101. ДЗ/_latex/img/oudz.pdf  used on input line 910.
(luatex.def)             Requested size: 405.15746pt x 108.95068pt.
[35<//uni-eng.ru/unit/Ivanovo/Документация ЮНИТ М300/Разр
аботка/Схемы ФБ ЮНИТ-М300/Проект/БД/desc//101. ДЗ/_l
atex/img/audz.pdf><//uni-eng.ru/unit/Ivanovo/Документация ЮНИТ 
М300/Разработка/Схемы ФБ ЮНИТ-М300/Проект/БД/desc
//101. ДЗ/_latex/img/oudz.pdf>]
warning  (file //uni-eng.ru/unit/Ivanovo/Документация ЮНИТ М300
/Разработка/Схемы ФБ ЮНИТ-М300/Проект/БД/desc//101
. ДЗ/_latex/img/vldz.pdf) (pdf inclusion): PDF inclusion: found PDF version '1
.7', but at most version '1.5' allowed
<//uni-eng.ru/unit/Ivanovo/Документация ЮНИТ М300/Разра
ботка/Схемы ФБ ЮНИТ-М300/Проект/БД/desc//101. ДЗ/_la
tex/img/vldz.pdf, id=829, 2297.2225pt x 917.46059pt>
File: //uni-eng.ru/unit/Ivanovo/Документация ЮНИТ М300/Раз
работка/Схемы ФБ ЮНИТ-М300/Проект/БД/desc//101. Д
З/_latex/img/vldz.pdf Graphic file (type pdf)
<use //uni-eng.ru/unit/Ivanovo/Документация ЮНИТ М300/Раз
работка/Схемы ФБ ЮНИТ-М300/Проект/БД/desc//101. Д
З/_latex/img/vldz.pdf>
Package luatex.def Info: //uni-eng.ru/unit/Ivanovo/Документация Ю
НИТ М300/Разработка/Схемы ФБ ЮНИТ-М300/Проект/
БД/desc//101. ДЗ/_latex/img/vldz.pdf  used on input line 957.
(luatex.def)             Requested size: 303.87227pt x 121.35995pt.
)
("//uni-eng.ru/unit/Ivanovo/Документация ЮНИТ М300/Разра
ботка/Схемы ФБ ЮНИТ-М300/Проект/БД/desc//102. БК/_la
tex/bk.tex" [36<//uni-eng.ru/unit/Ivanovo/Документация ЮНИТ М30
0/Разработка/Схемы ФБ ЮНИТ-М300/Проект/БД/desc//10
1. ДЗ/_latex/img/vldz.pdf>]
warning  (file //uni-eng.ru/unit/Ivanovo/Документация ЮНИТ М300
/Разработка/Схемы ФБ ЮНИТ-М300/Проект/БД/desc//102
. БК/_latex/img/1.pdf) (pdf inclusion): PDF inclusion: found PDF version '1.7'
, but at most version '1.5' allowed
<//uni-eng.ru/unit/Ivanovo/Документация ЮНИТ М300/Разра
ботка/Схемы ФБ ЮНИТ-М300/Проект/БД/desc//102. БК/_la
tex/img/1.pdf, id=855, 1730.24493pt x 1092.12166pt>
File: //uni-eng.ru/unit/Ivanovo/Документация ЮНИТ М300/Раз
работка/Схемы ФБ ЮНИТ-М300/Проект/БД/desc//102. Б
К/_latex/img/1.pdf Graphic file (type pdf)
<use //uni-eng.ru/unit/Ivanovo/Документация ЮНИТ М300/Раз
работка/Схемы ФБ ЮНИТ-М300/Проект/БД/desc//102. Б
К/_latex/img/1.pdf>
Package luatex.def Info: //uni-eng.ru/unit/Ivanovo/Документация Ю
НИТ М300/Разработка/Схемы ФБ ЮНИТ-М300/Проект/
БД/desc//102. БК/_latex/img/1.pdf  used on input line 63.
(luatex.def)             Requested size: 506.45763pt x 319.67343pt.
[37<//uni-eng.ru/unit/Ivanovo/Документация ЮНИТ М300/Разр
аботка/Схемы ФБ ЮНИТ-М300/Проект/БД/desc//102. БК/_l
atex/img/1.pdf>])
("//uni-eng.ru/unit/Ivanovo/Документация ЮНИТ М300/Разра
ботка/Схемы ФБ ЮНИТ-М300/Проект/БД/desc//103. ТО О
Л/_latex/to.tex"
Overfull \hbox (11.18495pt too wide) in alignment at lines 20--26
 [][][][][] 
 []


Overfull \hbox (11.18495pt too wide) in alignment at lines 26--32
 [][][][][] 
 []


Overfull \hbox (11.18495pt too wide) in alignment at lines 32--34
 [][][][][] 
 []


Overfull \hbox (11.18495pt too wide) in alignment at lines 34--36
 [][][][][] 
 []


Overfull \hbox (11.18495pt too wide) in alignment at lines 36--45
 [][][][][] 
 []


warning  (file //uni-eng.ru/unit/Ivanovo/Документация ЮНИТ М300
/Разработка/Схемы ФБ ЮНИТ-М300/Проект/БД/desc//103
. ТО ОЛ/_latex/img/to.pdf) (pdf inclusion): PDF inclusion: found PDF version
 '1.7', but at most version '1.5' allowed
<//uni-eng.ru/unit/Ivanovo/Документация ЮНИТ М300/Разра
ботка/Схемы ФБ ЮНИТ-М300/Проект/БД/desc//103. ТО О
Л/_latex/img/to.pdf, id=885, 1613.35333pt x 641.58665pt>
File: //uni-eng.ru/unit/Ivanovo/Документация ЮНИТ М300/Раз
работка/Схемы ФБ ЮНИТ-М300/Проект/БД/desc//103. Т
О ОЛ/_latex/img/to.pdf Graphic file (type pdf)
<use //uni-eng.ru/unit/Ivanovo/Документация ЮНИТ М300/Раз
работка/Схемы ФБ ЮНИТ-М300/Проект/БД/desc//103. Т
О ОЛ/_latex/img/to.pdf>
Package luatex.def Info: //uni-eng.ru/unit/Ivanovo/Документация Ю
НИТ М300/Разработка/Схемы ФБ ЮНИТ-М300/Проект/
БД/desc//103. ТО ОЛ/_latex/img/to.pdf  used on input line 51.
(luatex.def)             Requested size: 481.12946pt x 191.33206pt.
[38])
("//uni-eng.ru/unit/Ivanovo/Документация ЮНИТ М300/Разра
ботка/Схемы ФБ ЮНИТ-М300/Проект/БД/desc//104. МТЗ 
ОЛ/_latex/mtz.tex" [39<//uni-eng.ru/unit/Ivanovo/Документация Ю
НИТ М300/Разработка/Схемы ФБ ЮНИТ-М300/Проект/
БД/desc//103. ТО ОЛ/_latex/img/to.pdf>] [40]
warning  (file //uni-eng.ru/unit/Ivanovo/Документация ЮНИТ М300
/Разработка/Схемы ФБ ЮНИТ-М300/Проект/БД/desc//104
. МТЗ ОЛ/_latex/img/mtzst.pdf) (pdf inclusion): PDF inclusion: found PDF ve
rsion '1.7', but at most version '1.5' allowed
<//uni-eng.ru/unit/Ivanovo/Документация ЮНИТ М300/Разра
ботка/Схемы ФБ ЮНИТ-М300/Проект/БД/desc//104. МТЗ 
ОЛ/_latex/img/mtzst.pdf, id=942, 1970.18738pt x 2333.54115pt>
File: //uni-eng.ru/unit/Ivanovo/Документация ЮНИТ М300/Раз
работка/Схемы ФБ ЮНИТ-М300/Проект/БД/desc//104. М
ТЗ ОЛ/_latex/img/mtzst.pdf Graphic file (type pdf)
<use //uni-eng.ru/unit/Ivanovo/Документация ЮНИТ М300/Раз
работка/Схемы ФБ ЮНИТ-М300/Проект/БД/desc//104. М
ТЗ ОЛ/_latex/img/mtzst.pdf>
Package luatex.def Info: //uni-eng.ru/unit/Ivanovo/Документация Ю
НИТ М300/Разработка/Схемы ФБ ЮНИТ-М300/Проект/
БД/desc//104. МТЗ ОЛ/_latex/img/mtzst.pdf  used on input line 134.
(luatex.def)             Requested size: 481.12186pt x 569.85324pt.
[41] [42<//uni-eng.ru/unit/Ivanovo/Документация ЮНИТ М300/Р
азработка/Схемы ФБ ЮНИТ-М300/Проект/БД/desc//104. 
МТЗ ОЛ/_latex/img/mtzst.pdf>] [43]
warning  (file //uni-eng.ru/unit/Ivanovo/Документация ЮНИТ М300
/Разработка/Схемы ФБ ЮНИТ-М300/Проект/БД/desc//104
. МТЗ ОЛ/_latex/img/char.pdf) (pdf inclusion): PDF inclusion: found PDF ver
sion '1.7', but at most version '1.5' allowed
<//uni-eng.ru/unit/Ivanovo/Документация ЮНИТ М300/Разра
ботка/Схемы ФБ ЮНИТ-М300/Проект/БД/desc//104. МТЗ 
ОЛ/_latex/img/char.pdf, id=981, 542.025pt x 488.82625pt>
File: //uni-eng.ru/unit/Ivanovo/Документация ЮНИТ М300/Раз
работка/Схемы ФБ ЮНИТ-М300/Проект/БД/desc//104. М
ТЗ ОЛ/_latex/img/char.pdf Graphic file (type pdf)
<use //uni-eng.ru/unit/Ivanovo/Документация ЮНИТ М300/Раз
работка/Схемы ФБ ЮНИТ-М300/Проект/БД/desc//104. М
ТЗ ОЛ/_latex/img/char.pdf>
Package luatex.def Info: //uni-eng.ru/unit/Ivanovo/Документация Ю
НИТ М300/Разработка/Схемы ФБ ЮНИТ-М300/Проект/
БД/desc//104. МТЗ ОЛ/_latex/img/char.pdf  used on input line 229.
(luatex.def)             Requested size: 303.88756pt x 274.06155pt.

warning  (file //uni-eng.ru/unit/Ivanovo/Документация ЮНИТ М300
/Разработка/Схемы ФБ ЮНИТ-М300/Проект/БД/desc//104
. МТЗ ОЛ/_latex/img/onm.pdf) (pdf inclusion): PDF inclusion: found PDF vers
ion '1.7', but at most version '1.5' allowed
<//uni-eng.ru/unit/Ivanovo/Документация ЮНИТ М300/Разра
ботка/Схемы ФБ ЮНИТ-М300/Проект/БД/desc//104. МТЗ 
ОЛ/_latex/img/onm.pdf, id=987, 1350.8289pt x 1080.87836pt>
File: //uni-eng.ru/unit/Ivanovo/Документация ЮНИТ М300/Раз
работка/Схемы ФБ ЮНИТ-М300/Проект/БД/desc//104. М
ТЗ ОЛ/_latex/img/onm.pdf Graphic file (type pdf)
<use //uni-eng.ru/unit/Ivanovo/Документация ЮНИТ М300/Раз
работка/Схемы ФБ ЮНИТ-М300/Проект/БД/desc//104. М
ТЗ ОЛ/_latex/img/onm.pdf>
Package luatex.def Info: //uni-eng.ru/unit/Ivanovo/Документация Ю
НИТ М300/Разработка/Схемы ФБ ЮНИТ-М300/Проект/
БД/desc//104. МТЗ ОЛ/_latex/img/onm.pdf  used on input line 264.
(luatex.def)             Requested size: 405.16934pt x 324.20003pt.
[44<//uni-eng.ru/unit/Ivanovo/Документация ЮНИТ М300/Разр
аботка/Схемы ФБ ЮНИТ-М300/Проект/БД/desc//104. МТ
З ОЛ/_latex/img/char.pdf>]
warning  (file //uni-eng.ru/unit/Ivanovo/Документация ЮНИТ М300
/Разработка/Схемы ФБ ЮНИТ-М300/Проект/БД/desc//104
. МТЗ ОЛ/_latex/img/onm1.pdf) (pdf inclusion): PDF inclusion: found PDF ver
sion '1.7', but at most version '1.5' allowed
<//uni-eng.ru/unit/Ivanovo/Документация ЮНИТ М300/Разра
ботка/Схемы ФБ ЮНИТ-М300/Проект/БД/desc//104. МТЗ 
ОЛ/_latex/img/onm1.pdf, id=1011, 1605.333pt x 868.61679pt>
File: //uni-eng.ru/unit/Ivanovo/Документация ЮНИТ М300/Раз
работка/Схемы ФБ ЮНИТ-М300/Проект/БД/desc//104. М
ТЗ ОЛ/_latex/img/onm1.pdf Graphic file (type pdf)
<use //uni-eng.ru/unit/Ivanovo/Документация ЮНИТ М300/Раз
работка/Схемы ФБ ЮНИТ-М300/Проект/БД/desc//104. М
ТЗ ОЛ/_latex/img/onm1.pdf>
Package luatex.def Info: //uni-eng.ru/unit/Ivanovo/Документация Ю
НИТ М300/Разработка/Схемы ФБ ЮНИТ-М300/Проект/
БД/desc//104. МТЗ ОЛ/_latex/img/onm1.pdf  used on input line 271.
(luatex.def)             Requested size: 455.80998pt x 246.63057pt.
[45<//uni-eng.ru/unit/Ivanovo/Документация ЮНИТ М300/Разр
аботка/Схемы ФБ ЮНИТ-М300/Проект/БД/desc//104. МТ
З ОЛ/_latex/img/onm.pdf><//uni-eng.ru/unit/Ivanovo/Документация 
ЮНИТ М300/Разработка/Схемы ФБ ЮНИТ-М300/Проек
т/БД/desc//104. МТЗ ОЛ/_latex/img/onm1.pdf>]
Overfull \hbox (2.03914pt too wide) in paragraph at lines 290--291
[]\TU/ArialNarrow(1)/m/n/12 при при-е-ме сиг-на-ла от вне
ш-не-го КПОН <<КПОН внеш.>> (со-сто-я-ние про-г
рамм-но-го пе-ре-клю-ча-те-ля <<Внешний>>). 
 []


warning  (file //uni-eng.ru/unit/Ivanovo/Документация ЮНИТ М300
/Разработка/Схемы ФБ ЮНИТ-М300/Проект/БД/desc//104
. МТЗ ОЛ/_latex/img/kpon.pdf) (pdf inclusion): PDF inclusion: found PDF ver
sion '1.7', but at most version '1.5' allowed
<//uni-eng.ru/unit/Ivanovo/Документация ЮНИТ М300/Разра
ботка/Схемы ФБ ЮНИТ-М300/Проект/БД/desc//104. МТЗ 
ОЛ/_latex/img/kpon.pdf, id=1046, 1697.19534pt x 585.60126pt>
File: //uni-eng.ru/unit/Ivanovo/Документация ЮНИТ М300/Раз
работка/Схемы ФБ ЮНИТ-М300/Проект/БД/desc//104. М
ТЗ ОЛ/_latex/img/kpon.pdf Graphic file (type pdf)
<use //uni-eng.ru/unit/Ivanovo/Документация ЮНИТ М300/Раз
работка/Схемы ФБ ЮНИТ-М300/Проект/БД/desc//104. М
ТЗ ОЛ/_latex/img/kpon.pdf>
Package luatex.def Info: //uni-eng.ru/unit/Ivanovo/Документация Ю
НИТ М300/Разработка/Схемы ФБ ЮНИТ-М300/Проект/
БД/desc//104. МТЗ ОЛ/_latex/img/kpon.pdf  used on input line 302.
(luatex.def)             Requested size: 405.15985pt x 139.79659pt.
[46<//uni-eng.ru/unit/Ivanovo/Документация ЮНИТ М300/Разр
аботка/Схемы ФБ ЮНИТ-М300/Проект/БД/desc//104. МТ
З ОЛ/_latex/img/kpon.pdf>]
warning  (file //uni-eng.ru/unit/Ivanovo/Документация ЮНИТ М300
/Разработка/Схемы ФБ ЮНИТ-М300/Проект/БД/desc//104
. МТЗ ОЛ/_latex/img/bnt.pdf) (pdf inclusion): PDF inclusion: found PDF vers
ion '1.7', but at most version '1.5' allowed
<//uni-eng.ru/unit/Ivanovo/Документация ЮНИТ М300/Разра
ботка/Схемы ФБ ЮНИТ-М300/Проект/БД/desc//104. МТЗ 
ОЛ/_latex/img/bnt.pdf, id=1074, 1938.4319pt x 1704.87329pt>
File: //uni-eng.ru/unit/Ivanovo/Документация ЮНИТ М300/Раз
работка/Схемы ФБ ЮНИТ-М300/Проект/БД/desc//104. М
ТЗ ОЛ/_latex/img/bnt.pdf Graphic file (type pdf)
<use //uni-eng.ru/unit/Ivanovo/Документация ЮНИТ М300/Раз
работка/Схемы ФБ ЮНИТ-М300/Проект/БД/desc//104. М
ТЗ ОЛ/_latex/img/bnt.pdf>
Package luatex.def Info: //uni-eng.ru/unit/Ivanovo/Документация Ю
НИТ М300/Разработка/Схемы ФБ ЮНИТ-М300/Проект/
БД/desc//104. МТЗ ОЛ/_latex/img/bnt.pdf  used on input line 363.
(luatex.def)             Requested size: 455.79778pt x 400.87941pt.

warning  (file //uni-eng.ru/unit/Ivanovo/Документация ЮНИТ М300
/Разработка/Схемы ФБ ЮНИТ-М300/Проект/БД/desc//104
. МТЗ ОЛ/_latex/img/blzsh.pdf) (pdf inclusion): PDF inclusion: found PDF ve
rsion '1.7', but at most version '1.5' allowed
<//uni-eng.ru/unit/Ivanovo/Документация ЮНИТ М300/Разра
ботка/Схемы ФБ ЮНИТ-М300/Проект/БД/desc//104. МТЗ 
ОЛ/_latex/img/blzsh.pdf, id=1079, 261.61607pt x 86.19385pt>
File: //uni-eng.ru/unit/Ivanovo/Документация ЮНИТ М300/Раз
работка/Схемы ФБ ЮНИТ-М300/Проект/БД/desc//104. М
ТЗ ОЛ/_latex/img/blzsh.pdf Graphic file (type pdf)
<use //uni-eng.ru/unit/Ivanovo/Документация ЮНИТ М300/Раз
работка/Схемы ФБ ЮНИТ-М300/Проект/БД/desc//104. М
ТЗ ОЛ/_latex/img/blzsh.pdf>
Package luatex.def Info: //uni-eng.ru/unit/Ivanovo/Документация Ю
НИТ М300/Разработка/Схемы ФБ ЮНИТ-М300/Проект/
БД/desc//104. МТЗ ОЛ/_latex/img/blzsh.pdf  used on input line 442.
(luatex.def)             Requested size: 303.902pt x 100.12564pt.
[47<//uni-eng.ru/unit/Ivanovo/Документация ЮНИТ М300/Разр
аботка/Схемы ФБ ЮНИТ-М300/Проект/БД/desc//104. МТ
З ОЛ/_latex/img/bnt.pdf>]
warning  (file //uni-eng.ru/unit/Ivanovo/Документация ЮНИТ М300
/Разработка/Схемы ФБ ЮНИТ-М300/Проект/БД/desc//104
. МТЗ ОЛ/_latex/img/au.pdf) (pdf inclusion): PDF inclusion: found PDF versi
on '1.7', but at most version '1.5' allowed
<//uni-eng.ru/unit/Ivanovo/Документация ЮНИТ М300/Разра
ботка/Схемы ФБ ЮНИТ-М300/Проект/БД/desc//104. МТЗ 
ОЛ/_latex/img/au.pdf, id=1106, 156.20859pt x 51.81859pt>
File: //uni-eng.ru/unit/Ivanovo/Документация ЮНИТ М300/Раз
работка/Схемы ФБ ЮНИТ-М300/Проект/БД/desc//104. М
ТЗ ОЛ/_latex/img/au.pdf Graphic file (type pdf)
<use //uni-eng.ru/unit/Ivanovo/Документация ЮНИТ М300/Раз
работка/Схемы ФБ ЮНИТ-М300/Проект/БД/desc//104. М
ТЗ ОЛ/_latex/img/au.pdf>
Package luatex.def Info: //uni-eng.ru/unit/Ivanovo/Документация Ю
НИТ М300/Разработка/Схемы ФБ ЮНИТ-М300/Проект/
БД/desc//104. МТЗ ОЛ/_latex/img/au.pdf  used on input line 504.
(luatex.def)             Requested size: 303.91664pt x 100.8173pt.

Overfull \hbox (5.7665pt too wide) in paragraph at lines 544--546
[]\TU/ArialNarrow(1)/m/n/12 Оперативное уско-ре-ние пре
ду-смат-ри-ва-ет уско-ре-ние вто-рой или тре-
тьей сту-пе-ни МТЗ. Оперативное
 []


warning  (file //uni-eng.ru/unit/Ivanovo/Документация ЮНИТ М300
/Разработка/Схемы ФБ ЮНИТ-М300/Проект/БД/desc//104
. МТЗ ОЛ/_latex/img/ou.pdf) (pdf inclusion): PDF inclusion: found PDF versi
on '1.7', but at most version '1.5' allowed
<//uni-eng.ru/unit/Ivanovo/Документация ЮНИТ М300/Разра
ботка/Схемы ФБ ЮНИТ-М300/Проект/БД/desc//104. МТЗ 
ОЛ/_latex/img/ou.pdf, id=1111, 1460.76263pt x 308.6073pt>
File: //uni-eng.ru/unit/Ivanovo/Документация ЮНИТ М300/Раз
работка/Схемы ФБ ЮНИТ-М300/Проект/БД/desc//104. М
ТЗ ОЛ/_latex/img/ou.pdf Graphic file (type pdf)
<use //uni-eng.ru/unit/Ivanovo/Документация ЮНИТ М300/Раз
работка/Схемы ФБ ЮНИТ-М300/Проект/БД/desc//104. М
ТЗ ОЛ/_latex/img/ou.pdf>
Package luatex.def Info: //uni-eng.ru/unit/Ivanovo/Документация Ю
НИТ М300/Разработка/Схемы ФБ ЮНИТ-М300/Проект/
БД/desc//104. МТЗ ОЛ/_latex/img/ou.pdf  used on input line 560.
(luatex.def)             Requested size: 379.83391pt x 80.2454pt.
[48<//uni-eng.ru/unit/Ivanovo/Документация ЮНИТ М300/Разр
аботка/Схемы ФБ ЮНИТ-М300/Проект/БД/desc//104. МТ
З ОЛ/_latex/img/blzsh.pdf><//uni-eng.ru/unit/Ivanovo/Документаци
я ЮНИТ М300/Разработка/Схемы ФБ ЮНИТ-М300/Прое
кт/БД/desc//104. МТЗ ОЛ/_latex/img/au.pdf>]
warning  (file //uni-eng.ru/unit/Ivanovo/Документация ЮНИТ М300
/Разработка/Схемы ФБ ЮНИТ-М300/Проект/БД/desc//104
. МТЗ ОЛ/_latex/img/vl.pdf) (pdf inclusion): PDF inclusion: found PDF versi
on '1.7', but at most version '1.5' allowed
<//uni-eng.ru/unit/Ivanovo/Документация ЮНИТ М300/Разра
ботка/Схемы ФБ ЮНИТ-М300/Проект/БД/desc//104. МТЗ 
ОЛ/_latex/img/vl.pdf, id=1145, 2120.36475pt x 564.52556pt>
File: //uni-eng.ru/unit/Ivanovo/Документация ЮНИТ М300/Раз
работка/Схемы ФБ ЮНИТ-М300/Проект/БД/desc//104. М
ТЗ ОЛ/_latex/img/vl.pdf Graphic file (type pdf)
<use //uni-eng.ru/unit/Ivanovo/Документация ЮНИТ М300/Раз
работка/Схемы ФБ ЮНИТ-М300/Проект/БД/desc//104. М
ТЗ ОЛ/_latex/img/vl.pdf>
Package luatex.def Info: //uni-eng.ru/unit/Ivanovo/Документация Ю
НИТ М300/Разработка/Схемы ФБ ЮНИТ-М300/Проект/
БД/desc//104. МТЗ ОЛ/_latex/img/vl.pdf  used on input line 610.
(luatex.def)             Requested size: 329.1708pt x 87.63838pt.
)
("//uni-eng.ru/unit/Ivanovo/Документация ЮНИТ М300/Разра
ботка/Схемы ФБ ЮНИТ-М300/Проект/БД/desc//105. АУ/_la
tex/au.tex"
warning  (file //uni-eng.ru/unit/Ivanovo/Документация ЮНИТ М300
/Разработка/Схемы ФБ ЮНИТ-М300/Проект/БД/desc//105
. АУ/_latex/img/au.pdf) (pdf inclusion): PDF inclusion: found PDF version '1.7
', but at most version '1.5' allowed
<//uni-eng.ru/unit/Ivanovo/Документация ЮНИТ М300/Разра
ботка/Схемы ФБ ЮНИТ-М300/Проект/БД/desc//105. АУ/_la
tex/img/au.pdf, id=1148, 1629.42795pt x 703.0226pt>
File: //uni-eng.ru/unit/Ivanovo/Документация ЮНИТ М300/Раз
работка/Схемы ФБ ЮНИТ-М300/Проект/БД/desc//105. А
У/_latex/img/au.pdf Graphic file (type pdf)
<use //uni-eng.ru/unit/Ivanovo/Документация ЮНИТ М300/Раз
работка/Схемы ФБ ЮНИТ-М300/Проект/БД/desc//105. А
У/_latex/img/au.pdf>
Package luatex.def Info: //uni-eng.ru/unit/Ivanovo/Документация Ю
НИТ М300/Разработка/Схемы ФБ ЮНИТ-М300/Проект/
БД/desc//105. АУ/_latex/img/au.pdf  used on input line 25.
(luatex.def)             Requested size: 455.81406pt x 196.66261pt.
[49<//uni-eng.ru/unit/Ivanovo/Документация ЮНИТ М300/Разр
аботка/Схемы ФБ ЮНИТ-М300/Проект/БД/desc//104. МТ
З ОЛ/_latex/img/ou.pdf><//uni-eng.ru/unit/Ivanovo/Документация 
ЮНИТ М300/Разработка/Схемы ФБ ЮНИТ-М300/Проек
т/БД/desc//104. МТЗ ОЛ/_latex/img/vl.pdf>])
("//uni-eng.ru/unit/Ivanovo/Документация ЮНИТ М300/Разра
ботка/Схемы ФБ ЮНИТ-М300/Проект/БД/desc//106. ТЗН
П ОЛ/_latex/tznp.tex" [50<//uni-eng.ru/unit/Ivanovo/Документаци
я ЮНИТ М300/Разработка/Схемы ФБ ЮНИТ-М300/Прое
кт/БД/desc//105. АУ/_latex/img/au.pdf>] [51]
Overfull \hbox (10.31795pt too wide) in paragraph at lines 107--108
[]\TU/ArialNarrow(1)/m/n/12 Работа сту-пе-ни при неис-пр
ав-но-сти це-пей на-пря-же-ния ре-гу-ли-ру-ет-
ся устав-кой SGF5 <<Реж_БНН_3U0>>.
 []

[52]
warning  (file //uni-eng.ru/unit/Ivanovo/Документация ЮНИТ М300
/Разработка/Схемы ФБ ЮНИТ-М300/Проект/БД/desc//106
. ТЗНП ОЛ/_latex/img/tznpst.pdf) (pdf inclusion): PDF inclusion: found PDF
 version '1.7', but at most version '1.5' allowed
<//uni-eng.ru/unit/Ivanovo/Документация ЮНИТ М300/Разра
ботка/Схемы ФБ ЮНИТ-М300/Проект/БД/desc//106. ТЗН
П ОЛ/_latex/img/tznpst.pdf, id=1247, 2110.00128pt x 1879.57768pt>
File: //uni-eng.ru/unit/Ivanovo/Документация ЮНИТ М300/Раз
работка/Схемы ФБ ЮНИТ-М300/Проект/БД/desc//106. Т
ЗНП ОЛ/_latex/img/tznpst.pdf Graphic file (type pdf)
<use //uni-eng.ru/unit/Ivanovo/Документация ЮНИТ М300/Раз
работка/Схемы ФБ ЮНИТ-М300/Проект/БД/desc//106. Т
ЗНП ОЛ/_latex/img/tznpst.pdf>
Package luatex.def Info: //uni-eng.ru/unit/Ivanovo/Документация Ю
НИТ М300/Разработка/Схемы ФБ ЮНИТ-М300/Проект/
БД/desc//106. ТЗНП ОЛ/_latex/img/tznpst.pdf  used on input line 174.
(luatex.def)             Requested size: 481.13681pt x 428.59406pt.
[53<//uni-eng.ru/unit/Ivanovo/Документация ЮНИТ М300/Разр
аботка/Схемы ФБ ЮНИТ-М300/Проект/БД/desc//106. ТЗ
НП ОЛ/_latex/img/tznpst.pdf>]
warning  (file //uni-eng.ru/unit/Ivanovo/Документация ЮНИТ М300
/Разработка/Схемы ФБ ЮНИТ-М300/Проект/БД/desc//106
. ТЗНП ОЛ/_latex/img/char.pdf) (pdf inclusion): PDF inclusion: found PDF v
ersion '1.7', but at most version '1.5' allowed
<//uni-eng.ru/unit/Ivanovo/Документация ЮНИТ М300/Разра
ботка/Схемы ФБ ЮНИТ-М300/Проект/БД/desc//106. ТЗН
П ОЛ/_latex/img/char.pdf, id=1265, 553.08517pt x 483.0727pt>
File: //uni-eng.ru/unit/Ivanovo/Документация ЮНИТ М300/Раз
работка/Схемы ФБ ЮНИТ-М300/Проект/БД/desc//106. Т
ЗНП ОЛ/_latex/img/char.pdf Graphic file (type pdf)
<use //uni-eng.ru/unit/Ivanovo/Документация ЮНИТ М300/Раз
работка/Схемы ФБ ЮНИТ-М300/Проект/БД/desc//106. Т
ЗНП ОЛ/_latex/img/char.pdf>
Package luatex.def Info: //uni-eng.ru/unit/Ivanovo/Документация Ю
НИТ М300/Разработка/Схемы ФБ ЮНИТ-М300/Проект/
БД/desc//106. ТЗНП ОЛ/_latex/img/char.pdf  used on input line 215.
(luatex.def)             Requested size: 303.88553pt x 265.41808pt.

warning  (file //uni-eng.ru/unit/Ivanovo/Документация ЮНИТ М300
/Разработка/Схемы ФБ ЮНИТ-М300/Проект/БД/desc//106
. ТЗНП ОЛ/_latex/img/onmnp.pdf) (pdf inclusion): PDF inclusion: found PDF 
version '1.7', but at most version '1.5' allowed
<//uni-eng.ru/unit/Ivanovo/Документация ЮНИТ М300/Разра
ботка/Схемы ФБ ЮНИТ-М300/Проект/БД/desc//106. ТЗН
П ОЛ/_latex/img/onmnp.pdf, id=1270, 2094.95134pt x 822.3152pt>
File: //uni-eng.ru/unit/Ivanovo/Документация ЮНИТ М300/Раз
работка/Схемы ФБ ЮНИТ-М300/Проект/БД/desc//106. Т
ЗНП ОЛ/_latex/img/onmnp.pdf Graphic file (type pdf)
<use //uni-eng.ru/unit/Ivanovo/Документация ЮНИТ М300/Раз
работка/Схемы ФБ ЮНИТ-М300/Проект/БД/desc//106. Т
ЗНП ОЛ/_latex/img/onmnp.pdf>
Package luatex.def Info: //uni-eng.ru/unit/Ivanovo/Документация Ю
НИТ М300/Разработка/Схемы ФБ ЮНИТ-М300/Проект/
БД/desc//106. ТЗНП ОЛ/_latex/img/onmnp.pdf  used on input line 250.
(luatex.def)             Requested size: 455.80807pt x 178.91484pt.
[54<//uni-eng.ru/unit/Ivanovo/Документация ЮНИТ М300/Разр
аботка/Схемы ФБ ЮНИТ-М300/Проект/БД/desc//106. ТЗ
НП ОЛ/_latex/img/char.pdf>]
warning  (file //uni-eng.ru/unit/Ivanovo/Документация ЮНИТ М300
/Разработка/Схемы ФБ ЮНИТ-М300/Проект/БД/desc//106
. ТЗНП ОЛ/_latex/img/bntnp.pdf) (pdf inclusion): PDF inclusion: found PDF 
version '1.7', but at most version '1.5' allowed
<//uni-eng.ru/unit/Ivanovo/Документация ЮНИТ М300/Разра
ботка/Схемы ФБ ЮНИТ-М300/Проект/БД/desc//106. ТЗН
П ОЛ/_latex/img/bntnp.pdf, id=1298, 1935.422pt x 777.1331pt>
File: //uni-eng.ru/unit/Ivanovo/Документация ЮНИТ М300/Раз
работка/Схемы ФБ ЮНИТ-М300/Проект/БД/desc//106. Т
ЗНП ОЛ/_latex/img/bntnp.pdf Graphic file (type pdf)
<use //uni-eng.ru/unit/Ivanovo/Документация ЮНИТ М300/Раз
работка/Схемы ФБ ЮНИТ-М300/Проект/БД/desc//106. Т
ЗНП ОЛ/_latex/img/bntnp.pdf>
Package luatex.def Info: //uni-eng.ru/unit/Ivanovo/Документация Ю
НИТ М300/Разработка/Схемы ФБ ЮНИТ-М300/Проект/
БД/desc//106. ТЗНП ОЛ/_latex/img/bntnp.pdf  used on input line 280.
(luatex.def)             Requested size: 405.1512pt x 162.68102pt.
[55<//uni-eng.ru/unit/Ivanovo/Документация ЮНИТ М300/Разр
аботка/Схемы ФБ ЮНИТ-М300/Проект/БД/desc//106. ТЗ
НП ОЛ/_latex/img/onmnp.pdf><//uni-eng.ru/unit/Ivanovo/Документац
ия ЮНИТ М300/Разработка/Схемы ФБ ЮНИТ-М300/Про
ект/БД/desc//106. ТЗНП ОЛ/_latex/img/bntnp.pdf>]
warning  (file //uni-eng.ru/unit/Ivanovo/Документация ЮНИТ М300
/Разработка/Схемы ФБ ЮНИТ-М300/Проект/БД/desc//106
. ТЗНП ОЛ/_latex/img/au.pdf) (pdf inclusion): PDF inclusion: found PDF ver
sion '1.7', but at most version '1.5' allowed
<//uni-eng.ru/unit/Ivanovo/Документация ЮНИТ М300/Разра
ботка/Схемы ФБ ЮНИТ-М300/Проект/БД/desc//106. ТЗН
П ОЛ/_latex/img/au.pdf, id=1341, 1874.89636pt x 334.19913pt>
File: //uni-eng.ru/unit/Ivanovo/Документация ЮНИТ М300/Раз
работка/Схемы ФБ ЮНИТ-М300/Проект/БД/desc//106. Т
ЗНП ОЛ/_latex/img/au.pdf Graphic file (type pdf)
<use //uni-eng.ru/unit/Ivanovo/Документация ЮНИТ М300/Раз
работка/Схемы ФБ ЮНИТ-М300/Проект/БД/desc//106. Т
ЗНП ОЛ/_latex/img/au.pdf>
Package luatex.def Info: //uni-eng.ru/unit/Ivanovo/Документация Ю
НИТ М300/Разработка/Схемы ФБ ЮНИТ-М300/Проект/
БД/desc//106. ТЗНП ОЛ/_latex/img/au.pdf  used on input line 330.
(luatex.def)             Requested size: 303.88031pt x 54.16647pt.

warning  (file //uni-eng.ru/unit/Ivanovo/Документация ЮНИТ М300
/Разработка/Схемы ФБ ЮНИТ-М300/Проект/БД/desc//106
. ТЗНП ОЛ/_latex/img/ou.pdf) (pdf inclusion): PDF inclusion: found PDF ver
sion '1.7', but at most version '1.5' allowed
<//uni-eng.ru/unit/Ivanovo/Документация ЮНИТ М300/Разра
ботка/Схемы ФБ ЮНИТ-М300/Проект/БД/desc//106. ТЗН
П ОЛ/_latex/img/ou.pdf, id=1346, 1863.6886pt x 350.4738pt>
File: //uni-eng.ru/unit/Ivanovo/Документация ЮНИТ М300/Раз
работка/Схемы ФБ ЮНИТ-М300/Проект/БД/desc//106. Т
ЗНП ОЛ/_latex/img/ou.pdf Graphic file (type pdf)
<use //uni-eng.ru/unit/Ivanovo/Документация ЮНИТ М300/Раз
работка/Схемы ФБ ЮНИТ-М300/Проект/БД/desc//106. Т
ЗНП ОЛ/_latex/img/ou.pdf>
Package luatex.def Info: //uni-eng.ru/unit/Ivanovo/Документация Ю
НИТ М300/Разработка/Схемы ФБ ЮНИТ-М300/Проект/
БД/desc//106. ТЗНП ОЛ/_latex/img/ou.pdf  used on input line 386.
(luatex.def)             Requested size: 405.14993pt x 76.18999pt.
)
("//uni-eng.ru/unit/Ivanovo/Документация ЮНИТ М300/Разра
ботка/Схемы ФБ ЮНИТ-М300/Проект/БД/desc//107. НЗО
ЗЗ/_latex/nzozz.tex" [56<//uni-eng.ru/unit/Ivanovo/Документация 
ЮНИТ М300/Разработка/Схемы ФБ ЮНИТ-М300/Проек
т/БД/desc//106. ТЗНП ОЛ/_latex/img/au.pdf><//uni-eng.ru/unit/Ivanovo/
Документация ЮНИТ М300/Разработка/Схемы ФБ 
ЮНИТ-М300/Проект/БД/desc//106. ТЗНП ОЛ/_latex/img/ou.pdf>]
Overfull \hbox (10.31795pt too wide) in paragraph at lines 62--63
[]\TU/ArialNarrow(1)/m/n/12 Работа сту-пе-ни при неис-пр
ав-но-сти це-пей на-пря-же-ния ре-гу-ли-ру-ет-
ся устав-кой SGF3 <<Реж_БНН_3U0>>.
 []


warning  (file //uni-eng.ru/unit/Ivanovo/Документация ЮНИТ М300
/Разработка/Схемы ФБ ЮНИТ-М300/Проект/БД/desc//107
. НЗОЗЗ/_latex/img/po3i0.pdf) (pdf inclusion): PDF inclusion: found PDF ver
sion '1.7', but at most version '1.5' allowed
<//uni-eng.ru/unit/Ivanovo/Документация ЮНИТ М300/Разра
ботка/Схемы ФБ ЮНИТ-М300/Проект/БД/desc//107. НЗО
ЗЗ/_latex/img/po3i0.pdf, id=1386, 2067.24686pt x 1060.46579pt>
File: //uni-eng.ru/unit/Ivanovo/Документация ЮНИТ М300/Раз
работка/Схемы ФБ ЮНИТ-М300/Проект/БД/desc//107. Н
ЗОЗЗ/_latex/img/po3i0.pdf Graphic file (type pdf)
<use //uni-eng.ru/unit/Ivanovo/Документация ЮНИТ М300/Раз
работка/Схемы ФБ ЮНИТ-М300/Проект/БД/desc//107. Н
ЗОЗЗ/_latex/img/po3i0.pdf>
Package luatex.def Info: //uni-eng.ru/unit/Ivanovo/Документация Ю
НИТ М300/Разработка/Схемы ФБ ЮНИТ-М300/Проект/
БД/desc//107. НЗОЗЗ/_latex/img/po3i0.pdf  used on input line 73.
(luatex.def)             Requested size: 455.80511pt x 233.821pt.
[57]
warning  (file //uni-eng.ru/unit/Ivanovo/Документация ЮНИТ М300
/Разработка/Схемы ФБ ЮНИТ-М300/Проект/БД/desc//107
. НЗОЗЗ/_latex/img/po3i0vg.pdf) (pdf inclusion): PDF inclusion: found PDF v
ersion '1.7', but at most version '1.5' allowed
<//uni-eng.ru/unit/Ivanovo/Документация ЮНИТ М300/Разра
ботка/Схемы ФБ ЮНИТ-М300/Проект/БД/desc//107. НЗО
ЗЗ/_latex/img/po3i0vg.pdf, id=1409, 1929.11028pt x 374.845pt>
File: //uni-eng.ru/unit/Ivanovo/Документация ЮНИТ М300/Раз
работка/Схемы ФБ ЮНИТ-М300/Проект/БД/desc//107. Н
ЗОЗЗ/_latex/img/po3i0vg.pdf Graphic file (type pdf)
<use //uni-eng.ru/unit/Ivanovo/Документация ЮНИТ М300/Раз
работка/Схемы ФБ ЮНИТ-М300/Проект/БД/desc//107. Н
ЗОЗЗ/_latex/img/po3i0vg.pdf>
Package luatex.def Info: //uni-eng.ru/unit/Ivanovo/Документация Ю
НИТ М300/Разработка/Схемы ФБ ЮНИТ-М300/Проект/
БД/desc//107. НЗОЗЗ/_latex/img/po3i0vg.pdf  used on input line 140.
(luatex.def)             Requested size: 481.12839pt x 93.48795pt.
[58<//uni-eng.ru/unit/Ivanovo/Документация ЮНИТ М300/Разр
аботка/Схемы ФБ ЮНИТ-М300/Проект/БД/desc//107. НЗ
ОЗЗ/_latex/img/po3i0.pdf><//uni-eng.ru/unit/Ivanovo/Документаци
я ЮНИТ М300/Разработка/Схемы ФБ ЮНИТ-М300/Прое
кт/БД/desc//107. НЗОЗЗ/_latex/img/po3i0vg.pdf>]
warning  (file //uni-eng.ru/unit/Ivanovo/Документация ЮНИТ М300
/Разработка/Схемы ФБ ЮНИТ-М300/Проект/БД/desc//107
. НЗОЗЗ/_latex/img/po3u0.pdf) (pdf inclusion): PDF inclusion: found PDF ver
sion '1.7', but at most version '1.5' allowed
<//uni-eng.ru/unit/Ivanovo/Документация ЮНИТ М300/Разра
ботка/Схемы ФБ ЮНИТ-М300/Проект/БД/desc//107. НЗО
ЗЗ/_latex/img/po3u0.pdf, id=1444, 2117.35292pt x 662.37674pt>
File: //uni-eng.ru/unit/Ivanovo/Документация ЮНИТ М300/Раз
работка/Схемы ФБ ЮНИТ-М300/Проект/БД/desc//107. Н
ЗОЗЗ/_latex/img/po3u0.pdf Graphic file (type pdf)
<use //uni-eng.ru/unit/Ivanovo/Документация ЮНИТ М300/Раз
работка/Схемы ФБ ЮНИТ-М300/Проект/БД/desc//107. Н
ЗОЗЗ/_latex/img/po3u0.pdf>
Package luatex.def Info: //uni-eng.ru/unit/Ivanovo/Документация Ю
НИТ М300/Разработка/Схемы ФБ ЮНИТ-М300/Проект/
БД/desc//107. НЗОЗЗ/_latex/img/po3u0.pdf  used on input line 198.
(luatex.def)             Requested size: 481.13316pt x 150.51407pt.
[59<//uni-eng.ru/unit/Ivanovo/Документация ЮНИТ М300/Разр
аботка/Схемы ФБ ЮНИТ-М300/Проект/БД/desc//107. НЗ
ОЗЗ/_latex/img/po3u0.pdf>] [60]
<//uni-eng.ru/unit/Ivanovo/Документация ЮНИТ М300/Разра
ботка/Схемы ФБ ЮНИТ-М300/Проект/БД/desc//107. НЗО
ЗЗ/_latex/img/transient.jpg, id=1493, 408.56155pt x 181.21974pt>
File: //uni-eng.ru/unit/Ivanovo/Документация ЮНИТ М300/Раз
работка/Схемы ФБ ЮНИТ-М300/Проект/БД/desc//107. Н
ЗОЗЗ/_latex/img/transient.jpg Graphic file (type jpg)
<use //uni-eng.ru/unit/Ivanovo/Документация ЮНИТ М300/Раз
работка/Схемы ФБ ЮНИТ-М300/Проект/БД/desc//107. Н
ЗОЗЗ/_latex/img/transient.jpg>
Package luatex.def Info: //uni-eng.ru/unit/Ivanovo/Документация Ю
НИТ М300/Разработка/Схемы ФБ ЮНИТ-М300/Проект/
БД/desc//107. НЗОЗЗ/_latex/img/transient.jpg  used on input line 297.
(luatex.def)             Requested size: 405.1941pt x 179.72609pt.
<//uni-eng.ru/unit/Ivanovo/Документация ЮНИТ М300/Разра
ботка/Схемы ФБ ЮНИТ-М300/Проект/БД/desc//107. НЗО
ЗЗ/_latex/img/transient2.jpg, id=1495, 394.03493pt x 186.66724pt>
File: //uni-eng.ru/unit/Ivanovo/Документация ЮНИТ М300/Раз
работка/Схемы ФБ ЮНИТ-М300/Проект/БД/desc//107. Н
ЗОЗЗ/_latex/img/transient2.jpg Graphic file (type jpg)
<use //uni-eng.ru/unit/Ivanovo/Документация ЮНИТ М300/Раз
работка/Схемы ФБ ЮНИТ-М300/Проект/БД/desc//107. Н
ЗОЗЗ/_latex/img/transient2.jpg>
Package luatex.def Info: //uni-eng.ru/unit/Ivanovo/Документация Ю
НИТ М300/Разработка/Схемы ФБ ЮНИТ-М300/Проект/
БД/desc//107. НЗОЗЗ/_latex/img/transient2.jpg  used on input line 307.
(luatex.def)             Requested size: 379.8445pt x 179.94475pt.

warning  (file //uni-eng.ru/unit/Ivanovo/Документация ЮНИТ М300
/Разработка/Схемы ФБ ЮНИТ-М300/Проект/БД/desc//107
. НЗОЗЗ/_latex/img/loppz.pdf) (pdf inclusion): PDF inclusion: found PDF ver
sion '1.7', but at most version '1.5' allowed
<//uni-eng.ru/unit/Ivanovo/Документация ЮНИТ М300/Разра
ботка/Схемы ФБ ЮНИТ-М300/Проект/БД/desc//107. НЗО
ЗЗ/_latex/img/loppz.pdf, id=1498, 2049.58554pt x 909.2626pt>
File: //uni-eng.ru/unit/Ivanovo/Документация ЮНИТ М300/Раз
работка/Схемы ФБ ЮНИТ-М300/Проект/БД/desc//107. Н
ЗОЗЗ/_latex/img/loppz.pdf Graphic file (type pdf)
<use //uni-eng.ru/unit/Ivanovo/Документация ЮНИТ М300/Раз
работка/Схемы ФБ ЮНИТ-М300/Проект/БД/desc//107. Н
ЗОЗЗ/_latex/img/loppz.pdf>
Package luatex.def Info: //uni-eng.ru/unit/Ivanovo/Документация Ю
НИТ М300/Разработка/Схемы ФБ ЮНИТ-М300/Проект/
БД/desc//107. НЗОЗЗ/_latex/img/loppz.pdf  used on input line 326.
(luatex.def)             Requested size: 506.45305pt x 224.67899pt.
[61<//uni-eng.ru/unit/Ivanovo/Документация ЮНИТ М300/Разр
аботка/Схемы ФБ ЮНИТ-М300/Проект/БД/desc//107. НЗ
ОЗЗ/_latex/img/transient.jpg><//uni-eng.ru/unit/Ivanovo/Документа
ция ЮНИТ М300/Разработка/Схемы ФБ ЮНИТ-М300/Пр
оект/БД/desc//107. НЗОЗЗ/_latex/img/transient2.jpg>] [62<//uni-eng.ru
/unit/Ivanovo/Документация ЮНИТ М300/Разработка/С
хемы ФБ ЮНИТ-М300/Проект/БД/desc//107. НЗОЗЗ/_latex/img/
loppz.pdf>]
warning  (file //uni-eng.ru/unit/Ivanovo/Документация ЮНИТ М300
/Разработка/Схемы ФБ ЮНИТ-М300/Проект/БД/desc//107
. НЗОЗЗ/_latex/img/char.pdf) (pdf inclusion): PDF inclusion: found PDF vers
ion '1.7', but at most version '1.5' allowed
<//uni-eng.ru/unit/Ivanovo/Документация ЮНИТ М300/Разра
ботка/Схемы ФБ ЮНИТ-М300/Проект/БД/desc//107. НЗО
ЗЗ/_latex/img/char.pdf, id=1536, 553.08517pt x 483.0727pt>
File: //uni-eng.ru/unit/Ivanovo/Документация ЮНИТ М300/Раз
работка/Схемы ФБ ЮНИТ-М300/Проект/БД/desc//107. Н
ЗОЗЗ/_latex/img/char.pdf Graphic file (type pdf)
<use //uni-eng.ru/unit/Ivanovo/Документация ЮНИТ М300/Раз
работка/Схемы ФБ ЮНИТ-М300/Проект/БД/desc//107. Н
ЗОЗЗ/_latex/img/char.pdf>
Package luatex.def Info: //uni-eng.ru/unit/Ivanovo/Документация Ю
НИТ М300/Разработка/Схемы ФБ ЮНИТ-М300/Проект/
БД/desc//107. НЗОЗЗ/_latex/img/char.pdf  used on input line 413.
(luatex.def)             Requested size: 303.88553pt x 265.41808pt.

warning  (file //uni-eng.ru/unit/Ivanovo/Документация ЮНИТ М300
/Разработка/Схемы ФБ ЮНИТ-М300/Проект/БД/desc//107
. НЗОЗЗ/_latex/img/onmnp.pdf) (pdf inclusion): PDF inclusion: found PDF ver
sion '1.7', but at most version '1.5' allowed
<//uni-eng.ru/unit/Ivanovo/Документация ЮНИТ М300/Разра
ботка/Схемы ФБ ЮНИТ-М300/Проект/БД/desc//107. НЗО
ЗЗ/_latex/img/onmnp.pdf, id=1541, 2112.8351pt x 856.57356pt>
File: //uni-eng.ru/unit/Ivanovo/Документация ЮНИТ М300/Раз
работка/Схемы ФБ ЮНИТ-М300/Проект/БД/desc//107. Н
ЗОЗЗ/_latex/img/onmnp.pdf Graphic file (type pdf)
<use //uni-eng.ru/unit/Ivanovo/Документация ЮНИТ М300/Раз
работка/Схемы ФБ ЮНИТ-М300/Проект/БД/desc//107. Н
ЗОЗЗ/_latex/img/onmnp.pdf>
Package luatex.def Info: //uni-eng.ru/unit/Ivanovo/Документация Ю
НИТ М300/Разработка/Схемы ФБ ЮНИТ-М300/Проект/
БД/desc//107. НЗОЗЗ/_latex/img/onmnp.pdf  used on input line 448.
(luatex.def)             Requested size: 455.79819pt x 184.7871pt.
[63<//uni-eng.ru/unit/Ivanovo/Документация ЮНИТ М300/Разр
аботка/Схемы ФБ ЮНИТ-М300/Проект/БД/desc//107. НЗ
ОЗЗ/_latex/img/char.pdf>]
Underfull \hbox (badness 2310) in paragraph at lines 478--480
[]\TU/ArialNarrow(1)/m/n/12 Контроль об-на-ру-же-ния пе-
ре-ме-жа-ю-щих-ся за-мы-ка-ний вво-дит-ся в ра-
бо-ту устав-кой SGF3
 []


warning  (file //uni-eng.ru/unit/Ivanovo/Документация ЮНИТ М300
/Разработка/Схемы ФБ ЮНИТ-М300/Проект/БД/desc//107
. НЗОЗЗ/_latex/img/vl.pdf) (pdf inclusion): PDF inclusion: found PDF versio
n '1.7', but at most version '1.5' allowed
<//uni-eng.ru/unit/Ivanovo/Документация ЮНИТ М300/Разра
ботка/Схемы ФБ ЮНИТ-М300/Проект/БД/desc//107. НЗО
ЗЗ/_latex/img/vl.pdf, id=1567, 1818.45345pt x 895.40405pt>
File: //uni-eng.ru/unit/Ivanovo/Документация ЮНИТ М300/Раз
работка/Схемы ФБ ЮНИТ-М300/Проект/БД/desc//107. Н
ЗОЗЗ/_latex/img/vl.pdf Graphic file (type pdf)
<use //uni-eng.ru/unit/Ivanovo/Документация ЮНИТ М300/Раз
работка/Схемы ФБ ЮНИТ-М300/Проект/БД/desc//107. Н
ЗОЗЗ/_latex/img/vl.pdf>
Package luatex.def Info: //uni-eng.ru/unit/Ivanovo/Документация Ю
НИТ М300/Разработка/Схемы ФБ ЮНИТ-М300/Проект/
БД/desc//107. НЗОЗЗ/_latex/img/vl.pdf  used on input line 489.
(luatex.def)             Requested size: 506.44426pt x 249.37247pt.
[64<//uni-eng.ru/unit/Ivanovo/Документация ЮНИТ М300/Разр
аботка/Схемы ФБ ЮНИТ-М300/Проект/БД/desc//107. НЗ
ОЗЗ/_latex/img/onmnp.pdf>])
("//uni-eng.ru/unit/Ivanovo/Документация ЮНИТ М300/Разра
ботка/Схемы ФБ ЮНИТ-М300/Проект/БД/desc//108. ЗДЗ/_
latex/zdz.tex" [65<//uni-eng.ru/unit/Ivanovo/Документация ЮНИТ 
М300/Разработка/Схемы ФБ ЮНИТ-М300/Проект/БД/desc
//107. НЗОЗЗ/_latex/img/vl.pdf>]
Overfull \hbox (4.58821pt too wide) in paragraph at lines 23--25
[]\TU/ArialNarrow(1)/m/n/12 Пусковые усло-вия функ-ции 
фор-ми-ру-ют-ся при на-ли-чии вход-но-го дис-
крет-но-го сиг-на-ла «Срабатывание
 []


warning  (file //uni-eng.ru/unit/Ivanovo/Документация ЮНИТ М300
/Разработка/Схемы ФБ ЮНИТ-М300/Проект/БД/desc//108
. ЗДЗ/_latex/img/zdz.pdf) (pdf inclusion): PDF inclusion: found PDF version '
1.7', but at most version '1.5' allowed
<//uni-eng.ru/unit/Ivanovo/Документация ЮНИТ М300/Разра
ботка/Схемы ФБ ЮНИТ-М300/Проект/БД/desc//108. ЗДЗ/_
latex/img/zdz.pdf, id=1620, 1718.27853pt x 879.15463pt>
File: //uni-eng.ru/unit/Ivanovo/Документация ЮНИТ М300/Раз
работка/Схемы ФБ ЮНИТ-М300/Проект/БД/desc//108. З
ДЗ/_latex/img/zdz.pdf Graphic file (type pdf)
<use //uni-eng.ru/unit/Ivanovo/Документация ЮНИТ М300/Раз
работка/Схемы ФБ ЮНИТ-М300/Проект/БД/desc//108. З
ДЗ/_latex/img/zdz.pdf>
Package luatex.def Info: //uni-eng.ru/unit/Ivanovo/Документация Ю
НИТ М300/Разработка/Схемы ФБ ЮНИТ-М300/Проект/
БД/desc//108. ЗДЗ/_latex/img/zdz.pdf  used on input line 79.
(luatex.def)             Requested size: 506.44206pt x 259.12032pt.
[66])
("//uni-eng.ru/unit/Ivanovo/Документация ЮНИТ М300/Разра
ботка/Схемы ФБ ЮНИТ-М300/Проект/БД/desc//55. ЗОП/_l
atex/zop.tex" [67<//uni-eng.ru/unit/Ivanovo/Документация ЮНИТ 
М300/Разработка/Схемы ФБ ЮНИТ-М300/Проект/БД/desc
//108. ЗДЗ/_latex/img/zdz.pdf>]
warning  (file //uni-eng.ru/unit/Ivanovo/Документация ЮНИТ М300
/Разработка/Схемы ФБ ЮНИТ-М300/Проект/БД/desc//55.
 ЗОП/_latex/img/zop.pdf) (pdf inclusion): PDF inclusion: found PDF version '1
.7', but at most version '1.5' allowed
<//uni-eng.ru/unit/Ivanovo/Документация ЮНИТ М300/Разра
ботка/Схемы ФБ ЮНИТ-М300/Проект/БД/desc//55. ЗОП/_l
atex/img/zop.pdf, id=1652, 1739.36171pt x 957.43536pt>
File: //uni-eng.ru/unit/Ivanovo/Документация ЮНИТ М300/Раз
работка/Схемы ФБ ЮНИТ-М300/Проект/БД/desc//55. ЗО
П/_latex/img/zop.pdf Graphic file (type pdf)
<use //uni-eng.ru/unit/Ivanovo/Документация ЮНИТ М300/Раз
работка/Схемы ФБ ЮНИТ-М300/Проект/БД/desc//55. ЗО
П/_latex/img/zop.pdf>
Package luatex.def Info: //uni-eng.ru/unit/Ivanovo/Документация Ю
НИТ М300/Разработка/Схемы ФБ ЮНИТ-М300/Проект/
БД/desc//55. ЗОП/_latex/img/zop.pdf  used on input line 60.
(luatex.def)             Requested size: 506.4456pt x 278.77406pt.
)
("//uni-eng.ru/unit/Ivanovo/Документация ЮНИТ М300/Разра
ботка/Схемы ФБ ЮНИТ-М300/Проект/БД/desc//109. ЗП О
Л/_latex/zp.tex" [68<//uni-eng.ru/unit/Ivanovo/Документация ЮН
ИТ М300/Разработка/Схемы ФБ ЮНИТ-М300/Проект/Б
Д/desc//55. ЗОП/_latex/img/zop.pdf>]
warning  (file //uni-eng.ru/unit/Ivanovo/Документация ЮНИТ М300
/Разработка/Схемы ФБ ЮНИТ-М300/Проект/БД/desc//109
. ЗП ОЛ/_latex/img/1.pdf) (pdf inclusion): PDF inclusion: found PDF version 
'1.7', but at most version '1.5' allowed
<//uni-eng.ru/unit/Ivanovo/Документация ЮНИТ М300/Разра
ботка/Схемы ФБ ЮНИТ-М300/Проект/БД/desc//109. ЗП О
Л/_latex/img/1.pdf, id=1675, 1632.43991pt x 641.30104pt>
File: //uni-eng.ru/unit/Ivanovo/Документация ЮНИТ М300/Раз
работка/Схемы ФБ ЮНИТ-М300/Проект/БД/desc//109. З
П ОЛ/_latex/img/1.pdf Graphic file (type pdf)
<use //uni-eng.ru/unit/Ivanovo/Документация ЮНИТ М300/Раз
работка/Схемы ФБ ЮНИТ-М300/Проект/БД/desc//109. З
П ОЛ/_latex/img/1.pdf>
Package luatex.def Info: //uni-eng.ru/unit/Ivanovo/Документация Ю
НИТ М300/Разработка/Схемы ФБ ЮНИТ-М300/Проект/
БД/desc//109. ЗП ОЛ/_latex/img/1.pdf  used on input line 27.
(luatex.def)             Requested size: 481.14215pt x 189.01581pt.
)
("//uni-eng.ru/unit/Ivanovo/Документация ЮНИТ М300/Разра
ботка/Схемы ФБ ЮНИТ-М300/Проект/БД/desc//110. ГСО
ЗЗ/_latex/gsozz.tex" [69<//uni-eng.ru/unit/Ivanovo/Документация 
ЮНИТ М300/Разработка/Схемы ФБ ЮНИТ-М300/Проек
т/БД/desc//109. ЗП ОЛ/_latex/img/1.pdf>]
Overfull \hbox (7.64201pt too wide) in paragraph at lines 53--55
[]\TU/ArialNarrow(1)/m/n/12 Функция <<ГСОЗЗ>> мо-жет быть 
вы-ве-де-на из ра-бо-ты опе-ра-тив-но пу-тем а
к-ти-ва-ции сиг-на-ла <<ОВ ГСОЗЗ>>,
 []


warning  (file //uni-eng.ru/unit/Ivanovo/Документация ЮНИТ М300
/Разработка/Схемы ФБ ЮНИТ-М300/Проект/БД/desc//110
. ГСОЗЗ/_latex/img/1.pdf) (pdf inclusion): PDF inclusion: found PDF version
 '1.7', but at most version '1.5' allowed
<//uni-eng.ru/unit/Ivanovo/Документация ЮНИТ М300/Разра
ботка/Схемы ФБ ЮНИТ-М300/Проект/БД/desc//110. ГСО
ЗЗ/_latex/img/1.pdf, id=1707, 1652.0171pt x 1001.092pt>
File: //uni-eng.ru/unit/Ivanovo/Документация ЮНИТ М300/Раз
работка/Схемы ФБ ЮНИТ-М300/Проект/БД/desc//110. Г
СОЗЗ/_latex/img/1.pdf Graphic file (type pdf)
<use //uni-eng.ru/unit/Ivanovo/Документация ЮНИТ М300/Раз
работка/Схемы ФБ ЮНИТ-М300/Проект/БД/desc//110. Г
СОЗЗ/_latex/img/1.pdf>
Package luatex.def Info: //uni-eng.ru/unit/Ivanovo/Документация Ю
НИТ М300/Разработка/Схемы ФБ ЮНИТ-М300/Проект/
БД/desc//110. ГСОЗЗ/_latex/img/1.pdf  used on input line 63.
(luatex.def)             Requested size: 506.44827pt x 306.89835pt.
[70])
("//uni-eng.ru/unit/Ivanovo/Документация ЮНИТ М300/Разра
ботка/Схемы ФБ ЮНИТ-М300/Проект/БД/desc//02. ЛО Г
З Т сигн/_latex/gzsign.tex" [71<//uni-eng.ru/unit/Ivanovo/Докумен
тация ЮНИТ М300/Разработка/Схемы ФБ ЮНИТ-М300/
Проект/БД/desc//110. ГСОЗЗ/_latex/img/1.pdf>]
warning  (file //uni-eng.ru/unit/Ivanovo/Документация ЮНИТ М300
/Разработка/Схемы ФБ ЮНИТ-М300/Проект/БД/desc//02.
 ЛО ГЗ Т сигн/_latex/img/1.pdf) (pdf inclusion): PDF inclusion: found P
DF version '1.7', but at most version '1.5' allowed
<//uni-eng.ru/unit/Ivanovo/Документация ЮНИТ М300/Разра
ботка/Схемы ФБ ЮНИТ-М300/Проект/БД/desc//02. ЛО Г
З Т сигн/_latex/img/1.pdf, id=1745, 1161.40607pt x 504.54918pt>
File: //uni-eng.ru/unit/Ivanovo/Документация ЮНИТ М300/Раз
работка/Схемы ФБ ЮНИТ-М300/Проект/БД/desc//02. ЛО 
ГЗ Т сигн/_latex/img/1.pdf Graphic file (type pdf)
<use //uni-eng.ru/unit/Ivanovo/Документация ЮНИТ М300/Раз
работка/Схемы ФБ ЮНИТ-М300/Проект/БД/desc//02. ЛО 
ГЗ Т сигн/_latex/img/1.pdf>
Package luatex.def Info: //uni-eng.ru/unit/Ivanovo/Документация Ю
НИТ М300/Разработка/Схемы ФБ ЮНИТ-М300/Проект/
БД/desc//02. ЛО ГЗ Т сигн/_latex/img/1.pdf  used on input line 54.
(luatex.def)             Requested size: 481.14163pt x 209.02216pt.
)
("//uni-eng.ru/unit/Ivanovo/Документация ЮНИТ М300/Разра
ботка/Схемы ФБ ЮНИТ-М300/Проект/БД/desc//01. ЛО Г
З Т откл/_latex/gz.tex" [72<//uni-eng.ru/unit/Ivanovo/Документа
ция ЮНИТ М300/Разработка/Схемы ФБ ЮНИТ-М300/Пр
оект/БД/desc//02. ЛО ГЗ Т сигн/_latex/img/1.pdf>]
warning  (file //uni-eng.ru/unit/Ivanovo/Документация ЮНИТ М300
/Разработка/Схемы ФБ ЮНИТ-М300/Проект/БД/desc//01.
 ЛО ГЗ Т откл/_latex/img/1.pdf) (pdf inclusion): PDF inclusion: found P
DF version '1.7', but at most version '1.5' allowed
<//uni-eng.ru/unit/Ivanovo/Документация ЮНИТ М300/Разра
ботка/Схемы ФБ ЮНИТ-М300/Проект/БД/desc//01. ЛО Г
З Т откл/_latex/img/1.pdf, id=1772, 1160.2774pt x 496.64789pt>
File: //uni-eng.ru/unit/Ivanovo/Документация ЮНИТ М300/Раз
работка/Схемы ФБ ЮНИТ-М300/Проект/БД/desc//01. ЛО 
ГЗ Т откл/_latex/img/1.pdf Graphic file (type pdf)
<use //uni-eng.ru/unit/Ivanovo/Документация ЮНИТ М300/Раз
работка/Схемы ФБ ЮНИТ-М300/Проект/БД/desc//01. ЛО 
ГЗ Т откл/_latex/img/1.pdf>
Package luatex.def Info: //uni-eng.ru/unit/Ivanovo/Документация Ю
НИТ М300/Разработка/Схемы ФБ ЮНИТ-М300/Проект/
БД/desc//01. ЛО ГЗ Т откл/_latex/img/1.pdf  used on input line 56.
(luatex.def)             Requested size: 481.13437pt x 205.94588pt.
)
("//uni-eng.ru/unit/Ivanovo/Документация ЮНИТ М300/Разра
ботка/Схемы ФБ ЮНИТ-М300/Проект/БД/desc//04. ЛО Т
З Т/_latex/tz.tex" [73<//uni-eng.ru/unit/Ivanovo/Документация Ю
НИТ М300/Разработка/Схемы ФБ ЮНИТ-М300/Проект/
БД/desc//01. ЛО ГЗ Т откл/_latex/img/1.pdf>]
Underfull \hbox (badness 10000) in paragraph at lines 3--3
 |[]\TU/ArialNarrow(1)/b/n/14.4 Логика от-клю-че-ния при с
ра-ба-ты-ва-нии тех-но-ло-ги-че-ских за-щит
 []

[74]
warning  (file //uni-eng.ru/unit/Ivanovo/Документация ЮНИТ М300
/Разработка/Схемы ФБ ЮНИТ-М300/Проект/БД/desc//04.
 ЛО ТЗ Т/_latex/img/lotzdtm.pdf) (pdf inclusion): PDF inclusion: found PDF 
version '1.7', but at most version '1.5' allowed
<//uni-eng.ru/unit/Ivanovo/Документация ЮНИТ М300/Разра
ботка/Схемы ФБ ЮНИТ-М300/Проект/БД/desc//04. ЛО Т
З Т/_latex/img/lotzdtm.pdf, id=1824, 1243.92392pt x 579.59149pt>
File: //uni-eng.ru/unit/Ivanovo/Документация ЮНИТ М300/Раз
работка/Схемы ФБ ЮНИТ-М300/Проект/БД/desc//04. ЛО 
ТЗ Т/_latex/img/lotzdtm.pdf Graphic file (type pdf)
<use //uni-eng.ru/unit/Ivanovo/Документация ЮНИТ М300/Раз
работка/Схемы ФБ ЮНИТ-М300/Проект/БД/desc//04. ЛО 
ТЗ Т/_latex/img/lotzdtm.pdf>
Package luatex.def Info: //uni-eng.ru/unit/Ivanovo/Документация Ю
НИТ М300/Разработка/Схемы ФБ ЮНИТ-М300/Проект/
БД/desc//04. ЛО ТЗ Т/_latex/img/lotzdtm.pdf  used on input line 114.
(luatex.def)             Requested size: 506.4627pt x 235.98024pt.

warning  (file //uni-eng.ru/unit/Ivanovo/Документация ЮНИТ М300
/Разработка/Схемы ФБ ЮНИТ-М300/Проект/БД/desc//04.
 ЛО ТЗ Т/_latex/img/lotzdto.pdf) (pdf inclusion): PDF inclusion: found PDF 
version '1.7', but at most version '1.5' allowed
<//uni-eng.ru/unit/Ivanovo/Документация ЮНИТ М300/Разра
ботка/Схемы ФБ ЮНИТ-М300/Проект/БД/desc//04. ЛО Т
З Т/_latex/img/lotzdto.pdf, id=1827, 1243.92392pt x 577.06044pt>
File: //uni-eng.ru/unit/Ivanovo/Документация ЮНИТ М300/Раз
работка/Схемы ФБ ЮНИТ-М300/Проект/БД/desc//04. ЛО 
ТЗ Т/_latex/img/lotzdto.pdf Graphic file (type pdf)
<use //uni-eng.ru/unit/Ivanovo/Документация ЮНИТ М300/Раз
работка/Схемы ФБ ЮНИТ-М300/Проект/БД/desc//04. ЛО 
ТЗ Т/_latex/img/lotzdto.pdf>
Package luatex.def Info: //uni-eng.ru/unit/Ivanovo/Документация Ю
НИТ М300/Разработка/Схемы ФБ ЮНИТ-М300/Проект/
БД/desc//04. ЛО ТЗ Т/_latex/img/lotzdto.pdf  used on input line 149.
(luatex.def)             Requested size: 506.4627pt x 234.94974pt.
[75<//uni-eng.ru/unit/Ivanovo/Документация ЮНИТ М300/Разр
аботка/Схемы ФБ ЮНИТ-М300/Проект/БД/desc//04. ЛО 
ТЗ Т/_latex/img/lotzdtm.pdf>]
warning  (file //uni-eng.ru/unit/Ivanovo/Документация ЮНИТ М300
/Разработка/Схемы ФБ ЮНИТ-М300/Проект/БД/desc//04.
 ЛО ТЗ Т/_latex/img/lotzrd.pdf) (pdf inclusion): PDF inclusion: found PDF v
ersion '1.7', but at most version '1.5' allowed
<//uni-eng.ru/unit/Ivanovo/Документация ЮНИТ М300/Разра
ботка/Схемы ФБ ЮНИТ-М300/Проект/БД/desc//04. ЛО Т
З Т/_latex/img/lotzrd.pdf, id=1856, 1272.755pt x 452.69125pt>
File: //uni-eng.ru/unit/Ivanovo/Документация ЮНИТ М300/Раз
работка/Схемы ФБ ЮНИТ-М300/Проект/БД/desc//04. ЛО 
ТЗ Т/_latex/img/lotzrd.pdf Graphic file (type pdf)
<use //uni-eng.ru/unit/Ivanovo/Документация ЮНИТ М300/Раз
работка/Схемы ФБ ЮНИТ-М300/Проект/БД/desc//04. ЛО 
ТЗ Т/_latex/img/lotzrd.pdf>
Package luatex.def Info: //uni-eng.ru/unit/Ivanovo/Документация Ю
НИТ М300/Разработка/Схемы ФБ ЮНИТ-М300/Проект/
БД/desc//04. ЛО ТЗ Т/_latex/img/lotzrd.pdf  used on input line 208.
(luatex.def)             Requested size: 506.45178pt x 180.13387pt.
[76<//uni-eng.ru/unit/Ivanovo/Документация ЮНИТ М300/Разр
аботка/Схемы ФБ ЮНИТ-М300/Проект/БД/desc//04. ЛО 
ТЗ Т/_latex/img/lotzdto.pdf>])
("//uni-eng.ru/unit/Ivanovo/Документация ЮНИТ М300/Разра
ботка/Схемы ФБ ЮНИТ-М300/Проект/БД/desc//111. УРО
В ОЛ/_latex/urov.tex"
Underfull \hbox (badness 10000) in paragraph at lines 25--26
[]\TU/ArialNarrow(1)/m/n/12 ес-ли про-грамм-ный пе-ре-кл
ю-ча-тель SGF3 <<Подхват_по_току>> на-хо-дит-ся 
в со-сто-я-нии
 []


Underfull \hbox (badness 5924) in paragraph at lines 25--26
\TU/ArialNarrow(1)/m/n/12 <<Предусмотрено>> и че-рез вы-
клю-ча-тель про-те-ка-ет ток, пре-вы-ша-ю-щий 
за-дан-ную устав-ку
 []

[77<//uni-eng.ru/unit/Ivanovo/Документация ЮНИТ М300/Разр
аботка/Схемы ФБ ЮНИТ-М300/Проект/БД/desc//04. ЛО 
ТЗ Т/_latex/img/lotzrd.pdf>] [78]
warning  (file //uni-eng.ru/unit/Ivanovo/Документация ЮНИТ М300
/Разработка/Схемы ФБ ЮНИТ-М300/Проект/БД/desc//111
. УРОВ ОЛ/_latex/img/1.pdf) (pdf inclusion): PDF inclusion: found PDF vers
ion '1.7', but at most version '1.5' allowed
<//uni-eng.ru/unit/Ivanovo/Документация ЮНИТ М300/Разра
ботка/Схемы ФБ ЮНИТ-М300/Проект/БД/desc//111. УРО
В ОЛ/_latex/img/1.pdf, id=1913, 3177.81184pt x 1637.43314pt>
File: //uni-eng.ru/unit/Ivanovo/Документация ЮНИТ М300/Раз
работка/Схемы ФБ ЮНИТ-М300/Проект/БД/desc//111. У
РОВ ОЛ/_latex/img/1.pdf Graphic file (type pdf)
<use //uni-eng.ru/unit/Ivanovo/Документация ЮНИТ М300/Раз
работка/Схемы ФБ ЮНИТ-М300/Проект/БД/desc//111. У
РОВ ОЛ/_latex/img/1.pdf>
Package luatex.def Info: //uni-eng.ru/unit/Ivanovo/Документация Ю
НИТ М300/Разработка/Схемы ФБ ЮНИТ-М300/Проект/
БД/desc//111. УРОВ ОЛ/_latex/img/1.pdf  used on input line 95.
(luatex.def)             Requested size: 506.42374pt x 260.94528pt.
)
("//uni-eng.ru/unit/Ivanovo/Документация ЮНИТ М300/Разра
ботка/Схемы ФБ ЮНИТ-М300/Проект/БД/desc//112. ЗМН/_
latex/zmn.tex" [79<//uni-eng.ru/unit/Ivanovo/Документация ЮНИТ 
М300/Разработка/Схемы ФБ ЮНИТ-М300/Проект/БД/desc
//111. УРОВ ОЛ/_latex/img/1.pdf>]
warning  (file //uni-eng.ru/unit/Ivanovo/Документация ЮНИТ М300
/Разработка/Схемы ФБ ЮНИТ-М300/Проект/БД/desc//112
. ЗМН/_latex/img/zmn.pdf) (pdf inclusion): PDF inclusion: found PDF version '
1.7', but at most version '1.5' allowed
<//uni-eng.ru/unit/Ivanovo/Документация ЮНИТ М300/Разра
ботка/Схемы ФБ ЮНИТ-М300/Проект/БД/desc//112. ЗМН/_
latex/img/zmn.pdf, id=1938, 1685.00981pt x 1198.39442pt>
File: //uni-eng.ru/unit/Ivanovo/Документация ЮНИТ М300/Раз
работка/Схемы ФБ ЮНИТ-М300/Проект/БД/desc//112. З
МН/_latex/img/zmn.pdf Graphic file (type pdf)
<use //uni-eng.ru/unit/Ivanovo/Документация ЮНИТ М300/Раз
работка/Схемы ФБ ЮНИТ-М300/Проект/БД/desc//112. З
МН/_latex/img/zmn.pdf>
Package luatex.def Info: //uni-eng.ru/unit/Ivanovo/Документация Ю
НИТ М300/Разработка/Схемы ФБ ЮНИТ-М300/Проект/
БД/desc//112. ЗМН/_latex/img/zmn.pdf  used on input line 55.
(luatex.def)             Requested size: 506.45816pt x 360.19768pt.
[80<//uni-eng.ru/unit/Ivanovo/Документация ЮНИТ М300/Разр
аботка/Схемы ФБ ЮНИТ-М300/Проект/БД/desc//112. ЗМ
Н/_latex/img/zmn.pdf>])
("//uni-eng.ru/unit/Ivanovo/Документация ЮНИТ М300/Разра
ботка/Схемы ФБ ЮНИТ-М300/Проект/БД/desc//113. ЗПН/_
latex/zpn.tex"
warning  (file //uni-eng.ru/unit/Ivanovo/Документация ЮНИТ М300
/Разработка/Схемы ФБ ЮНИТ-М300/Проект/БД/desc//113
. ЗПН/_latex/img/zpn.pdf) (pdf inclusion): PDF inclusion: found PDF version '
1.7', but at most version '1.5' allowed
<//uni-eng.ru/unit/Ivanovo/Документация ЮНИТ М300/Разра
ботка/Схемы ФБ ЮНИТ-М300/Проект/БД/desc//113. ЗПН/_
latex/img/zpn.pdf, id=1963, 1552.62506pt x 1074.85684pt>
File: //uni-eng.ru/unit/Ivanovo/Документация ЮНИТ М300/Раз
работка/Схемы ФБ ЮНИТ-М300/Проект/БД/desc//113. З
ПН/_latex/img/zpn.pdf Graphic file (type pdf)
<use //uni-eng.ru/unit/Ivanovo/Документация ЮНИТ М300/Раз
работка/Схемы ФБ ЮНИТ-М300/Проект/БД/desc//113. З
ПН/_latex/img/zpn.pdf>
Package luatex.def Info: //uni-eng.ru/unit/Ivanovo/Документация Ю
НИТ М300/Разработка/Схемы ФБ ЮНИТ-М300/Проект/
БД/desc//113. ЗПН/_latex/img/zpn.pdf  used on input line 52.
(luatex.def)             Requested size: 506.44508pt x 350.6036pt.
[81])
("//uni-eng.ru/unit/Ivanovo/Документация ЮНИТ М300/Разра
ботка/Схемы ФБ ЮНИТ-М300/Проект/БД/desc//114. БНН
ш/_latex/bnnsh.tex" [82<//uni-eng.ru/unit/Ivanovo/Документация Ю
НИТ М300/Разработка/Схемы ФБ ЮНИТ-М300/Проект/
БД/desc//113. ЗПН/_latex/img/zpn.pdf>] [83]
warning  (file //uni-eng.ru/unit/Ivanovo/Документация ЮНИТ М300
/Разработка/Схемы ФБ ЮНИТ-М300/Проект/БД/desc//114
. БННш/_latex/img/bnnsh.pdf) (pdf inclusion): PDF inclusion: found PDF versi
on '1.7', but at most version '1.5' allowed
<//uni-eng.ru/unit/Ivanovo/Документация ЮНИТ М300/Разра
ботка/Схемы ФБ ЮНИТ-М300/Проект/БД/desc//114. БНН
ш/_latex/img/bnnsh.pdf, id=2017, 1796.96259pt x 2051.26991pt>
File: //uni-eng.ru/unit/Ivanovo/Документация ЮНИТ М300/Раз
работка/Схемы ФБ ЮНИТ-М300/Проект/БД/desc//114. Б
ННш/_latex/img/bnnsh.pdf Graphic file (type pdf)
<use //uni-eng.ru/unit/Ivanovo/Документация ЮНИТ М300/Раз
работка/Схемы ФБ ЮНИТ-М300/Проект/БД/desc//114. Б
ННш/_latex/img/bnnsh.pdf>
Package luatex.def Info: //uni-eng.ru/unit/Ivanovo/Документация Ю
НИТ М300/Разработка/Схемы ФБ ЮНИТ-М300/Проект/
БД/desc//114. БННш/_latex/img/bnnsh.pdf  used on input line 108.
(luatex.def)             Requested size: 506.46385pt x 578.13895pt.
[84])
("//uni-eng.ru/unit/Ivanovo/Документация ЮНИТ М300/Разра
ботка/Схемы ФБ ЮНИТ-М300/Проект/БД/desc//115. БНН
п/_latex/bnnp.tex" [85<//uni-eng.ru/unit/Ivanovo/Документация Ю
НИТ М300/Разработка/Схемы ФБ ЮНИТ-М300/Проект/
БД/desc//114. БННш/_latex/img/bnnsh.pdf>]
warning  (file //uni-eng.ru/unit/Ivanovo/Документация ЮНИТ М300
/Разработка/Схемы ФБ ЮНИТ-М300/Проект/БД/desc//115
. БННп/_latex/img/bnnp.pdf) (pdf inclusion): PDF inclusion: found PDF versio
n '1.7', but at most version '1.5' allowed
<//uni-eng.ru/unit/Ivanovo/Документация ЮНИТ М300/Разра
ботка/Схемы ФБ ЮНИТ-М300/Проект/БД/desc//115. БНН
п/_latex/img/bnnp.pdf, id=2049, 1671.43918pt x 1223.26653pt>
File: //uni-eng.ru/unit/Ivanovo/Документация ЮНИТ М300/Раз
работка/Схемы ФБ ЮНИТ-М300/Проект/БД/desc//115. Б
ННп/_latex/img/bnnp.pdf Graphic file (type pdf)
<use //uni-eng.ru/unit/Ivanovo/Документация ЮНИТ М300/Раз
работка/Схемы ФБ ЮНИТ-М300/Проект/БД/desc//115. Б
ННп/_latex/img/bnnp.pdf>
Package luatex.def Info: //uni-eng.ru/unit/Ivanovo/Документация Ю
НИТ М300/Разработка/Схемы ФБ ЮНИТ-М300/Проект/
БД/desc//115. БННп/_latex/img/bnnp.pdf  used on input line 81.
(luatex.def)             Requested size: 506.45993pt x 370.6599pt.
[86])
("//uni-eng.ru/unit/Ivanovo/Документация ЮНИТ М300/Разра
ботка/Схемы ФБ ЮНИТ-М300/Проект/БД/desc//116. ЗСЧ/_
latex/zsch.tex" [87<//uni-eng.ru/unit/Ivanovo/Документация ЮНИ
Т М300/Разработка/Схемы ФБ ЮНИТ-М300/Проект/БД/d
esc//115. БННп/_latex/img/bnnp.pdf>]
warning  (file //uni-eng.ru/unit/Ivanovo/Документация ЮНИТ М300
/Разработка/Схемы ФБ ЮНИТ-М300/Проект/БД/desc//116
. ЗСЧ/_latex/img/zsch.pdf) (pdf inclusion): PDF inclusion: found PDF version 
'1.7', but at most version '1.5' allowed
<//uni-eng.ru/unit/Ivanovo/Документация ЮНИТ М300/Разра
ботка/Схемы ФБ ЮНИТ-М300/Проект/БД/desc//116. ЗСЧ/_
latex/img/zsch.pdf, id=2087, 1610.37161pt x 920.27628pt>
File: //uni-eng.ru/unit/Ivanovo/Документация ЮНИТ М300/Раз
работка/Схемы ФБ ЮНИТ-М300/Проект/БД/desc//116. З
СЧ/_latex/img/zsch.pdf Graphic file (type pdf)
<use //uni-eng.ru/unit/Ivanovo/Документация ЮНИТ М300/Раз
работка/Схемы ФБ ЮНИТ-М300/Проект/БД/desc//116. З
СЧ/_latex/img/zsch.pdf>
Package luatex.def Info: //uni-eng.ru/unit/Ivanovo/Документация Ю
НИТ М300/Разработка/Схемы ФБ ЮНИТ-М300/Проект/
БД/desc//116. ЗСЧ/_latex/img/zsch.pdf  used on input line 52.
(luatex.def)             Requested size: 506.45886pt x 289.42517pt.
[88<//uni-eng.ru/unit/Ivanovo/Документация ЮНИТ М300/Разр
аботка/Схемы ФБ ЮНИТ-М300/Проект/БД/desc//116. ЗС
Ч/_latex/img/zsch.pdf>])
("//uni-eng.ru/unit/Ivanovo/Документация ЮНИТ М300/Разра
ботка/Схемы ФБ ЮНИТ-М300/Проект/БД/desc//117. ЗПЧ/_
latex/zpch.tex" [89]
warning  (file //uni-eng.ru/unit/Ivanovo/Документация ЮНИТ М300
/Разработка/Схемы ФБ ЮНИТ-М300/Проект/БД/desc//117
. ЗПЧ/_latex/img/zpch.pdf) (pdf inclusion): PDF inclusion: found PDF version 
'1.7', but at most version '1.5' allowed
<//uni-eng.ru/unit/Ivanovo/Документация ЮНИТ М300/Разра
ботка/Схемы ФБ ЮНИТ-М300/Проект/БД/desc//117. ЗПЧ/_
latex/img/zpch.pdf, id=2130, 1629.42801pt x 719.58203pt>
File: //uni-eng.ru/unit/Ivanovo/Документация ЮНИТ М300/Раз
работка/Схемы ФБ ЮНИТ-М300/Проект/БД/desc//117. З
ПЧ/_latex/img/zpch.pdf Graphic file (type pdf)
<use //uni-eng.ru/unit/Ivanovo/Документация ЮНИТ М300/Раз
работка/Схемы ФБ ЮНИТ-М300/Проект/БД/desc//117. З
ПЧ/_latex/img/zpch.pdf>
Package luatex.def Info: //uni-eng.ru/unit/Ivanovo/Документация Ю
НИТ М300/Разработка/Схемы ФБ ЮНИТ-М300/Проект/
БД/desc//117. ЗПЧ/_latex/img/zpch.pdf  used on input line 76.
(luatex.def)             Requested size: 506.46008pt x 223.66104pt.
)
("//uni-eng.ru/unit/Ivanovo/Документация ЮНИТ М300/Разра
ботка/Схемы ФБ ЮНИТ-М300/Проект/БД/desc//118. ЗИЧ/_
latex/zich.tex" [90<//uni-eng.ru/unit/Ivanovo/Документация ЮНИ
Т М300/Разработка/Схемы ФБ ЮНИТ-М300/Проект/БД/d
esc//117. ЗПЧ/_latex/img/zpch.pdf>]
warning  (file //uni-eng.ru/unit/Ivanovo/Документация ЮНИТ М300
/Разработка/Схемы ФБ ЮНИТ-М300/Проект/БД/desc//118
. ЗИЧ/_latex/img/zich.pdf) (pdf inclusion): PDF inclusion: found PDF version 
'1.7', but at most version '1.5' allowed
<//uni-eng.ru/unit/Ivanovo/Документация ЮНИТ М300/Разра
ботка/Схемы ФБ ЮНИТ-М300/Проект/БД/desc//118. ЗИЧ/_
latex/img/zich.pdf, id=2154, 1629.882pt x 766.88301pt>
File: //uni-eng.ru/unit/Ivanovo/Документация ЮНИТ М300/Раз
работка/Схемы ФБ ЮНИТ-М300/Проект/БД/desc//118. З
ИЧ/_latex/img/zich.pdf Graphic file (type pdf)
<use //uni-eng.ru/unit/Ivanovo/Документация ЮНИТ М300/Раз
работка/Схемы ФБ ЮНИТ-М300/Проект/БД/desc//118. З
ИЧ/_latex/img/zich.pdf>
Package luatex.def Info: //uni-eng.ru/unit/Ivanovo/Документация Ю
НИТ М300/Разработка/Схемы ФБ ЮНИТ-М300/Проект/
БД/desc//118. ЗИЧ/_latex/img/zich.pdf  used on input line 49.
(luatex.def)             Requested size: 506.45197pt x 238.29295pt.
)
("//uni-eng.ru/unit/Ivanovo/Документация ЮНИТ М300/Разра
ботка/Схемы ФБ ЮНИТ-М300/Проект/БД/desc//119. АЧР/_
latex/achr.tex" [91<//uni-eng.ru/unit/Ivanovo/Документация ЮНИ
Т М300/Разработка/Схемы ФБ ЮНИТ-М300/Проект/БД/d
esc//118. ЗИЧ/_latex/img/zich.pdf>] [92]
warning  (file //uni-eng.ru/unit/Ivanovo/Документация ЮНИТ М300
/Разработка/Схемы ФБ ЮНИТ-М300/Проект/БД/desc//119
. АЧР/_latex/img/achr.pdf) (pdf inclusion): PDF inclusion: found PDF version 
'1.7', but at most version '1.5' allowed
<//uni-eng.ru/unit/Ivanovo/Документация ЮНИТ М300/Разра
ботка/Схемы ФБ ЮНИТ-М300/Проект/БД/desc//119. АЧР/_
latex/img/achr.pdf, id=2201, 1578.70712pt x 911.232pt>
File: //uni-eng.ru/unit/Ivanovo/Документация ЮНИТ М300/Раз
работка/Схемы ФБ ЮНИТ-М300/Проект/БД/desc//119. А
ЧР/_latex/img/achr.pdf Graphic file (type pdf)
<use //uni-eng.ru/unit/Ivanovo/Документация ЮНИТ М300/Раз
работка/Схемы ФБ ЮНИТ-М300/Проект/БД/desc//119. А
ЧР/_latex/img/achr.pdf>
Package luatex.def Info: //uni-eng.ru/unit/Ivanovo/Документация Ю
НИТ М300/Разработка/Схемы ФБ ЮНИТ-М300/Проект/
БД/desc//119. АЧР/_latex/img/achr.pdf  used on input line 94.
(luatex.def)             Requested size: 506.44923pt x 292.32321pt.
)
("//uni-eng.ru/unit/Ivanovo/Документация ЮНИТ М300/Разра
ботка/Схемы ФБ ЮНИТ-М300/Проект/БД/desc//120. ЧАП
В/_latex/chapv.tex" [93<//uni-eng.ru/unit/Ivanovo/Документация Ю
НИТ М300/Разработка/Схемы ФБ ЮНИТ-М300/Проект/
БД/desc//119. АЧР/_latex/img/achr.pdf>]
warning  (file //uni-eng.ru/unit/Ivanovo/Документация ЮНИТ М300
/Разработка/Схемы ФБ ЮНИТ-М300/Проект/БД/desc//120
. ЧАПВ/_latex/img/chapv.pdf) (pdf inclusion): PDF inclusion: found PDF versi
on '1.7', but at most version '1.5' allowed
<//uni-eng.ru/unit/Ivanovo/Документация ЮНИТ М300/Разра
ботка/Схемы ФБ ЮНИТ-М300/Проект/БД/desc//120. ЧАП
В/_latex/img/chapv.pdf, id=2226, 1721.19786pt x 1370.23938pt>
File: //uni-eng.ru/unit/Ivanovo/Документация ЮНИТ М300/Раз
работка/Схемы ФБ ЮНИТ-М300/Проект/БД/desc//120. Ч
АПВ/_latex/img/chapv.pdf Graphic file (type pdf)
<use //uni-eng.ru/unit/Ivanovo/Документация ЮНИТ М300/Раз
работка/Схемы ФБ ЮНИТ-М300/Проект/БД/desc//120. Ч
АПВ/_latex/img/chapv.pdf>
Package luatex.def Info: //uni-eng.ru/unit/Ivanovo/Документация Ю
НИТ М300/Разработка/Схемы ФБ ЮНИТ-М300/Проект/
БД/desc//120. ЧАПВ/_latex/img/chapv.pdf  used on input line 101.
(luatex.def)             Requested size: 506.4358pt x 403.1717pt.
[94])
("//uni-eng.ru/unit/Ivanovo/Документация ЮНИТ М300/Разра
ботка/Схемы ФБ ЮНИТ-М300/Проект/БД/desc//121. АПВ/_
latex/apv.tex" [95<//uni-eng.ru/unit/Ivanovo/Документация ЮНИТ 
М300/Разработка/Схемы ФБ ЮНИТ-М300/Проект/БД/desc
//120. ЧАПВ/_latex/img/chapv.pdf>] [96]
warning  (file //uni-eng.ru/unit/Ivanovo/Документация ЮНИТ М300
/Разработка/Схемы ФБ ЮНИТ-М300/Проект/БД/desc//121
. АПВ/_latex/img/apv.pdf) (pdf inclusion): PDF inclusion: found PDF version '
1.7', but at most version '1.5' allowed
<//uni-eng.ru/unit/Ivanovo/Документация ЮНИТ М300/Разра
ботка/Схемы ФБ ЮНИТ-М300/Проект/БД/desc//121. АПВ/_
latex/img/apv.pdf, id=2278, 1800.35948pt x 1422.24538pt>
File: //uni-eng.ru/unit/Ivanovo/Документация ЮНИТ М300/Раз
работка/Схемы ФБ ЮНИТ-М300/Проект/БД/desc//121. А
ПВ/_latex/img/apv.pdf Graphic file (type pdf)
<use //uni-eng.ru/unit/Ivanovo/Документация ЮНИТ М300/Раз
работка/Схемы ФБ ЮНИТ-М300/Проект/БД/desc//121. А
ПВ/_latex/img/apv.pdf>
Package luatex.def Info: //uni-eng.ru/unit/Ivanovo/Документация Ю
НИТ М300/Разработка/Схемы ФБ ЮНИТ-М300/Проект/
БД/desc//121. АПВ/_latex/img/apv.pdf  used on input line 115.
(luatex.def)             Requested size: 506.45975pt x 400.09233pt.
)
("//uni-eng.ru/unit/Ivanovo/Документация ЮНИТ М300/Разра
ботка/Схемы ФБ ЮНИТ-М300/Проект/БД/desc//122. КНН
ш/_latex/knnsh.tex" [97<//uni-eng.ru/unit/Ivanovo/Документация Ю
НИТ М300/Разработка/Схемы ФБ ЮНИТ-М300/Проект/
БД/desc//121. АПВ/_latex/img/apv.pdf>]
warning  (file //uni-eng.ru/unit/Ivanovo/Документация ЮНИТ М300
/Разработка/Схемы ФБ ЮНИТ-М300/Проект/БД/desc//122
. КННш/_latex/img/knnsh.pdf) (pdf inclusion): PDF inclusion: found PDF versi
on '1.7', but at most version '1.5' allowed
<//uni-eng.ru/unit/Ivanovo/Документация ЮНИТ М300/Разра
ботка/Схемы ФБ ЮНИТ-М300/Проект/БД/desc//122. КНН
ш/_latex/img/knnsh.pdf, id=2295, 1721.19789pt x 884.09851pt>
File: //uni-eng.ru/unit/Ivanovo/Документация ЮНИТ М300/Раз
работка/Схемы ФБ ЮНИТ-М300/Проект/БД/desc//122. К
ННш/_latex/img/knnsh.pdf Graphic file (type pdf)
<use //uni-eng.ru/unit/Ivanovo/Документация ЮНИТ М300/Раз
работка/Схемы ФБ ЮНИТ-М300/Проект/БД/desc//122. К
ННш/_latex/img/knnsh.pdf>
Package luatex.def Info: //uni-eng.ru/unit/Ivanovo/Документация Ю
НИТ М300/Разработка/Схемы ФБ ЮНИТ-М300/Проект/
БД/desc//122. КННш/_latex/img/knnsh.pdf  used on input line 42.
(luatex.def)             Requested size: 455.80011pt x 234.12311pt.
)
("//uni-eng.ru/unit/Ivanovo/Документация ЮНИТ М300/Разра
ботка/Схемы ФБ ЮНИТ-М300/Проект/БД/desc//123. КНН
п/_latex/knnp.tex" [98<//uni-eng.ru/unit/Ivanovo/Документация Ю
НИТ М300/Разработка/Схемы ФБ ЮНИТ-М300/Проект/
БД/desc//122. КННш/_latex/img/knnsh.pdf>]
warning  (file //uni-eng.ru/unit/Ivanovo/Документация ЮНИТ М300
/Разработка/Схемы ФБ ЮНИТ-М300/Проект/БД/desc//123
. КННп/_latex/img/knnp.pdf) (pdf inclusion): PDF inclusion: found PDF versio
n '1.7', but at most version '1.5' allowed
<//uni-eng.ru/unit/Ivanovo/Документация ЮНИТ М300/Разра
ботка/Схемы ФБ ЮНИТ-М300/Проект/БД/desc//123. КНН
п/_latex/img/knnp.pdf, id=2323, 1710.74883pt x 930.33829pt>
File: //uni-eng.ru/unit/Ivanovo/Документация ЮНИТ М300/Раз
работка/Схемы ФБ ЮНИТ-М300/Проект/БД/desc//123. К
ННп/_latex/img/knnp.pdf Graphic file (type pdf)
<use //uni-eng.ru/unit/Ivanovo/Документация ЮНИТ М300/Раз
работка/Схемы ФБ ЮНИТ-М300/Проект/БД/desc//123. К
ННп/_latex/img/knnp.pdf>
Package luatex.def Info: //uni-eng.ru/unit/Ivanovo/Документация Ю
НИТ М300/Разработка/Схемы ФБ ЮНИТ-М300/Проект/
БД/desc//123. КННп/_latex/img/knnp.pdf  used on input line 42.
(luatex.def)             Requested size: 506.4416pt x 275.41273pt.
[99<//uni-eng.ru/unit/Ivanovo/Документация ЮНИТ М300/Разр
аботка/Схемы ФБ ЮНИТ-М300/Проект/БД/desc//123. КН
Нп/_latex/img/knnp.pdf>])
("//uni-eng.ru/unit/Ivanovo/Документация ЮНИТ М300/Разра
ботка/Схемы ФБ ЮНИТ-М300/Проект/БД/desc//124. КОН
ш/_latex/konsh.tex"
warning  (file //uni-eng.ru/unit/Ivanovo/Документация ЮНИТ М300
/Разработка/Схемы ФБ ЮНИТ-М300/Проект/БД/desc//124
. КОНш/_latex/img/konsh.pdf) (pdf inclusion): PDF inclusion: found PDF versi
on '1.7', but at most version '1.5' allowed
<//uni-eng.ru/unit/Ivanovo/Документация ЮНИТ М300/Разра
ботка/Схемы ФБ ЮНИТ-М300/Проект/БД/desc//124. КОН
ш/_latex/img/konsh.pdf, id=2353, 1558.64874pt x 897.21944pt>
File: //uni-eng.ru/unit/Ivanovo/Документация ЮНИТ М300/Раз
работка/Схемы ФБ ЮНИТ-М300/Проект/БД/desc//124. К
ОНш/_latex/img/konsh.pdf Graphic file (type pdf)
<use //uni-eng.ru/unit/Ivanovo/Документация ЮНИТ М300/Раз
работка/Схемы ФБ ЮНИТ-М300/Проект/БД/desc//124. К
ОНш/_latex/img/konsh.pdf>
Package luatex.def Info: //uni-eng.ru/unit/Ivanovo/Документация Ю
НИТ М300/Разработка/Схемы ФБ ЮНИТ-М300/Проект/
БД/desc//124. КОНш/_latex/img/konsh.pdf  used on input line 73.
(luatex.def)             Requested size: 455.80185pt x 262.37744pt.
[100])
("//uni-eng.ru/unit/Ivanovo/Документация ЮНИТ М300/Разра
ботка/Схемы ФБ ЮНИТ-М300/Проект/БД/desc//125. КОН
п/_latex/konp.tex"
warning  (file //uni-eng.ru/unit/Ivanovo/Документация ЮНИТ М300
/Разработка/Схемы ФБ ЮНИТ-М300/Проект/БД/desc//125
. КОНп/_latex/img/konp.pdf) (pdf inclusion): PDF inclusion: found PDF versio
n '1.7', but at most version '1.5' allowed
<//uni-eng.ru/unit/Ivanovo/Документация ЮНИТ М300/Разра
ботка/Схемы ФБ ЮНИТ-М300/Проект/БД/desc//125. КОН
п/_latex/img/konp.pdf, id=2370, 1605.33296pt x 942.38132pt>
File: //uni-eng.ru/unit/Ivanovo/Документация ЮНИТ М300/Раз
работка/Схемы ФБ ЮНИТ-М300/Проект/БД/desc//125. К
ОНп/_latex/img/konp.pdf Graphic file (type pdf)
<use //uni-eng.ru/unit/Ivanovo/Документация ЮНИТ М300/Раз
работка/Схемы ФБ ЮНИТ-М300/Проект/БД/desc//125. К
ОНп/_latex/img/konp.pdf>
Package luatex.def Info: //uni-eng.ru/unit/Ivanovo/Документация Ю
НИТ М300/Разработка/Схемы ФБ ЮНИТ-М300/Проект/
БД/desc//125. КОНп/_latex/img/konp.pdf  used on input line 35.
(luatex.def)             Requested size: 506.44193pt x 297.29745pt.
[101<//uni-eng.ru/unit/Ivanovo/Документация ЮНИТ М300/Раз
работка/Схемы ФБ ЮНИТ-М300/Проект/БД/desc//124. К
ОНш/_latex/img/konsh.pdf>])
("//uni-eng.ru/unit/Ivanovo/Документация ЮНИТ М300/Разра
ботка/Схемы ФБ ЮНИТ-М300/Проект/БД/desc//126. КС/_la
tex/ks.tex" [102<//uni-eng.ru/unit/Ivanovo/Документация ЮНИТ 
М300/Разработка/Схемы ФБ ЮНИТ-М300/Проект/БД/desc
//125. КОНп/_latex/img/konp.pdf>]
Overfull \hbox (20.0522pt too wide) in paragraph at lines 42--43
[]\TU/ArialNarrow(1)/m/n/12 <<КС: УС>> (при вы-пол-не-нии у
сло-вий функ-ции улав-ли-ва-ния син-хро-низ-
ма) при за-дан-ной устав-ки <<Предусмотрено>>
 []

[103
Missing character: There is no ɸ (U+0278) in font ArialNarrow:mode=node;languag
e=dflt;+tlig;!
] [104]
warning  (file //uni-eng.ru/unit/Ivanovo/Документация ЮНИТ М300
/Разработка/Схемы ФБ ЮНИТ-М300/Проект/БД/desc//126
. КС/_latex/img/ks.pdf) (pdf inclusion): PDF inclusion: found PDF version '1.7
', but at most version '1.5' allowed
<//uni-eng.ru/unit/Ivanovo/Документация ЮНИТ М300/Разра
ботка/Схемы ФБ ЮНИТ-М300/Проект/БД/desc//126. КС/_la
tex/img/ks.pdf, id=2441, 1703.65298pt x 1822.34709pt>
File: //uni-eng.ru/unit/Ivanovo/Документация ЮНИТ М300/Раз
работка/Схемы ФБ ЮНИТ-М300/Проект/БД/desc//126. К
С/_latex/img/ks.pdf Graphic file (type pdf)
<use //uni-eng.ru/unit/Ivanovo/Документация ЮНИТ М300/Раз
работка/Схемы ФБ ЮНИТ-М300/Проект/БД/desc//126. К
С/_latex/img/ks.pdf>
Package luatex.def Info: //uni-eng.ru/unit/Ivanovo/Документация Ю
НИТ М300/Разработка/Схемы ФБ ЮНИТ-М300/Проект/
БД/desc//126. КС/_latex/img/ks.pdf  used on input line 271.
(luatex.def)             Requested size: 455.80716pt x 487.56342pt.
[105<//uni-eng.ru/unit/Ivanovo/Документация ЮНИТ М300/Раз
работка/Схемы ФБ ЮНИТ-М300/Проект/БД/desc//126. К
С/_latex/img/ks.pdf>])
("//uni-eng.ru/unit/Ivanovo/Документация ЮНИТ М300/Разра
ботка/Схемы ФБ ЮНИТ-М300/Проект/БД/desc//127. ЛОВ/_
latex/lov.tex" [106]
warning  (file //uni-eng.ru/unit/Ivanovo/Документация ЮНИТ М300
/Разработка/Схемы ФБ ЮНИТ-М300/Проект/БД/desc//127
. ЛОВ/_latex/img/lorz.pdf) (pdf inclusion): PDF inclusion: found PDF version 
'1.7', but at most version '1.5' allowed
<//uni-eng.ru/unit/Ivanovo/Документация ЮНИТ М300/Разра
ботка/Схемы ФБ ЮНИТ-М300/Проект/БД/desc//127. ЛОВ/_
latex/img/lorz.pdf, id=2488, 495.51923pt x 1030.48pt>
File: //uni-eng.ru/unit/Ivanovo/Документация ЮНИТ М300/Раз
работка/Схемы ФБ ЮНИТ-М300/Проект/БД/desc//127. Л
ОВ/_latex/img/lorz.pdf Graphic file (type pdf)
<use //uni-eng.ru/unit/Ivanovo/Документация ЮНИТ М300/Раз
работка/Схемы ФБ ЮНИТ-М300/Проект/БД/desc//127. Л
ОВ/_latex/img/lorz.pdf>
Package luatex.def Info: //uni-eng.ru/unit/Ivanovo/Документация Ю
НИТ М300/Разработка/Схемы ФБ ЮНИТ-М300/Проект/
БД/desc//127. ЛОВ/_latex/img/lorz.pdf  used on input line 57.
(luatex.def)             Requested size: 332.35907pt x 691.17278pt.
[107<//uni-eng.ru/unit/Ivanovo/Документация ЮНИТ М300/Раз
работка/Схемы ФБ ЮНИТ-М300/Проект/БД/desc//127. Л
ОВ/_latex/img/lorz.pdf>]
warning  (file //uni-eng.ru/unit/Ivanovo/Документация ЮНИТ М300
/Разработка/Схемы ФБ ЮНИТ-М300/Проект/БД/desc//127
. ЛОВ/_latex/img/lopa.pdf) (pdf inclusion): PDF inclusion: found PDF version 
'1.7', but at most version '1.5' allowed
<//uni-eng.ru/unit/Ivanovo/Документация ЮНИТ М300/Разра
ботка/Схемы ФБ ЮНИТ-М300/Проект/БД/desc//127. ЛОВ/_
latex/img/lopa.pdf, id=2509, 498.76443pt x 151.68608pt>
File: //uni-eng.ru/unit/Ivanovo/Документация ЮНИТ М300/Раз
работка/Схемы ФБ ЮНИТ-М300/Проект/БД/desc//127. Л
ОВ/_latex/img/lopa.pdf Graphic file (type pdf)
<use //uni-eng.ru/unit/Ivanovo/Документация ЮНИТ М300/Раз
работка/Схемы ФБ ЮНИТ-М300/Проект/БД/desc//127. Л
ОВ/_latex/img/lopa.pdf>
Package luatex.def Info: //uni-eng.ru/unit/Ivanovo/Документация Ю
НИТ М300/Разработка/Схемы ФБ ЮНИТ-М300/Проект/
БД/desc//127. ЛОВ/_latex/img/lopa.pdf  used on input line 119.
(luatex.def)             Requested size: 506.46506pt x 154.028pt.
[108<//uni-eng.ru/unit/Ivanovo/Документация ЮНИТ М300/Раз
работка/Схемы ФБ ЮНИТ-М300/Проект/БД/desc//127. Л
ОВ/_latex/img/lopa.pdf>]
warning  (file //uni-eng.ru/unit/Ivanovo/Документация ЮНИТ М300
/Разработка/Схемы ФБ ЮНИТ-М300/Проект/БД/desc//127
. ЛОВ/_latex/img/lvpa.pdf) (pdf inclusion): PDF inclusion: found PDF version 
'1.7', but at most version '1.5' allowed
<//uni-eng.ru/unit/Ivanovo/Документация ЮНИТ М300/Разра
ботка/Схемы ФБ ЮНИТ-М300/Проект/БД/desc//127. ЛОВ/_
latex/img/lvpa.pdf, id=2539, 2527.8091pt x 1444.79398pt>
File: //uni-eng.ru/unit/Ivanovo/Документация ЮНИТ М300/Раз
работка/Схемы ФБ ЮНИТ-М300/Проект/БД/desc//127. Л
ОВ/_latex/img/lvpa.pdf Graphic file (type pdf)
<use //uni-eng.ru/unit/Ivanovo/Документация ЮНИТ М300/Раз
работка/Схемы ФБ ЮНИТ-М300/Проект/БД/desc//127. Л
ОВ/_latex/img/lvpa.pdf>
Package luatex.def Info: //uni-eng.ru/unit/Ivanovo/Документация Ю
НИТ М300/Разработка/Схемы ФБ ЮНИТ-М300/Проект/
БД/desc//127. ЛОВ/_latex/img/lvpa.pdf  used on input line 191.
(luatex.def)             Requested size: 506.44pt x 289.46072pt.
[109<//uni-eng.ru/unit/Ivanovo/Документация ЮНИТ М300/Раз
работка/Схемы ФБ ЮНИТ-М300/Проект/БД/desc//127. Л
ОВ/_latex/img/lvpa.pdf>] [110] [111]
warning  (file //uni-eng.ru/unit/Ivanovo/Документация ЮНИТ М300
/Разработка/Схемы ФБ ЮНИТ-М300/Проект/БД/desc//127
. ЛОВ/_latex/img/zapv.pdf) (pdf inclusion): PDF inclusion: found PDF version 
'1.7', but at most version '1.5' allowed
<//uni-eng.ru/unit/Ivanovo/Документация ЮНИТ М300/Разра
ботка/Схемы ФБ ЮНИТ-М300/Проект/БД/desc//127. ЛОВ/_
latex/img/zapv.pdf, id=2587, 500.87125pt x 1086.0575pt>
File: //uni-eng.ru/unit/Ivanovo/Документация ЮНИТ М300/Раз
работка/Схемы ФБ ЮНИТ-М300/Проект/БД/desc//127. Л
ОВ/_latex/img/zapv.pdf Graphic file (type pdf)
<use //uni-eng.ru/unit/Ivanovo/Документация ЮНИТ М300/Раз
работка/Схемы ФБ ЮНИТ-М300/Проект/БД/desc//127. Л
ОВ/_latex/img/zapv.pdf>
Package luatex.def Info: //uni-eng.ru/unit/Ivanovo/Документация Ю
НИТ М300/Разработка/Схемы ФБ ЮНИТ-М300/Проект/
БД/desc//127. ЛОВ/_latex/img/zapv.pdf  used on input line 357.
(luatex.def)             Requested size: 283.34433pt x 614.38594pt.
[112])
("//uni-eng.ru/unit/Ivanovo/Документация ЮНИТ М300/Разра
ботка/Схемы ФБ ЮНИТ-М300/Проект/БД/desc//128. КП О
Л/_latex/kp.tex" [113<//uni-eng.ru/unit/Ivanovo/Документация ЮН
ИТ М300/Разработка/Схемы ФБ ЮНИТ-М300/Проект/Б
Д/desc//127. ЛОВ/_latex/img/zapv.pdf>]
warning  (file //uni-eng.ru/unit/Ivanovo/Документация ЮНИТ М300
/Разработка/Схемы ФБ ЮНИТ-М300/Проект/БД/desc//128
. КП ОЛ/_latex/img/1.pdf) (pdf inclusion): PDF inclusion: found PDF version 
'1.7', but at most version '1.5' allowed
<//uni-eng.ru/unit/Ivanovo/Документация ЮНИТ М300/Разра
ботка/Схемы ФБ ЮНИТ-М300/Проект/БД/desc//128. КП О
Л/_latex/img/1.pdf, id=2612, 661.97313pt x 103.38625pt>
File: //uni-eng.ru/unit/Ivanovo/Документация ЮНИТ М300/Раз
работка/Схемы ФБ ЮНИТ-М300/Проект/БД/desc//128. К
П ОЛ/_latex/img/1.pdf Graphic file (type pdf)
<use //uni-eng.ru/unit/Ivanovo/Документация ЮНИТ М300/Раз
работка/Схемы ФБ ЮНИТ-М300/Проект/БД/desc//128. К
П ОЛ/_latex/img/1.pdf>
Package luatex.def Info: //uni-eng.ru/unit/Ivanovo/Документация Ю
НИТ М300/Разработка/Схемы ФБ ЮНИТ-М300/Проект/
БД/desc//128. КП ОЛ/_latex/img/1.pdf  used on input line 41.
(luatex.def)             Requested size: 506.4583pt x 79.0981pt.

warning  (file //uni-eng.ru/unit/Ivanovo/Документация ЮНИТ М300
/Разработка/Схемы ФБ ЮНИТ-М300/Проект/БД/desc//128
. КП ОЛ/_latex/img/2.pdf) (pdf inclusion): PDF inclusion: found PDF version 
'1.7', but at most version '1.5' allowed
<//uni-eng.ru/unit/Ivanovo/Документация ЮНИТ М300/Разра
ботка/Схемы ФБ ЮНИТ-М300/Проект/БД/desc//128. КП О
Л/_latex/img/2.pdf, id=2613, 397.50583pt x 108.40108pt>
File: //uni-eng.ru/unit/Ivanovo/Документация ЮНИТ М300/Раз
работка/Схемы ФБ ЮНИТ-М300/Проект/БД/desc//128. К
П ОЛ/_latex/img/2.pdf Graphic file (type pdf)
<use //uni-eng.ru/unit/Ivanovo/Документация ЮНИТ М300/Раз
работка/Схемы ФБ ЮНИТ-М300/Проект/БД/desc//128. К
П ОЛ/_latex/img/2.pdf>
Package luatex.def Info: //uni-eng.ru/unit/Ivanovo/Документация Ю
НИТ М300/Разработка/Схемы ФБ ЮНИТ-М300/Проект/
БД/desc//128. КП ОЛ/_latex/img/2.pdf  used on input line 48.
(luatex.def)             Requested size: 303.87868pt x 82.86865pt.
[114<//uni-eng.ru/unit/Ivanovo/Документация ЮНИТ М300/Раз
работка/Схемы ФБ ЮНИТ-М300/Проект/БД/desc//128. К
П ОЛ/_latex/img/1.pdf><//uni-eng.ru/unit/Ivanovo/Документация 
ЮНИТ М300/Разработка/Схемы ФБ ЮНИТ-М300/Проек
т/БД/desc//128. КП ОЛ/_latex/img/2.pdf>]
Overfull \hbox (13.59084pt too wide) in paragraph at lines 139--140
[]\TU/ArialNarrow(1)/m/n/12 Логика функ-ции <<УВ>> фор-ми-
ру-ет сиг-на-лы со-сто-я-ния вы-клю-ча-те-ля <<
УВ: Отключено>>, <<УВ: Включено>>,
 []


warning  (file //uni-eng.ru/unit/Ivanovo/Документация ЮНИТ М300
/Разработка/Схемы ФБ ЮНИТ-М300/Проект/БД/desc//128
. КП ОЛ/_latex/img/uv.pdf) (pdf inclusion): PDF inclusion: found PDF version
 '1.7', but at most version '1.5' allowed
<//uni-eng.ru/unit/Ivanovo/Документация ЮНИТ М300/Разра
ботка/Схемы ФБ ЮНИТ-М300/Проект/БД/desc//128. КП О
Л/_latex/img/uv.pdf, id=2651, 680.63342pt x 816.0316pt>
File: //uni-eng.ru/unit/Ivanovo/Документация ЮНИТ М300/Раз
работка/Схемы ФБ ЮНИТ-М300/Проект/БД/desc//128. К
П ОЛ/_latex/img/uv.pdf Graphic file (type pdf)
<use //uni-eng.ru/unit/Ivanovo/Документация ЮНИТ М300/Раз
работка/Схемы ФБ ЮНИТ-М300/Проект/БД/desc//128. К
П ОЛ/_latex/img/uv.pdf>
Package luatex.def Info: //uni-eng.ru/unit/Ivanovo/Документация Ю
НИТ М300/Разработка/Схемы ФБ ЮНИТ-М300/Проект/
БД/desc//128. КП ОЛ/_latex/img/uv.pdf  used on input line 150.
(luatex.def)             Requested size: 506.45457pt x 607.20343pt.
[115] [116<//uni-eng.ru/unit/Ivanovo/Документация ЮНИТ М300/
Разработка/Схемы ФБ ЮНИТ-М300/Проект/БД/desc//128.
 КП ОЛ/_latex/img/uv.pdf>]
warning  (file //uni-eng.ru/unit/Ivanovo/Документация ЮНИТ М300
/Разработка/Схемы ФБ ЮНИТ-М300/Проект/БД/desc//128
. КП ОЛ/_latex/img/uve.pdf) (pdf inclusion): PDF inclusion: found PDF versio
n '1.7', but at most version '1.5' allowed
<//uni-eng.ru/unit/Ivanovo/Документация ЮНИТ М300/Разра
ботка/Схемы ФБ ЮНИТ-М300/Проект/БД/desc//128. КП О
Л/_latex/img/uve.pdf, id=2686, 674.4493pt x 492.37604pt>
File: //uni-eng.ru/unit/Ivanovo/Документация ЮНИТ М300/Раз
работка/Схемы ФБ ЮНИТ-М300/Проект/БД/desc//128. К
П ОЛ/_latex/img/uve.pdf Graphic file (type pdf)
<use //uni-eng.ru/unit/Ivanovo/Документация ЮНИТ М300/Раз
работка/Схемы ФБ ЮНИТ-М300/Проект/БД/desc//128. К
П ОЛ/_latex/img/uve.pdf>
Package luatex.def Info: //uni-eng.ru/unit/Ivanovo/Документация Ю
НИТ М300/Разработка/Схемы ФБ ЮНИТ-М300/Проект/
БД/desc//128. КП ОЛ/_latex/img/uve.pdf  used on input line 245.
(luatex.def)             Requested size: 506.4635pt x 369.7394pt.
[117] [118<//uni-eng.ru/unit/Ivanovo/Документация ЮНИТ М300/
Разработка/Схемы ФБ ЮНИТ-М300/Проект/БД/desc//128.
 КП ОЛ/_latex/img/uve.pdf>]
warning  (file //uni-eng.ru/unit/Ivanovo/Документация ЮНИТ М300
/Разработка/Схемы ФБ ЮНИТ-М300/Проект/БД/desc//128
. КП ОЛ/_latex/img/uzn.pdf) (pdf inclusion): PDF inclusion: found PDF versio
n '1.7', but at most version '1.5' allowed
<//uni-eng.ru/unit/Ivanovo/Документация ЮНИТ М300/Разра
ботка/Схемы ФБ ЮНИТ-М300/Проект/БД/desc//128. КП О
Л/_latex/img/uzn.pdf, id=2725, 674.4493pt x 493.12877pt>
File: //uni-eng.ru/unit/Ivanovo/Документация ЮНИТ М300/Раз
работка/Схемы ФБ ЮНИТ-М300/Проект/БД/desc//128. К
П ОЛ/_latex/img/uzn.pdf Graphic file (type pdf)
<use //uni-eng.ru/unit/Ivanovo/Документация ЮНИТ М300/Раз
работка/Схемы ФБ ЮНИТ-М300/Проект/БД/desc//128. К
П ОЛ/_latex/img/uzn.pdf>
Package luatex.def Info: //uni-eng.ru/unit/Ivanovo/Документация Ю
НИТ М300/Разработка/Схемы ФБ ЮНИТ-М300/Проект/
БД/desc//128. КП ОЛ/_latex/img/uzn.pdf  used on input line 332.
(luatex.def)             Requested size: 506.4635pt x 370.30466pt.
[119<//uni-eng.ru/unit/Ivanovo/Документация ЮНИТ М300/Раз
работка/Схемы ФБ ЮНИТ-М300/Проект/БД/desc//128. К
П ОЛ/_latex/img/uzn.pdf>]
<//uni-eng.ru/unit/Ivanovo/Документация ЮНИТ М300/Разра
ботка/Схемы ФБ ЮНИТ-М300/Проект/БД/desc//128. КП О
Л/_latex/img/obrka.jpg, id=2749, 252.76341pt x 356.992pt>
File: //uni-eng.ru/unit/Ivanovo/Документация ЮНИТ М300/Раз
работка/Схемы ФБ ЮНИТ-М300/Проект/БД/desc//128. К
П ОЛ/_latex/img/obrka.jpg Graphic file (type jpg)
<use //uni-eng.ru/unit/Ivanovo/Документация ЮНИТ М300/Раз
работка/Схемы ФБ ЮНИТ-М300/Проект/БД/desc//128. К
П ОЛ/_latex/img/obrka.jpg>
Package luatex.def Info: //uni-eng.ru/unit/Ivanovo/Документация Ю
НИТ М300/Разработка/Схемы ФБ ЮНИТ-М300/Проект/
БД/desc//128. КП ОЛ/_latex/img/obrka.jpg  used on input line 383.
(luatex.def)             Requested size: 253.24101pt x 357.66656pt.
 [120<//uni-eng.ru/unit/Ivanovo/Документация ЮНИТ М300/Раз
работка/Схемы ФБ ЮНИТ-М300/Проект/БД/desc//128. К
П ОЛ/_latex/img/obrka.jpg>]
Overfull \hbox (9.32463pt too wide) in paragraph at lines 406--407
[]\TU/ArialNarrow(1)/m/n/12 Внешние дис-крет-ные вхо-ды 
на-зна-ча-ют-ся в про-ек-те непо-сред-ствен-н
о под схе-му объ-ек-та. Блокировка
 []


warning  (file //uni-eng.ru/unit/Ivanovo/Документация ЮНИТ М300
/Разработка/Схемы ФБ ЮНИТ-М300/Проект/БД/desc//128
. КП ОЛ/_latex/img/obrv.pdf) (pdf inclusion): PDF inclusion: found PDF versi
on '1.7', but at most version '1.5' allowed
<//uni-eng.ru/unit/Ivanovo/Документация ЮНИТ М300/Разра
ботка/Схемы ФБ ЮНИТ-М300/Проект/БД/desc//128. КП О
Л/_latex/img/obrv.pdf, id=2764, 3043.46927pt x 1404.55171pt>
File: //uni-eng.ru/unit/Ivanovo/Документация ЮНИТ М300/Раз
работка/Схемы ФБ ЮНИТ-М300/Проект/БД/desc//128. К
П ОЛ/_latex/img/obrv.pdf Graphic file (type pdf)
<use //uni-eng.ru/unit/Ivanovo/Документация ЮНИТ М300/Раз
работка/Схемы ФБ ЮНИТ-М300/Проект/БД/desc//128. К
П ОЛ/_latex/img/obrv.pdf>
Package luatex.def Info: //uni-eng.ru/unit/Ivanovo/Документация Ю
НИТ М300/Разработка/Схемы ФБ ЮНИТ-М300/Проект/
БД/desc//128. КП ОЛ/_latex/img/obrv.pdf  used on input line 414.
(luatex.def)             Requested size: 430.49455pt x 198.6719pt.

Overfull \hbox (9.32463pt too wide) in paragraph at lines 469--470
[]\TU/ArialNarrow(1)/m/n/12 Внешние дис-крет-ные вхо-ды 
на-зна-ча-ют-ся в про-ек-те непо-сред-ствен-н
о под схе-му объ-ек-та. Блокировка
 []

[121<//uni-eng.ru/unit/Ivanovo/Документация ЮНИТ М300/Раз
работка/Схемы ФБ ЮНИТ-М300/Проект/БД/desc//128. К
П ОЛ/_latex/img/obrv.pdf>]
warning  (file //uni-eng.ru/unit/Ivanovo/Документация ЮНИТ М300
/Разработка/Схемы ФБ ЮНИТ-М300/Проект/БД/desc//128
. КП ОЛ/_latex/img/obrve.pdf) (pdf inclusion): PDF inclusion: found PDF vers
ion '1.7', but at most version '1.5' allowed
<//uni-eng.ru/unit/Ivanovo/Документация ЮНИТ М300/Разра
ботка/Схемы ФБ ЮНИТ-М300/Проект/БД/desc//128. КП О
Л/_latex/img/obrve.pdf, id=2794, 636.87938pt x 264.99pt>
File: //uni-eng.ru/unit/Ivanovo/Документация ЮНИТ М300/Раз
работка/Схемы ФБ ЮНИТ-М300/Проект/БД/desc//128. К
П ОЛ/_latex/img/obrve.pdf Graphic file (type pdf)
<use //uni-eng.ru/unit/Ivanovo/Документация ЮНИТ М300/Раз
работка/Схемы ФБ ЮНИТ-М300/Проект/БД/desc//128. К
П ОЛ/_latex/img/obrve.pdf>
Package luatex.def Info: //uni-eng.ru/unit/Ivanovo/Документация Ю
НИТ М300/Разработка/Схемы ФБ ЮНИТ-М300/Проект/
БД/desc//128. КП ОЛ/_latex/img/obrve.pdf  used on input line 477.
(luatex.def)             Requested size: 506.45274pt x 210.72264pt.

Overfull \hbox (9.32463pt too wide) in paragraph at lines 530--531
[]\TU/ArialNarrow(1)/m/n/12 Внешние дис-крет-ные вхо-ды 
на-зна-ча-ют-ся в про-ек-те непо-сред-ствен-н
о под схе-му объ-ек-та. Блокировка
 []


warning  (file //uni-eng.ru/unit/Ivanovo/Документация ЮНИТ М300
/Разработка/Схемы ФБ ЮНИТ-М300/Проект/БД/desc//128
. КП ОЛ/_latex/img/obrzn.pdf) (pdf inclusion): PDF inclusion: found PDF vers
ion '1.7', but at most version '1.5' allowed
<//uni-eng.ru/unit/Ivanovo/Документация ЮНИТ М300/Разра
ботка/Схемы ФБ ЮНИТ-М300/Проект/БД/desc//128. КП О
Л/_latex/img/obrzn.pdf, id=2800, 637.23401pt x 238.47688pt>
File: //uni-eng.ru/unit/Ivanovo/Документация ЮНИТ М300/Раз
работка/Схемы ФБ ЮНИТ-М300/Проект/БД/desc//128. К
П ОЛ/_latex/img/obrzn.pdf Graphic file (type pdf)
<use //uni-eng.ru/unit/Ivanovo/Документация ЮНИТ М300/Раз
работка/Схемы ФБ ЮНИТ-М300/Проект/БД/desc//128. К
П ОЛ/_latex/img/obrzn.pdf>
Package luatex.def Info: //uni-eng.ru/unit/Ivanovo/Документация Ю
НИТ М300/Разработка/Схемы ФБ ЮНИТ-М300/Проект/
БД/desc//128. КП ОЛ/_latex/img/obrzn.pdf  used on input line 538.
(luatex.def)             Requested size: 506.4625pt x 189.53726pt.
[122<//uni-eng.ru/unit/Ivanovo/Документация ЮНИТ М300/Раз
работка/Схемы ФБ ЮНИТ-М300/Проект/БД/desc//128. К
П ОЛ/_latex/img/obrve.pdf>])
("//uni-eng.ru/unit/Ivanovo/Документация ЮНИТ М300/Разра
ботка/Схемы ФБ ЮНИТ-М300/Проект/БД/desc//129. УВ О
Л/_latex/uv.tex"
warning  (file //uni-eng.ru/unit/Ivanovo/Документация ЮНИТ М300
/Разработка/Схемы ФБ ЮНИТ-М300/Проект/БД/desc//129
. УВ ОЛ/_latex/img/uv.pdf) (pdf inclusion): PDF inclusion: found PDF version
 '1.7', but at most version '1.5' allowed
<//uni-eng.ru/unit/Ivanovo/Документация ЮНИТ М300/Разра
ботка/Схемы ФБ ЮНИТ-М300/Проект/БД/desc//129. УВ О
Л/_latex/img/uv.pdf, id=2831, 1770.34547pt x 778.27237pt>
File: //uni-eng.ru/unit/Ivanovo/Документация ЮНИТ М300/Раз
работка/Схемы ФБ ЮНИТ-М300/Проект/БД/desc//129. У
В ОЛ/_latex/img/uv.pdf Graphic file (type pdf)
<use //uni-eng.ru/unit/Ivanovo/Документация ЮНИТ М300/Раз
работка/Схемы ФБ ЮНИТ-М300/Проект/БД/desc//129. У
В ОЛ/_latex/img/uv.pdf>
Package luatex.def Info: //uni-eng.ru/unit/Ivanovo/Документация Ю
НИТ М300/Разработка/Схемы ФБ ЮНИТ-М300/Проект/
БД/desc//129. УВ ОЛ/_latex/img/uv.pdf  used on input line 28.
(luatex.def)             Requested size: 506.44464pt x 222.6412pt.
[123<//uni-eng.ru/unit/Ivanovo/Документация ЮНИТ М300/Раз
работка/Схемы ФБ ЮНИТ-М300/Проект/БД/desc//128. К
П ОЛ/_latex/img/obrzn.pdf>])
("//uni-eng.ru/unit/Ivanovo/Документация ЮНИТ М300/Разра
ботка/Схемы ФБ ЮНИТ-М300/Проект/БД/desc//130. КА О
Л/_latex/ka.tex"
warning  (file //uni-eng.ru/unit/Ivanovo/Документация ЮНИТ М300
/Разработка/Схемы ФБ ЮНИТ-М300/Проект/БД/desc//130
. КА ОЛ/_latex/img/1.pdf) (pdf inclusion): PDF inclusion: found PDF version 
'1.7', but at most version '1.5' allowed
<//uni-eng.ru/unit/Ivanovo/Документация ЮНИТ М300/Разра
ботка/Схемы ФБ ЮНИТ-М300/Проект/БД/desc//130. КА О
Л/_latex/img/1.pdf, id=2858, 1041.45401pt x 161.98187pt>
File: //uni-eng.ru/unit/Ivanovo/Документация ЮНИТ М300/Раз
работка/Схемы ФБ ЮНИТ-М300/Проект/БД/desc//130. К
А ОЛ/_latex/img/1.pdf Graphic file (type pdf)
<use //uni-eng.ru/unit/Ivanovo/Документация ЮНИТ М300/Раз
работка/Схемы ФБ ЮНИТ-М300/Проект/БД/desc//130. К
А ОЛ/_latex/img/1.pdf>
Package luatex.def Info: //uni-eng.ru/unit/Ivanovo/Документация Ю
НИТ М300/Разработка/Схемы ФБ ЮНИТ-М300/Проект/
БД/desc//130. КА ОЛ/_latex/img/1.pdf  used on input line 33.
(luatex.def)             Requested size: 506.45535pt x 78.7712pt.
[124<//uni-eng.ru/unit/Ivanovo/Документация ЮНИТ М300/Раз
работка/Схемы ФБ ЮНИТ-М300/Проект/БД/desc//129. У
В ОЛ/_latex/img/uv.pdf>]
warning  (file //uni-eng.ru/unit/Ivanovo/Документация ЮНИТ М300
/Разработка/Схемы ФБ ЮНИТ-М300/Проект/БД/desc//130
. КА ОЛ/_latex/img/v.pdf) (pdf inclusion): PDF inclusion: found PDF version 
'1.7', but at most version '1.5' allowed
<//uni-eng.ru/unit/Ivanovo/Документация ЮНИТ М300/Разра
ботка/Схемы ФБ ЮНИТ-М300/Проект/БД/desc//130. КА О
Л/_latex/img/v.pdf, id=2885, 1042.11105pt x 1034.21085pt>
File: //uni-eng.ru/unit/Ivanovo/Документация ЮНИТ М300/Раз
работка/Схемы ФБ ЮНИТ-М300/Проект/БД/desc//130. К
А ОЛ/_latex/img/v.pdf Graphic file (type pdf)
<use //uni-eng.ru/unit/Ivanovo/Документация ЮНИТ М300/Раз
работка/Схемы ФБ ЮНИТ-М300/Проект/БД/desc//130. К
А ОЛ/_latex/img/v.pdf>
Package luatex.def Info: //uni-eng.ru/unit/Ivanovo/Документация Ю
НИТ М300/Разработка/Схемы ФБ ЮНИТ-М300/Проект/
БД/desc//130. КА ОЛ/_latex/img/v.pdf  used on input line 92.
(luatex.def)             Requested size: 506.45683pt x 502.61742pt.
[125<//uni-eng.ru/unit/Ivanovo/Документация ЮНИТ М300/Раз
работка/Схемы ФБ ЮНИТ-М300/Проект/БД/desc//130. К
А ОЛ/_latex/img/1.pdf>] [126<//uni-eng.ru/unit/Ivanovo/Документац
ия ЮНИТ М300/Разработка/Схемы ФБ ЮНИТ-М300/Про
ект/БД/desc//130. КА ОЛ/_latex/img/v.pdf>]
Overfull \hbox (3.5535pt too wide) in paragraph at lines 157--158
[]\TU/ArialNarrow(1)/m/n/12 Логика функ-ции <<ЗН>> фор-ми-
ру-ет сиг-на-лы со-сто-я-ния вы-клю-ча-те-ля <<
ЗН: Отключен>>, <<ЗН: Включен>>,
 []

[127]
warning  (file //uni-eng.ru/unit/Ivanovo/Документация ЮНИТ М300
/Разработка/Схемы ФБ ЮНИТ-М300/Проект/БД/desc//130
. КА ОЛ/_latex/img/zn.pdf) (pdf inclusion): PDF inclusion: found PDF version
 '1.7', but at most version '1.5' allowed
<//uni-eng.ru/unit/Ivanovo/Документация ЮНИТ М300/Разра
ботка/Схемы ФБ ЮНИТ-М300/Проект/БД/desc//130. КА О
Л/_latex/img/zn.pdf, id=2945, 946.54636pt x 723.8566pt>
File: //uni-eng.ru/unit/Ivanovo/Документация ЮНИТ М300/Раз
работка/Схемы ФБ ЮНИТ-М300/Проект/БД/desc//130. К
А ОЛ/_latex/img/zn.pdf Graphic file (type pdf)
<use //uni-eng.ru/unit/Ivanovo/Документация ЮНИТ М300/Раз
работка/Схемы ФБ ЮНИТ-М300/Проект/БД/desc//130. К
А ОЛ/_latex/img/zn.pdf>
Package luatex.def Info: //uni-eng.ru/unit/Ivanovo/Документация Ю
НИТ М300/Разработка/Схемы ФБ ЮНИТ-М300/Проект/
БД/desc//130. КА ОЛ/_latex/img/zn.pdf  used on input line 202.
(luatex.def)             Requested size: 481.12907pt x 367.93597pt.
[128<//uni-eng.ru/unit/Ivanovo/Документация ЮНИТ М300/Раз
работка/Схемы ФБ ЮНИТ-М300/Проект/БД/desc//130. К
А ОЛ/_latex/img/zn.pdf>]
warning  (file //uni-eng.ru/unit/Ivanovo/Документация ЮНИТ М300
/Разработка/Схемы ФБ ЮНИТ-М300/Проект/БД/desc//130
. КА ОЛ/_latex/img/ve.pdf) (pdf inclusion): PDF inclusion: found PDF version
 '1.7', but at most version '1.5' allowed
<//uni-eng.ru/unit/Ivanovo/Документация ЮНИТ М300/Разра
ботка/Схемы ФБ ЮНИТ-М300/Проект/БД/desc//130. КА О
Л/_latex/img/ve.pdf, id=2964, 940.2192pt x 758.02463pt>
File: //uni-eng.ru/unit/Ivanovo/Документация ЮНИТ М300/Раз
работка/Схемы ФБ ЮНИТ-М300/Проект/БД/desc//130. К
А ОЛ/_latex/img/ve.pdf Graphic file (type pdf)
<use //uni-eng.ru/unit/Ivanovo/Документация ЮНИТ М300/Раз
работка/Схемы ФБ ЮНИТ-М300/Проект/БД/desc//130. К
А ОЛ/_latex/img/ve.pdf>
Package luatex.def Info: //uni-eng.ru/unit/Ivanovo/Документация Ю
НИТ М300/Разработка/Схемы ФБ ЮНИТ-М300/Проект/
БД/desc//130. КА ОЛ/_latex/img/ve.pdf  used on input line 236.
(luatex.def)             Requested size: 481.14096pt x 387.90602pt.
[129<//uni-eng.ru/unit/Ivanovo/Документация ЮНИТ М300/Раз
работка/Схемы ФБ ЮНИТ-М300/Проект/БД/desc//130. К
А ОЛ/_latex/img/ve.pdf>])
("//uni-eng.ru/unit/Ivanovo/Документация ЮНИТ М300/Разра
ботка/Схемы ФБ ЮНИТ-М300/Проект/БД/desc//131. КСВ 
ОЛ/_latex/ksv.tex" [130] [131]
warning  (file //uni-eng.ru/unit/Ivanovo/Документация ЮНИТ М300
/Разработка/Схемы ФБ ЮНИТ-М300/Проект/БД/desc//131
. КСВ ОЛ/_latex/img/ksv.pdf) (pdf inclusion): PDF inclusion: found PDF vers
ion '1.7', but at most version '1.5' allowed
<//uni-eng.ru/unit/Ivanovo/Документация ЮНИТ М300/Разра
ботка/Схемы ФБ ЮНИТ-М300/Проект/БД/desc//131. КСВ 
ОЛ/_latex/img/ksv.pdf, id=3010, 1798.6931pt x 2213.87251pt>
File: //uni-eng.ru/unit/Ivanovo/Документация ЮНИТ М300/Раз
работка/Схемы ФБ ЮНИТ-М300/Проект/БД/desc//131. К
СВ ОЛ/_latex/img/ksv.pdf Graphic file (type pdf)
<use //uni-eng.ru/unit/Ivanovo/Документация ЮНИТ М300/Раз
работка/Схемы ФБ ЮНИТ-М300/Проект/БД/desc//131. К
СВ ОЛ/_latex/img/ksv.pdf>
Package luatex.def Info: //uni-eng.ru/unit/Ivanovo/Документация Ю
НИТ М300/Разработка/Схемы ФБ ЮНИТ-М300/Проект/
БД/desc//131. КСВ ОЛ/_latex/img/ksv.pdf  used on input line 145.
(luatex.def)             Requested size: 506.45757pt x 623.35953pt.
[132])
("//uni-eng.ru/unit/Ivanovo/Документация ЮНИТ М300/Разра
ботка/Схемы ФБ ЮНИТ-М300/Проект/БД/desc//30. КРВ/_l
atex/krv.tex" [133<//uni-eng.ru/unit/Ivanovo/Документация ЮНИТ 
М300/Разработка/Схемы ФБ ЮНИТ-М300/Проект/БД/desc
//131. КСВ ОЛ/_latex/img/ksv.pdf>] [134]
warning  (file //uni-eng.ru/unit/Ivanovo/Документация ЮНИТ М300
/Разработка/Схемы ФБ ЮНИТ-М300/Проект/БД/desc//30.
 КРВ/_latex/img/1.pdf) (pdf inclusion): PDF inclusion: found PDF version '1.7
', but at most version '1.5' allowed
<//uni-eng.ru/unit/Ivanovo/Документация ЮНИТ М300/Разра
ботка/Схемы ФБ ЮНИТ-М300/Проект/БД/desc//30. КРВ/_l
atex/img/1.pdf, id=3053, 2601.16072pt x 1546.38103pt>
File: //uni-eng.ru/unit/Ivanovo/Документация ЮНИТ М300/Раз
работка/Схемы ФБ ЮНИТ-М300/Проект/БД/desc//30. КР
В/_latex/img/1.pdf Graphic file (type pdf)
<use //uni-eng.ru/unit/Ivanovo/Документация ЮНИТ М300/Раз
работка/Схемы ФБ ЮНИТ-М300/Проект/БД/desc//30. КР
В/_latex/img/1.pdf>
Package luatex.def Info: //uni-eng.ru/unit/Ivanovo/Документация Ю
НИТ М300/Разработка/Схемы ФБ ЮНИТ-М300/Проект/
БД/desc//30. КРВ/_latex/img/1.pdf  used on input line 85.
(luatex.def)             Requested size: 506.45035pt x 301.08296pt.
[135<//uni-eng.ru/unit/Ivanovo/Документация ЮНИТ М300/Раз
работка/Схемы ФБ ЮНИТ-М300/Проект/БД/desc//30. КР
В/_latex/img/1.pdf>])
("//uni-eng.ru/unit/Ivanovo/Документация ЮНИТ М300/Разра
ботка/Схемы ФБ ЮНИТ-М300/Проект/БД/desc//132. ПС О
Л/_latex/ps.tex"
Overfull \hbox (9.19998pt too wide) in paragraph at lines 23--25
[]\TU/ArialNarrow(1)/m/n/12 Инвертированное со-сто-я-ни
е дис-крет-но-го сиг-на-ла при вве-ден-ной ус
тав-ке SGF13 <<Полож.пер.ав.дебл.>>
 []


Overfull \hbox (11.18494pt too wide) in alignment at lines 33--39
 [][][][][] 
 []


Overfull \hbox (11.18494pt too wide) in alignment at lines 39--46
 [][][][][] 
 []


Overfull \hbox (11.18494pt too wide) in alignment at lines 46--48
 [][][][][] 
 []


Overfull \hbox (11.18494pt too wide) in alignment at lines 48--50
 [][][][][] 
 []


Overfull \hbox (11.18494pt too wide) in alignment at lines 50--79
 [][][][][] 
 []

[136])
("//uni-eng.ru/unit/Ivanovo/Документация ЮНИТ М300/Разра
ботка/Схемы ФБ ЮНИТ-М300/Проект/БД/desc//133. СС О
Л/_latex/ss.tex"
warning  (file //uni-eng.ru/unit/Ivanovo/Документация ЮНИТ М300
/Разработка/Схемы ФБ ЮНИТ-М300/Проект/БД/desc//133
. СС ОЛ/_latex/img/ss.pdf) (pdf inclusion): PDF inclusion: found PDF version
 '1.7', but at most version '1.5' allowed
<//uni-eng.ru/unit/Ivanovo/Документация ЮНИТ М300/Разра
ботка/Схемы ФБ ЮНИТ-М300/Проект/БД/desc//133. СС О
Л/_latex/img/ss.pdf, id=3093, 1314.08139pt x 2950.76324pt>
File: //uni-eng.ru/unit/Ivanovo/Документация ЮНИТ М300/Раз
работка/Схемы ФБ ЮНИТ-М300/Проект/БД/desc//133. С
С ОЛ/_latex/img/ss.pdf Graphic file (type pdf)
<use //uni-eng.ru/unit/Ivanovo/Документация ЮНИТ М300/Раз
работка/Схемы ФБ ЮНИТ-М300/Проект/БД/desc//133. С
С ОЛ/_latex/img/ss.pdf>
Package luatex.def Info: //uni-eng.ru/unit/Ivanovo/Документация Ю
НИТ М300/Разработка/Схемы ФБ ЮНИТ-М300/Проект/
БД/desc//133. СС ОЛ/_latex/img/ss.pdf  used on input line 37.
(luatex.def)             Requested size: 297.52032pt x 668.08041pt.
[137]
Overfull \hbox (11.18494pt too wide) in alignment at lines 42--48
 [][][][][] 
 []


Overfull \hbox (11.18494pt too wide) in alignment at lines 48--54
 [][][][][] 
 []


Overfull \hbox (11.18494pt too wide) in alignment at lines 54--56
 [][][][][] 
 []


Overfull \hbox (11.18494pt too wide) in alignment at lines 56--58
 [][][][][] 
 []


Overfull \hbox (11.18494pt too wide) in alignment at lines 58--83
 [][][][][] 
 []

[138<//uni-eng.ru/unit/Ivanovo/Документация ЮНИТ М300/Раз
работка/Схемы ФБ ЮНИТ-М300/Проект/БД/desc//133. С
С ОЛ/_latex/img/ss.pdf>]) [139] (./section3.tex) [140]
("//uni-eng.ru/unit/Ivanovo/Документация ЮНИТ М300/Разра
ботка/Схемы ФБ ЮНИТ-М300/Проект/РЭ/103. Общие р
азделы РЭ//Тех обсл и ремонт/_latex/repair.tex")
("//uni-eng.ru/unit/Ivanovo/Документация ЮНИТ М300/Разра
ботка/Схемы ФБ ЮНИТ-М300/Проект/РЭ/103. Общие р
азделы РЭ//Трансп и хранение/_latex/trans.tex")
("//uni-eng.ru/unit/Ivanovo/Документация ЮНИТ М300/Разра
ботка/Схемы ФБ ЮНИТ-М300/Проект/РЭ/103. Общие р
азделы РЭ//Утилизация/_latex/util.tex")
("//uni-eng.ru/unit/Ivanovo/Документация ЮНИТ М300/Разра
ботка/Схемы ФБ ЮНИТ-М300/Проект/РЭ/103. Общие р
азделы РЭ//Гарантия/_latex/garant.tex")
("//uni-eng.ru/unit/Ivanovo/Документация ЮНИТ М300/Разра
ботка/Схемы ФБ ЮНИТ-М300/Проект/РЭ/103. Общие р
азделы РЭ//Тех поддержка/_latex/support.tex" [141])
(./startapp.tex) [142]
("//uni-eng.ru/unit/Ivanovo/Документация ЮНИТ М300/Разра
ботка/Схемы ФБ ЮНИТ-М300/Проект/РЭ/05. РЭ ЮНИТ-
М3-ОЛ//Приложение. Карта/_latex/apporder.tex"
*geometry* verbose mode - [ newgeometry ] result:
* driver: luatex
* paper: a4paper
* layout: <same size as paper>
* layoutoffset:(h,v)=(0.0pt,0.0pt)
* modes: 
* h-part:(L,W,R)=(62.59605pt, 506.45908pt, 28.45274pt)
* v-part:(T,H,B)=(39.83385pt, 773.91498pt, 31.29802pt)
* \paperwidth=597.50787pt
* \paperheight=845.04684pt
* \textwidth=506.45908pt
* \textheight=773.91498pt
* \oddsidemargin=-9.67393pt
* \evensidemargin=-9.67393pt
* \topmargin=-55.47195pt
* \headheight=14.5pt
* \headsep=8.53581pt
* \topskip=22.0pt
* \footskip=19.91692pt
* \marginparwidth=0.0pt
* \marginparsep=0.0pt
* \columnsep=10.0pt
* \skip\footins=10.8pt plus 4.0pt minus 2.0pt
* \hoffset=0.0pt
* \voffset=0.0pt
* \mag=1000
* \@twocolumnfalse
* \@twosidefalse
* \@mparswitchfalse
* \@reversemarginfalse
* (1in=72.27pt=25.4mm, 1cm=28.453pt)

<//uni-eng.ru/unit/Ivanovo/Документация ЮНИТ М300/Разра
ботка/Схемы ФБ ЮНИТ-М300/Проект/РЭ/05. РЭ ЮНИТ-
М3-ОЛ//Приложение. Карта/ordercard.pdf, id=3155, 623.4492pt x
 558.16531pt>
File: //uni-eng.ru/unit/Ivanovo/Документация ЮНИТ М300/Раз
работка/Схемы ФБ ЮНИТ-М300/Проект/РЭ/05. РЭ ЮН
ИТ-М3-ОЛ//Приложение. Карта/ordercard.pdf Graphic file (typ
e pdf)
<use //uni-eng.ru/unit/Ivanovo/Документация ЮНИТ М300/Раз
работка/Схемы ФБ ЮНИТ-М300/Проект/РЭ/05. РЭ ЮН
ИТ-М3-ОЛ//Приложение. Карта/ordercard.pdf>
Package luatex.def Info: //uni-eng.ru/unit/Ivanovo/Документация Ю
НИТ М300/Разработка/Схемы ФБ ЮНИТ-М300/Проект/
РЭ/05. РЭ ЮНИТ-М3-ОЛ//Приложение. Карта/ordercard.pdf
  used on input line 15.
(luatex.def)             Requested size: 455.8086pt x 408.07903pt.
<//uni-eng.ru/unit/Ivanovo/Документация ЮНИТ М300/Разра
ботка/Схемы ФБ ЮНИТ-М300/Проект/РЭ/05. РЭ ЮНИТ-
М3-ОЛ//Приложение. Карта/ordercard2.pdf, id=3156, 709.69138pt
 x 558.16531pt>
File: //uni-eng.ru/unit/Ivanovo/Документация ЮНИТ М300/Раз
работка/Схемы ФБ ЮНИТ-М300/Проект/РЭ/05. РЭ ЮН
ИТ-М3-ОЛ//Приложение. Карта/ordercard2.pdf Graphic file (ty
pe pdf)
<use //uni-eng.ru/unit/Ivanovo/Документация ЮНИТ М300/Раз
работка/Схемы ФБ ЮНИТ-М300/Проект/РЭ/05. РЭ ЮН
ИТ-М3-ОЛ//Приложение. Карта/ordercard2.pdf>
Package luatex.def Info: //uni-eng.ru/unit/Ivanovo/Документация Ю
НИТ М300/Разработка/Схемы ФБ ЮНИТ-М300/Проект/
РЭ/05. РЭ ЮНИТ-М3-ОЛ//Приложение. Карта/ordercard2.pd
f  used on input line 21.
(luatex.def)             Requested size: 455.80362pt x 358.48508pt.
 [143


<//uni-eng.ru/unit/Ivanovo/Документация ЮНИТ М300/Разра
ботка/Схемы ФБ ЮНИТ-М300/Проект/РЭ/05. РЭ ЮНИТ-
М3-ОЛ//Приложение. Карта/ordercard.pdf>] [144<//uni-eng.ru/uni
t/Ivanovo/Документация ЮНИТ М300/Разработка/Схе
мы ФБ ЮНИТ-М300/Проект/РЭ/05. РЭ ЮНИТ-М3-ОЛ//При
ложение. Карта/ordercard2.pdf>])
("//uni-eng.ru/unit/Ivanovo/Документация ЮНИТ М300/Разра
ботка/Схемы ФБ ЮНИТ-М300/Проект/РЭ/05. РЭ ЮНИТ-
М3-ОЛ//Приложение. ФСУ/_latex/app2.tex"
Package typearea Info: These are the values describing the layout:
(typearea)             DIV  = areaset
(typearea)             BCOR = 0.0pt
(typearea)             \paperwidth      = 1195.01587pt
(typearea)              \textwidth      = 1109.65747pt
(typearea)              \evensidemargin = -29.5908pt
(typearea)              \oddsidemargin  = -29.5908pt
(typearea)             \paperheight     = 845.04694pt
(typearea)              \textheight     = 768.2244pt
(typearea)              \topmargin      = -85.41248pt
(typearea)              \headheight     = 17.0pt
(typearea)              \headsep        = 21.75pt
(typearea)              \topskip        = 22.0pt
(typearea)              \footskip       = 50.75pt
(typearea)              \baselineskip   = 14.5pt
(typearea)              on input line 4.
Package typearea Info: Using dirty hack to recalculate internal output
(typearea)             dimensions of LaTeX on input line 4.


Package typearea Warning: page content and margins higher than paper.
(typearea)                This may result in page footer out of paper.
(typearea)                You should decrease DIV, decrease foot height,
(typearea)                or decreate height of text area.


warning  (file //uni-eng.ru/unit/Ivanovo/Документация ЮНИТ М300
/Разработка/Схемы ФБ ЮНИТ-М300/Проект/РЭ/05. Р
Э ЮНИТ-М3-ОЛ//Приложение. ФСУ/_latex/img/1.pdf) (pdf inclus
ion): PDF inclusion: found PDF version '1.7', but at most version '1.5' allowed
<//uni-eng.ru/unit/Ivanovo/Документация ЮНИТ М300/Разра
ботка/Схемы ФБ ЮНИТ-М300/Проект/РЭ/05. РЭ ЮНИТ-
М3-ОЛ//Приложение. ФСУ/_latex/img/1.pdf, id=3193, 2053.84508pt 
x 1865.25156pt>
File: //uni-eng.ru/unit/Ivanovo/Документация ЮНИТ М300/Раз
работка/Схемы ФБ ЮНИТ-М300/Проект/РЭ/05. РЭ ЮН
ИТ-М3-ОЛ//Приложение. ФСУ/_latex/img/1.pdf Graphic file (type
 pdf)
<use //uni-eng.ru/unit/Ivanovo/Документация ЮНИТ М300/Раз
работка/Схемы ФБ ЮНИТ-М300/Проект/РЭ/05. РЭ ЮН
ИТ-М3-ОЛ//Приложение. ФСУ/_latex/img/1.pdf>
Package luatex.def Info: //uni-eng.ru/unit/Ivanovo/Документация Ю
НИТ М300/Разработка/Схемы ФБ ЮНИТ-М300/Проект/
РЭ/05. РЭ ЮНИТ-М3-ОЛ//Приложение. ФСУ/_latex/img/1.pdf 
 used on input line 18.
(luatex.def)             Requested size: 719.01324pt x 652.99014pt.

Package fancyhdr Warning: \footskip is too small (-22.76228pt): 
(fancyhdr)                Make it at least 15.49998pt, for example:
(fancyhdr)                \setlength{\footskip}{15.49998pt}.

[145



<//uni-eng.ru/unit/Ivanovo/Документация ЮНИТ М300/Разра
ботка/Схемы ФБ ЮНИТ-М300/Проект/РЭ/05. РЭ ЮНИТ-
М3-ОЛ//Приложение. ФСУ/_latex/img/1.pdf>])
("//uni-eng.ru/unit/Ivanovo/Документация ЮНИТ М300/Разра
ботка/Схемы ФБ ЮНИТ-М300/Проект/РЭ/05. РЭ ЮНИТ-
М3-ОЛ//Приложение. Аналоги/_latex/appanalog.tex"
Package typearea Info: These are the values describing the layout:
(typearea)             DIV  = areaset
(typearea)             BCOR = 0.0pt
(typearea)             \paperwidth      = 597.50793pt
(typearea)              \textwidth      = 759.68857pt
(typearea)              \evensidemargin = -153.3603pt
(typearea)              \oddsidemargin  = -153.3603pt
(typearea)             \paperheight     = 845.04694pt
(typearea)              \textheight     = 512.1496pt
(typearea)              \topmargin      = -0.05421pt
(typearea)              \headheight     = 17.0pt
(typearea)              \headsep        = 21.75pt
(typearea)              \topskip        = 22.0pt
(typearea)              \footskip       = 50.75pt
(typearea)              \baselineskip   = 14.5pt
(typearea)              on input line 2.
Package typearea Info: Using dirty hack to recalculate internal output
(typearea)             dimensions of LaTeX on input line 2.
*geometry* verbose mode - [ newgeometry ] result:
* driver: luatex
* paper: a4paper
* layout: <same size as paper>
* layoutoffset:(h,v)=(0.0pt,0.0pt)
* modes: 
* h-part:(L,W,R)=(62.59605pt, 506.45908pt, 28.45274pt)
* v-part:(T,H,B)=(39.83385pt, 773.91498pt, 31.29802pt)
* \paperwidth=597.50787pt
* \paperheight=845.04684pt
* \textwidth=506.45908pt
* \textheight=773.91498pt
* \oddsidemargin=-9.67393pt
* \evensidemargin=-9.67393pt
* \topmargin=-55.47195pt
* \headheight=14.5pt
* \headsep=8.53581pt
* \topskip=22.0pt
* \footskip=19.91692pt
* \marginparwidth=0.0pt
* \marginparsep=0.0pt
* \columnsep=10.0pt
* \skip\footins=10.8pt plus 4.0pt minus 2.0pt
* \hoffset=0.0pt
* \voffset=0.0pt
* \mag=1000
* \@twocolumnfalse
* \@twosidefalse
* \@mparswitchfalse
* \@reversemarginfalse
* (1in=72.27pt=25.4mm, 1cm=28.453pt)


warning  (file //uni-eng.ru/unit/Ivanovo/Документация ЮНИТ М300
/Разработка/Схемы ФБ ЮНИТ-М300/Проект/РЭ/05. Р
Э ЮНИТ-М3-ОЛ//Приложение. Аналоги/_latex/img/1.pdf) (pd
f inclusion): PDF inclusion: found PDF version '1.7', but at most version '1.5' 
allowed
<//uni-eng.ru/unit/Ivanovo/Документация ЮНИТ М300/Разра
ботка/Схемы ФБ ЮНИТ-М300/Проект/РЭ/05. РЭ ЮНИТ-
М3-ОЛ//Приложение. Аналоги/_latex/img/1.pdf, id=3213, 985.6
336pt x 965.76054pt>
File: //uni-eng.ru/unit/Ivanovo/Документация ЮНИТ М300/Раз
работка/Схемы ФБ ЮНИТ-М300/Проект/РЭ/05. РЭ ЮН
ИТ-М3-ОЛ//Приложение. Аналоги/_latex/img/1.pdf Graphic fi
le (type pdf)
<use //uni-eng.ru/unit/Ivanovo/Документация ЮНИТ М300/Раз
работка/Схемы ФБ ЮНИТ-М300/Проект/РЭ/05. РЭ ЮН
ИТ-М3-ОЛ//Приложение. Аналоги/_latex/img/1.pdf>
Package luatex.def Info: //uni-eng.ru/unit/Ivanovo/Документация Ю
НИТ М300/Разработка/Схемы ФБ ЮНИТ-М300/Проект/
РЭ/05. РЭ ЮНИТ-М3-ОЛ//Приложение. Аналоги/_latex/im
g/1.pdf  used on input line 23.
(luatex.def)             Requested size: 415.30014pt x 406.92819pt.

warning  (file //uni-eng.ru/unit/Ivanovo/Документация ЮНИТ М300
/Разработка/Схемы ФБ ЮНИТ-М300/Проект/РЭ/05. Р
Э ЮНИТ-М3-ОЛ//Приложение. Аналоги/_latex/img/2.pdf) (pd
f inclusion): PDF inclusion: found PDF version '1.7', but at most version '1.5' 
allowed
<//uni-eng.ru/unit/Ivanovo/Документация ЮНИТ М300/Разра
ботка/Схемы ФБ ЮНИТ-М300/Проект/РЭ/05. РЭ ЮНИТ-
М3-ОЛ//Приложение. Аналоги/_latex/img/2.pdf, id=3214, 995.0
7048pt x 1030.06352pt>
File: //uni-eng.ru/unit/Ivanovo/Документация ЮНИТ М300/Раз
работка/Схемы ФБ ЮНИТ-М300/Проект/РЭ/05. РЭ ЮН
ИТ-М3-ОЛ//Приложение. Аналоги/_latex/img/2.pdf Graphic fi
le (type pdf)
<use //uni-eng.ru/unit/Ivanovo/Документация ЮНИТ М300/Раз
работка/Схемы ФБ ЮНИТ-М300/Проект/РЭ/05. РЭ ЮН
ИТ-М3-ОЛ//Приложение. Аналоги/_latex/img/2.pdf>
Package luatex.def Info: //uni-eng.ru/unit/Ivanovo/Документация Ю
НИТ М300/Разработка/Схемы ФБ ЮНИТ-М300/Проект/
РЭ/05. РЭ ЮНИТ-М3-ОЛ//Приложение. Аналоги/_latex/im
g/2.pdf  used on input line 30.
(luatex.def)             Requested size: 455.81007pt x 471.83885pt.

LaTeX Warning: `!h' float specifier changed to `!ht'.

[146



<//uni-eng.ru/unit/Ivanovo/Документация ЮНИТ М300/Разра
ботка/Схемы ФБ ЮНИТ-М300/Проект/РЭ/05. РЭ ЮНИТ-
М3-ОЛ//Приложение. Аналоги/_latex/img/1.pdf>] [147<//uni-eng
.ru/unit/Ivanovo/Документация ЮНИТ М300/Разработка/
Схемы ФБ ЮНИТ-М300/Проект/РЭ/05. РЭ ЮНИТ-М3-ОЛ//
Приложение. Аналоги/_latex/img/2.pdf>])
("//uni-eng.ru/unit/Ivanovo/Документация ЮНИТ М300/Разра
ботка/Схемы ФБ ЮНИТ-М300/Проект/РЭ/05. РЭ ЮНИТ-
М3-ОЛ//Приложение. Размеры/_latex/app1.tex"
Package typearea Info: These are the values describing the layout:
(typearea)             DIV  = areaset
(typearea)             BCOR = 0.0pt
(typearea)             \paperwidth      = 597.50793pt
(typearea)              \textwidth      = 759.68857pt
(typearea)              \evensidemargin = -153.3603pt
(typearea)              \oddsidemargin  = -153.3603pt
(typearea)             \paperheight     = 845.04694pt
(typearea)              \textheight     = 512.1496pt
(typearea)              \topmargin      = -0.05421pt
(typearea)              \headheight     = 17.0pt
(typearea)              \headsep        = 21.75pt
(typearea)              \topskip        = 22.0pt
(typearea)              \footskip       = 50.75pt
(typearea)              \baselineskip   = 14.5pt
(typearea)              on input line 2.
Package typearea Info: Using dirty hack to recalculate internal output
(typearea)             dimensions of LaTeX on input line 2.
*geometry* verbose mode - [ newgeometry ] result:
* driver: luatex
* paper: a4paper
* layout: <same size as paper>
* layoutoffset:(h,v)=(0.0pt,0.0pt)
* modes: 
* h-part:(L,W,R)=(62.59605pt, 506.45908pt, 28.45274pt)
* v-part:(T,H,B)=(39.83385pt, 773.91498pt, 31.29802pt)
* \paperwidth=597.50787pt
* \paperheight=845.04684pt
* \textwidth=506.45908pt
* \textheight=773.91498pt
* \oddsidemargin=-9.67393pt
* \evensidemargin=-9.67393pt
* \topmargin=-55.47195pt
* \headheight=14.5pt
* \headsep=8.53581pt
* \topskip=22.0pt
* \footskip=19.91692pt
* \marginparwidth=0.0pt
* \marginparsep=0.0pt
* \columnsep=10.0pt
* \skip\footins=10.8pt plus 4.0pt minus 2.0pt
* \hoffset=0.0pt
* \voffset=0.0pt
* \mag=1000
* \@twocolumnfalse
* \@twosidefalse
* \@mparswitchfalse
* \@reversemarginfalse
* (1in=72.27pt=25.4mm, 1cm=28.453pt)

<//uni-eng.ru/unit/Ivanovo/Документация ЮНИТ М300/Разра
ботка/Схемы ФБ ЮНИТ-М300/Проект/РЭ/05. РЭ ЮНИТ-
М3-ОЛ//Приложение. Размеры/_latex/img/319.png, id=3252, 500
7.70876pt x 1096.095pt>
File: //uni-eng.ru/unit/Ivanovo/Документация ЮНИТ М300/Раз
работка/Схемы ФБ ЮНИТ-М300/Проект/РЭ/05. РЭ ЮН
ИТ-М3-ОЛ//Приложение. Размеры/_latex/img/319.png Graphic 
file (type png)
<use //uni-eng.ru/unit/Ivanovo/Документация ЮНИТ М300/Раз
работка/Схемы ФБ ЮНИТ-М300/Проект/РЭ/05. РЭ ЮН
ИТ-М3-ОЛ//Приложение. Размеры/_latex/img/319.png>
Package luatex.def Info: //uni-eng.ru/unit/Ivanovo/Документация Ю
НИТ М300/Разработка/Схемы ФБ ЮНИТ-М300/Проект/
РЭ/05. РЭ ЮНИТ-М3-ОЛ//Приложение. Размеры/_latex/im
g/319.png  used on input line 26.
(luatex.def)             Requested size: 709.03961pt x 155.19165pt.
<//uni-eng.ru/unit/Ivanovo/Документация ЮНИТ М300/Разра
ботка/Схемы ФБ ЮНИТ-М300/Проект/РЭ/05. РЭ ЮНИТ-
М3-ОЛ//Приложение. Размеры/_latex/img/314.png, id=3253, 470
4.32532pt x 1108.8928pt>
File: //uni-eng.ru/unit/Ivanovo/Документация ЮНИТ М300/Раз
работка/Схемы ФБ ЮНИТ-М300/Проект/РЭ/05. РЭ ЮН
ИТ-М3-ОЛ//Приложение. Размеры/_latex/img/314.png Graphic 
file (type png)
<use //uni-eng.ru/unit/Ivanovo/Документация ЮНИТ М300/Раз
работка/Схемы ФБ ЮНИТ-М300/Проект/РЭ/05. РЭ ЮН
ИТ-М3-ОЛ//Приложение. Размеры/_latex/img/314.png>
Package luatex.def Info: //uni-eng.ru/unit/Ivanovo/Документация Ю
НИТ М300/Разработка/Схемы ФБ ЮНИТ-М300/Проект/
РЭ/05. РЭ ЮНИТ-М3-ОЛ//Приложение. Размеры/_latex/im
g/314.png  used on input line 34.
(luatex.def)             Requested size: 709.03961pt x 167.122pt.


LaTeX Warning: `!h' float specifier changed to `!ht'.


Package fancyhdr Warning: \footskip is too small (0.0pt): 
(fancyhdr)                Make it at least 15.49998pt, for example:
(fancyhdr)                \setlength{\footskip}{15.49998pt}.

[148





<//uni-eng.ru/unit/Ivanovo/Документация ЮНИТ М300/Разра
ботка/Схемы ФБ ЮНИТ-М300/Проект/РЭ/05. РЭ ЮНИТ-
М3-ОЛ//Приложение. Размеры/_latex/img/319.png>]

Package fancyhdr Warning: \footskip is too small (0.0pt): 
(fancyhdr)                Make it at least 15.49998pt, for example:
(fancyhdr)                \setlength{\footskip}{15.49998pt}.

[149<//uni-eng.ru/unit/Ivanovo/Документация ЮНИТ М300/Раз
работка/Схемы ФБ ЮНИТ-М300/Проект/РЭ/05. РЭ ЮН
ИТ-М3-ОЛ//Приложение. Размеры/_latex/img/314.png>])
("//uni-eng.ru/unit/Ivanovo/Документация ЮНИТ М300/Разра
ботка/Схемы ФБ ЮНИТ-М300/Проект/РЭ/103. Общие р
азделы РЭ//Элементы ФС/_latex/appElmtFSU.tex"
Package typearea Info: These are the values describing the layout:
(typearea)             DIV  = areaset
(typearea)             BCOR = 0.0pt
(typearea)             \paperwidth      = 597.50793pt
(typearea)              \textwidth      = 512.1496pt
(typearea)              \evensidemargin = -29.59084pt
(typearea)              \oddsidemargin  = -29.59084pt
(typearea)             \paperheight     = 845.04694pt
(typearea)              \textheight     = 759.68857pt
(typearea)              \topmargin      = -82.5672pt
(typearea)              \headheight     = 17.0pt
(typearea)              \headsep        = 21.75pt
(typearea)              \topskip        = 22.0pt
(typearea)              \footskip       = 50.75pt
(typearea)              \baselineskip   = 14.5pt
(typearea)              on input line 2.
Package typearea Info: Using dirty hack to recalculate internal output
(typearea)             dimensions of LaTeX on input line 2.


Package typearea Warning: page content and margins higher than paper.
(typearea)                This may result in page footer out of paper.
(typearea)                You should decrease DIV, decrease foot height,
(typearea)                or decreate height of text area.

*geometry* verbose mode - [ newgeometry ] result:
* driver: luatex
* paper: a4paper
* layout: <same size as paper>
* layoutoffset:(h,v)=(0.0pt,0.0pt)
* modes: includehead includefoot 
* h-part:(L,W,R)=(62.59605pt, 506.45908pt, 28.45274pt)
* v-part:(T,H,B)=(17.07164pt, 810.90356pt, 17.07164pt)
* \paperwidth=597.50787pt
* \paperheight=845.04684pt
* \textwidth=506.45908pt
* \textheight=767.95084pt
* \oddsidemargin=-9.67393pt
* \evensidemargin=-9.67393pt
* \topmargin=-55.19835pt
* \headheight=14.5pt
* \headsep=8.53581pt
* \topskip=22.0pt
* \footskip=19.91692pt
* \marginparwidth=0.0pt
* \marginparsep=0.0pt
* \columnsep=10.0pt
* \skip\footins=10.8pt plus 4.0pt minus 2.0pt
* \hoffset=0.0pt
* \voffset=0.0pt
* \mag=1000
* \@twocolumnfalse
* \@twosidefalse
* \@mparswitchfalse
* \@reversemarginfalse
* (1in=72.27pt=25.4mm, 1cm=28.453pt)


Overfull \hbox (0.61133pt too wide) in alignment at lines 37--46
 [][][] 
 []


Overfull \hbox (0.61133pt too wide) in alignment at lines 46--53
 [][][] 
 []


Overfull \hbox (0.61133pt too wide) in alignment at lines 53--56
 [][][] 
 []


Overfull \hbox (0.61133pt too wide) in alignment at lines 56--59
 [][][] 
 []


warning  (file //uni-eng.ru/unit/Ivanovo/Документация ЮНИТ М300
/Разработка/Схемы ФБ ЮНИТ-М300/Проект/РЭ/103. О
бщие разделы РЭ//Элементы ФС/_latex/img/1_analog_canal.pd
f) (pdf inclusion): PDF inclusion: found PDF version '1.6', but at most version 
'1.5' allowed
<//uni-eng.ru/unit/Ivanovo/Документация ЮНИТ М300/Разра
ботка/Схемы ФБ ЮНИТ-М300/Проект/РЭ/103. Общие р
азделы РЭ//Элементы ФС/_latex/img/1_analog_canal.pdf, id=3268
, 114.4275pt x 41.41081pt>
File: //uni-eng.ru/unit/Ivanovo/Документация ЮНИТ М300/Раз
работка/Схемы ФБ ЮНИТ-М300/Проект/РЭ/103. Общи
е разделы РЭ//Элементы ФС/_latex/img/1_analog_canal.pdf Gra
phic file (type pdf)
<use //uni-eng.ru/unit/Ivanovo/Документация ЮНИТ М300/Раз
работка/Схемы ФБ ЮНИТ-М300/Проект/РЭ/103. Общи
е разделы РЭ//Элементы ФС/_latex/img/1_analog_canal.pdf>
Package luatex.def Info: //uni-eng.ru/unit/Ivanovo/Документация Ю
НИТ М300/Разработка/Схемы ФБ ЮНИТ-М300/Проект/
РЭ/103. Общие разделы РЭ//Элементы ФС/_latex/img/1_an
alog_canal.pdf  used on input line 61.
(luatex.def)             Requested size: 101.29364pt x 36.65771pt.

warning  (file //uni-eng.ru/unit/Ivanovo/Документация ЮНИТ М300
/Разработка/Схемы ФБ ЮНИТ-М300/Проект/РЭ/103. О
бщие разделы РЭ//Элементы ФС/_latex/img/2_po.pdf) (pdf in
clusion): PDF inclusion: found PDF version '1.6', but at most version '1.5' allo
wed
<//uni-eng.ru/unit/Ivanovo/Документация ЮНИТ М300/Разра
ботка/Схемы ФБ ЮНИТ-М300/Проект/РЭ/103. Общие р
азделы РЭ//Элементы ФС/_latex/img/2_po.pdf, id=3269, 114.4275
pt x 40.64888pt>
File: //uni-eng.ru/unit/Ivanovo/Документация ЮНИТ М300/Раз
работка/Схемы ФБ ЮНИТ-М300/Проект/РЭ/103. Общи
е разделы РЭ//Элементы ФС/_latex/img/2_po.pdf Graphic file 
(type pdf)
<use //uni-eng.ru/unit/Ivanovo/Документация ЮНИТ М300/Раз
работка/Схемы ФБ ЮНИТ-М300/Проект/РЭ/103. Общи
е разделы РЭ//Элементы ФС/_latex/img/2_po.pdf>
Package luatex.def Info: //uni-eng.ru/unit/Ivanovo/Документация Ю
НИТ М300/Разработка/Схемы ФБ ЮНИТ-М300/Проект/
РЭ/103. Общие разделы РЭ//Элементы ФС/_latex/img/2_po
.pdf  used on input line 64.
(luatex.def)             Requested size: 101.29364pt x 35.98323pt.

warning  (file //uni-eng.ru/unit/Ivanovo/Документация ЮНИТ М300
/Разработка/Схемы ФБ ЮНИТ-М300/Проект/РЭ/103. О
бщие разделы РЭ//Элементы ФС/_latex/img/3_out_sig.pdf) (p
df inclusion): PDF inclusion: found PDF version '1.6', but at most version '1.5'
 allowed
<//uni-eng.ru/unit/Ivanovo/Документация ЮНИТ М300/Разра
ботка/Схемы ФБ ЮНИТ-М300/Проект/РЭ/103. Общие р
азделы РЭ//Элементы ФС/_latex/img/3_out_sig.pdf, id=3270, 114
.80391pt x 41.02827pt>
File: //uni-eng.ru/unit/Ivanovo/Документация ЮНИТ М300/Раз
работка/Схемы ФБ ЮНИТ-М300/Проект/РЭ/103. Общи
е разделы РЭ//Элементы ФС/_latex/img/3_out_sig.pdf Graphic 
file (type pdf)
<use //uni-eng.ru/unit/Ivanovo/Документация ЮНИТ М300/Раз
работка/Схемы ФБ ЮНИТ-М300/Проект/РЭ/103. Общи
е разделы РЭ//Элементы ФС/_latex/img/3_out_sig.pdf>
Package luatex.def Info: //uni-eng.ru/unit/Ivanovo/Документация Ю
НИТ М300/Разработка/Схемы ФБ ЮНИТ-М300/Проект/
РЭ/103. Общие разделы РЭ//Элементы ФС/_latex/img/3_ou
t_sig.pdf  used on input line 67.
(luatex.def)             Requested size: 101.29576pt x 36.20076pt.

warning  (file //uni-eng.ru/unit/Ivanovo/Документация ЮНИТ М300
/Разработка/Схемы ФБ ЮНИТ-М300/Проект/РЭ/103. О
бщие разделы РЭ//Элементы ФС/_latex/img/4_inner.pdf) (pdf
 inclusion): PDF inclusion: found PDF version '1.6', but at most version '1.5' a
llowed
<//uni-eng.ru/unit/Ivanovo/Документация ЮНИТ М300/Разра
ботка/Схемы ФБ ЮНИТ-М300/Проект/РЭ/103. Общие р
азделы РЭ//Элементы ФС/_latex/img/4_inner.pdf, id=3271, 114.4
275pt x 40.27246pt>
File: //uni-eng.ru/unit/Ivanovo/Документация ЮНИТ М300/Раз
работка/Схемы ФБ ЮНИТ-М300/Проект/РЭ/103. Общи
е разделы РЭ//Элементы ФС/_latex/img/4_inner.pdf Graphic fi
le (type pdf)
<use //uni-eng.ru/unit/Ivanovo/Документация ЮНИТ М300/Раз
работка/Схемы ФБ ЮНИТ-М300/Проект/РЭ/103. Общи
е разделы РЭ//Элементы ФС/_latex/img/4_inner.pdf>
Package luatex.def Info: //uni-eng.ru/unit/Ivanovo/Документация Ю
НИТ М300/Разработка/Схемы ФБ ЮНИТ-М300/Проект/
РЭ/103. Общие разделы РЭ//Элементы ФС/_latex/img/4_in
ner.pdf  used on input line 70.
(luatex.def)             Requested size: 101.29364pt x 35.65002pt.

warning  (file //uni-eng.ru/unit/Ivanovo/Документация ЮНИТ М300
/Разработка/Схемы ФБ ЮНИТ-М300/Проект/РЭ/103. О
бщие разделы РЭ//Элементы ФС/_latex/img/5_out_inner.pdf) 
(pdf inclusion): PDF inclusion: found PDF version '1.6', but at most version '1.
5' allowed
<//uni-eng.ru/unit/Ivanovo/Документация ЮНИТ М300/Разра
ботка/Схемы ФБ ЮНИТ-М300/Проект/РЭ/103. Общие р
азделы РЭ//Элементы ФС/_latex/img/5_out_inner.pdf, id=3272, 1
13.86288pt x 40.27246pt>
File: //uni-eng.ru/unit/Ivanovo/Документация ЮНИТ М300/Раз
работка/Схемы ФБ ЮНИТ-М300/Проект/РЭ/103. Общи
е разделы РЭ//Элементы ФС/_latex/img/5_out_inner.pdf Graphi
c file (type pdf)
<use //uni-eng.ru/unit/Ivanovo/Документация ЮНИТ М300/Раз
работка/Схемы ФБ ЮНИТ-М300/Проект/РЭ/103. Общи
е разделы РЭ//Элементы ФС/_latex/img/5_out_inner.pdf>
Package luatex.def Info: //uni-eng.ru/unit/Ivanovo/Документация Ю
НИТ М300/Разработка/Схемы ФБ ЮНИТ-М300/Проект/
РЭ/103. Общие разделы РЭ//Элементы ФС/_latex/img/5_ou
t_inner.pdf  used on input line 73.
(luatex.def)             Requested size: 101.29247pt x 35.82639pt.

warning  (file //uni-eng.ru/unit/Ivanovo/Документация ЮНИТ М300
/Разработка/Схемы ФБ ЮНИТ-М300/Проект/РЭ/103. О
бщие разделы РЭ//Элементы ФС/_latex/img/6_virt_key.pdf) (
pdf inclusion): PDF inclusion: found PDF version '1.6', but at most version '1.5
' allowed
<//uni-eng.ru/unit/Ivanovo/Документация ЮНИТ М300/Разра
ботка/Схемы ФБ ЮНИТ-М300/Проект/РЭ/103. Общие р
азделы РЭ//Элементы ФС/_latex/img/6_virt_key.pdf, id=3273, 11
4.4275pt x 40.83705pt>
File: //uni-eng.ru/unit/Ivanovo/Документация ЮНИТ М300/Раз
работка/Схемы ФБ ЮНИТ-М300/Проект/РЭ/103. Общи
е разделы РЭ//Элементы ФС/_latex/img/6_virt_key.pdf Graphic
 file (type pdf)
<use //uni-eng.ru/unit/Ivanovo/Документация ЮНИТ М300/Раз
работка/Схемы ФБ ЮНИТ-М300/Проект/РЭ/103. Общи
е разделы РЭ//Элементы ФС/_latex/img/6_virt_key.pdf>
Package luatex.def Info: //uni-eng.ru/unit/Ivanovo/Документация Ю
НИТ М300/Разработка/Схемы ФБ ЮНИТ-М300/Проект/
РЭ/103. Общие разделы РЭ//Элементы ФС/_latex/img/6_vi
rt_key.pdf  used on input line 76.
(luatex.def)             Requested size: 101.29364pt x 36.1498pt.

warning  (file //uni-eng.ru/unit/Ivanovo/Документация ЮНИТ М300
/Разработка/Схемы ФБ ЮНИТ-М300/Проект/РЭ/103. О
бщие разделы РЭ//Элементы ФС/_latex/img/7_virt_but.pdf) (
pdf inclusion): PDF inclusion: found PDF version '1.6', but at most version '1.5
' allowed
<//uni-eng.ru/unit/Ivanovo/Документация ЮНИТ М300/Разра
ботка/Схемы ФБ ЮНИТ-М300/Проект/РЭ/103. Общие р
азделы РЭ//Элементы ФС/_latex/img/7_virt_but.pdf, id=3274, 11
5.18031pt x 40.83705pt>
File: //uni-eng.ru/unit/Ivanovo/Документация ЮНИТ М300/Раз
работка/Схемы ФБ ЮНИТ-М300/Проект/РЭ/103. Общи
е разделы РЭ//Элементы ФС/_latex/img/7_virt_but.pdf Graphic
 file (type pdf)
<use //uni-eng.ru/unit/Ivanovo/Документация ЮНИТ М300/Раз
работка/Схемы ФБ ЮНИТ-М300/Проект/РЭ/103. Общи
е разделы РЭ//Элементы ФС/_latex/img/7_virt_but.pdf>
Package luatex.def Info: //uni-eng.ru/unit/Ivanovo/Документация Ю
НИТ М300/Разработка/Схемы ФБ ЮНИТ-М300/Проект/
РЭ/103. Общие разделы РЭ//Элементы ФС/_latex/img/7_vi
rt_but.pdf  used on input line 79.
(luatex.def)             Requested size: 101.29042pt x 35.91238pt.

warning  (file //uni-eng.ru/unit/Ivanovo/Документация ЮНИТ М300
/Разработка/Схемы ФБ ЮНИТ-М300/Проект/РЭ/103. О
бщие разделы РЭ//Элементы ФС/_latex/img/8_switch.pdf) (pd
f inclusion): PDF inclusion: found PDF version '1.6', but at most version '1.5' 
allowed
<//uni-eng.ru/unit/Ivanovo/Документация ЮНИТ М300/Разра
ботка/Схемы ФБ ЮНИТ-М300/Проект/РЭ/103. Общие р
азделы РЭ//Элементы ФС/_latex/img/8_switch.pdf, id=3275, 114.
80391pt x 40.46068pt>
File: //uni-eng.ru/unit/Ivanovo/Документация ЮНИТ М300/Раз
работка/Схемы ФБ ЮНИТ-М300/Проект/РЭ/103. Общи
е разделы РЭ//Элементы ФС/_latex/img/8_switch.pdf Graphic f
ile (type pdf)
<use //uni-eng.ru/unit/Ivanovo/Документация ЮНИТ М300/Раз
работка/Схемы ФБ ЮНИТ-М300/Проект/РЭ/103. Общи
е разделы РЭ//Элементы ФС/_latex/img/8_switch.pdf>
Package luatex.def Info: //uni-eng.ru/unit/Ivanovo/Документация Ю
НИТ М300/Разработка/Схемы ФБ ЮНИТ-М300/Проект/
РЭ/103. Общие разделы РЭ//Элементы ФС/_latex/img/8_sw
itch.pdf  used on input line 82.
(luatex.def)             Requested size: 101.29576pt x 35.69995pt.

warning  (file //uni-eng.ru/unit/Ivanovo/Документация ЮНИТ М300
/Разработка/Схемы ФБ ЮНИТ-М300/Проект/РЭ/103. О
бщие разделы РЭ//Элементы ФС/_latex/img/9_1_and.pdf) (pdf
 inclusion): PDF inclusion: found PDF version '1.6', but at most version '1.5' a
llowed
<//uni-eng.ru/unit/Ivanovo/Документация ЮНИТ М300/Разра
ботка/Схемы ФБ ЮНИТ-М300/Проект/РЭ/103. Общие р
азделы РЭ//Элементы ФС/_latex/img/9_1_and.pdf, id=3276, 114.4
275pt x 40.65187pt>
File: //uni-eng.ru/unit/Ivanovo/Документация ЮНИТ М300/Раз
работка/Схемы ФБ ЮНИТ-М300/Проект/РЭ/103. Общи
е разделы РЭ//Элементы ФС/_latex/img/9_1_and.pdf Graphic fi
le (type pdf)
<use //uni-eng.ru/unit/Ivanovo/Документация ЮНИТ М300/Раз
работка/Схемы ФБ ЮНИТ-М300/Проект/РЭ/103. Общи
е разделы РЭ//Элементы ФС/_latex/img/9_1_and.pdf>
Package luatex.def Info: //uni-eng.ru/unit/Ivanovo/Документация Ю
НИТ М300/Разработка/Схемы ФБ ЮНИТ-М300/Проект/
РЭ/103. Общие разделы РЭ//Элементы ФС/_latex/img/9_1_
and.pdf  used on input line 85.
(luatex.def)             Requested size: 101.29364pt x 35.98589pt.

warning  (file //uni-eng.ru/unit/Ivanovo/Документация ЮНИТ М300
/Разработка/Схемы ФБ ЮНИТ-М300/Проект/РЭ/103. О
бщие разделы РЭ//Элементы ФС/_latex/img/9_2_and.pdf) (pdf
 inclusion): PDF inclusion: found PDF version '1.6', but at most version '1.5' a
llowed
<//uni-eng.ru/unit/Ivanovo/Документация ЮНИТ М300/Разра
ботка/Схемы ФБ ЮНИТ-М300/Проект/РЭ/103. Общие р
азделы РЭ//Элементы ФС/_latex/img/9_2_and.pdf, id=3277, 44.91
782pt x 28.105pt>
File: //uni-eng.ru/unit/Ivanovo/Документация ЮНИТ М300/Раз
работка/Схемы ФБ ЮНИТ-М300/Проект/РЭ/103. Общи
е разделы РЭ//Элементы ФС/_latex/img/9_2_and.pdf Graphic fi
le (type pdf)
<use //uni-eng.ru/unit/Ivanovo/Документация ЮНИТ М300/Раз
работка/Схемы ФБ ЮНИТ-М300/Проект/РЭ/103. Общи
е разделы РЭ//Элементы ФС/_latex/img/9_2_and.pdf>
Package luatex.def Info: //uni-eng.ru/unit/Ivanovo/Документация Ю
НИТ М300/Разработка/Схемы ФБ ЮНИТ-М300/Проект/
РЭ/103. Общие разделы РЭ//Элементы ФС/_latex/img/9_2_
and.pdf  used on input line 86.
(luatex.def)             Requested size: 50.65303pt x 31.6935pt.

warning  (file //uni-eng.ru/unit/Ivanovo/Документация ЮНИТ М300
/Разработка/Схемы ФБ ЮНИТ-М300/Проект/РЭ/103. О
бщие разделы РЭ//Элементы ФС/_latex/img/10_1_or.pdf) (pdf
 inclusion): PDF inclusion: found PDF version '1.6', but at most version '1.5' a
llowed
<//uni-eng.ru/unit/Ivanovo/Документация ЮНИТ М300/Разра
ботка/Схемы ФБ ЮНИТ-М300/Проект/РЭ/103. Общие р
азделы РЭ//Элементы ФС/_latex/img/10_1_or.pdf, id=3278, 114.8
0391pt x 40.77734pt>
File: //uni-eng.ru/unit/Ivanovo/Документация ЮНИТ М300/Раз
работка/Схемы ФБ ЮНИТ-М300/Проект/РЭ/103. Общи
е разделы РЭ//Элементы ФС/_latex/img/10_1_or.pdf Graphic fi
le (type pdf)
<use //uni-eng.ru/unit/Ivanovo/Документация ЮНИТ М300/Раз
работка/Схемы ФБ ЮНИТ-М300/Проект/РЭ/103. Общи
е разделы РЭ//Элементы ФС/_latex/img/10_1_or.pdf>
Package luatex.def Info: //uni-eng.ru/unit/Ivanovo/Документация Ю
НИТ М300/Разработка/Схемы ФБ ЮНИТ-М300/Проект/
РЭ/103. Общие разделы РЭ//Элементы ФС/_latex/img/10_1
_or.pdf  used on input line 89.
(luatex.def)             Requested size: 101.29576pt x 35.97934pt.

warning  (file //uni-eng.ru/unit/Ivanovo/Документация ЮНИТ М300
/Разработка/Схемы ФБ ЮНИТ-М300/Проект/РЭ/103. О
бщие разделы РЭ//Элементы ФС/_latex/img/10_2_or.pdf) (pdf
 inclusion): PDF inclusion: found PDF version '1.6', but at most version '1.5' a
llowed
<//uni-eng.ru/unit/Ivanovo/Документация ЮНИТ М300/Разра
ботка/Схемы ФБ ЮНИТ-М300/Проект/РЭ/103. Общие р
азделы РЭ//Элементы ФС/_latex/img/10_2_or.pdf, id=3279, 44.98
055pt x 27.6638pt>
File: //uni-eng.ru/unit/Ivanovo/Документация ЮНИТ М300/Раз
работка/Схемы ФБ ЮНИТ-М300/Проект/РЭ/103. Общи
е разделы РЭ//Элементы ФС/_latex/img/10_2_or.pdf Graphic fi
le (type pdf)
<use //uni-eng.ru/unit/Ivanovo/Документация ЮНИТ М300/Раз
работка/Схемы ФБ ЮНИТ-М300/Проект/РЭ/103. Общи
е разделы РЭ//Элементы ФС/_latex/img/10_2_or.pdf>
Package luatex.def Info: //uni-eng.ru/unit/Ivanovo/Документация Ю
НИТ М300/Разработка/Схемы ФБ ЮНИТ-М300/Проект/
РЭ/103. Общие разделы РЭ//Элементы ФС/_latex/img/10_2
_or.pdf  used on input line 90.
(luatex.def)             Requested size: 50.65308pt x 31.1525pt.

warning  (file //uni-eng.ru/unit/Ivanovo/Документация ЮНИТ М300
/Разработка/Схемы ФБ ЮНИТ-М300/Проект/РЭ/103. О
бщие разделы РЭ//Элементы ФС/_latex/img/11_1_xor.pdf) (pd
f inclusion): PDF inclusion: found PDF version '1.6', but at most version '1.5' 
allowed
<//uni-eng.ru/unit/Ivanovo/Документация ЮНИТ М300/Разра
ботка/Схемы ФБ ЮНИТ-М300/Проект/РЭ/103. Общие р
азделы РЭ//Элементы ФС/_latex/img/11_1_xor.pdf, id=3280, 114.
80391pt x 41.21342pt>
File: //uni-eng.ru/unit/Ivanovo/Документация ЮНИТ М300/Раз
работка/Схемы ФБ ЮНИТ-М300/Проект/РЭ/103. Общи
е разделы РЭ//Элементы ФС/_latex/img/11_1_xor.pdf Graphic f
ile (type pdf)
<use //uni-eng.ru/unit/Ivanovo/Документация ЮНИТ М300/Раз
работка/Схемы ФБ ЮНИТ-М300/Проект/РЭ/103. Общи
е разделы РЭ//Элементы ФС/_latex/img/11_1_xor.pdf>
Package luatex.def Info: //uni-eng.ru/unit/Ivanovo/Документация Ю
НИТ М300/Разработка/Схемы ФБ ЮНИТ-М300/Проект/
РЭ/103. Общие разделы РЭ//Элементы ФС/_latex/img/11_1
_xor.pdf  used on input line 93.
(luatex.def)             Requested size: 101.29576pt x 36.36412pt.

warning  (file //uni-eng.ru/unit/Ivanovo/Документация ЮНИТ М300
/Разработка/Схемы ФБ ЮНИТ-М300/Проект/РЭ/103. О
бщие разделы РЭ//Элементы ФС/_latex/img/11_2_xor.pdf) (pd
f inclusion): PDF inclusion: found PDF version '1.6', but at most version '1.5' 
allowed
<//uni-eng.ru/unit/Ivanovo/Документация ЮНИТ М300/Разра
ботка/Схемы ФБ ЮНИТ-М300/Проект/РЭ/103. Общие р
азделы РЭ//Элементы ФС/_latex/img/11_2_xor.pdf, id=3281, 44.1
65pt x 27.35219pt>
File: //uni-eng.ru/unit/Ivanovo/Документация ЮНИТ М300/Раз
работка/Схемы ФБ ЮНИТ-М300/Проект/РЭ/103. Общи
е разделы РЭ//Элементы ФС/_latex/img/11_2_xor.pdf Graphic f
ile (type pdf)
<use //uni-eng.ru/unit/Ivanovo/Документация ЮНИТ М300/Раз
работка/Схемы ФБ ЮНИТ-М300/Проект/РЭ/103. Общи
е разделы РЭ//Элементы ФС/_latex/img/11_2_xor.pdf>
Package luatex.def Info: //uni-eng.ru/unit/Ivanovo/Документация Ю
НИТ М300/Разработка/Схемы ФБ ЮНИТ-М300/Проект/
РЭ/103. Общие разделы РЭ//Элементы ФС/_latex/img/11_2
_xor.pdf  used on input line 94.
(luatex.def)             Requested size: 50.64983pt x 31.36835pt.

warning  (file //uni-eng.ru/unit/Ivanovo/Документация ЮНИТ М300
/Разработка/Схемы ФБ ЮНИТ-М300/Проект/РЭ/103. О
бщие разделы РЭ//Элементы ФС/_latex/img/12_1_sr_mem.pdf) 
(pdf inclusion): PDF inclusion: found PDF version '1.6', but at most version '1.
5' allowed
<//uni-eng.ru/unit/Ivanovo/Документация ЮНИТ М300/Разра
ботка/Схемы ФБ ЮНИТ-М300/Проект/РЭ/103. Общие р
азделы РЭ//Элементы ФС/_latex/img/12_1_sr_mem.pdf, id=3282, 1
14.2393pt x 40.64883pt>
File: //uni-eng.ru/unit/Ivanovo/Документация ЮНИТ М300/Раз
работка/Схемы ФБ ЮНИТ-М300/Проект/РЭ/103. Общи
е разделы РЭ//Элементы ФС/_latex/img/12_1_sr_mem.pdf Graphi
c file (type pdf)
<use //uni-eng.ru/unit/Ivanovo/Документация ЮНИТ М300/Раз
работка/Схемы ФБ ЮНИТ-М300/Проект/РЭ/103. Общи
е разделы РЭ//Элементы ФС/_latex/img/12_1_sr_mem.pdf>
Package luatex.def Info: //uni-eng.ru/unit/Ivanovo/Документация Ю
НИТ М300/Разработка/Схемы ФБ ЮНИТ-М300/Проект/
РЭ/103. Общие разделы РЭ//Элементы ФС/_latex/img/12_1
_sr_mem.pdf  used on input line 97.
(luatex.def)             Requested size: 101.29263pt x 36.04211pt.

warning  (file //uni-eng.ru/unit/Ivanovo/Документация ЮНИТ М300
/Разработка/Схемы ФБ ЮНИТ-М300/Проект/РЭ/103. О
бщие разделы РЭ//Элементы ФС/_latex/img/12_2.pdf) (pdf in
clusion): PDF inclusion: found PDF version '1.6', but at most version '1.5' allo
wed
<//uni-eng.ru/unit/Ivanovo/Документация ЮНИТ М300/Разра
ботка/Схемы ФБ ЮНИТ-М300/Проект/РЭ/103. Общие р
азделы РЭ//Элементы ФС/_latex/img/12_2.pdf, id=3283, 44.60414
pt x 27.38458pt>
File: //uni-eng.ru/unit/Ivanovo/Документация ЮНИТ М300/Раз
работка/Схемы ФБ ЮНИТ-М300/Проект/РЭ/103. Общи
е разделы РЭ//Элементы ФС/_latex/img/12_2.pdf Graphic file 
(type pdf)
<use //uni-eng.ru/unit/Ivanovo/Документация ЮНИТ М300/Раз
работка/Схемы ФБ ЮНИТ-М300/Проект/РЭ/103. Общи
е разделы РЭ//Элементы ФС/_latex/img/12_2.pdf>
Package luatex.def Info: //uni-eng.ru/unit/Ivanovo/Документация Ю
НИТ М300/Разработка/Схемы ФБ ЮНИТ-М300/Проект/
РЭ/103. Общие разделы РЭ//Элементы ФС/_latex/img/12_2
.pdf  used on input line 98.
(luatex.def)             Requested size: 50.65115pt x 31.09712pt.

Overfull \vbox (6.44719pt too high) detected at line 98
 []


warning  (file //uni-eng.ru/unit/Ivanovo/Документация ЮНИТ М300
/Разработка/Схемы ФБ ЮНИТ-М300/Проект/РЭ/103. О
бщие разделы РЭ//Элементы ФС/_latex/img/13_1_sr.pdf) (pdf
 inclusion): PDF inclusion: found PDF version '1.6', but at most version '1.5' a
llowed
<//uni-eng.ru/unit/Ivanovo/Документация ЮНИТ М300/Разра
ботка/Схемы ФБ ЮНИТ-М300/Проект/РЭ/103. Общие р
азделы РЭ//Элементы ФС/_latex/img/13_1_sr.pdf, id=3284, 114.6
157pt x 40.46065pt>
File: //uni-eng.ru/unit/Ivanovo/Документация ЮНИТ М300/Раз
работка/Схемы ФБ ЮНИТ-М300/Проект/РЭ/103. Общи
е разделы РЭ//Элементы ФС/_latex/img/13_1_sr.pdf Graphic fi
le (type pdf)
<use //uni-eng.ru/unit/Ivanovo/Документация ЮНИТ М300/Раз
работка/Схемы ФБ ЮНИТ-М300/Проект/РЭ/103. Общи
е разделы РЭ//Элементы ФС/_latex/img/13_1_sr.pdf>
Package luatex.def Info: //uni-eng.ru/unit/Ivanovo/Документация Ю
НИТ М300/Разработка/Схемы ФБ ЮНИТ-М300/Проект/
РЭ/103. Общие разделы РЭ//Элементы ФС/_latex/img/13_1
_sr.pdf  used on input line 101.
(luatex.def)             Requested size: 101.2941pt x 35.75797pt.

warning  (file //uni-eng.ru/unit/Ivanovo/Документация ЮНИТ М300
/Разработка/Схемы ФБ ЮНИТ-М300/Проект/РЭ/103. О
бщие разделы РЭ//Элементы ФС/_latex/img/14_1_rs_mem.pdf) 
(pdf inclusion): PDF inclusion: found PDF version '1.6', but at most version '1.
5' allowed
<//uni-eng.ru/unit/Ivanovo/Документация ЮНИТ М300/Разра
ботка/Схемы ФБ ЮНИТ-М300/Проект/РЭ/103. Общие р
азделы РЭ//Элементы ФС/_latex/img/14_1_rs_mem.pdf, id=3285, 1
14.67844pt x 40.65187pt>
File: //uni-eng.ru/unit/Ivanovo/Документация ЮНИТ М300/Раз
работка/Схемы ФБ ЮНИТ-М300/Проект/РЭ/103. Общи
е разделы РЭ//Элементы ФС/_latex/img/14_1_rs_mem.pdf Graphi
c file (type pdf)
<use //uni-eng.ru/unit/Ivanovo/Документация ЮНИТ М300/Раз
работка/Схемы ФБ ЮНИТ-М300/Проект/РЭ/103. Общи
е разделы РЭ//Элементы ФС/_latex/img/14_1_rs_mem.pdf>
Package luatex.def Info: //uni-eng.ru/unit/Ivanovo/Документация Ю
НИТ М300/Разработка/Схемы ФБ ЮНИТ-М300/Проект/
РЭ/103. Общие разделы РЭ//Элементы ФС/_latex/img/14_1
_rs_mem.pdf  used on input line 104.
(luatex.def)             Requested size: 101.29529pt x 35.90773pt.

warning  (file //uni-eng.ru/unit/Ivanovo/Документация ЮНИТ М300
/Разработка/Схемы ФБ ЮНИТ-М300/Проект/РЭ/103. О
бщие разделы РЭ//Элементы ФС/_latex/img/14_2.pdf) (pdf in
clusion): PDF inclusion: found PDF version '1.6', but at most version '1.5' allo
wed
<//uni-eng.ru/unit/Ivanovo/Документация ЮНИТ М300/Разра
ботка/Схемы ФБ ЮНИТ-М300/Проект/РЭ/103. Общие р
азделы РЭ//Элементы ФС/_latex/img/14_2.pdf, id=3286, 44.165pt
 x 27.47766pt>
File: //uni-eng.ru/unit/Ivanovo/Документация ЮНИТ М300/Раз
работка/Схемы ФБ ЮНИТ-М300/Проект/РЭ/103. Общи
е разделы РЭ//Элементы ФС/_latex/img/14_2.pdf Graphic file 
(type pdf)
<use //uni-eng.ru/unit/Ivanovo/Документация ЮНИТ М300/Раз
работка/Схемы ФБ ЮНИТ-М300/Проект/РЭ/103. Общи
е разделы РЭ//Элементы ФС/_latex/img/14_2.pdf>
Package luatex.def Info: //uni-eng.ru/unit/Ivanovo/Документация Ю
НИТ М300/Разработка/Схемы ФБ ЮНИТ-М300/Проект/
РЭ/103. Общие разделы РЭ//Элементы ФС/_latex/img/14_2
.pdf  used on input line 105.
(luatex.def)             Requested size: 50.64983pt x 31.51224pt.

Overfull \vbox (6.8623pt too high) detected at line 105
 []


warning  (file //uni-eng.ru/unit/Ivanovo/Документация ЮНИТ М300
/Разработка/Схемы ФБ ЮНИТ-М300/Проект/РЭ/103. О
бщие разделы РЭ//Элементы ФС/_latex/img/15_1_rs.pdf) (pdf
 inclusion): PDF inclusion: found PDF version '1.6', but at most version '1.5' a
llowed
<//uni-eng.ru/unit/Ivanovo/Документация ЮНИТ М300/Разра
ботка/Схемы ФБ ЮНИТ-М300/Проект/РЭ/103. Общие р
азделы РЭ//Элементы ФС/_latex/img/15_1_rs.pdf, id=3287, 114.9
9211pt x 40.83707pt>
File: //uni-eng.ru/unit/Ivanovo/Документация ЮНИТ М300/Раз
работка/Схемы ФБ ЮНИТ-М300/Проект/РЭ/103. Общи
е разделы РЭ//Элементы ФС/_latex/img/15_1_rs.pdf Graphic fi
le (type pdf)
<use //uni-eng.ru/unit/Ivanovo/Документация ЮНИТ М300/Раз
работка/Схемы ФБ ЮНИТ-М300/Проект/РЭ/103. Общи
е разделы РЭ//Элементы ФС/_latex/img/15_1_rs.pdf>
Package luatex.def Info: //uni-eng.ru/unit/Ivanovo/Документация Ю
НИТ М300/Разработка/Схемы ФБ ЮНИТ-М300/Проект/
РЭ/103. Общие разделы РЭ//Элементы ФС/_latex/img/15_1
_rs.pdf  used on input line 108.
(luatex.def)             Requested size: 101.2951pt x 35.97284pt.

warning  (file //uni-eng.ru/unit/Ivanovo/Документация ЮНИТ М300
/Разработка/Схемы ФБ ЮНИТ-М300/Проект/РЭ/103. О
бщие разделы РЭ//Элементы ФС/_latex/img/16_not.pdf) (pdf 
inclusion): PDF inclusion: found PDF version '1.6', but at most version '1.5' al
lowed
<//uni-eng.ru/unit/Ivanovo/Документация ЮНИТ М300/Разра
ботка/Схемы ФБ ЮНИТ-М300/Проект/РЭ/103. Общие р
азделы РЭ//Элементы ФС/_latex/img/16_not.pdf, id=3288, 115.05
484pt x 40.77734pt>
File: //uni-eng.ru/unit/Ivanovo/Документация ЮНИТ М300/Раз
работка/Схемы ФБ ЮНИТ-М300/Проект/РЭ/103. Общи
е разделы РЭ//Элементы ФС/_latex/img/16_not.pdf Graphic fil
e (type pdf)
<use //uni-eng.ru/unit/Ivanovo/Документация ЮНИТ М300/Раз
работка/Схемы ФБ ЮНИТ-М300/Проект/РЭ/103. Общи
е разделы РЭ//Элементы ФС/_latex/img/16_not.pdf>
Package luatex.def Info: //uni-eng.ru/unit/Ivanovo/Документация Ю
НИТ М300/Разработка/Схемы ФБ ЮНИТ-М300/Проект/
РЭ/103. Общие разделы РЭ//Элементы ФС/_latex/img/16_n
ot.pdf  used on input line 111.
(luatex.def)             Requested size: 101.29596pt x 35.90094pt.

warning  (file //uni-eng.ru/unit/Ivanovo/Документация ЮНИТ М300
/Разработка/Схемы ФБ ЮНИТ-М300/Проект/РЭ/103. О
бщие разделы РЭ//Элементы ФС/_latex/img/17_1_ton.pdf) (pd
f inclusion): PDF inclusion: found PDF version '1.6', but at most version '1.5' 
allowed
<//uni-eng.ru/unit/Ivanovo/Документация ЮНИТ М300/Разра
ботка/Схемы ФБ ЮНИТ-М300/Проект/РЭ/103. Общие р
азделы РЭ//Элементы ФС/_latex/img/17_1_ton.pdf, id=3289, 114.
92938pt x 41.65562pt>
File: //uni-eng.ru/unit/Ivanovo/Документация ЮНИТ М300/Раз
работка/Схемы ФБ ЮНИТ-М300/Проект/РЭ/103. Общи
е разделы РЭ//Элементы ФС/_latex/img/17_1_ton.pdf Graphic f
ile (type pdf)
<use //uni-eng.ru/unit/Ivanovo/Документация ЮНИТ М300/Раз
работка/Схемы ФБ ЮНИТ-М300/Проект/РЭ/103. Общи
е разделы РЭ//Элементы ФС/_latex/img/17_1_ton.pdf>
Package luatex.def Info: //uni-eng.ru/unit/Ivanovo/Документация Ю
НИТ М300/Разработка/Схемы ФБ ЮНИТ-М300/Проект/
РЭ/103. Общие разделы РЭ//Элементы ФС/_latex/img/17_1
_ton.pdf  used on input line 114.
(luatex.def)             Requested size: 101.29599pt x 36.71426pt.

warning  (file //uni-eng.ru/unit/Ivanovo/Документация ЮНИТ М300
/Разработка/Схемы ФБ ЮНИТ-М300/Проект/РЭ/103. О
бщие разделы РЭ//Элементы ФС/_latex/img/17_2_ton.pdf) (pd
f inclusion): PDF inclusion: found PDF version '1.6', but at most version '1.5' 
allowed
<//uni-eng.ru/unit/Ivanovo/Документация ЮНИТ М300/Разра
ботка/Схемы ФБ ЮНИТ-М300/Проект/РЭ/103. Общие р
азделы РЭ//Элементы ФС/_latex/img/17_2_ton.pdf, id=3290, 83.8
1313pt x 36.51141pt>
File: //uni-eng.ru/unit/Ivanovo/Документация ЮНИТ М300/Раз
работка/Схемы ФБ ЮНИТ-М300/Проект/РЭ/103. Общи
е разделы РЭ//Элементы ФС/_latex/img/17_2_ton.pdf Graphic f
ile (type pdf)
<use //uni-eng.ru/unit/Ivanovo/Документация ЮНИТ М300/Раз
работка/Схемы ФБ ЮНИТ-М300/Проект/РЭ/103. Общи
е разделы РЭ//Элементы ФС/_latex/img/17_2_ton.pdf>
Package luatex.def Info: //uni-eng.ru/unit/Ivanovo/Документация Ю
НИТ М300/Разработка/Схемы ФБ ЮНИТ-М300/Проект/
РЭ/103. Общие разделы РЭ//Элементы ФС/_latex/img/17_2
_ton.pdf  used on input line 115.
(luatex.def)             Requested size: 116.48325pt x 50.74344pt.

Overfull \vbox (26.0935pt too high) detected at line 115
 []


warning  (file //uni-eng.ru/unit/Ivanovo/Документация ЮНИТ М300
/Разработка/Схемы ФБ ЮНИТ-М300/Проект/РЭ/103. О
бщие разделы РЭ//Элементы ФС/_latex/img/18.pdf) (pdf incl
usion): PDF inclusion: found PDF version '1.6', but at most version '1.5' allowe
d
<//uni-eng.ru/unit/Ivanovo/Документация ЮНИТ М300/Разра
ботка/Схемы ФБ ЮНИТ-М300/Проект/РЭ/103. Общие р
азделы РЭ//Элементы ФС/_latex/img/18.pdf, id=3291, 114.92938p
t x 40.90282pt>
File: //uni-eng.ru/unit/Ivanovo/Документация ЮНИТ М300/Раз
работка/Схемы ФБ ЮНИТ-М300/Проект/РЭ/103. Общи
е разделы РЭ//Элементы ФС/_latex/img/18.pdf Graphic file (t
ype pdf)
<use //uni-eng.ru/unit/Ivanovo/Документация ЮНИТ М300/Раз
работка/Схемы ФБ ЮНИТ-М300/Проект/РЭ/103. Общи
е разделы РЭ//Элементы ФС/_latex/img/18.pdf>
Package luatex.def Info: //uni-eng.ru/unit/Ivanovo/Документация Ю
НИТ М300/Разработка/Схемы ФБ ЮНИТ-М300/Проект/
РЭ/103. Общие разделы РЭ//Элементы ФС/_latex/img/18.p
df  used on input line 118.
(luatex.def)             Requested size: 101.29599pt x 36.05074pt.

warning  (file //uni-eng.ru/unit/Ivanovo/Документация ЮНИТ М300
/Разработка/Схемы ФБ ЮНИТ-М300/Проект/РЭ/103. О
бщие разделы РЭ//Элементы ФС/_latex/img/19_1_tof.pdf) (pd
f inclusion): PDF inclusion: found PDF version '1.6', but at most version '1.5' 
allowed
<//uni-eng.ru/unit/Ivanovo/Документация ЮНИТ М300/Разра
ботка/Схемы ФБ ЮНИТ-М300/Проект/РЭ/103. Общие р
азделы РЭ//Элементы ФС/_latex/img/19_1_tof.pdf, id=3292, 114.
80391pt x 41.21349pt>
File: //uni-eng.ru/unit/Ivanovo/Документация ЮНИТ М300/Раз
работка/Схемы ФБ ЮНИТ-М300/Проект/РЭ/103. Общи
е разделы РЭ//Элементы ФС/_latex/img/19_1_tof.pdf Graphic f
ile (type pdf)
<use //uni-eng.ru/unit/Ivanovo/Документация ЮНИТ М300/Раз
работка/Схемы ФБ ЮНИТ-М300/Проект/РЭ/103. Общи
е разделы РЭ//Элементы ФС/_latex/img/19_1_tof.pdf>
Package luatex.def Info: //uni-eng.ru/unit/Ivanovo/Документация Ю
НИТ М300/Разработка/Схемы ФБ ЮНИТ-М300/Проект/
РЭ/103. Общие разделы РЭ//Элементы ФС/_latex/img/19_1
_tof.pdf  used on input line 121.
(luatex.def)             Requested size: 101.29576pt x 36.36417pt.

warning  (file //uni-eng.ru/unit/Ivanovo/Документация ЮНИТ М300
/Разработка/Схемы ФБ ЮНИТ-М300/Проект/РЭ/103. О
бщие разделы РЭ//Элементы ФС/_latex/img/20.pdf) (pdf incl
usion): PDF inclusion: found PDF version '1.6', but at most version '1.5' allowe
d
<//uni-eng.ru/unit/Ivanovo/Документация ЮНИТ М300/Разра
ботка/Схемы ФБ ЮНИТ-М300/Проект/РЭ/103. Общие р
азделы РЭ//Элементы ФС/_latex/img/20.pdf, id=3293, 84.6914pt 
x 38.57883pt>
File: //uni-eng.ru/unit/Ivanovo/Документация ЮНИТ М300/Раз
работка/Схемы ФБ ЮНИТ-М300/Проект/РЭ/103. Общи
е разделы РЭ//Элементы ФС/_latex/img/20.pdf Graphic file (t
ype pdf)
<use //uni-eng.ru/unit/Ivanovo/Документация ЮНИТ М300/Раз
работка/Схемы ФБ ЮНИТ-М300/Проект/РЭ/103. Общи
е разделы РЭ//Элементы ФС/_latex/img/20.pdf>
Package luatex.def Info: //uni-eng.ru/unit/Ivanovo/Документация Ю
НИТ М300/Разработка/Схемы ФБ ЮНИТ-М300/Проект/
РЭ/103. Общие разделы РЭ//Элементы ФС/_latex/img/20.p
df  used on input line 122.
(luatex.def)             Requested size: 116.48784pt x 53.0628pt.

Overfull \vbox (28.41287pt too high) detected at line 122
 []


warning  (file //uni-eng.ru/unit/Ivanovo/Документация ЮНИТ М300
/Разработка/Схемы ФБ ЮНИТ-М300/Проект/РЭ/103. О
бщие разделы РЭ//Элементы ФС/_latex/img/19_2_tof.pdf) (pd
f inclusion): PDF inclusion: found PDF version '1.6', but at most version '1.5' 
allowed
<//uni-eng.ru/unit/Ivanovo/Документация ЮНИТ М300/Разра
ботка/Схемы ФБ ЮНИТ-М300/Проект/РЭ/103. Общие р
азделы РЭ//Элементы ФС/_latex/img/19_2_tof.pdf, id=3294, 115.
05484pt x 41.65562pt>
File: //uni-eng.ru/unit/Ivanovo/Документация ЮНИТ М300/Раз
работка/Схемы ФБ ЮНИТ-М300/Проект/РЭ/103. Общи
е разделы РЭ//Элементы ФС/_latex/img/19_2_tof.pdf Graphic f
ile (type pdf)
<use //uni-eng.ru/unit/Ivanovo/Документация ЮНИТ М300/Раз
работка/Схемы ФБ ЮНИТ-М300/Проект/РЭ/103. Общи
е разделы РЭ//Элементы ФС/_latex/img/19_2_tof.pdf>
Package luatex.def Info: //uni-eng.ru/unit/Ivanovo/Документация Ю
НИТ М300/Разработка/Схемы ФБ ЮНИТ-М300/Проект/
РЭ/103. Общие разделы РЭ//Элементы ФС/_latex/img/19_2
_tof.pdf  used on input line 125.
(luatex.def)             Requested size: 101.29596pt x 36.67421pt.

warning  (file //uni-eng.ru/unit/Ivanovo/Документация ЮНИТ М300
/Разработка/Схемы ФБ ЮНИТ-М300/Проект/РЭ/103. О
бщие разделы РЭ//Элементы ФС/_latex/img/21_1_pls.pdf) (pd
f inclusion): PDF inclusion: found PDF version '1.6', but at most version '1.5' 
allowed
<//uni-eng.ru/unit/Ivanovo/Документация ЮНИТ М300/Разра
ботка/Схемы ФБ ЮНИТ-М300/Проект/РЭ/103. Общие р
азделы РЭ//Элементы ФС/_latex/img/21_1_pls.pdf, id=3295, 114.
80391pt x 41.02525pt>
File: //uni-eng.ru/unit/Ivanovo/Документация ЮНИТ М300/Раз
работка/Схемы ФБ ЮНИТ-М300/Проект/РЭ/103. Общи
е разделы РЭ//Элементы ФС/_latex/img/21_1_pls.pdf Graphic f
ile (type pdf)
<use //uni-eng.ru/unit/Ivanovo/Документация ЮНИТ М300/Раз
работка/Схемы ФБ ЮНИТ-М300/Проект/РЭ/103. Общи
е разделы РЭ//Элементы ФС/_latex/img/21_1_pls.pdf>
Package luatex.def Info: //uni-eng.ru/unit/Ivanovo/Документация Ю
НИТ М300/Разработка/Схемы ФБ ЮНИТ-М300/Проект/
РЭ/103. Общие разделы РЭ//Элементы ФС/_latex/img/21_1
_pls.pdf  used on input line 128.
(luatex.def)             Requested size: 101.29576pt x 36.19809pt.

warning  (file //uni-eng.ru/unit/Ivanovo/Документация ЮНИТ М300
/Разработка/Схемы ФБ ЮНИТ-М300/Проект/РЭ/103. О
бщие разделы РЭ//Элементы ФС/_latex/img/21_2_pls.pdf) (pd
f inclusion): PDF inclusion: found PDF version '1.6', but at most version '1.5' 
allowed
<//uni-eng.ru/unit/Ivanovo/Документация ЮНИТ М300/Разра
ботка/Схемы ФБ ЮНИТ-М300/Проект/РЭ/103. Общие р
азделы РЭ//Элементы ФС/_latex/img/21_2_pls.pdf, id=3296, 84.0
6406pt x 36.63687pt>
File: //uni-eng.ru/unit/Ivanovo/Документация ЮНИТ М300/Раз
работка/Схемы ФБ ЮНИТ-М300/Проект/РЭ/103. Общи
е разделы РЭ//Элементы ФС/_latex/img/21_2_pls.pdf Graphic f
ile (type pdf)
<use //uni-eng.ru/unit/Ivanovo/Документация ЮНИТ М300/Раз
работка/Схемы ФБ ЮНИТ-М300/Проект/РЭ/103. Общи
е разделы РЭ//Элементы ФС/_latex/img/21_2_pls.pdf>
Package luatex.def Info: //uni-eng.ru/unit/Ivanovo/Документация Ю
НИТ М300/Разработка/Схемы ФБ ЮНИТ-М300/Проект/
РЭ/103. Общие разделы РЭ//Элементы ФС/_latex/img/21_2
_pls.pdf  used on input line 129.
(luatex.def)             Requested size: 116.48439pt x 50.76631pt.

Overfull \vbox (26.11638pt too high) detected at line 129
 []


warning  (file //uni-eng.ru/unit/Ivanovo/Документация ЮНИТ М300
/Разработка/Схемы ФБ ЮНИТ-М300/Проект/РЭ/103. О
бщие разделы РЭ//Элементы ФС/_latex/img/22.pdf) (pdf incl
usion): PDF inclusion: found PDF version '1.6', but at most version '1.5' allowe
d
<//uni-eng.ru/unit/Ivanovo/Документация ЮНИТ М300/Разра
ботка/Схемы ФБ ЮНИТ-М300/Проект/РЭ/103. Общие р
азделы РЭ//Элементы ФС/_latex/img/22.pdf, id=3297, 115.05484p
t x 41.02827pt>
File: //uni-eng.ru/unit/Ivanovo/Документация ЮНИТ М300/Раз
работка/Схемы ФБ ЮНИТ-М300/Проект/РЭ/103. Общи
е разделы РЭ//Элементы ФС/_latex/img/22.pdf Graphic file (t
ype pdf)
<use //uni-eng.ru/unit/Ivanovo/Документация ЮНИТ М300/Раз
работка/Схемы ФБ ЮНИТ-М300/Проект/РЭ/103. Общи
е разделы РЭ//Элементы ФС/_latex/img/22.pdf>
Package luatex.def Info: //uni-eng.ru/unit/Ivanovo/Документация Ю
НИТ М300/Разработка/Схемы ФБ ЮНИТ-М300/Проект/
РЭ/103. Общие разделы РЭ//Элементы ФС/_latex/img/22.p
df  used on input line 132.
(luatex.def)             Requested size: 101.29596pt x 36.12189pt.

warning  (file //uni-eng.ru/unit/Ivanovo/Документация ЮНИТ М300
/Разработка/Схемы ФБ ЮНИТ-М300/Проект/РЭ/103. О
бщие разделы РЭ//Элементы ФС/_latex/img/23_1.pdf) (pdf in
clusion): PDF inclusion: found PDF version '1.6', but at most version '1.5' allo
wed
<//uni-eng.ru/unit/Ivanovo/Документация ЮНИТ М300/Разра
ботка/Схемы ФБ ЮНИТ-М300/Проект/РЭ/103. Общие р
азделы РЭ//Элементы ФС/_latex/img/23_1.pdf, id=3298, 114.9921
1pt x 49.11737pt>
File: //uni-eng.ru/unit/Ivanovo/Документация ЮНИТ М300/Раз
работка/Схемы ФБ ЮНИТ-М300/Проект/РЭ/103. Общи
е разделы РЭ//Элементы ФС/_latex/img/23_1.pdf Graphic file 
(type pdf)
<use //uni-eng.ru/unit/Ivanovo/Документация ЮНИТ М300/Раз
работка/Схемы ФБ ЮНИТ-М300/Проект/РЭ/103. Общи
е разделы РЭ//Элементы ФС/_latex/img/23_1.pdf>
Package luatex.def Info: //uni-eng.ru/unit/Ivanovo/Документация Ю
НИТ М300/Разработка/Схемы ФБ ЮНИТ-М300/Проект/
РЭ/103. Общие разделы РЭ//Элементы ФС/_latex/img/23_1
.pdf  used on input line 135.
(luatex.def)             Requested size: 101.2951pt x 43.26686pt.

warning  (file //uni-eng.ru/unit/Ivanovo/Документация ЮНИТ М300
/Разработка/Схемы ФБ ЮНИТ-М300/Проект/РЭ/103. О
бщие разделы РЭ//Элементы ФС/_latex/img/23_2.pdf) (pdf in
clusion): PDF inclusion: found PDF version '1.6', but at most version '1.5' allo
wed
<//uni-eng.ru/unit/Ivanovo/Документация ЮНИТ М300/Разра
ботка/Схемы ФБ ЮНИТ-М300/Проект/РЭ/103. Общие р
азделы РЭ//Элементы ФС/_latex/img/23_2.pdf, id=3299, 84.5032p
t x 47.80003pt>
File: //uni-eng.ru/unit/Ivanovo/Документация ЮНИТ М300/Раз
работка/Схемы ФБ ЮНИТ-М300/Проект/РЭ/103. Общи
е разделы РЭ//Элементы ФС/_latex/img/23_2.pdf Graphic file 
(type pdf)
<use //uni-eng.ru/unit/Ivanovo/Документация ЮНИТ М300/Раз
работка/Схемы ФБ ЮНИТ-М300/Проект/РЭ/103. Общи
е разделы РЭ//Элементы ФС/_latex/img/23_2.pdf>
Package luatex.def Info: //uni-eng.ru/unit/Ivanovo/Документация Ю
НИТ М300/Разработка/Схемы ФБ ЮНИТ-М300/Проект/
РЭ/103. Общие разделы РЭ//Элементы ФС/_latex/img/23_2
.pdf  used on input line 136.
(luatex.def)             Requested size: 101.2937pt x 57.29773pt.

warning  (file //uni-eng.ru/unit/Ivanovo/Документация ЮНИТ М300
/Разработка/Схемы ФБ ЮНИТ-М300/Проект/РЭ/103. О
бщие разделы РЭ//Элементы ФС/_latex/img/24_1.pdf) (pdf in
clusion): PDF inclusion: found PDF version '1.6', but at most version '1.5' allo
wed
<//uni-eng.ru/unit/Ivanovo/Документация ЮНИТ М300/Разра
ботка/Схемы ФБ ЮНИТ-М300/Проект/РЭ/103. Общие р
азделы РЭ//Элементы ФС/_latex/img/24_1.pdf, id=3300, 114.6157
pt x 41.21342pt>
File: //uni-eng.ru/unit/Ivanovo/Документация ЮНИТ М300/Раз
работка/Схемы ФБ ЮНИТ-М300/Проект/РЭ/103. Общи
е разделы РЭ//Элементы ФС/_latex/img/24_1.pdf Graphic file 
(type pdf)
<use //uni-eng.ru/unit/Ivanovo/Документация ЮНИТ М300/Раз
работка/Схемы ФБ ЮНИТ-М300/Проект/РЭ/103. Общи
е разделы РЭ//Элементы ФС/_latex/img/24_1.pdf>
Package luatex.def Info: //uni-eng.ru/unit/Ivanovo/Документация Ю
НИТ М300/Разработка/Схемы ФБ ЮНИТ-М300/Проект/
РЭ/103. Общие разделы РЭ//Элементы ФС/_latex/img/24_1
.pdf  used on input line 139.
(luatex.def)             Requested size: 101.2941pt x 36.42323pt.

warning  (file //uni-eng.ru/unit/Ivanovo/Документация ЮНИТ М300
/Разработка/Схемы ФБ ЮНИТ-М300/Проект/РЭ/103. О
бщие разделы РЭ//Элементы ФС/_latex/img/24_2.pdf) (pdf in
clusion): PDF inclusion: found PDF version '1.6', but at most version '1.5' allo
wed
<//uni-eng.ru/unit/Ivanovo/Документация ЮНИТ М300/Разра
ботка/Схемы ФБ ЮНИТ-М300/Проект/РЭ/103. Общие р
азделы РЭ//Элементы ФС/_latex/img/24_2.pdf, id=3301, 83.5622p
t x 36.38594pt>
File: //uni-eng.ru/unit/Ivanovo/Документация ЮНИТ М300/Раз
работка/Схемы ФБ ЮНИТ-М300/Проект/РЭ/103. Общи
е разделы РЭ//Элементы ФС/_latex/img/24_2.pdf Graphic file 
(type pdf)
<use //uni-eng.ru/unit/Ivanovo/Документация ЮНИТ М300/Раз
работка/Схемы ФБ ЮНИТ-М300/Проект/РЭ/103. Общи
е разделы РЭ//Элементы ФС/_latex/img/24_2.pdf>
Package luatex.def Info: //uni-eng.ru/unit/Ivanovo/Документация Ю
НИТ М300/Разработка/Схемы ФБ ЮНИТ-М300/Проект/
РЭ/103. Общие разделы РЭ//Элементы ФС/_latex/img/24_2
.pdf  used on input line 140.
(luatex.def)             Requested size: 101.29799pt x 44.1087pt.

warning  (file //uni-eng.ru/unit/Ivanovo/Документация ЮНИТ М300
/Разработка/Схемы ФБ ЮНИТ-М300/Проект/РЭ/103. О
бщие разделы РЭ//Элементы ФС/_latex/img/25.pdf) (pdf incl
usion): PDF inclusion: found PDF version '1.6', but at most version '1.5' allowe
d
<//uni-eng.ru/unit/Ivanovo/Документация ЮНИТ М300/Разра
ботка/Схемы ФБ ЮНИТ-М300/Проект/РЭ/103. Общие р
азделы РЭ//Элементы ФС/_latex/img/25.pdf, id=3302, 114.4275pt
 x 51.9402pt>
File: //uni-eng.ru/unit/Ivanovo/Документация ЮНИТ М300/Раз
работка/Схемы ФБ ЮНИТ-М300/Проект/РЭ/103. Общи
е разделы РЭ//Элементы ФС/_latex/img/25.pdf Graphic file (t
ype pdf)
<use //uni-eng.ru/unit/Ivanovo/Документация ЮНИТ М300/Раз
работка/Схемы ФБ ЮНИТ-М300/Проект/РЭ/103. Общи
е разделы РЭ//Элементы ФС/_latex/img/25.pdf>
Package luatex.def Info: //uni-eng.ru/unit/Ivanovo/Документация Ю
НИТ М300/Разработка/Схемы ФБ ЮНИТ-М300/Проект/
РЭ/103. Общие разделы РЭ//Элементы ФС/_latex/img/25.p
df  used on input line 143.
(luatex.def)             Requested size: 101.29364pt x 45.97855pt.

warning  (file //uni-eng.ru/unit/Ivanovo/Документация ЮНИТ М300
/Разработка/Схемы ФБ ЮНИТ-М300/Проект/РЭ/103. О
бщие разделы РЭ//Элементы ФС/_latex/img/26.pdf) (pdf incl
usion): PDF inclusion: found PDF version '1.6', but at most version '1.5' allowe
d
<//uni-eng.ru/unit/Ivanovo/Документация ЮНИТ М300/Разра
ботка/Схемы ФБ ЮНИТ-М300/Проект/РЭ/103. Общие р
азделы РЭ//Элементы ФС/_latex/img/26.pdf, id=3303, 114.6157pt
 x 51.56381pt>
File: //uni-eng.ru/unit/Ivanovo/Документация ЮНИТ М300/Раз
работка/Схемы ФБ ЮНИТ-М300/Проект/РЭ/103. Общи
е разделы РЭ//Элементы ФС/_latex/img/26.pdf Graphic file (t
ype pdf)
<use //uni-eng.ru/unit/Ivanovo/Документация ЮНИТ М300/Раз
работка/Схемы ФБ ЮНИТ-М300/Проект/РЭ/103. Общи
е разделы РЭ//Элементы ФС/_latex/img/26.pdf>
Package luatex.def Info: //uni-eng.ru/unit/Ivanovo/Документация Ю
НИТ М300/Разработка/Схемы ФБ ЮНИТ-М300/Проект/
РЭ/103. Общие разделы РЭ//Элементы ФС/_latex/img/26.p
df  used on input line 146.
(luatex.def)             Requested size: 101.2941pt x 45.5706pt.

warning  (file //uni-eng.ru/unit/Ivanovo/Документация ЮНИТ М300
/Разработка/Схемы ФБ ЮНИТ-М300/Проект/РЭ/103. О
бщие разделы РЭ//Элементы ФС/_latex/img/27.pdf) (pdf incl
usion): PDF inclusion: found PDF version '1.6', but at most version '1.5' allowe
d
<//uni-eng.ru/unit/Ivanovo/Документация ЮНИТ М300/Разра
ботка/Схемы ФБ ЮНИТ-М300/Проект/РЭ/103. Общие р
азделы РЭ//Элементы ФС/_latex/img/27.pdf, id=3304, 113.67468p
t x 42.65938pt>
File: //uni-eng.ru/unit/Ivanovo/Документация ЮНИТ М300/Раз
работка/Схемы ФБ ЮНИТ-М300/Проект/РЭ/103. Общи
е разделы РЭ//Элементы ФС/_latex/img/27.pdf Graphic file (t
ype pdf)
<use //uni-eng.ru/unit/Ivanovo/Документация ЮНИТ М300/Раз
работка/Схемы ФБ ЮНИТ-М300/Проект/РЭ/103. Общи
е разделы РЭ//Элементы ФС/_latex/img/27.pdf>
Package luatex.def Info: //uni-eng.ru/unit/Ivanovo/Документация Ю
НИТ М300/Разработка/Схемы ФБ ЮНИТ-М300/Проект/
РЭ/103. Общие разделы РЭ//Элементы ФС/_latex/img/27.p
df  used on input line 149.
(luatex.def)             Requested size: 101.29155pt x 38.01227pt.

Overfull \hbox (0.61133pt too wide) in alignment at lines 59--152
 [][][] 
 []

[150




<//uni-eng.ru/unit/Ivanovo/Документация ЮНИТ М300/Разра
ботка/Схемы ФБ ЮНИТ-М300/Проект/РЭ/103. Общие р
азделы РЭ//Элементы ФС/_latex/img/1_analog_canal.pdf><//uni-en
g.ru/unit/Ivanovo/Документация ЮНИТ М300/Разработка/
Схемы ФБ ЮНИТ-М300/Проект/РЭ/103. Общие раздел
ы РЭ//Элементы ФС/_latex/img/2_po.pdf><//uni-eng.ru/unit/Ivanovo/
Документация ЮНИТ М300/Разработка/Схемы ФБ 
ЮНИТ-М300/Проект/РЭ/103. Общие разделы РЭ//Элем
енты ФС/_latex/img/3_out_sig.pdf><//uni-eng.ru/unit/Ivanovo/Докуме
нтация ЮНИТ М300/Разработка/Схемы ФБ ЮНИТ-М300/
Проект/РЭ/103. Общие разделы РЭ//Элементы ФС/_la
tex/img/4_inner.pdf><//uni-eng.ru/unit/Ivanovo/Документация ЮНИ
Т М300/Разработка/Схемы ФБ ЮНИТ-М300/Проект/РЭ/1
03. Общие разделы РЭ//Элементы ФС/_latex/img/5_out_inner
.pdf><//uni-eng.ru/unit/Ivanovo/Документация ЮНИТ М300/Раз
работка/Схемы ФБ ЮНИТ-М300/Проект/РЭ/103. Общи
е разделы РЭ//Элементы ФС/_latex/img/6_virt_key.pdf><//uni-e
ng.ru/unit/Ivanovo/Документация ЮНИТ М300/Разработк
а/Схемы ФБ ЮНИТ-М300/Проект/РЭ/103. Общие разде
лы РЭ//Элементы ФС/_latex/img/7_virt_but.pdf><//uni-eng.ru/unit/Iv
anovo/Документация ЮНИТ М300/Разработка/Схемы 
ФБ ЮНИТ-М300/Проект/РЭ/103. Общие разделы РЭ//Э
лементы ФС/_latex/img/8_switch.pdf><//uni-eng.ru/unit/Ivanovo/Док
ументация ЮНИТ М300/Разработка/Схемы ФБ ЮНИ
Т-М300/Проект/РЭ/103. Общие разделы РЭ//Элемент
ы ФС/_latex/img/9_1_and.pdf><//uni-eng.ru/unit/Ivanovo/Документац
ия ЮНИТ М300/Разработка/Схемы ФБ ЮНИТ-М300/Про
ект/РЭ/103. Общие разделы РЭ//Элементы ФС/_latex/im
g/9_2_and.pdf><//uni-eng.ru/unit/Ivanovo/Документация ЮНИТ М300
/Разработка/Схемы ФБ ЮНИТ-М300/Проект/РЭ/103. О
бщие разделы РЭ//Элементы ФС/_latex/img/10_1_or.pdf><//un
i-eng.ru/unit/Ivanovo/Документация ЮНИТ М300/Разработ
ка/Схемы ФБ ЮНИТ-М300/Проект/РЭ/103. Общие разд
елы РЭ//Элементы ФС/_latex/img/10_2_or.pdf><//uni-eng.ru/unit/Iva
novo/Документация ЮНИТ М300/Разработка/Схемы 
ФБ ЮНИТ-М300/Проект/РЭ/103. Общие разделы РЭ//Э
лементы ФС/_latex/img/11_1_xor.pdf><//uni-eng.ru/unit/Ivanovo/Док
ументация ЮНИТ М300/Разработка/Схемы ФБ ЮНИ
Т-М300/Проект/РЭ/103. Общие разделы РЭ//Элемент
ы ФС/_latex/img/11_2_xor.pdf><//uni-eng.ru/unit/Ivanovo/Документа
ция ЮНИТ М300/Разработка/Схемы ФБ ЮНИТ-М300/Пр
оект/РЭ/103. Общие разделы РЭ//Элементы ФС/_latex/
img/12_1_sr_mem.pdf><//uni-eng.ru/unit/Ivanovo/Документация ЮНИ
Т М300/Разработка/Схемы ФБ ЮНИТ-М300/Проект/РЭ/1
03. Общие разделы РЭ//Элементы ФС/_latex/img/12_2.pdf></
/uni-eng.ru/unit/Ivanovo/Документация ЮНИТ М300/Разраб
отка/Схемы ФБ ЮНИТ-М300/Проект/РЭ/103. Общие ра
зделы РЭ//Элементы ФС/_latex/img/13_1_sr.pdf><//uni-eng.ru/unit
/Ivanovo/Документация ЮНИТ М300/Разработка/Схем
ы ФБ ЮНИТ-М300/Проект/РЭ/103. Общие разделы РЭ//
Элементы ФС/_latex/img/14_1_rs_mem.pdf><//uni-eng.ru/unit/Ivanovo/Д
окументация ЮНИТ М300/Разработка/Схемы ФБ Ю
НИТ-М300/Проект/РЭ/103. Общие разделы РЭ//Элеме
нты ФС/_latex/img/14_2.pdf><//uni-eng.ru/unit/Ivanovo/Документа
ция ЮНИТ М300/Разработка/Схемы ФБ ЮНИТ-М300/Пр
оект/РЭ/103. Общие разделы РЭ//Элементы ФС/_latex/
img/15_1_rs.pdf>] [151<//uni-eng.ru/unit/Ivanovo/Документация ЮН
ИТ М300/Разработка/Схемы ФБ ЮНИТ-М300/Проект/Р
Э/103. Общие разделы РЭ//Элементы ФС/_latex/img/16_not.
pdf><//uni-eng.ru/unit/Ivanovo/Документация ЮНИТ М300/Раз
работка/Схемы ФБ ЮНИТ-М300/Проект/РЭ/103. Общи
е разделы РЭ//Элементы ФС/_latex/img/17_1_ton.pdf><//uni-eng
.ru/unit/Ivanovo/Документация ЮНИТ М300/Разработка/
Схемы ФБ ЮНИТ-М300/Проект/РЭ/103. Общие раздел
ы РЭ//Элементы ФС/_latex/img/17_2_ton.pdf><//uni-eng.ru/unit/Ivanov
o/Документация ЮНИТ М300/Разработка/Схемы ФБ 
ЮНИТ-М300/Проект/РЭ/103. Общие разделы РЭ//Элем
енты ФС/_latex/img/18.pdf><//uni-eng.ru/unit/Ivanovo/Документа
ция ЮНИТ М300/Разработка/Схемы ФБ ЮНИТ-М300/Пр
оект/РЭ/103. Общие разделы РЭ//Элементы ФС/_latex/
img/19_1_tof.pdf><//uni-eng.ru/unit/Ivanovo/Документация ЮНИТ 
М300/Разработка/Схемы ФБ ЮНИТ-М300/Проект/РЭ/103.
 Общие разделы РЭ//Элементы ФС/_latex/img/20.pdf><//uni-
eng.ru/unit/Ivanovo/Документация ЮНИТ М300/Разработк
а/Схемы ФБ ЮНИТ-М300/Проект/РЭ/103. Общие разде
лы РЭ//Элементы ФС/_latex/img/19_2_tof.pdf><//uni-eng.ru/unit/Ivan
ovo/Документация ЮНИТ М300/Разработка/Схемы Ф
Б ЮНИТ-М300/Проект/РЭ/103. Общие разделы РЭ//Эл
ементы ФС/_latex/img/21_1_pls.pdf><//uni-eng.ru/unit/Ivanovo/Доку
ментация ЮНИТ М300/Разработка/Схемы ФБ ЮНИТ-
М300/Проект/РЭ/103. Общие разделы РЭ//Элементы 
ФС/_latex/img/21_2_pls.pdf><//uni-eng.ru/unit/Ivanovo/Документаци
я ЮНИТ М300/Разработка/Схемы ФБ ЮНИТ-М300/Прое
кт/РЭ/103. Общие разделы РЭ//Элементы ФС/_latex/img/
22.pdf><//uni-eng.ru/unit/Ivanovo/Документация ЮНИТ М300/Ра
зработка/Схемы ФБ ЮНИТ-М300/Проект/РЭ/103. Общ
ие разделы РЭ//Элементы ФС/_latex/img/23_1.pdf><//uni-eng.r
u/unit/Ivanovo/Документация ЮНИТ М300/Разработка/С
хемы ФБ ЮНИТ-М300/Проект/РЭ/103. Общие разделы 
РЭ//Элементы ФС/_latex/img/23_2.pdf><//uni-eng.ru/unit/Ivanovo/Д
окументация ЮНИТ М300/Разработка/Схемы ФБ Ю
НИТ-М300/Проект/РЭ/103. Общие разделы РЭ//Элеме
нты ФС/_latex/img/24_1.pdf><//uni-eng.ru/unit/Ivanovo/Документа
ция ЮНИТ М300/Разработка/Схемы ФБ ЮНИТ-М300/Пр
оект/РЭ/103. Общие разделы РЭ//Элементы ФС/_latex/
img/24_2.pdf><//uni-eng.ru/unit/Ivanovo/Документация ЮНИТ М300/
Разработка/Схемы ФБ ЮНИТ-М300/Проект/РЭ/103. О
бщие разделы РЭ//Элементы ФС/_latex/img/25.pdf><//uni-eng
.ru/unit/Ivanovo/Документация ЮНИТ М300/Разработка/
Схемы ФБ ЮНИТ-М300/Проект/РЭ/103. Общие раздел
ы РЭ//Элементы ФС/_latex/img/26.pdf><//uni-eng.ru/unit/Ivanovo/Д
окументация ЮНИТ М300/Разработка/Схемы ФБ Ю
НИТ-М300/Проект/РЭ/103. Общие разделы РЭ//Элеме
нты ФС/_latex/img/27.pdf>])
("//uni-eng.ru/unit/Ivanovo/Документация ЮНИТ М300/Разра
ботка/Схемы ФБ ЮНИТ-М300/Проект/РЭ/05. РЭ ЮНИТ-
М3-ОЛ//Приложение А. Сигналы/_latex/app1.tex"
Package typearea Info: These are the values describing the layout:
(typearea)             DIV  = areaset
(typearea)             BCOR = 0.0pt
(typearea)             \paperwidth      = 597.50793pt
(typearea)              \textwidth      = 759.68857pt
(typearea)              \evensidemargin = -153.3603pt
(typearea)              \oddsidemargin  = -153.3603pt
(typearea)             \paperheight     = 845.04694pt
(typearea)              \textheight     = 512.1496pt
(typearea)              \topmargin      = -0.05421pt
(typearea)              \headheight     = 17.0pt
(typearea)              \headsep        = 21.75pt
(typearea)              \topskip        = 22.0pt
(typearea)              \footskip       = 50.75pt
(typearea)              \baselineskip   = 14.5pt
(typearea)              on input line 2.
Package typearea Info: Using dirty hack to recalculate internal output
(typearea)             dimensions of LaTeX on input line 2.
*geometry* verbose mode - [ newgeometry ] result:
* driver: luatex
* paper: a4paper
* layout: <same size as paper>
* layoutoffset:(h,v)=(0.0pt,0.0pt)
* modes: 
* h-part:(L,W,R)=(62.59605pt, 506.45908pt, 28.45274pt)
* v-part:(T,H,B)=(39.83385pt, 773.91498pt, 31.29802pt)
* \paperwidth=597.50787pt
* \paperheight=845.04684pt
* \textwidth=506.45908pt
* \textheight=773.91498pt
* \oddsidemargin=-9.67393pt
* \evensidemargin=-9.67393pt
* \topmargin=-55.47195pt
* \headheight=14.5pt
* \headsep=8.53581pt
* \topskip=22.0pt
* \footskip=19.91692pt
* \marginparwidth=0.0pt
* \marginparsep=0.0pt
* \columnsep=10.0pt
* \skip\footins=10.8pt plus 4.0pt minus 2.0pt
* \hoffset=0.0pt
* \voffset=0.0pt
* \mag=1000
* \@twocolumnfalse
* \@twosidefalse
* \@mparswitchfalse
* \@reversemarginfalse
* (1in=72.27pt=25.4mm, 1cm=28.453pt)



Package hyperref Warning: Token not allowed in a PDF string (Unicode):
(hyperref)                removing `\newline' on input line 19.


Overfull \hbox (7.54622pt too wide) in alignment at lines 45--54
 [][][][][][][][][] 
 []


Overfull \hbox (7.54622pt too wide) in alignment at lines 54--61
 [][][][][][][][][] 
 []


Overfull \hbox (7.54622pt too wide) in alignment at lines 61--64
 [][][][][][][][][] 
 []


Overfull \hbox (7.54622pt too wide) in alignment at lines 64--67
 [][][][][][][][][] 
 []


Overfull \hbox (7.54622pt too wide) in alignment at lines 67--292
 [][][][][][][][][] 
 []


Overfull \hbox (7.54622pt too wide) in alignment at lines 292--547
 [][][][][][][][][] 
 []

[152



] [153] [154] [155] [156] [157] [158]
Overfull \hbox (7.54622pt too wide) in alignment at lines 547--797
 [][][][][][][][][] 
 []

[159] [160] [161] [162] [163] [164] [165]
Overfull \hbox (7.54622pt too wide) in alignment at lines 797--1052
 [][][][][][][][][] 
 []

[166] [167] [168] [169] [170] [171] [172]
Overfull \hbox (7.54622pt too wide) in alignment at lines 1052--1278
 [][][][][][][][][] 
 []

[173] [174] [175] [176] [177] [178] [179] [180] [181] [182] [183] [184]
[185] [186] [187] [188] [189] [190] [191] [192])
("//uni-eng.ru/unit/Ivanovo/Документация ЮНИТ М300/Разра
ботка/Схемы ФБ ЮНИТ-М300/Проект/РЭ/05. РЭ ЮНИТ-
М3-ОЛ//Приложение. Характеристики/appchars.tex"
Package typearea Info: These are the values describing the layout:
(typearea)             DIV  = areaset
(typearea)             BCOR = 0.0pt
(typearea)             \paperwidth      = 597.50793pt
(typearea)              \textwidth      = 512.1496pt
(typearea)              \evensidemargin = -29.59084pt
(typearea)              \oddsidemargin  = -29.59084pt
(typearea)             \paperheight     = 845.04694pt
(typearea)              \textheight     = 759.68857pt
(typearea)              \topmargin      = -82.5672pt
(typearea)              \headheight     = 17.0pt
(typearea)              \headsep        = 21.75pt
(typearea)              \topskip        = 22.0pt
(typearea)              \footskip       = 50.75pt
(typearea)              \baselineskip   = 14.5pt
(typearea)              on input line 13.
Package typearea Info: Using dirty hack to recalculate internal output
(typearea)             dimensions of LaTeX on input line 13.


Package typearea Warning: page content and margins higher than paper.
(typearea)                This may result in page footer out of paper.
(typearea)                You should decrease DIV, decrease foot height,
(typearea)                or decreate height of text area.

*geometry* verbose mode - [ newgeometry ] result:
* driver: luatex
* paper: a4paper
* layout: <same size as paper>
* layoutoffset:(h,v)=(0.0pt,0.0pt)
* modes: includehead includefoot 
* h-part:(L,W,R)=(62.59605pt, 506.45908pt, 28.45274pt)
* v-part:(T,H,B)=(17.07164pt, 810.90356pt, 17.07164pt)
* \paperwidth=597.50787pt
* \paperheight=845.04684pt
* \textwidth=506.45908pt
* \textheight=767.95084pt
* \oddsidemargin=-9.67393pt
* \evensidemargin=-9.67393pt
* \topmargin=-55.19835pt
* \headheight=14.5pt
* \headsep=8.53581pt
* \topskip=22.0pt
* \footskip=19.91692pt
* \marginparwidth=0.0pt
* \marginparsep=0.0pt
* \columnsep=10.0pt
* \skip\footins=10.8pt plus 4.0pt minus 2.0pt
* \hoffset=0.0pt
* \voffset=0.0pt
* \mag=1000
* \@twocolumnfalse
* \@twosidefalse
* \@mparswitchfalse
* \@reversemarginfalse
* (1in=72.27pt=25.4mm, 1cm=28.453pt)

<//uni-eng.ru/unit/Ivanovo/Документация ЮНИТ М300/Разра
ботка/Схемы ФБ ЮНИТ-М300/Проект/РЭ/05. РЭ ЮНИТ-
М3-ОЛ//Приложение. Характеристики/img/1.png, id=3835
, 567.62062pt x 700.11563pt>
File: //uni-eng.ru/unit/Ivanovo/Документация ЮНИТ М300/Раз
работка/Схемы ФБ ЮНИТ-М300/Проект/РЭ/05. РЭ ЮН
ИТ-М3-ОЛ//Приложение. Характеристики/img/1.png Gra
phic file (type png)
<use //uni-eng.ru/unit/Ivanovo/Документация ЮНИТ М300/Раз
работка/Схемы ФБ ЮНИТ-М300/Проект/РЭ/05. РЭ ЮН
ИТ-М3-ОЛ//Приложение. Характеристики/img/1.png>
Package luatex.def Info: //uni-eng.ru/unit/Ivanovo/Документация Ю
НИТ М300/Разработка/Схемы ФБ ЮНИТ-М300/Проект/
РЭ/05. РЭ ЮНИТ-М3-ОЛ//Приложение. Характерист
ики/img/1.png  used on input line 34.
(luatex.def)             Requested size: 253.22697pt x 312.33566pt.
<//uni-eng.ru/unit/Ivanovo/Документация ЮНИТ М300/Разра
ботка/Схемы ФБ ЮНИТ-М300/Проект/РЭ/05. РЭ ЮНИТ-
М3-ОЛ//Приложение. Характеристики/img/2.png, id=3836
, 542.025pt x 694.09312pt>
File: //uni-eng.ru/unit/Ivanovo/Документация ЮНИТ М300/Раз
работка/Схемы ФБ ЮНИТ-М300/Проект/РЭ/05. РЭ ЮН
ИТ-М3-ОЛ//Приложение. Характеристики/img/2.png Gra
phic file (type png)
<use //uni-eng.ru/unit/Ivanovo/Документация ЮНИТ М300/Раз
работка/Схемы ФБ ЮНИТ-М300/Проект/РЭ/05. РЭ ЮН
ИТ-М3-ОЛ//Приложение. Характеристики/img/2.png>
Package luatex.def Info: //uni-eng.ru/unit/Ivanovo/Документация Ю
НИТ М300/Разработка/Схемы ФБ ЮНИТ-М300/Проект/
РЭ/05. РЭ ЮНИТ-М3-ОЛ//Приложение. Характерист
ики/img/2.png  used on input line 41.
(luatex.def)             Requested size: 253.22998pt x 324.27507pt.
<//uni-eng.ru/unit/Ivanovo/Документация ЮНИТ М300/Разра
ботка/Схемы ФБ ЮНИТ-М300/Проект/РЭ/05. РЭ ЮНИТ-
М3-ОЛ//Приложение. Характеристики/img/3.png, id=3837
, 563.10374pt x 701.62125pt>
File: //uni-eng.ru/unit/Ivanovo/Документация ЮНИТ М300/Раз
работка/Схемы ФБ ЮНИТ-М300/Проект/РЭ/05. РЭ ЮН
ИТ-М3-ОЛ//Приложение. Характеристики/img/3.png Gra
phic file (type png)
<use //uni-eng.ru/unit/Ivanovo/Документация ЮНИТ М300/Раз
работка/Схемы ФБ ЮНИТ-М300/Проект/РЭ/05. РЭ ЮН
ИТ-М3-ОЛ//Приложение. Характеристики/img/3.png>
Package luatex.def Info: //uni-eng.ru/unit/Ivanovo/Документация Ю
НИТ М300/Разработка/Схемы ФБ ЮНИТ-М300/Проект/
РЭ/05. РЭ ЮНИТ-М3-ОЛ//Приложение. Характерист
ики/img/3.png  used on input line 48.
(luatex.def)             Requested size: 278.55247pt x 347.07341pt.

LaTeX Warning: `!h' float specifier changed to `!ht'.

<//uni-eng.ru/unit/Ivanovo/Документация ЮНИТ М300/Разра
ботка/Схемы ФБ ЮНИТ-М300/Проект/РЭ/05. РЭ ЮНИТ-
М3-ОЛ//Приложение. Характеристики/img/4.png, id=3838
, 554.07pt x 700.11563pt>
File: //uni-eng.ru/unit/Ivanovo/Документация ЮНИТ М300/Раз
работка/Схемы ФБ ЮНИТ-М300/Проект/РЭ/05. РЭ ЮН
ИТ-М3-ОЛ//Приложение. Характеристики/img/4.png Gra
phic file (type png)
<use //uni-eng.ru/unit/Ivanovo/Документация ЮНИТ М300/Раз
работка/Схемы ФБ ЮНИТ-М300/Проект/РЭ/05. РЭ ЮН
ИТ-М3-ОЛ//Приложение. Характеристики/img/4.png>
Package luatex.def Info: //uni-eng.ru/unit/Ivanovo/Документация Ю
НИТ М300/Разработка/Схемы ФБ ЮНИТ-М300/Проект/
РЭ/05. РЭ ЮНИТ-М3-ОЛ//Приложение. Характерист
ики/img/4.png  used on input line 55.
(luatex.def)             Requested size: 278.5561pt x 351.97987pt.

LaTeX Warning: `!h' float specifier changed to `!ht'.

<//uni-eng.ru/unit/Ivanovo/Документация ЮНИТ М300/Разра
ботка/Схемы ФБ ЮНИТ-М300/Проект/РЭ/05. РЭ ЮНИТ-
М3-ОЛ//Приложение. Характеристики/img/5.png, id=3839
, 569.12625pt x 694.09312pt>
File: //uni-eng.ru/unit/Ivanovo/Документация ЮНИТ М300/Раз
работка/Схемы ФБ ЮНИТ-М300/Проект/РЭ/05. РЭ ЮН
ИТ-М3-ОЛ//Приложение. Характеристики/img/5.png Gra
phic file (type png)
<use //uni-eng.ru/unit/Ivanovo/Документация ЮНИТ М300/Раз
работка/Схемы ФБ ЮНИТ-М300/Проект/РЭ/05. РЭ ЮН
ИТ-М3-ОЛ//Приложение. Характеристики/img/5.png>
Package luatex.def Info: //uni-eng.ru/unit/Ivanovo/Документация Ю
НИТ М300/Разработка/Схемы ФБ ЮНИТ-М300/Проект/
РЭ/05. РЭ ЮНИТ-М3-ОЛ//Приложение. Характерист
ики/img/5.png  used on input line 62.
(luatex.def)             Requested size: 278.56168pt x 339.72733pt.

LaTeX Warning: `!h' float specifier changed to `!ht'.

<//uni-eng.ru/unit/Ivanovo/Документация ЮНИТ М300/Разра
ботка/Схемы ФБ ЮНИТ-М300/Проект/РЭ/05. РЭ ЮНИТ-
М3-ОЛ//Приложение. Характеристики/img/6.png, id=3840
, 566.115pt x 698.61pt>
File: //uni-eng.ru/unit/Ivanovo/Документация ЮНИТ М300/Раз
работка/Схемы ФБ ЮНИТ-М300/Проект/РЭ/05. РЭ ЮН
ИТ-М3-ОЛ//Приложение. Характеристики/img/6.png Gra
phic file (type png)
<use //uni-eng.ru/unit/Ivanovo/Документация ЮНИТ М300/Раз
работка/Схемы ФБ ЮНИТ-М300/Проект/РЭ/05. РЭ ЮН
ИТ-М3-ОЛ//Приложение. Характеристики/img/6.png>
Package luatex.def Info: //uni-eng.ru/unit/Ivanovo/Документация Ю
НИТ М300/Разработка/Схемы ФБ ЮНИТ-М300/Проект/
РЭ/05. РЭ ЮНИТ-М3-ОЛ//Приложение. Характерист
ики/img/6.png  used on input line 69.
(luatex.def)             Requested size: 278.55629pt x 343.75032pt.

LaTeX Warning: `!h' float specifier changed to `!ht'.

<//uni-eng.ru/unit/Ivanovo/Документация ЮНИТ М300/Разра
ботка/Схемы ФБ ЮНИТ-М300/Проект/РЭ/05. РЭ ЮНИТ-
М3-ОЛ//Приложение. Характеристики/img/7.png, id=3841
, 921.4425pt x 683.55376pt>
File: //uni-eng.ru/unit/Ivanovo/Документация ЮНИТ М300/Раз
работка/Схемы ФБ ЮНИТ-М300/Проект/РЭ/05. РЭ ЮН
ИТ-М3-ОЛ//Приложение. Характеристики/img/7.png Gra
phic file (type png)
<use //uni-eng.ru/unit/Ivanovo/Документация ЮНИТ М300/Раз
работка/Схемы ФБ ЮНИТ-М300/Проект/РЭ/05. РЭ ЮН
ИТ-М3-ОЛ//Приложение. Характеристики/img/7.png>
Package luatex.def Info: //uni-eng.ru/unit/Ivanovo/Документация Ю
НИТ М300/Разработка/Схемы ФБ ЮНИТ-М300/Проект/
РЭ/05. РЭ ЮНИТ-М3-ОЛ//Приложение. Характерист
ики/img/7.png  used on input line 77.
(luatex.def)             Requested size: 430.49098pt x 319.35115pt.

LaTeX Warning: `!h' float specifier changed to `!ht'.

[193




<//uni-eng.ru/unit/Ivanovo/Документация ЮНИТ М300/Разра
ботка/Схемы ФБ ЮНИТ-М300/Проект/РЭ/05. РЭ ЮНИТ-
М3-ОЛ//Приложение. Характеристики/img/1.png><//uni-en
g.ru/unit/Ivanovo/Документация ЮНИТ М300/Разработка/
Схемы ФБ ЮНИТ-М300/Проект/РЭ/05. РЭ ЮНИТ-М3-ОЛ//
Приложение. Характеристики/img/2.png>] [194<//uni-eng.ru
/unit/Ivanovo/Документация ЮНИТ М300/Разработка/С
хемы ФБ ЮНИТ-М300/Проект/РЭ/05. РЭ ЮНИТ-М3-ОЛ//П
риложение. Характеристики/img/3.png><//uni-eng.ru/unit/Iv
anovo/Документация ЮНИТ М300/Разработка/Схемы 
ФБ ЮНИТ-М300/Проект/РЭ/05. РЭ ЮНИТ-М3-ОЛ//Прилож
ение. Характеристики/img/4.png>] [195<//uni-eng.ru/unit/Ivanov
o/Документация ЮНИТ М300/Разработка/Схемы ФБ 
ЮНИТ-М300/Проект/РЭ/05. РЭ ЮНИТ-М3-ОЛ//Приложен
ие. Характеристики/img/5.png><//uni-eng.ru/unit/Ivanovo/Док
ументация ЮНИТ М300/Разработка/Схемы ФБ ЮНИ
Т-М300/Проект/РЭ/05. РЭ ЮНИТ-М3-ОЛ//Приложение. 
Характеристики/img/6.png>] [196<//uni-eng.ru/unit/Ivanovo/Док
ументация ЮНИТ М300/Разработка/Схемы ФБ ЮНИ
Т-М300/Проект/РЭ/05. РЭ ЮНИТ-М3-ОЛ//Приложение. 
Характеристики/img/7.png>])
("//uni-eng.ru/unit/Ivanovo/Документация ЮНИТ М300/Разра
ботка/Схемы ФБ ЮНИТ-М300/Проект/РЭ/05. РЭ ЮНИТ-
М3-ОЛ//Приложение. ПС/_latex/app.tex"
Package typearea Info: These are the values describing the layout:
(typearea)             DIV  = areaset
(typearea)             BCOR = 0.0pt
(typearea)             \paperwidth      = 1195.01587pt
(typearea)              \textwidth      = 1109.65747pt
(typearea)              \evensidemargin = -29.5908pt
(typearea)              \oddsidemargin  = -29.5908pt
(typearea)             \paperheight     = 845.04694pt
(typearea)              \textheight     = 776.76022pt
(typearea)              \topmargin      = -88.25775pt
(typearea)              \headheight     = 17.0pt
(typearea)              \headsep        = 21.75pt
(typearea)              \topskip        = 22.0pt
(typearea)              \footskip       = 50.75pt
(typearea)              \baselineskip   = 14.5pt
(typearea)              on input line 2.
Package typearea Info: Using dirty hack to recalculate internal output
(typearea)             dimensions of LaTeX on input line 2.


Package typearea Warning: page content and margins higher than paper.
(typearea)                This may result in page footer out of paper.
(typearea)                You should decrease DIV, decrease foot height,
(typearea)                or decreate height of text area.


warning  (file //uni-eng.ru/unit/Ivanovo/Документация ЮНИТ М300
/Разработка/Схемы ФБ ЮНИТ-М300/Проект/РЭ/05. Р
Э ЮНИТ-М3-ОЛ//Приложение. ПС/_latex/img/1.pdf) (pdf inclusio
n): PDF inclusion: found PDF version '1.7', but at most version '1.5' allowed
<//uni-eng.ru/unit/Ivanovo/Документация ЮНИТ М300/Разра
ботка/Схемы ФБ ЮНИТ-М300/Проект/РЭ/05. РЭ ЮНИТ-
М3-ОЛ//Приложение. ПС/_latex/img/1.pdf, id=3872, 1447.65913pt x 
3100.43478pt>
File: //uni-eng.ru/unit/Ivanovo/Документация ЮНИТ М300/Раз
работка/Схемы ФБ ЮНИТ-М300/Проект/РЭ/05. РЭ ЮН
ИТ-М3-ОЛ//Приложение. ПС/_latex/img/1.pdf Graphic file (type p
df)
<use //uni-eng.ru/unit/Ivanovo/Документация ЮНИТ М300/Раз
работка/Схемы ФБ ЮНИТ-М300/Проект/РЭ/05. РЭ ЮН
ИТ-М3-ОЛ//Приложение. ПС/_latex/img/1.pdf>
Package luatex.def Info: //uni-eng.ru/unit/Ivanovo/Документация Ю
НИТ М300/Разработка/Схемы ФБ ЮНИТ-М300/Проект/
РЭ/05. РЭ ЮНИТ-М3-ОЛ//Приложение. ПС/_latex/img/1.pdf  u
sed on input line 18.
(luatex.def)             Requested size: 440.39778pt x 943.19485pt.

Package fancyhdr Warning: \footskip is too small (-14.22636pt): 
(fancyhdr)                Make it at least 15.49998pt, for example:
(fancyhdr)                \setlength{\footskip}{15.49998pt}.

[197


<//uni-eng.ru/unit/Ivanovo/Документация ЮНИТ М300/Разра
ботка/Схемы ФБ ЮНИТ-М300/Проект/РЭ/05. РЭ ЮНИТ-
М3-ОЛ//Приложение. ПС/_latex/img/1.pdf>]) (./endapp.tex)
("//uni-eng.ru/unit/Ivanovo/Документация ЮНИТ М300/Разра
ботка/Схемы ФБ ЮНИТ-М300/Проект/РЭ/103. Общие р
азделы РЭ//Лист рег изм/_latex/izm.tex"
Package typearea Info: These are the values describing the layout:
(typearea)             DIV  = areaset
(typearea)             BCOR = 0.0pt
(typearea)             \paperwidth      = 597.50793pt
(typearea)              \textwidth      = 512.1496pt
(typearea)              \evensidemargin = -29.59084pt
(typearea)              \oddsidemargin  = -29.59084pt
(typearea)             \paperheight     = 845.04694pt
(typearea)              \textheight     = 759.68857pt
(typearea)              \topmargin      = -82.5672pt
(typearea)              \headheight     = 17.0pt
(typearea)              \headsep        = 21.75pt
(typearea)              \topskip        = 22.0pt
(typearea)              \footskip       = 50.75pt
(typearea)              \baselineskip   = 14.5pt
(typearea)              on input line 2.
Package typearea Info: Using dirty hack to recalculate internal output
(typearea)             dimensions of LaTeX on input line 2.


Package typearea Warning: page content and margins higher than paper.
(typearea)                This may result in page footer out of paper.
(typearea)                You should decrease DIV, decrease foot height,
(typearea)                or decreate height of text area.

*geometry* verbose mode - [ newgeometry ] result:
* driver: luatex
* paper: a4paper
* layout: <same size as paper>
* layoutoffset:(h,v)=(0.0pt,0.0pt)
* modes: includehead includefoot 
* h-part:(L,W,R)=(62.59605pt, 506.45908pt, 28.45274pt)
* v-part:(T,H,B)=(17.07164pt, 810.90356pt, 17.07164pt)
* \paperwidth=597.50787pt
* \paperheight=845.04684pt
* \textwidth=506.45908pt
* \textheight=767.95084pt
* \oddsidemargin=-9.67393pt
* \evensidemargin=-9.67393pt
* \topmargin=-55.19835pt
* \headheight=14.5pt
* \headsep=8.53581pt
* \topskip=22.0pt
* \footskip=19.91692pt
* \marginparwidth=0.0pt
* \marginparsep=0.0pt
* \columnsep=10.0pt
* \skip\footins=10.8pt plus 4.0pt minus 2.0pt
* \hoffset=0.0pt
* \voffset=0.0pt
* \mag=1000
* \@twocolumnfalse
* \@twosidefalse
* \@mparswitchfalse
* \@reversemarginfalse
* (1in=72.27pt=25.4mm, 1cm=28.453pt)


Overfull \hbox (3.58856pt too wide) in paragraph at lines 28--28
 []|\TU/ArialNarrow(1)/m/n/12 Изм.| 
 []


Overfull \hbox (1.0348pt too wide) in alignment at lines 21--30
 [][][][][][][][][] 
 []


Overfull \hbox (44.7773pt too wide) in paragraph at lines 31--32
 []|\TU/ArialNarrow(1)/m/it/12 Продолжение 
 []


Overfull \hbox (3.58856pt too wide) in paragraph at lines 35--35
 []|\TU/ArialNarrow(1)/m/n/12 Изм.| 
 []


Overfull \hbox (1.0348pt too wide) in alignment at lines 30--37
 [][][][][][][][][] 
 []


Overfull \hbox (1.0348pt too wide) in alignment at lines 37--39
 [][][][][][][][][] 
 []


Overfull \hbox (1.0348pt too wide) in alignment at lines 39--41
 [][][][][][][][][] 
 []


Overfull \hbox (1.0348pt too wide) in alignment at lines 41--97
 [][][][][][][][][] 
 []

[198




]) (./general.aux)
 ***********
LaTeX2e <2023-11-01>
L3 programming layer <2023-11-09>
 ***********


LaTeX Warning: Label(s) may have changed. Rerun to get cross-references right.

Package rerunfilecheck Info: File `general.out' has not changed.
(rerunfilecheck)             Checksum: A6ACB500A91D0E4EA665019BA38CF0C8;7269.
)

Here is how much of LuaTeX's memory you used:
 43243 strings out of 476598
 1165192,1977958 words of node,token memory allocated
 1014 words of node memory still in use:
   8 hlist, 2 vlist, 2 rule, 1 local_par, 4 glue, 4 kern, 1 penalty, 2 margin_ke
rn, 4 glyph, 57 attribute, 108 glue_spec, 30 attribute_list, 3 write, 4 pdf_acti
on nodes
   avail lists: 1:14,2:67611,3:8340,4:203,5:886,6:3376,7:61671,8:79,9:38344,10:3
5,11:1905
 62231 multiletter control sequences out of 65536+600000
 103 fonts using 42868879 bytes
 113i,17n,104p,2376b,1232s stack positions out of 10000i,1000n,20000p,200000b,200000s
<d:/texlive/2023/texmf-dist/fonts/opentype/public/stix2-otf/STIXTwoMath-Regular.
otf><d:/texlive/2023/texmf-dist/fonts/opentype/public/lm/lmmono12-regular.otf><d
:/texlive/2023/texmf-dist/fonts/opentype/public/lm/lmmono10-regular.otf><d:/texl
ive/2023/texmf-dist/fonts/opentype/public/stix2-otf/STIXTwoMath-Regular.otf><d:/
texlive/2023/texmf-dist/fonts/opentype/public/fontawesome/FontAwesome.otf><c:/Wi
ndows/Fonts/ARIALNI.TTF><d:/texlive/2023/texmf-dist/fonts/opentype/public/stix2-
otf/STIXTwoMath-Regular.otf><c:/Windows/Fonts/ARIALN.TTF><c:/Windows/Fonts/ARIAL
NB.TTF>
Output written on general.pdf (198 pages, 8979933 bytes).

PDF statistics: 3997 PDF objects out of 4296 (max. 8388607)
 3183 compressed objects within 32 object streams
 1275 named destinations out of 1440 (max. 131072)
 152 words of extra memory for PDF output out of 10000 (max. 100000000)

