This is LuaHBTeX, Version 1.22.0 (TeX Live 2025)  (format=lualatex 2025.12.19)  20 JUN 2026 13:49
 restricted system commands enabled.
**general.tex
(./general.tex
LaTeX2e <2025-11-01>
L3 programming layer <2025-11-14>
Lua module: luaotfload 2024-12-03 v3.29 Lua based OpenType font support
Lua module: lualibs 2023-07-13 v2.76 ConTeXt Lua standard libraries.
Lua module: lualibs-extended 2023-07-13 v2.76 ConTeXt Lua libraries -- extended 
collection.
luaotfload | conf : Root cache directory is "C:/texlive/2025/texmf-var/luatex-ca
che/generic/names".
luaotfload | init : Loading fontloader "fontloader-2023-12-28.lua" from kpse-res
olved path "c:/texlive/2025/texmf-dist/tex/luatex/luaotfload/fontloader-2023-12-
28.lua".
Lua-only attribute luaotfload@noligature = 1
luaotfload | init : Context OpenType loader version 3.134
Inserting `luaotfload.node_processor' in `pre_linebreak_filter'.
Inserting `luaotfload.node_processor' in `hpack_filter'.
Inserting `luaotfload.glyph_stream' in `glyph_stream_provider'.
Inserting `luaotfload.define_font' in `define_font'.
Lua-only attribute luaotfload_color_attribute = 2
luaotfload | conf : Root cache directory is "C:/texlive/2025/texmf-var/luatex-ca
che/generic/names".
Inserting `luaotfload.harf.strip_prefix' in `find_opentype_file'.
Inserting `luaotfload.harf.strip_prefix' in `find_truetype_file'.
Removing  `luaotfload.glyph_stream' from `glyph_stream_provider'.
Inserting `luaotfload.harf.glyphstream' in `glyph_stream_provider'.
Inserting `luaotfload.harf.finalize_vlist' in `post_linebreak_filter'.
Inserting `luaotfload.harf.finalize_hlist' in `hpack_filter'.
Inserting `luaotfload.cleanup_files' in `wrapup_run'.
Inserting `luaotfload.harf.finalize_unicode' in `finish_pdffile'.
Inserting `luaotfload.glyphinfo' in `glyph_info'.
Lua-only attribute luaotfload.letterspace_done = 3
Inserting `luaotfload.aux.set_sscale_dimens' in `luaotfload.patch_font'.
Inserting `luaotfload.aux.set_font_index' in `luaotfload.patch_font'.
Inserting `luaotfload.aux.patch_cambria_domh' in `luaotfload.patch_font'.
Inserting `luaotfload.aux.fixup_fontdata' in `luaotfload.patch_font_unsafe'.
Inserting `luaotfload.aux.set_capheight' in `luaotfload.patch_font'.
Inserting `luaotfload.aux.set_xheight' in `luaotfload.patch_font'.
Inserting `luaotfload.rewrite_fontname' in `luaotfload.patch_font'.
Inserting `tracingstacklevels' in `input_level_string'. (./preamble.tex (c:/tex
live/2025/texmf-dist/tex/latex/extsizes/extarticle.cls
Document Class: extarticle 1996/10/08 v1.0 Non Standard LaTeX document class
(c:/texlive/2025/texmf-dist/tex/latex/base/size12.clo
File: size12.clo 2025/01/22 v1.4n Standard LaTeX file (size option)
luaotfload | db : Font names database loaded from C:/texlive/2025/texmf-var/luat
ex-cache/generic/names/luaotfload-names.luc.gz)
(c:/texlive/2025/texmf-dist/tex/latex/base/exscale.sty
Package: exscale 2025/06/05 v2.1i Standard LaTeX package exscale
LaTeX Font Info:    Redeclaring symbol font `largesymbols' on input line 57.
LaTeX Font Info:    Overwriting symbol font `largesymbols' in version `normal'
(Font)                  OMX/cmex/m/n --> OMX/cmex/m/n on input line 57.
LaTeX Font Info:    Overwriting symbol font `largesymbols' in version `bold'
(Font)                  OMX/cmex/m/n --> OMX/cmex/m/n on input line 57.
\big@size=\dimen147
)
\c@part=\count273
\c@section=\count274
\c@subsection=\count275
\c@subsubsection=\count276
\c@paragraph=\count277
\c@subparagraph=\count278
\c@figure=\count279
\c@table=\count280
\abovecaptionskip=\skip49
\belowcaptionskip=\skip50
\bibindent=\dimen148
)
(c:/texlive/2025/texmf-dist/tex/latex/fontspec/fontspec.sty
(c:/texlive/2025/texmf-dist/tex/latex/l3packages/xparse/xparse.sty
(c:/texlive/2025/texmf-dist/tex/latex/l3kernel/expl3.sty
Package: expl3 2025-11-14 L3 programming layer (loader) 

(c:/texlive/2025/texmf-dist/tex/latex/l3backend/l3backend-luatex.def
File: l3backend-luatex.def 2025-10-09 L3 backend support: PDF output (LuaTeX)
\l__color_backend_stack_int=\count281
Inserting `l3color' in `luaotfload.parse_color'.))
Package: xparse 2025-10-09 L3 Experimental document command parser
)
Package: fontspec 2025/09/29 v2.9g Font selection for XeLaTeX and LuaLaTeX
Lua module: fontspec 2025/09/29 v2.9g Font selection for XeLaTeX and LuaLaTeX
(c:/texlive/2025/texmf-dist/tex/latex/fontspec/fontspec-luatex.sty
Package: fontspec-luatex 2025/09/29 v2.9g Font selection for XeLaTeX and LuaLaT
eX
\l__fontspec_script_int=\count282
\l__fontspec_language_int=\count283
\l__fontspec_strnum_int=\count284
\l__fontspec_tmp_int=\count285
\l__fontspec_tmpa_int=\count286
\l__fontspec_tmpb_int=\count287
\l__fontspec_tmpc_int=\count288
\l__fontspec_em_int=\count289
\l__fontspec_emdef_int=\count290
\l__fontspec_strong_int=\count291
\l__fontspec_strongdef_int=\count292
\l__fontspec_tmpa_dim=\dimen149
\l__fontspec_tmpb_dim=\dimen150
\l__fontspec_tmpc_dim=\dimen151

(c:/texlive/2025/texmf-dist/tex/latex/base/fontenc.sty
Package: fontenc 2025/07/18 v2.1d Standard LaTeX package
)
(c:/texlive/2025/texmf-dist/tex/latex/fontspec/fontspec.cfg)))
(c:/texlive/2025/texmf-dist/tex/generic/babel/babel.sty
Package: babel 2025/12/11 v25.17 The multilingual framework for LuaLaTeX, pdfLa
TeX and XeLaTeX

(c:/texlive/2025/texmf-dist/tex/generic/babel/luababel.def
\bbl@readstream=\read2
\l@dumylang=\language2
Package babel Info: Non-standard hyphenation setup on input line 118.
\l@nohyphenation=\language3
\l@german-x-2024-02-28=\language4
\l@ngerman-x-2024-02-28=\language5
\l@afrikaans=\language6
\l@albanian=\language7
\l@ancientgreek=\language8
\l@ibycus=\language9
\l@arabic=\language10
\l@armenian=\language11
\l@basque=\language12
\l@belarusian=\language13
\l@bulgarian=\language14
\l@catalan=\language15
\l@pinyin=\language16
\l@churchslavonic=\language17
\l@coptic=\language18
\l@croatian=\language19
\l@czech=\language20
\l@danish=\language21
\l@dutch=\language22
\l@ukenglish=\language23
\l@usenglishmax=\language24
\l@esperanto=\language25
\l@estonian=\language26
\l@ethiopic=\language27
\l@farsi=\language28
\l@finnish=\language29
\l@schoolfinnish=\language30
\l@french=\language31
\l@friulan=\language32
\l@galician=\language33
\l@georgian=\language34
\l@german=\language35
\l@ngerman=\language36
\l@swissgerman=\language37
\l@greek=\language38
\l@monogreek=\language39
\l@hebrew=\language40
\l@hungarian=\language41
\l@icelandic=\language42
\l@assamese=\language43
\l@bengali=\language44
\l@gujarati=\language45
\l@hindi=\language46
\l@kannada=\language47
\l@malayalam=\language48
\l@marathi=\language49
\l@oriya=\language50
\l@pali=\language51
\l@panjabi=\language52
\l@tamil=\language53
\l@telugu=\language54
\l@indonesian=\language55
\l@interlingua=\language56
\l@irish=\language57
\l@italian=\language58
\l@kurmanji=\language59
\l@classiclatin=\language60
\l@latin=\language61
\l@liturgicallatin=\language62
\l@latvian=\language63
\l@lithuanian=\language64
\l@macedonian=\language65
\l@mongolian=\language66
\l@mongolianlmc=\language67
\l@bokmal=\language68
\l@nynorsk=\language69
\l@occitan=\language70
\l@piedmontese=\language71
\l@polish=\language72
\l@portuguese=\language73
\l@romanian=\language74
\l@romansh=\language75
\l@russian=\language76
\l@sanskrit=\language77
\l@serbian=\language78
\l@serbianc=\language79
\l@slovak=\language80
\l@slovenian=\language81
\l@spanish=\language82
\l@swedish=\language83
\l@thai=\language84
\l@turkish=\language85
\l@turkmen=\language86
\l@ukrainian=\language87
\l@uppersorbian=\language88
\l@vietnamese=\language89
\l@welsh=\language90
\babelcatcodetablenum=\catcodetable14
\bbl@pattcodes=\catcodetable15
)
\babel@savecnt=\count293
LaTeX Encoding Info:    Redeclaring text command \ij (encoding OT1) on input li
ne 2068.
LaTeX Encoding Info:    Redeclaring text command \IJ (encoding OT1) on input li
ne 2070.
LaTeX Encoding Info:    Redeclaring text command \ij (encoding T1) on input lin
e 2072.
LaTeX Encoding Info:    Redeclaring text command \IJ (encoding T1) on input lin
e 2073.
LaTeX Encoding Info:    Ignoring declaration for text command \ij (encoding ?) 
on input line 2074.
LaTeX Encoding Info:    Ignoring declaration for text command \IJ (encoding ?) 
on input line 2076.
LaTeX Encoding Info:    Ignoring declaration for text command \SS (encoding ?) 
on input line 2101.
\U@D=\dimen152
\l@unhyphenated=\language91

(c:/texlive/2025/texmf-dist/tex/generic/babel/luababel.def
\bbl@attr@locale=\attribute4
)
(c:/texlive/2025/texmf-dist/tex/generic/babel/locale/en/babel-english.tex)
(c:/texlive/2025/texmf-dist/tex/generic/babel/locale/ru/babel-russian.tex)
Package babel Info: Importing font and identification data for english
(babel)             from babel-en.ini. Reported on input line 4320.

(c:/texlive/2025/texmf-dist/tex/generic/babel-english/english.ldf
Language: english 2017/06/06 v3.3r English support from the babel system
Package babel Info: Hyphen rules for 'canadian' set to \l@english
(babel)             (\language0). Reported on input line 102.
Package babel Info: Hyphen rules for 'australian' set to \l@ukenglish
(babel)             (\language23). Reported on input line 105.
Package babel Info: Hyphen rules for 'newzealand' set to \l@ukenglish
(babel)             (\language23). Reported on input line 108.
)
Package babel Info: Importing font and identification data for russian
(babel)             from babel-ru.ini. Reported on input line 4320.

(c:/texlive/2025/texmf-dist/tex/generic/babel-russian/russianb.ldf
File: russianb.ldf 2021/01/10 1.3m Russian support for the Babel system
Language: russian 2020/09/09 1.3k Russian support for the Babel system
Package babel Info: Making " an active character on input line 124.
Package babel Info: Default for \cyrdash is provided on input line 163.

(c:/texlive/2025/texmf-dist/tex/generic/hyph-utf8/loadhyph/loadhyph-ru.tex
UTF-8 Russian hyphenation patterns
(c:/texlive/2025/texmf-dist/tex/generic/hyph-utf8/patterns/tex/hyph-ru.tex))))
(c:/texlive/2025/texmf-dist/tex/latex/graphics/graphicx.sty
Package: graphicx 2024/12/31 v1.2e Enhanced LaTeX Graphics (DPC,SPQR)

(c:/texlive/2025/texmf-dist/tex/latex/graphics/keyval.sty
Package: keyval 2022/05/29 v1.15 key=value parser (DPC)
\KV@toks@=\toks17
)
(c:/texlive/2025/texmf-dist/tex/latex/graphics/graphics.sty
Package: graphics 2024/08/06 v1.4g Standard LaTeX Graphics (DPC,SPQR)

(c:/texlive/2025/texmf-dist/tex/latex/graphics/trig.sty
Package: trig 2023/12/02 v1.11 sin cos tan (DPC)
)
(c:/texlive/2025/texmf-dist/tex/latex/graphics-cfg/graphics.cfg
File: graphics.cfg 2016/06/04 v1.11 sample graphics configuration
)
Package graphics Info: Driver file: luatex.def on input line 106.

(c:/texlive/2025/texmf-dist/tex/latex/graphics-def/luatex.def
File: luatex.def 2025/09/29 v1.2f Graphics/color driver for luatex
))
\Gin@req@height=\dimen153
\Gin@req@width=\dimen154
)
luaotfload | cache : Lookup cache loaded from C:/texlive/2025/texmf-var/luatex-c
ache/generic/names/luaotfload-lookup-cache.luc.

Package fontspec Info: 
(fontspec)             Could not resolve font "Arial Narrow/BI" (it probably
(fontspec)             doesn't exist).


Package fontspec Info: 
(fontspec)             Could not resolve font "Arial Narrow/B" (it probably
(fontspec)             doesn't exist).


Package fontspec Info: 
(fontspec)             Could not resolve font "Arial Narrow/I" (it probably
(fontspec)             doesn't exist).


Package fontspec Info: 
(fontspec)             Font family 'ArialNarrow(0)' created for font 'Arial
(fontspec)             Narrow' with options [Ligatures=TeX].
(fontspec)              
(fontspec)              This font family consists of the following NFSS
(fontspec)             series/shapes:
(fontspec)              
(fontspec)             - 'normal' (m/n) with NFSS spec.: <->"name:Arial
(fontspec)             Narrow:mode=node;language=dflt;+tlig;"


(c:/texlive/2025/texmf-dist/tex/latex/unicode-math/unicode-math.sty
Package: unicode-math 2023/08/13 v0.8r Unicode maths in XeLaTeX and LuaLaTeX

(c:/texlive/2025/texmf-dist/tex/latex/unicode-math/unicode-math-luatex.sty
Package: unicode-math-luatex 2023/08/13 v0.8r Unicode maths in XeLaTeX and LuaL
aTeX

(c:/texlive/2025/texmf-dist/tex/latex/l3packages/l3keys2e/l3keys2e.sty
Package: l3keys2e 2025-10-09 LaTeX2e option processing using LaTeX3 keys
)
(c:/texlive/2025/texmf-dist/tex/latex/base/fix-cm.sty
Package: fix-cm 2020/11/24 v1.1t fixes to LaTeX

(c:/texlive/2025/texmf-dist/tex/latex/base/ts1enc.def
File: ts1enc.def 2001/06/05 v3.0e (jk/car/fm) Standard LaTeX file
LaTeX Font Info:    Redeclaring font encoding TS1 on input line 47.
LaTeX Encoding Info:    Redeclaring text command \capitalcedilla (encoding TS1)
 on input line 49.
LaTeX Encoding Info:    Redeclaring text command \capitalogonek (encoding TS1) 
on input line 52.
LaTeX Encoding Info:    Redeclaring text command \capitalgrave (encoding TS1) o
n input line 55.
LaTeX Encoding Info:    Redeclaring text command \capitalacute (encoding TS1) o
n input line 56.
LaTeX Encoding Info:    Redeclaring text command \capitalcircumflex (encoding T
S1) on input line 57.
LaTeX Encoding Info:    Redeclaring text command \capitaltilde (encoding TS1) o
n input line 58.
LaTeX Encoding Info:    Redeclaring text command \capitaldieresis (encoding TS1
) on input line 59.
LaTeX Encoding Info:    Redeclaring text command \capitalhungarumlaut (encoding
 TS1) on input line 60.
LaTeX Encoding Info:    Redeclaring text command \capitalring (encoding TS1) on
 input line 61.
LaTeX Encoding Info:    Redeclaring text command \capitalcaron (encoding TS1) o
n input line 62.
LaTeX Encoding Info:    Redeclaring text command \capitalbreve (encoding TS1) o
n input line 63.
LaTeX Encoding Info:    Redeclaring text command \capitalmacron (encoding TS1) 
on input line 64.
LaTeX Encoding Info:    Redeclaring text command \capitaldotaccent (encoding TS
1) on input line 65.
LaTeX Encoding Info:    Redeclaring text command \t (encoding TS1) on input lin
e 66.
LaTeX Encoding Info:    Redeclaring text command \capitaltie (encoding TS1) on 
input line 67.
LaTeX Encoding Info:    Redeclaring text command \newtie (encoding TS1) on inpu
t line 68.
LaTeX Encoding Info:    Redeclaring text command \capitalnewtie (encoding TS1) 
on input line 69.
LaTeX Encoding Info:    Redeclaring text symbol \textcapitalcompwordmark (encod
ing TS1) on input line 70.
LaTeX Encoding Info:    Redeclaring text symbol \textascendercompwordmark (enco
ding TS1) on input line 71.
LaTeX Encoding Info:    Redeclaring text symbol \textquotestraightbase (encodin
g TS1) on input line 72.
LaTeX Encoding Info:    Redeclaring text symbol \textquotestraightdblbase (enco
ding TS1) on input line 73.
LaTeX Encoding Info:    Redeclaring text symbol \texttwelveudash (encoding TS1)
 on input line 74.
LaTeX Encoding Info:    Redeclaring text symbol \textthreequartersemdash (encod
ing TS1) on input line 75.
LaTeX Encoding Info:    Redeclaring text symbol \textleftarrow (encoding TS1) o
n input line 76.
LaTeX Encoding Info:    Redeclaring text symbol \textrightarrow (encoding TS1) 
on input line 77.
LaTeX Encoding Info:    Redeclaring text symbol \textblank (encoding TS1) on in
put line 78.
LaTeX Encoding Info:    Redeclaring text symbol \textdollar (encoding TS1) on i
nput line 79.
LaTeX Encoding Info:    Redeclaring text symbol \textquotesingle (encoding TS1)
 on input line 80.
LaTeX Encoding Info:    Redeclaring text command \textasteriskcentered (encodin
g TS1) on input line 81.
LaTeX Encoding Info:    Redeclaring text symbol \textdblhyphen (encoding TS1) o
n input line 92.
LaTeX Encoding Info:    Redeclaring text symbol \textfractionsolidus (encoding 
TS1) on input line 93.
LaTeX Encoding Info:    Redeclaring text symbol \textzerooldstyle (encoding TS1
) on input line 94.
LaTeX Encoding Info:    Redeclaring text symbol \textoneoldstyle (encoding TS1)
 on input line 95.
LaTeX Encoding Info:    Redeclaring text symbol \texttwooldstyle (encoding TS1)
 on input line 96.
LaTeX Encoding Info:    Redeclaring text symbol \textthreeoldstyle (encoding TS
1) on input line 97.
LaTeX Encoding Info:    Redeclaring text symbol \textfouroldstyle (encoding TS1
) on input line 98.
LaTeX Encoding Info:    Redeclaring text symbol \textfiveoldstyle (encoding TS1
) on input line 99.
LaTeX Encoding Info:    Redeclaring text symbol \textsixoldstyle (encoding TS1)
 on input line 100.
LaTeX Encoding Info:    Redeclaring text symbol \textsevenoldstyle (encoding TS
1) on input line 101.
LaTeX Encoding Info:    Redeclaring text symbol \texteightoldstyle (encoding TS
1) on input line 102.
LaTeX Encoding Info:    Redeclaring text symbol \textnineoldstyle (encoding TS1
) on input line 103.
LaTeX Encoding Info:    Redeclaring text symbol \textlangle (encoding TS1) on i
nput line 104.
LaTeX Encoding Info:    Redeclaring text symbol \textminus (encoding TS1) on in
put line 105.
LaTeX Encoding Info:    Redeclaring text symbol \textrangle (encoding TS1) on i
nput line 106.
LaTeX Encoding Info:    Redeclaring text symbol \textmho (encoding TS1) on inpu
t line 107.
LaTeX Encoding Info:    Redeclaring text symbol \textbigcircle (encoding TS1) o
n input line 108.
LaTeX Encoding Info:    Redeclaring text command \textcircled (encoding TS1) on
 input line 109.
LaTeX Encoding Info:    Redeclaring text symbol \textohm (encoding TS1) on inpu
t line 115.
LaTeX Encoding Info:    Redeclaring text symbol \textlbrackdbl (encoding TS1) o
n input line 116.
LaTeX Encoding Info:    Redeclaring text symbol \textrbrackdbl (encoding TS1) o
n input line 117.
LaTeX Encoding Info:    Redeclaring text symbol \textuparrow (encoding TS1) on 
input line 118.
LaTeX Encoding Info:    Redeclaring text symbol \textdownarrow (encoding TS1) o
n input line 119.
LaTeX Encoding Info:    Redeclaring text symbol \textasciigrave (encoding TS1) 
on input line 120.
LaTeX Encoding Info:    Redeclaring text symbol \textborn (encoding TS1) on inp
ut line 121.
LaTeX Encoding Info:    Redeclaring text symbol \textdivorced (encoding TS1) on
 input line 122.
LaTeX Encoding Info:    Redeclaring text symbol \textdied (encoding TS1) on inp
ut line 123.
LaTeX Encoding Info:    Redeclaring text symbol \textleaf (encoding TS1) on inp
ut line 124.
LaTeX Encoding Info:    Redeclaring text symbol \textmarried (encoding TS1) on 
input line 125.
LaTeX Encoding Info:    Redeclaring text symbol \textmusicalnote (encoding TS1)
 on input line 126.
LaTeX Encoding Info:    Redeclaring text symbol \texttildelow (encoding TS1) on
 input line 127.
LaTeX Encoding Info:    Redeclaring text symbol \textdblhyphenchar (encoding TS
1) on input line 128.
LaTeX Encoding Info:    Redeclaring text symbol \textasciibreve (encoding TS1) 
on input line 129.
LaTeX Encoding Info:    Redeclaring text symbol \textasciicaron (encoding TS1) 
on input line 130.
LaTeX Encoding Info:    Redeclaring text symbol \textacutedbl (encoding TS1) on
 input line 131.
LaTeX Encoding Info:    Redeclaring text symbol \textgravedbl (encoding TS1) on
 input line 132.
LaTeX Encoding Info:    Redeclaring text symbol \textdagger (encoding TS1) on i
nput line 133.
LaTeX Encoding Info:    Redeclaring text symbol \textdaggerdbl (encoding TS1) o
n input line 134.
LaTeX Encoding Info:    Redeclaring text symbol \textbardbl (encoding TS1) on i
nput line 135.
LaTeX Encoding Info:    Redeclaring text symbol \textperthousand (encoding TS1)
 on input line 136.
LaTeX Encoding Info:    Redeclaring text symbol \textbullet (encoding TS1) on i
nput line 137.
LaTeX Encoding Info:    Redeclaring text symbol \textcelsius (encoding TS1) on 
input line 138.
LaTeX Encoding Info:    Redeclaring text symbol \textdollaroldstyle (encoding T
S1) on input line 139.
LaTeX Encoding Info:    Redeclaring text symbol \textcentoldstyle (encoding TS1
) on input line 140.
LaTeX Encoding Info:    Redeclaring text symbol \textflorin (encoding TS1) on i
nput line 141.
LaTeX Encoding Info:    Redeclaring text symbol \textcolonmonetary (encoding TS
1) on input line 142.
LaTeX Encoding Info:    Redeclaring text symbol \textwon (encoding TS1) on inpu
t line 143.
LaTeX Encoding Info:    Redeclaring text symbol \textnaira (encoding TS1) on in
put line 144.
LaTeX Encoding Info:    Redeclaring text symbol \textguarani (encoding TS1) on 
input line 145.
LaTeX Encoding Info:    Redeclaring text symbol \textpeso (encoding TS1) on inp
ut line 146.
LaTeX Encoding Info:    Redeclaring text symbol \textlira (encoding TS1) on inp
ut line 147.
LaTeX Encoding Info:    Redeclaring text symbol \textrecipe (encoding TS1) on i
nput line 148.
LaTeX Encoding Info:    Redeclaring text symbol \textinterrobang (encoding TS1)
 on input line 149.
LaTeX Encoding Info:    Redeclaring text symbol \textinterrobangdown (encoding 
TS1) on input line 150.
LaTeX Encoding Info:    Redeclaring text symbol \textdong (encoding TS1) on inp
ut line 151.
LaTeX Encoding Info:    Redeclaring text symbol \texttrademark (encoding TS1) o
n input line 152.
LaTeX Encoding Info:    Redeclaring text symbol \textpertenthousand (encoding T
S1) on input line 153.
LaTeX Encoding Info:    Redeclaring text symbol \textpilcrow (encoding TS1) on 
input line 154.
LaTeX Encoding Info:    Redeclaring text symbol \textbaht (encoding TS1) on inp
ut line 155.
LaTeX Encoding Info:    Redeclaring text symbol \textnumero (encoding TS1) on i
nput line 156.
LaTeX Encoding Info:    Redeclaring text symbol \textdiscount (encoding TS1) on
 input line 157.
LaTeX Encoding Info:    Redeclaring text symbol \textestimated (encoding TS1) o
n input line 158.
LaTeX Encoding Info:    Redeclaring text symbol \textopenbullet (encoding TS1) 
on input line 159.
LaTeX Encoding Info:    Redeclaring text symbol \textservicemark (encoding TS1)
 on input line 160.
LaTeX Encoding Info:    Redeclaring text symbol \textlquill (encoding TS1) on i
nput line 161.
LaTeX Encoding Info:    Redeclaring text symbol \textrquill (encoding TS1) on i
nput line 162.
LaTeX Encoding Info:    Redeclaring text symbol \textcent (encoding TS1) on inp
ut line 163.
LaTeX Encoding Info:    Redeclaring text symbol \textsterling (encoding TS1) on
 input line 164.
LaTeX Encoding Info:    Redeclaring text symbol \textcurrency (encoding TS1) on
 input line 165.
LaTeX Encoding Info:    Redeclaring text symbol \textyen (encoding TS1) on inpu
t line 166.
LaTeX Encoding Info:    Redeclaring text symbol \textbrokenbar (encoding TS1) o
n input line 167.
LaTeX Encoding Info:    Redeclaring text symbol \textsection (encoding TS1) on 
input line 168.
LaTeX Encoding Info:    Redeclaring text symbol \textasciidieresis (encoding TS
1) on input line 169.
LaTeX Encoding Info:    Redeclaring text symbol \textcopyright (encoding TS1) o
n input line 170.
LaTeX Encoding Info:    Redeclaring text symbol \textordfeminine (encoding TS1)
 on input line 171.
LaTeX Encoding Info:    Redeclaring text symbol \textcopyleft (encoding TS1) on
 input line 172.
LaTeX Encoding Info:    Redeclaring text symbol \textlnot (encoding TS1) on inp
ut line 173.
LaTeX Encoding Info:    Redeclaring text symbol \textcircledP (encoding TS1) on
 input line 174.
LaTeX Encoding Info:    Redeclaring text symbol \textregistered (encoding TS1) 
on input line 175.
LaTeX Encoding Info:    Redeclaring text symbol \textasciimacron (encoding TS1)
 on input line 176.
LaTeX Encoding Info:    Redeclaring text symbol \textdegree (encoding TS1) on i
nput line 177.
LaTeX Encoding Info:    Redeclaring text symbol \textpm (encoding TS1) on input
 line 178.
LaTeX Encoding Info:    Redeclaring text symbol \texttwosuperior (encoding TS1)
 on input line 179.
LaTeX Encoding Info:    Redeclaring text symbol \textthreesuperior (encoding TS
1) on input line 180.
LaTeX Encoding Info:    Redeclaring text symbol \textasciiacute (encoding TS1) 
on input line 181.
LaTeX Encoding Info:    Redeclaring text symbol \textmu (encoding TS1) on input
 line 182.
LaTeX Encoding Info:    Redeclaring text symbol \textparagraph (encoding TS1) o
n input line 183.
LaTeX Encoding Info:    Redeclaring text symbol \textperiodcentered (encoding T
S1) on input line 184.
LaTeX Encoding Info:    Redeclaring text symbol \textreferencemark (encoding TS
1) on input line 185.
LaTeX Encoding Info:    Redeclaring text symbol \textonesuperior (encoding TS1)
 on input line 186.
LaTeX Encoding Info:    Redeclaring text symbol \textordmasculine (encoding TS1
) on input line 187.
LaTeX Encoding Info:    Redeclaring text symbol \textsurd (encoding TS1) on inp
ut line 188.
LaTeX Encoding Info:    Redeclaring text symbol \textonequarter (encoding TS1) 
on input line 189.
LaTeX Encoding Info:    Redeclaring text symbol \textonehalf (encoding TS1) on 
input line 190.
LaTeX Encoding Info:    Redeclaring text symbol \textthreequarters (encoding TS
1) on input line 191.
LaTeX Encoding Info:    Redeclaring text symbol \texteuro (encoding TS1) on inp
ut line 192.
LaTeX Encoding Info:    Redeclaring text symbol \texttimes (encoding TS1) on in
put line 193.
LaTeX Encoding Info:    Redeclaring text symbol \textdiv (encoding TS1) on inpu
t line 194.
))
(c:/texlive/2025/texmf-dist/tex/latex/amsmath/amsmath.sty
Package: amsmath 2025/07/09 v2.17z AMS math features
\@mathmargin=\skip51

For additional information on amsmath, use the `?' option.
(c:/texlive/2025/texmf-dist/tex/latex/amsmath/amstext.sty
Package: amstext 2024/11/17 v2.01 AMS text

(c:/texlive/2025/texmf-dist/tex/latex/amsmath/amsgen.sty
File: amsgen.sty 1999/11/30 v2.0 generic functions
\@emptytoks=\toks18
\ex@=\dimen155
))
(c:/texlive/2025/texmf-dist/tex/latex/amsmath/amsbsy.sty
Package: amsbsy 1999/11/29 v1.2d Bold Symbols
\pmbraise@=\dimen156
)
(c:/texlive/2025/texmf-dist/tex/latex/amsmath/amsopn.sty
Package: amsopn 2022/04/08 v2.04 operator names
)
\inf@bad=\count294
LaTeX Info: Redefining \frac on input line 235.
\uproot@=\count295
\leftroot@=\count296
LaTeX Info: Redefining \overline on input line 398.
LaTeX Info: Redefining \colon on input line 409.
\classnum@=\count297
\DOTSCASE@=\count298
LaTeX Info: Redefining \ldots on input line 495.
LaTeX Info: Redefining \dots on input line 498.
LaTeX Info: Redefining \cdots on input line 619.
\Mathstrutbox@=\box53
\strutbox@=\box54
LaTeX Info: Redefining \big on input line 721.
LaTeX Info: Redefining \Big on input line 722.
LaTeX Info: Redefining \bigg on input line 723.
LaTeX Info: Redefining \Bigg on input line 724.
\big@size=\dimen157
LaTeX Font Info:    Redeclaring font encoding OML on input line 742.
LaTeX Font Info:    Redeclaring font encoding OMS on input line 743.
\macc@depth=\count299
LaTeX Info: Redefining \bmod on input line 904.
LaTeX Info: Redefining \pmod on input line 909.
LaTeX Info: Redefining \smash on input line 939.
LaTeX Info: Redefining \relbar on input line 969.
LaTeX Info: Redefining \Relbar on input line 970.
\c@MaxMatrixCols=\count300
\dotsspace@=\muskip17
\c@parentequation=\count301
\dspbrk@lvl=\count302
\tag@help=\toks19
\row@=\count303
\column@=\count304
\maxfields@=\count305
\andhelp@=\toks20
\eqnshift@=\dimen158
\alignsep@=\dimen159
\tagshift@=\dimen160
\tagwidth@=\dimen161
\totwidth@=\dimen162
\lineht@=\dimen163
\@envbody=\toks21
\multlinegap=\skip52
\multlinetaggap=\skip53
\mathdisplay@stack=\toks22
LaTeX Info: Redefining \[ on input line 2950.
LaTeX Info: Redefining \] on input line 2951.
)
(c:/texlive/2025/texmf-dist/tex/lualatex/lualatex-math/lualatex-math.sty
Package: lualatex-math 2022/01/01 v1.12 Patches for mathematics typesetting wit
h LuaLaTeX

(c:/texlive/2025/texmf-dist/tex/latex/etoolbox/etoolbox.sty
Package: etoolbox 2025/10/02 v2.5m e-TeX tools for LaTeX (JAW)
\etb@tempcnta=\count306
)
Lua module: lualatex-math 2013/08/03 v1.3 Patches for mathematics typesetting wi
th LuaLaTeX)
\g__um_fam_int=\count307
\g__um_fonts_used_int=\count308
\l__um_primecount_int=\count309
\g__um_primekern_muskip=\muskip18

(c:/texlive/2025/texmf-dist/tex/latex/unicode-math/unicode-math-table.tex)))

Package fontspec Info: 
(fontspec)             Could not resolve font "Stix Two Math/B" (it probably
(fontspec)             doesn't exist).


Package fontspec Info: 
(fontspec)             Font family 'StixTwoMath(0)' created for font 'Stix Two
(fontspec)             Math' with options
(fontspec)             [Renderer=Basic,BoldItalicFont={},ItalicFont={},SmallCap
sFont={},Script=Math,RawFeature={mathfontdimen=xetex}].
(fontspec)              
(fontspec)              This font family consists of the following NFSS
(fontspec)             series/shapes:
(fontspec)              
(fontspec)             - 'normal' (m/n) with NFSS spec.: <->"name:Stix Two
(fontspec)             Math:mode=base;script=math;language=dflt;mathfontdimen=x
etex;"


Package fontspec Info: 
(fontspec)             Could not resolve font "Stix Two Math/B" (it probably
(fontspec)             doesn't exist).


Package fontspec Info: 
(fontspec)             Font family 'StixTwoMath(1)' created for font 'Stix Two
(fontspec)             Math' with options
(fontspec)             [Renderer=Basic,BoldItalicFont={},ItalicFont={},SmallCap
sFont={},Script=Math,SizeFeatures={{Size=10.2-},{Size=7.5-10.2,Font=Stix
(fontspec)             Two Math,Style=MathScript},{Size=-7.5,Font=Stix Two
(fontspec)             Math,Style=MathScriptScript}},RawFeature={mathfontdimen=
xetex}].
(fontspec)              
(fontspec)              This font family consists of the following NFSS
(fontspec)             series/shapes:
(fontspec)              
(fontspec)             - 'normal' (m/n) with NFSS spec.: <10.2->"name:Stix Two
(fontspec)             Math:mode=base;script=math;language=dflt;mathfontdimen=x
etex;"<7.5-10.2>"name:Stix
(fontspec)             Two
(fontspec)             Math:mode=base;script=math;language=dflt;mathfontdimen=x
etex;+ssty=0;"<-7.5>"name:Stix
(fontspec)             Two
(fontspec)             Math:mode=base;script=math;language=dflt;mathfontdimen=x
etex;+ssty=1;"

LaTeX Font Info:    Encoding `OT1' has changed to `TU' for symbol font
(Font)              `operators' in the math version `normal' on input line 12.
LaTeX Font Info:    Overwriting symbol font `operators' in version `normal'
(Font)                  OT1/cmr/m/n --> TU/StixTwoMath(1)/m/n on input line 12.

LaTeX Font Info:    Encoding `OT1' has changed to `TU' for symbol font
(Font)              `operators' in the math version `bold' on input line 12.
LaTeX Font Info:    Overwriting symbol font `operators' in version `bold'
(Font)                  OT1/cmr/bx/n --> TU/StixTwoMath(1)/b/n on input line 12
.

Package fontspec Info: 
(fontspec)             Could not resolve font "Stix Two Math/B" (it probably
(fontspec)             doesn't exist).


Package fontspec Info: 
(fontspec)             Font family 'StixTwoMath(2)' created for font 'Stix Two
(fontspec)             Math' with options
(fontspec)             [Renderer=Basic,BoldItalicFont={},ItalicFont={},SmallCap
sFont={},Script=Math,SizeFeatures={{Size=10.2-},{Size=7.5-10.2,Font=Stix
(fontspec)             Two Math,Style=MathScript},{Size=-7.5,Font=Stix Two
(fontspec)             Math,Style=MathScriptScript}},RawFeature={mathfontdimen=
xetex},RawFeature={mathfontdimen=tex2}].
(fontspec)              
(fontspec)              This font family consists of the following NFSS
(fontspec)             series/shapes:
(fontspec)              
(fontspec)             - 'normal' (m/n) with NFSS spec.: <10.2->"name:Stix Two
(fontspec)             Math:mode=base;script=math;language=dflt;mathfontdimen=x
etex;mathfontdimen=tex2;"<7.5-10.2>"name:Stix
(fontspec)             Two
(fontspec)             Math:mode=base;script=math;language=dflt;mathfontdimen=x
etex;mathfontdimen=tex2;+ssty=0;"<-7.5>"name:Stix
(fontspec)             Two
(fontspec)             Math:mode=base;script=math;language=dflt;mathfontdimen=x
etex;mathfontdimen=tex2;+ssty=1;"

LaTeX Font Info:    Encoding `OMS' has changed to `TU' for symbol font
(Font)              `symbols' in the math version `normal' on input line 12.
LaTeX Font Info:    Overwriting symbol font `symbols' in version `normal'
(Font)                  OMS/cmsy/m/n --> TU/StixTwoMath(2)/m/n on input line 12
.
LaTeX Font Info:    Encoding `OMS' has changed to `TU' for symbol font
(Font)              `symbols' in the math version `bold' on input line 12.
LaTeX Font Info:    Overwriting symbol font `symbols' in version `bold'
(Font)                  OMS/cmsy/b/n --> TU/StixTwoMath(2)/b/n on input line 12
.

Package fontspec Info: 
(fontspec)             Could not resolve font "Stix Two Math/B" (it probably
(fontspec)             doesn't exist).


Package fontspec Info: 
(fontspec)             Font family 'StixTwoMath(3)' created for font 'Stix Two
(fontspec)             Math' with options
(fontspec)             [Renderer=Basic,BoldItalicFont={},ItalicFont={},SmallCap
sFont={},Script=Math,SizeFeatures={{Size=10.2-},{Size=7.5-10.2,Font=Stix
(fontspec)             Two Math,Style=MathScript},{Size=-7.5,Font=Stix Two
(fontspec)             Math,Style=MathScriptScript}},RawFeature={mathfontdimen=
xetex},RawFeature={mathfontdimen=tex3}].
(fontspec)              
(fontspec)              This font family consists of the following NFSS
(fontspec)             series/shapes:
(fontspec)              
(fontspec)             - 'normal' (m/n) with NFSS spec.: <10.2->"name:Stix Two
(fontspec)             Math:mode=base;script=math;language=dflt;mathfontdimen=x
etex;mathfontdimen=tex3;"<7.5-10.2>"name:Stix
(fontspec)             Two
(fontspec)             Math:mode=base;script=math;language=dflt;mathfontdimen=x
etex;mathfontdimen=tex3;+ssty=0;"<-7.5>"name:Stix
(fontspec)             Two
(fontspec)             Math:mode=base;script=math;language=dflt;mathfontdimen=x
etex;mathfontdimen=tex3;+ssty=1;"

LaTeX Font Info:    Encoding `OMX' has changed to `TU' for symbol font
(Font)              `largesymbols' in the math version `normal' on input line 1
2.
LaTeX Font Info:    Overwriting symbol font `largesymbols' in version `normal'
(Font)                  OMX/cmex/m/n --> TU/StixTwoMath(3)/m/n on input line 12
.
LaTeX Font Info:    Encoding `OMX' has changed to `TU' for symbol font
(Font)              `largesymbols' in the math version `bold' on input line 12.

LaTeX Font Info:    Overwriting symbol font `largesymbols' in version `bold'
(Font)                  OMX/cmex/m/n --> TU/StixTwoMath(3)/b/n on input line 12
.

(c:/texlive/2025/texmf-dist/tex/latex/koma-script/typearea.sty
Package: typearea 2025/12/01 v3.49 KOMA-Script package (type area)

(c:/texlive/2025/texmf-dist/tex/latex/koma-script/scrkbase.sty
Package: scrkbase 2025/12/01 v3.49 KOMA-Script package (KOMA-Script-dependent b
asics and keyval usage)

(c:/texlive/2025/texmf-dist/tex/latex/koma-script/scrbase.sty
Package: scrbase 2025/12/01 v3.49 KOMA-Script package (KOMA-Script-independent 
basics and keyval usage)

(c:/texlive/2025/texmf-dist/tex/latex/koma-script/scrlfile.sty
Package: scrlfile 2025/12/01 v3.49 KOMA-Script package (file load hooks)

(c:/texlive/2025/texmf-dist/tex/latex/koma-script/scrlfile-hook.sty
Package: scrlfile-hook 2025/12/01 v3.49 KOMA-Script package (using LaTeX hooks)


(c:/texlive/2025/texmf-dist/tex/latex/koma-script/scrlogo.sty
Package: scrlogo 2025/12/01 v3.49 KOMA-Script package (logo)
)))
Applying: [2021/05/01] Usage of raw or classic option list on input line 254.
Already applied: [0000/00/00] Usage of raw or classic option list on input line
 370.
))
\ta@bcor=\skip54
\ta@div=\count310
Package typearea Info: You've used standard option `a4paper'.
(typearea)             This is correct!
(typearea)             Internally I'm using `paper=a4'.
(typearea)             If you'd like to set the option with \KOMAoptions,
(typearea)             you'd have to use `paper=a4' there
(typearea)             instead of `a4paper', too.
\ta@hblk=\skip55
\ta@vblk=\skip56
\ta@temp=\skip57
\footheight=\skip58


Package typearea Info: DIV calculation for classic typearea. on input line 1808
.

Package typearea Info: These are the values describing the layout:
(typearea)             DIV  = 6
(typearea)             BCOR = 0.0pt
(typearea)             \paperwidth      = 597.50793pt
(typearea)              \textwidth      = 298.75397pt
(typearea)              DIV departure   = 7%
(typearea)              \evensidemargin = 77.107pt
(typearea)              \oddsidemargin  = 77.107pt
(typearea)             \paperheight     = 845.04694pt
(typearea)              \textheight     = 428.0pt
(typearea)              \topmargin      = 28.69617pt
(typearea)              \headheight     = 18.125pt
(typearea)              \headsep        = 21.75pt
(typearea)              \topskip        = 22.0pt
(typearea)              \footskip       = 50.75pt
(typearea)              \baselineskip   = 14.5pt
(typearea)              on input line 1808.
) (c:/texlive/2025/texmf-dist/tex/latex/geometry/geometry.sty
Package: geometry 2020/01/02 v5.9 Page Geometry

(c:/texlive/2025/texmf-dist/tex/generic/iftex/ifvtex.sty
Package: ifvtex 2019/10/25 v1.7 ifvtex legacy package. Use iftex instead.

(c:/texlive/2025/texmf-dist/tex/generic/iftex/iftex.sty
Package: iftex 2024/12/12 v1.0g TeX engine tests
))
\Gm@cnth=\count311
\Gm@cntv=\count312
\c@Gm@tempcnt=\count313
\Gm@bindingoffset=\dimen164
\Gm@wd@mp=\dimen165
\Gm@odd@mp=\dimen166
\Gm@even@mp=\dimen167
\Gm@layoutwidth=\dimen168
\Gm@layoutheight=\dimen169
\Gm@layouthoffset=\dimen170
\Gm@layoutvoffset=\dimen171
\Gm@dimlist=\toks23
)
(c:/texlive/2025/texmf-dist/tex/latex/xcolor/xcolor.sty
Package: xcolor 2024/09/29 v3.02 LaTeX color extensions (UK)

(c:/texlive/2025/texmf-dist/tex/latex/graphics-cfg/color.cfg
File: color.cfg 2016/01/02 v1.6 sample color configuration
)
Package xcolor Info: Driver file: luatex.def on input line 274.

(c:/texlive/2025/texmf-dist/tex/latex/graphics/mathcolor.ltx)
Package xcolor Info: Model `cmy' substituted by `cmy0' on input line 1349.
Package xcolor Info: Model `hsb' substituted by `rgb' on input line 1353.
Package xcolor Info: Model `RGB' extended on input line 1365.
Package xcolor Info: Model `HTML' substituted by `rgb' on input line 1367.
Package xcolor Info: Model `Hsb' substituted by `hsb' on input line 1368.
Package xcolor Info: Model `tHsb' substituted by `hsb' on input line 1369.
Package xcolor Info: Model `HSB' substituted by `hsb' on input line 1370.
Package xcolor Info: Model `Gray' substituted by `gray' on input line 1371.
Package xcolor Info: Model `wave' substituted by `hsb' on input line 1372.
)
(c:/texlive/2025/texmf-dist/tex/latex/colortbl/colortbl.sty
Package: colortbl 2024/10/29 v1.0k Color table columns (DPC)

(c:/texlive/2025/texmf-dist/tex/latex/tools/array.sty
Package: array 2025/09/25 v2.6n Tabular extension package (FMi)
\col@sep=\dimen172
\ar@mcellbox=\box55
\extrarowheight=\dimen173
\NC@list=\toks24
\extratabsurround=\skip59
\backup@length=\skip60
\ar@cellbox=\box56
)
\everycr=\toks25
\minrowclearance=\skip61
\rownum=\count314
)
(c:/texlive/2025/texmf-dist/tex/latex/hyperref/hyperref.sty
Package: hyperref 2025-07-12 v7.01o Hypertext links for LaTeX

(c:/texlive/2025/texmf-dist/tex/latex/kvsetkeys/kvsetkeys.sty
Package: kvsetkeys 2022-10-05 v1.19 Key value parser (HO)
)
(c:/texlive/2025/texmf-dist/tex/generic/kvdefinekeys/kvdefinekeys.sty
Package: kvdefinekeys 2019-12-19 v1.6 Define keys (HO)
)
(c:/texlive/2025/texmf-dist/tex/generic/pdfescape/pdfescape.sty
Package: pdfescape 2019/12/09 v1.15 Implements pdfTeX's escape features (HO)

(c:/texlive/2025/texmf-dist/tex/generic/ltxcmds/ltxcmds.sty
Package: ltxcmds 2023-12-04 v1.26 LaTeX kernel commands for general use (HO)
)
(c:/texlive/2025/texmf-dist/tex/generic/pdftexcmds/pdftexcmds.sty
Package: pdftexcmds 2020-06-27 v0.33 Utility functions of pdfTeX for LuaTeX (HO
)

(c:/texlive/2025/texmf-dist/tex/generic/infwarerr/infwarerr.sty
Package: infwarerr 2019/12/03 v1.5 Providing info/warning/error messages (HO)
)
Package pdftexcmds Info: \pdf@primitive is available.
Package pdftexcmds Info: \pdf@ifprimitive is available.
Package pdftexcmds Info: \pdfdraftmode found.
\pdftexcmds@toks=\toks26
))
(c:/texlive/2025/texmf-dist/tex/latex/hycolor/hycolor.sty
Package: hycolor 2020-01-27 v1.10 Color options for hyperref/bookmark (HO)
)
(c:/texlive/2025/texmf-dist/tex/latex/hyperref/nameref.sty
Package: nameref 2025-06-21 v2.57 Cross-referencing by name of section

(c:/texlive/2025/texmf-dist/tex/latex/refcount/refcount.sty
Package: refcount 2019/12/15 v3.6 Data extraction from label references (HO)
)
(c:/texlive/2025/texmf-dist/tex/generic/gettitlestring/gettitlestring.sty
Package: gettitlestring 2019/12/15 v1.6 Cleanup title references (HO)

(c:/texlive/2025/texmf-dist/tex/latex/kvoptions/kvoptions.sty
Package: kvoptions 2022-06-15 v3.15 Key value format for package options (HO)
))
\c@section@level=\count315
)
(c:/texlive/2025/texmf-dist/tex/generic/stringenc/stringenc.sty
Package: stringenc 2019/11/29 v1.12 Convert strings between diff. encodings (HO
)
)
\@linkdim=\dimen174
\Hy@linkcounter=\count316
\Hy@pagecounter=\count317

(c:/texlive/2025/texmf-dist/tex/latex/hyperref/pd1enc.def
File: pd1enc.def 2025-07-12 v7.01o Hyperref: PDFDocEncoding definition (HO)
)
(c:/texlive/2025/texmf-dist/tex/generic/intcalc/intcalc.sty
Package: intcalc 2019/12/15 v1.3 Expandable calculations with integers (HO)
)
\Hy@SavedSpaceFactor=\count318

(c:/texlive/2025/texmf-dist/tex/latex/hyperref/puenc.def
File: puenc.def 2025-07-12 v7.01o Hyperref: PDF Unicode definition (HO)
)
Package hyperref Info: Option `unicode' set `true' on input line 3160.
Package hyperref Info: Hyper figures OFF on input line 4195.
Package hyperref Info: Link nesting OFF on input line 4200.
Package hyperref Info: Hyper index ON on input line 4203.
Package hyperref Info: Plain pages OFF on input line 4210.
Package hyperref Info: Backreferencing OFF on input line 4215.
Package hyperref Info: Implicit mode ON; LaTeX internals redefined.
Package hyperref Info: Bookmarks ON on input line 4462.
\c@Hy@tempcnt=\count319

(c:/texlive/2025/texmf-dist/tex/latex/url/url.sty
\Urlmuskip=\muskip19
Package: url 2013/09/16  ver 3.4  Verb mode for urls, etc.
)
LaTeX Info: Redefining \url on input line 4801.
\XeTeXLinkMargin=\dimen175

(c:/texlive/2025/texmf-dist/tex/generic/bitset/bitset.sty
Package: bitset 2019/12/09 v1.3 Handle bit-vector datatype (HO)

(c:/texlive/2025/texmf-dist/tex/generic/bigintcalc/bigintcalc.sty
Package: bigintcalc 2019/12/15 v1.5 Expandable calculations on big integers (HO
)
))
\Fld@menulength=\count320
\Field@Width=\dimen176
\Fld@charsize=\dimen177
Package hyperref Info: Hyper figures OFF on input line 6078.
Package hyperref Info: Link nesting OFF on input line 6083.
Package hyperref Info: Hyper index ON on input line 6086.
Package hyperref Info: backreferencing OFF on input line 6093.
Package hyperref Info: Link coloring OFF on input line 6098.
Package hyperref Info: Link coloring with OCG OFF on input line 6103.
Package hyperref Info: PDF/A mode OFF on input line 6108.
\Hy@abspage=\count321
\c@Item=\count322
\c@Hfootnote=\count323
)
Package hyperref Info: Driver (autodetected): hluatex.

(c:/texlive/2025/texmf-dist/tex/latex/hyperref/hluatex.def
File: hluatex.def 2025-07-12 v7.01o Hyperref driver for luaTeX
\Fld@listcount=\count324
\c@bookmark@seq@number=\count325

(c:/texlive/2025/texmf-dist/tex/latex/rerunfilecheck/rerunfilecheck.sty
Package: rerunfilecheck 2025-06-21 v1.11 Rerun checks for auxiliary files (HO)

(c:/texlive/2025/texmf-dist/tex/generic/uniquecounter/uniquecounter.sty
Package: uniquecounter 2019/12/15 v1.4 Provide unlimited unique counter (HO)
)
Package uniquecounter Info: New unique counter `rerunfilecheck' on input line 2
84.
)
\Hy@SectionHShift=\skip62
)

Package fontspec Info: 
(fontspec)             Font family 'ArialNarrow(1)' created for font 'Arial
(fontspec)             Narrow' with options
(fontspec)             [Ligatures=TeX,Ligatures=TeX,BoldFont={Arial Narrow
(fontspec)             Bold},ItalicFont={Arial Narrow
(fontspec)             Italic},BoldItalicFont={Arial Narrow Bold Italic}].
(fontspec)              
(fontspec)              This font family consists of the following NFSS
(fontspec)             series/shapes:
(fontspec)              
(fontspec)             - 'normal' (m/n) with NFSS spec.: <->"name:Arial
(fontspec)             Narrow:mode=node;language=dflt;+tlig;"
(fontspec)             - 'bold' (b/n) with NFSS spec.: <->"name:Arial Narrow
(fontspec)             Bold:mode=node;language=dflt;+tlig;"
(fontspec)             - 'italic' (m/it) with NFSS spec.: <->"name:Arial
(fontspec)             Narrow Italic:mode=node;language=dflt;+tlig;"
(fontspec)             - 'bold italic' (b/it) with NFSS spec.: <->"name:Arial
(fontspec)             Narrow Bold Italic:mode=node;language=dflt;+tlig;"


Package fontspec Info: 
(fontspec)             Font family 'ArialNarrow(2)' created for font 'Arial
(fontspec)             Narrow' with options
(fontspec)             [Renderer=Basic,Ligatures=TeX,BoldFont={Arial Narrow
(fontspec)             Bold},ItalicFont={Arial Narrow
(fontspec)             Italic},BoldItalicFont={Arial Narrow Bold Italic}].
(fontspec)              
(fontspec)              This font family consists of the following NFSS
(fontspec)             series/shapes:
(fontspec)              
(fontspec)             - 'normal' (m/n) with NFSS spec.: <->"name:Arial
(fontspec)             Narrow:mode=base;language=dflt;+tlig;"
(fontspec)             - 'bold' (b/n) with NFSS spec.: <->"name:Arial Narrow
(fontspec)             Bold:mode=base;language=dflt;+tlig;"
(fontspec)             - 'italic' (m/it) with NFSS spec.: <->"name:Arial
(fontspec)             Narrow Italic:mode=base;language=dflt;+tlig;"
(fontspec)             - 'bold italic' (b/it) with NFSS spec.: <->"name:Arial
(fontspec)             Narrow Bold Italic:mode=base;language=dflt;+tlig;"

LaTeX Font Info:    Overwriting math alphabet `\mathsf' in version `normal'
(Font)                  OT1/cmss/m/n --> TU/ArialNarrow(2)/m/n on input line 60
.
LaTeX Font Info:    Overwriting math alphabet `\mathsf' in version `bold'
(Font)                  OT1/cmss/bx/n --> TU/ArialNarrow(2)/b/n on input line 6
0.

(c:/texlive/2025/texmf-dist/tex/latex/fancyhdr/fancyhdr.sty
Package: fancyhdr 2025/02/07 v5.2 Extensive control of page headers and footers

\f@nch@headwidth=\skip63
\f@nch@offset@elh=\skip64
\f@nch@offset@erh=\skip65
\f@nch@offset@olh=\skip66
\f@nch@offset@orh=\skip67
\f@nch@offset@elf=\skip68
\f@nch@offset@erf=\skip69
\f@nch@offset@olf=\skip70
\f@nch@offset@orf=\skip71
\f@nch@height=\skip72
\f@nch@footalignment=\skip73
\f@nch@widthL=\skip74
\f@nch@widthC=\skip75
\f@nch@widthR=\skip76
\@temptokenb=\toks27
)
(c:/texlive/2025/texmf-dist/tex/latex/parskip/parskip.sty
Package: parskip 2021-03-14 v2.0h non-zero parskip adjustments
)
(c:/texlive/2025/texmf-dist/tex/latex/tools/indentfirst.sty
Package: indentfirst 2023/07/02 v1.03 Indent first paragraph (DPC)
)
(c:/texlive/2025/texmf-dist/tex/latex/tools/longtable.sty
Package: longtable 2025-10-13 v4.24 Multi-page Table package (DPC)
\LTleft=\skip77
\LTright=\skip78
\LTpre=\skip79
\LTpost=\skip80
\LTchunksize=\count326
\LTcapwidth=\dimen178
\LT@head=\box57
\LT@firsthead=\box58
\LT@foot=\box59
\LT@lastfoot=\box60
\LT@gbox=\box61
\LT@cols=\count327
\LT@rows=\count328
\c@LT@tables=\count329
\c@LT@chunks=\count330
\LT@p@ftn=\toks28
)
(c:/texlive/2025/texmf-dist/tex/latex/booktabs/booktabs.sty
Package: booktabs 2020/01/12 v1.61803398 Publication quality tables
\heavyrulewidth=\dimen179
\lightrulewidth=\dimen180
\cmidrulewidth=\dimen181
\belowrulesep=\dimen182
\belowbottomsep=\dimen183
\aboverulesep=\dimen184
\abovetopsep=\dimen185
\cmidrulesep=\dimen186
\cmidrulekern=\dimen187
\defaultaddspace=\dimen188
\@cmidla=\count331
\@cmidlb=\count332
\@aboverulesep=\dimen189
\@belowrulesep=\dimen190
\@thisruleclass=\count333
\@lastruleclass=\count334
\@thisrulewidth=\dimen191
)
(c:/texlive/2025/texmf-dist/tex/latex/tools/calc.sty
Package: calc 2025/03/01 v4.3b Infix arithmetic (KKT,FJ)
\calc@Acount=\count335
\calc@Bcount=\count336
\calc@Adimen=\dimen192
\calc@Bdimen=\dimen193
\calc@Askip=\skip81
\calc@Bskip=\skip82
LaTeX Info: Redefining \setlength on input line 86.
LaTeX Info: Redefining \addtolength on input line 87.
\calc@Ccount=\count337
\calc@Cskip=\skip83
)
(c:/texlive/2025/texmf-dist/tex/latex/caption/caption.sty
Package: caption 2023/08/05 v3.6o Customizing captions (AR)

(c:/texlive/2025/texmf-dist/tex/latex/caption/caption3.sty
Package: caption3 2023/07/31 v2.4d caption3 kernel (AR)
\caption@tempdima=\dimen194
\captionmargin=\dimen195
\caption@leftmargin=\dimen196
\caption@rightmargin=\dimen197
\caption@width=\dimen198
\caption@indent=\dimen199
\caption@parindent=\dimen256
\caption@hangindent=\dimen257
Package caption Info: Standard document class detected.
)
\c@caption@flags=\count338
\c@continuedfloat=\count339
Package caption Info: hyperref package is loaded.
Package caption Info: longtable package is loaded.

(c:/texlive/2025/texmf-dist/tex/latex/caption/ltcaption.sty
Package: ltcaption 2021/01/08 v1.4c longtable captions (AR)
))
(c:/texlive/2025/texmf-dist/tex/latex/tools/tabularx.sty
Package: tabularx 2023/12/11 v2.12a `tabularx' package (DPC)
\TX@col@width=\dimen258
\TX@old@table=\dimen259
\TX@old@col=\dimen260
\TX@target=\dimen261
\TX@delta=\dimen262
\TX@cols=\count340
\TX@ftn=\toks29
)
(c:/texlive/2025/texmf-dist/tex/latex/multirow/multirow.sty
Package: multirow 2024/11/12 v2.9 Span multiple rows of a table
\multirow@colwidth=\skip84
\multirow@cntb=\count341
\multirow@dima=\skip85
\bigstrutjot=\dimen263
)
(c:/texlive/2025/texmf-dist/tex/latex/eqexpl/eqexpl.sty
Package: eqexpl 2022/06/17 v. 1.1.1
\eqexplSpaceWidth=\skip86
\itemWidth=\skip87
\leftSideWidth=\skip88
)
(c:/texlive/2025/texmf-dist/tex/latex/titlesec/titlesec.sty
Package: titlesec 2025/01/04 v2.17 Sectioning titles
\ttl@box=\box62
\beforetitleunit=\skip89
\aftertitleunit=\skip90
\ttl@plus=\dimen264
\ttl@minus=\dimen265
\ttl@toksa=\toks30
\titlewidth=\dimen266
\titlewidthlast=\dimen267
\titlewidthfirst=\dimen268
)
(c:/texlive/2025/texmf-dist/tex/latex/appendix/appendix.sty
Package: appendix 2020/02/08 v1.2c extra appendix facilities
\c@@pps=\count342
\c@@ppsavesec=\count343
\c@@ppsaveapp=\count344
)
(c:/texlive/2025/texmf-dist/tex/latex/enumitem/enumitem.sty
Package: enumitem 2025/02/06 v3.11 Customized lists
\labelindent=\skip91
\enit@outerparindent=\dimen269
\enit@toks=\toks31
\enit@inbox=\box63
\enit@count@id=\count345
\enitdp@description=\count346
)
(c:/texlive/2025/texmf-dist/tex/latex/float/float.sty
Package: float 2001/11/08 v1.3d Float enhancements (AL)
\c@float@type=\count347
\float@exts=\toks32
\float@box=\box64
\@float@everytoks=\toks33
\@floatcapt=\box65
)
(c:/texlive/2025/texmf-dist/tex/latex/needspace/needspace.sty
Package: needspace 2025/03/13 v1.3e reserve vertical space
)
(c:/texlive/2025/texmf-dist/tex/latex/tabularray/tabularray.sty
Package: tabularray 2025-11-27 v2025C Typeset tabulars and arrays with LaTeX3

(c:/texlive/2025/texmf-dist/tex/latex/ninecolors/ninecolors.sty
Package: ninecolors 2022-02-13 v2022D Select colors with proper color contrast
)
\g__tblr_nohyper_int=\count348
\l__tblr_a_int=\count349
\l__tblr_c_int=\count350
\l__tblr_r_int=\count351
\l__tblr_d_dim=\dimen270
\l__tblr_h_dim=\dimen271
\l__tblr_o_dim=\dimen272
\l__tblr_p_dim=\dimen273
\l__tblr_q_dim=\dimen274
\l__tblr_r_dim=\dimen275
\l__tblr_s_dim=\dimen276
\l__tblr_t_dim=\dimen277
\l__tblr_v_dim=\dimen278
\l__tblr_w_dim=\dimen279
\l__tblr_a_box=\box66
\l__tblr_b_box=\box67
\l__tblr_c_box=\box68
\l__tblr_d_box=\box69
\c@tblrcount=\count352
\c@colnum=\count353
\c@rowcount=\count354
\c@colcount=\count355
\abovesep=\dimen280
\belowsep=\dimen281
\leftsep=\dimen282
\rightsep=\dimen283
\gTblrLevelInt=\count356
\g__tblr_data_row_key_count_int=\count357
\g__tblr_data_column_key_count_int=\count358
\g__tblr_data_cell_key_count_int=\count359
\g__tblr_array_int=\count360
\l__tblr_key_count_int=\count361
\l__tblr_key_quotient_int=\count362
\l__tblr_key_quotient_two_int=\count363
\l__tblr_key_remainder_int=\count364
\g__tblr_data_str_value_count_int=\count365
\lTblrChildTotalInt=\count366
\lTblrChildHtotalInt=\count367
\lTblrChildVtotalInt=\count368
\l__child_diff_h_int=\count369
\l__child_diff_v_int=\count370
\l__child_sign_h_int=\count371
\l__child_sign_v_int=\count372
\l__child_step_int=\count373
\lTblrDefaultHruleWidthDim=\dimen284
\lTblrDefaultVruleWidthDim=\dimen285
\l__tblr_split_balance_int=\count374
\l__tblr_strut_dp_dim=\dimen286
\l__tblr_strut_ht_dim=\dimen287
\g__tblr_cell_wd_dim=\dimen288
\g__tblr_cell_ht_dim=\dimen289
\g__tblr_cell_head_dim=\dimen290
\g__tblr_cell_foot_dim=\dimen291
\l__tblr_measured_cell_box=\box70
\g__tblr_last_box=\box71
\l__tblr_temp_box=\box72
\l__tblr_column_target_dim=\dimen292
\l__tblr_hfuzz_dim=\dimen293
\l__tblr_caption_box=\box73
\l__tblr_caption_left_box=\box74
\lTblrRowHeadInt=\count375
\lTblrRowFootInt=\count376
\l__tblr_row_head_box=\box75
\l__tblr_row_foot_box=\box76
\l__tblr_row_head_foot_dim=\dimen294
\lTblrTableWidthDim=\dimen295
\l__tblr_table_firsthead_box=\box77
\l__tblr_table_middlehead_box=\box78
\l__tblr_table_lasthead_box=\box79
\l__tblr_table_firstfoot_box=\box80
\l__tblr_table_middlefoot_box=\box81
\l__tblr_table_lastfoot_box=\box82
\l__tblr_remain_height_dim=\dimen296
\l__tblr_next_rows_dim=\dimen297
\l__tblr_page_overfill_dim=\dimen298
\l__tblr_long_from_int=\count377
\l__tblr_long_to_int=\count378
\l__tblr_curr_i_int=\count379
\l__tblr_prev_i_int=\count380
\lTblrTablePageInt=\count381
\l__tblr_table_head_box=\box83
\l__tblr_table_foot_box=\box84
\l__tblr_table_head_foot_dim=\dimen299
\l__tblr_table_head_body_foot_dim=\dimen300
\l__tblr_table_box=\box85
\lTblrRowFirstInt=\count382
\lTblrRowLastInt=\count383
\l__tblr_cover_box_a_dim=\dimen301
\l__tblr_cover_box_b_dim=\dimen302
\l__tblr_table_hlines_box=\box86
\l__tblr_hline_box=\box87
\l__tblr_row_box=\box88
\l__tblr_col_o_wd_dim=\dimen303
\l__tblr_col_b_wd_dim=\dimen304
\l__tblr_hline_leftskip_dim=\dimen305
\l__tblr_hline_rightskip_dim=\dimen306
\l__tblr_row_ht_dim=\dimen307
\l__tblr_row_dp_dim=\dimen308
\l__tblr_row_abovesep_dim=\dimen309
\l__tblr_row_belowsep_dim=\dimen310
\l__tblr_row_vlines_box=\box89
\l__tblr_vline_box=\box90
\l__tblr_cell_box=\box91
\l__tblr_row_upper_dim=\dimen311
\l__tblr_row_lower_dim=\dimen312
\l__tblr_row_vpace_dim=\dimen313
\l__tblr_vline_aboveskip_dim=\dimen314
\l__tblr_vline_belowskip_dim=\dimen315
\lTblrCellRowSpanInt=\count384
\lTblrCellColSpanInt=\count385
\l__tblr_cell_wd_dim=\dimen316
\l__tblr_cell_ht_dim=\dimen317
\lTblrCellAboveBorderWidthDim=\dimen318
\lTblrCellBelowBorderWidthDim=\dimen319
\lTblrCellLeftBorderWidthDim=\dimen320
\lTblrCellRightBorderWidthDim=\dimen321
\l__tblr_diag_box=\box92
\l__tblr_cell_inner_wd_dim=\dimen322
\l__tblr_cell_inner_dp_dim=\dimen323
\l__tblr_cell_hanchor_dim=\dimen324
\l__tblr_last_cell_table_ht_dim=\dimen325
\l__tblr_last_cell_table_dp_dim=\dimen326
\l__tblr_last_vline_wd_dim=\dimen327
\l__tblr_tikz_node_box=\box93
)
(c:/texlive/2025/texmf-dist/tex/latex/tocloft/tocloft.sty
Package: tocloft 2017/08/31 v2.3i parameterised ToC, etc., typesetting
Package tocloft Info: The document has section divisions on input line 51.
\cftparskip=\skip92
\cftbeforetoctitleskip=\skip93
\cftaftertoctitleskip=\skip94
\cftbeforepartskip=\skip95
\cftpartnumwidth=\skip96
\cftpartindent=\skip97
\cftbeforesecskip=\skip98
\cftsecindent=\skip99
\cftsecnumwidth=\skip100
\cftbeforesubsecskip=\skip101
\cftsubsecindent=\skip102
\cftsubsecnumwidth=\skip103
\cftbeforesubsubsecskip=\skip104
\cftsubsubsecindent=\skip105
\cftsubsubsecnumwidth=\skip106
\cftbeforeparaskip=\skip107
\cftparaindent=\skip108
\cftparanumwidth=\skip109
\cftbeforesubparaskip=\skip110
\cftsubparaindent=\skip111
\cftsubparanumwidth=\skip112
\cftbeforeloftitleskip=\skip113
\cftafterloftitleskip=\skip114
\cftbeforefigskip=\skip115
\cftfigindent=\skip116
\cftfignumwidth=\skip117
\c@lofdepth=\count386
\c@lotdepth=\count387
\cftbeforelottitleskip=\skip118
\cftafterlottitleskip=\skip119
\cftbeforetabskip=\skip120
\cfttabindent=\skip121
\cfttabnumwidth=\skip122


Package tocloft Warning: \@starttoc has already been redefined; tocloft bailing
 out. on input line 1156.

) (c:/texlive/2025/texmf-dist/tex/latex/tocvsec2/tocvsec2.sty
Package: tocvsec2 2014/03/10 v1.3a variable ToC section entries

(c:/texlive/2025/texmf-dist/tex/latex/base/ifthen.sty
Package: ifthen 2024/03/16 v1.1e Standard LaTeX ifthen package (DPC)
)
\c@max@tocdepth=\count388
\c@max@secnumdepth=\count389
)
(c:/texlive/2025/texmf-dist/tex/latex/pdflscape/pdflscape.sty
Package: pdflscape 2025-06-23 v0.14 Display of landscape pages in PDF

(c:/texlive/2025/texmf-dist/tex/latex/pdflscape/pdflscape-nometadata.sty
Package: pdflscape-nometadata 2025-06-23 v0.14 Display of landscape pages in PD
F (HO)

(c:/texlive/2025/texmf-dist/tex/latex/graphics/lscape.sty
Package: lscape 2020/05/28 v3.02 Landscape Pages (DPC)
)
Package pdflscape Info: Auto-detected driver: pdftex on input line 81.
))
(c:/texlive/2025/texmf-dist/tex/latex/textpos/textpos.sty
Package: textpos 2022/07/23 v1.10.1
Package textpos Info: choosing support for LaTeX3 on input line 60.
\TP@textbox=\box94
\TP@holdbox=\box95
\TPHorizModule=\dimen328
\TPVertModule=\dimen329
\TP@margin=\dimen330
\TP@absmargin=\dimen331

Grid set 16 x 16 = 37.34424pt x 52.81541pt
\TPboxrulesize=\dimen332
\TP@ox=\dimen333
\TP@oy=\dimen334
\TP@tbargs=\toks34
TextBlockOrigin set to 0pt x 0pt
) (c:/texlive/2025/texmf-dist/tex/latex/pdfpages/pdfpages.sty
Package: pdfpages 2025/07/23 v0.6g Insert pages of external PDF documents (AM)

(c:/texlive/2025/texmf-dist/tex/latex/eso-pic/eso-pic.sty
Package: eso-pic 2025/12/10 v3.0d eso-pic (RN)
\ESO@tempdima=\dimen335
\ESO@tempdimb=\dimen336
)
\AM@pagewidth=\dimen337
\AM@pageheight=\dimen338
\AM@fboxrule=\dimen339

(c:/texlive/2025/texmf-dist/tex/latex/pdfpages/ppluatex.def
File: ppluatex.def 2025/07/23 v0.6g Pdfpages driver for LuaTeX (AM)
)
\pdfpages@includegraphics@status=\count390
\AM@pagebox=\box96
\AM@global@opts=\toks35
\AM@pagecnt=\count391
\AM@toc@title=\toks36
\AM@lof@heading=\toks37
\c@AM@survey=\count392
\AM@templatesizebox=\box97
)
(c:/texlive/2025/texmf-dist/tex/latex/fontawesome/fontawesome.sty
Package: fontawesome 2016/05/15 v4.6.3.1 font awesome icons

(c:/texlive/2025/texmf-dist/tex/generic/iftex/ifxetex.sty
Package: ifxetex 2019/10/25 v0.7 ifxetex legacy package. Use iftex instead.
)
(c:/texlive/2025/texmf-dist/tex/generic/iftex/ifluatex.sty
Package: ifluatex 2019/10/25 v1.5 ifluatex legacy package. Use iftex instead.
)
(c:/texlive/2025/texmf-dist/tex/latex/fontawesome/fontawesomesymbols-generic.te
x)

Package fontspec Info: 
(fontspec)             Could not resolve font "FontAwesome/BI" (it probably
(fontspec)             doesn't exist).


Package fontspec Info: 
(fontspec)             Could not resolve font "FontAwesome/B" (it probably
(fontspec)             doesn't exist).


Package fontspec Info: 
(fontspec)             Could not resolve font "FontAwesome/I" (it probably
(fontspec)             doesn't exist).


Package fontspec Info: 
(fontspec)             Font family 'FontAwesome(0)' created for font
(fontspec)             'FontAwesome' with options [].
(fontspec)              
(fontspec)              This font family consists of the following NFSS
(fontspec)             series/shapes:
(fontspec)              
(fontspec)             - 'normal' (m/n) with NFSS spec.:
(fontspec)             <->"name:FontAwesome:mode=node;language=dflt;"


(c:/texlive/2025/texmf-dist/tex/latex/fontawesome/fontawesomesymbols-xeluatex.t
ex)) (c:/texlive/2025/texmf-dist/tex/latex/microtype/microtype.sty
Package: microtype 2025/07/09 v3.2b Micro-typographical refinements (RS)
\MT@toks=\toks38
\MT@tempbox=\box98
\MT@count=\count393
LaTeX Info: Redefining \noprotrusionifhmode on input line 1087.
LaTeX Info: Redefining \leftprotrusion on input line 1088.
\MT@prot@toks=\toks39
LaTeX Info: Redefining \rightprotrusion on input line 1107.
LaTeX Info: Redefining \textls on input line 1449.
\MT@outer@kern=\dimen340
LaTeX Info: Redefining \microtypecontext on input line 2053.
LaTeX Info: Redefining \textmicrotypecontext on input line 2070.
\MT@listname@count=\count394

(c:/texlive/2025/texmf-dist/tex/latex/microtype/microtype-luatex.def
File: microtype-luatex.def 2025/07/09 v3.2b Definitions specific to luatex (RS)

Lua module: microtype 2025/07/09 v3.2b microtype module.
Module microtype Info: overwriting function `keepligature' on input line 63
LaTeX Info: Redefining \lsstyle on input line 779.
LaTeX Info: Redefining \lslig on input line 779.
\MT@outer@space=\skip123
)
Package microtype Info: Loading configuration file microtype.cfg.

(c:/texlive/2025/texmf-dist/tex/latex/microtype/microtype.cfg
File: microtype.cfg 2025/07/09 v3.2b microtype main configuration file (RS)
)
LaTeX Info: Redefining \microtypesetup on input line 3065.
)
(c:/texlive/2025/texmf-dist/tex/latex/pgf/frontendlayer/tikz.sty
(c:/texlive/2025/texmf-dist/tex/latex/pgf/basiclayer/pgf.sty
(c:/texlive/2025/texmf-dist/tex/latex/pgf/utilities/pgfrcs.sty
(c:/texlive/2025/texmf-dist/tex/generic/pgf/utilities/pgfutil-common.tex
\pgfutil@everybye=\toks40
\pgfutil@tempdima=\dimen341
\pgfutil@tempdimb=\dimen342
)
(c:/texlive/2025/texmf-dist/tex/generic/pgf/utilities/pgfutil-latex.def
\pgfutil@abb=\box99
)
(c:/texlive/2025/texmf-dist/tex/generic/pgf/utilities/pgfrcs.code.tex
(c:/texlive/2025/texmf-dist/tex/generic/pgf/pgf.revision.tex)
Package: pgfrcs 2025-08-29 v3.1.11a (3.1.11a)
))
Package: pgf 2025-08-29 v3.1.11a (3.1.11a)

(c:/texlive/2025/texmf-dist/tex/latex/pgf/basiclayer/pgfcore.sty
(c:/texlive/2025/texmf-dist/tex/latex/pgf/systemlayer/pgfsys.sty
(c:/texlive/2025/texmf-dist/tex/generic/pgf/systemlayer/pgfsys.code.tex
Package: pgfsys 2025-08-29 v3.1.11a (3.1.11a)

(c:/texlive/2025/texmf-dist/tex/generic/pgf/utilities/pgfkeys.code.tex
\pgfkeys@pathtoks=\toks41
\pgfkeys@temptoks=\toks42

(c:/texlive/2025/texmf-dist/tex/generic/pgf/utilities/pgfkeyslibraryfiltered.co
de.tex
\pgfkeys@tmptoks=\toks43
))
\pgf@x=\dimen343
\pgf@y=\dimen344
\pgf@xa=\dimen345
\pgf@ya=\dimen346
\pgf@xb=\dimen347
\pgf@yb=\dimen348
\pgf@xc=\dimen349
\pgf@yc=\dimen350
\pgf@xd=\dimen351
\pgf@yd=\dimen352
\w@pgf@writea=\write3
\r@pgf@reada=\read3
\c@pgf@counta=\count395
\c@pgf@countb=\count396
\c@pgf@countc=\count397
\c@pgf@countd=\count398
\t@pgf@toka=\toks44
\t@pgf@tokb=\toks45
\t@pgf@tokc=\toks46
\pgf@sys@id@count=\count399
 (c:/texlive/2025/texmf-dist/tex/generic/pgf/systemlayer/pgf.cfg
File: pgf.cfg 2025-08-29 v3.1.11a (3.1.11a)
)
Driver file for pgf: pgfsys-luatex.def

(c:/texlive/2025/texmf-dist/tex/generic/pgf/systemlayer/pgfsys-luatex.def
File: pgfsys-luatex.def 2025-08-29 v3.1.11a (3.1.11a)

(c:/texlive/2025/texmf-dist/tex/generic/pgf/systemlayer/pgfsys-common-pdf.def
File: pgfsys-common-pdf.def 2025-08-29 v3.1.11a (3.1.11a)
)))
(c:/texlive/2025/texmf-dist/tex/generic/pgf/systemlayer/pgfsyssoftpath.code.tex
File: pgfsyssoftpath.code.tex 2025-08-29 v3.1.11a (3.1.11a)
\pgfsyssoftpath@smallbuffer@items=\count400
\pgfsyssoftpath@bigbuffer@items=\count401
)
(c:/texlive/2025/texmf-dist/tex/generic/pgf/systemlayer/pgfsysprotocol.code.tex
File: pgfsysprotocol.code.tex 2025-08-29 v3.1.11a (3.1.11a)
)) (c:/texlive/2025/texmf-dist/tex/generic/pgf/basiclayer/pgfcore.code.tex
Package: pgfcore 2025-08-29 v3.1.11a (3.1.11a)

(c:/texlive/2025/texmf-dist/tex/generic/pgf/math/pgfmath.code.tex
(c:/texlive/2025/texmf-dist/tex/generic/pgf/math/pgfmathutil.code.tex)
(c:/texlive/2025/texmf-dist/tex/generic/pgf/math/pgfmathparser.code.tex
\pgfmath@dimen=\dimen353
\pgfmath@count=\count402
\pgfmath@box=\box100
\pgfmath@toks=\toks47
\pgfmath@stack@operand=\toks48
\pgfmath@stack@operation=\toks49
)
(c:/texlive/2025/texmf-dist/tex/generic/pgf/math/pgfmathfunctions.code.tex)
(c:/texlive/2025/texmf-dist/tex/generic/pgf/math/pgfmathfunctions.basic.code.te
x)
(c:/texlive/2025/texmf-dist/tex/generic/pgf/math/pgfmathfunctions.trigonometric
.code.tex)
(c:/texlive/2025/texmf-dist/tex/generic/pgf/math/pgfmathfunctions.random.code.t
ex)
(c:/texlive/2025/texmf-dist/tex/generic/pgf/math/pgfmathfunctions.comparison.co
de.tex)
(c:/texlive/2025/texmf-dist/tex/generic/pgf/math/pgfmathfunctions.base.code.tex
)
(c:/texlive/2025/texmf-dist/tex/generic/pgf/math/pgfmathfunctions.round.code.te
x)
(c:/texlive/2025/texmf-dist/tex/generic/pgf/math/pgfmathfunctions.misc.code.tex
)
(c:/texlive/2025/texmf-dist/tex/generic/pgf/math/pgfmathfunctions.integerarithm
etics.code.tex)
(c:/texlive/2025/texmf-dist/tex/generic/pgf/math/pgfmathcalc.code.tex)
(c:/texlive/2025/texmf-dist/tex/generic/pgf/math/pgfmathfloat.code.tex
\c@pgfmathroundto@lastzeros=\count403
))
(c:/texlive/2025/texmf-dist/tex/generic/pgf/math/pgfint.code.tex)
(c:/texlive/2025/texmf-dist/tex/generic/pgf/basiclayer/pgfcorepoints.code.tex
File: pgfcorepoints.code.tex 2025-08-29 v3.1.11a (3.1.11a)
\pgf@picminx=\dimen354
\pgf@picmaxx=\dimen355
\pgf@picminy=\dimen356
\pgf@picmaxy=\dimen357
\pgf@pathminx=\dimen358
\pgf@pathmaxx=\dimen359
\pgf@pathminy=\dimen360
\pgf@pathmaxy=\dimen361
\pgf@xx=\dimen362
\pgf@xy=\dimen363
\pgf@yx=\dimen364
\pgf@yy=\dimen365
\pgf@zx=\dimen366
\pgf@zy=\dimen367
)
(c:/texlive/2025/texmf-dist/tex/generic/pgf/basiclayer/pgfcorepathconstruct.cod
e.tex
File: pgfcorepathconstruct.code.tex 2025-08-29 v3.1.11a (3.1.11a)
\pgf@path@lastx=\dimen368
\pgf@path@lasty=\dimen369
)
(c:/texlive/2025/texmf-dist/tex/generic/pgf/basiclayer/pgfcorepathusage.code.te
x
File: pgfcorepathusage.code.tex 2025-08-29 v3.1.11a (3.1.11a)
\pgf@shorten@end@additional=\dimen370
\pgf@shorten@start@additional=\dimen371
)
(c:/texlive/2025/texmf-dist/tex/generic/pgf/basiclayer/pgfcorescopes.code.tex
File: pgfcorescopes.code.tex 2025-08-29 v3.1.11a (3.1.11a)
\pgfpic=\box101
\pgf@hbox=\box102
\pgf@layerbox@main=\box103
\pgf@picture@serial@count=\count404
)
(c:/texlive/2025/texmf-dist/tex/generic/pgf/basiclayer/pgfcoregraphicstate.code
.tex
File: pgfcoregraphicstate.code.tex 2025-08-29 v3.1.11a (3.1.11a)
\pgflinewidth=\dimen372
)
(c:/texlive/2025/texmf-dist/tex/generic/pgf/basiclayer/pgfcoretransformations.c
ode.tex
File: pgfcoretransformations.code.tex 2025-08-29 v3.1.11a (3.1.11a)
\pgf@pt@x=\dimen373
\pgf@pt@y=\dimen374
\pgf@pt@temp=\dimen375
)
(c:/texlive/2025/texmf-dist/tex/generic/pgf/basiclayer/pgfcorequick.code.tex
File: pgfcorequick.code.tex 2025-08-29 v3.1.11a (3.1.11a)
)
(c:/texlive/2025/texmf-dist/tex/generic/pgf/basiclayer/pgfcoreobjects.code.tex
File: pgfcoreobjects.code.tex 2025-08-29 v3.1.11a (3.1.11a)
)
(c:/texlive/2025/texmf-dist/tex/generic/pgf/basiclayer/pgfcorepathprocessing.co
de.tex
File: pgfcorepathprocessing.code.tex 2025-08-29 v3.1.11a (3.1.11a)
)
(c:/texlive/2025/texmf-dist/tex/generic/pgf/basiclayer/pgfcorearrows.code.tex
File: pgfcorearrows.code.tex 2025-08-29 v3.1.11a (3.1.11a)
\pgfarrowsep=\dimen376
)
(c:/texlive/2025/texmf-dist/tex/generic/pgf/basiclayer/pgfcoreshade.code.tex
File: pgfcoreshade.code.tex 2025-08-29 v3.1.11a (3.1.11a)
\pgf@max=\dimen377
\pgf@sys@shading@range@num=\count405
\pgf@shadingcount=\count406
)
(c:/texlive/2025/texmf-dist/tex/generic/pgf/basiclayer/pgfcoreimage.code.tex
File: pgfcoreimage.code.tex 2025-08-29 v3.1.11a (3.1.11a)
)
(c:/texlive/2025/texmf-dist/tex/generic/pgf/basiclayer/pgfcoreexternal.code.tex
File: pgfcoreexternal.code.tex 2025-08-29 v3.1.11a (3.1.11a)
\pgfexternal@startupbox=\box104
) (c:/texlive/2025/texmf-dist/tex/generic/pgf/basiclayer/pgfcorelayers.code.tex
File: pgfcorelayers.code.tex 2025-08-29 v3.1.11a (3.1.11a)
)
(c:/texlive/2025/texmf-dist/tex/generic/pgf/basiclayer/pgfcoretransparency.code
.tex
File: pgfcoretransparency.code.tex 2025-08-29 v3.1.11a (3.1.11a)
)
(c:/texlive/2025/texmf-dist/tex/generic/pgf/basiclayer/pgfcorepatterns.code.tex
File: pgfcorepatterns.code.tex 2025-08-29 v3.1.11a (3.1.11a)
) (c:/texlive/2025/texmf-dist/tex/generic/pgf/basiclayer/pgfcorerdf.code.tex
File: pgfcorerdf.code.tex 2025-08-29 v3.1.11a (3.1.11a)
))) (c:/texlive/2025/texmf-dist/tex/generic/pgf/modules/pgfmoduleshapes.code.te
x
File: pgfmoduleshapes.code.tex 2025-08-29 v3.1.11a (3.1.11a)
\pgfnodeparttextbox=\box105
)
(c:/texlive/2025/texmf-dist/tex/generic/pgf/modules/pgfmoduleplot.code.tex
File: pgfmoduleplot.code.tex 2025-08-29 v3.1.11a (3.1.11a)
)
(c:/texlive/2025/texmf-dist/tex/latex/pgf/compatibility/pgfcomp-version-0-65.st
y
Package: pgfcomp-version-0-65 2025-08-29 v3.1.11a (3.1.11a)
\pgf@nodesepstart=\dimen378
\pgf@nodesepend=\dimen379
)
(c:/texlive/2025/texmf-dist/tex/latex/pgf/compatibility/pgfcomp-version-1-18.st
y
Package: pgfcomp-version-1-18 2025-08-29 v3.1.11a (3.1.11a)
)) (c:/texlive/2025/texmf-dist/tex/latex/pgf/utilities/pgffor.sty
(c:/texlive/2025/texmf-dist/tex/latex/pgf/utilities/pgfkeys.sty
(c:/texlive/2025/texmf-dist/tex/generic/pgf/utilities/pgfkeys.code.tex))
(c:/texlive/2025/texmf-dist/tex/latex/pgf/math/pgfmath.sty
(c:/texlive/2025/texmf-dist/tex/generic/pgf/math/pgfmath.code.tex))
(c:/texlive/2025/texmf-dist/tex/generic/pgf/utilities/pgffor.code.tex
Package: pgffor 2025-08-29 v3.1.11a (3.1.11a)
\pgffor@iter=\dimen380
\pgffor@skip=\dimen381
\pgffor@stack=\toks50
\pgffor@toks=\toks51
))
(c:/texlive/2025/texmf-dist/tex/generic/pgf/frontendlayer/tikz/tikz.code.tex
Package: tikz 2025-08-29 v3.1.11a (3.1.11a)

(c:/texlive/2025/texmf-dist/tex/generic/pgf/libraries/pgflibraryplothandlers.co
de.tex
File: pgflibraryplothandlers.code.tex 2025-08-29 v3.1.11a (3.1.11a)
\pgf@plot@mark@count=\count407
\pgfplotmarksize=\dimen382
)
\tikz@lastx=\dimen383
\tikz@lasty=\dimen384
\tikz@lastxsaved=\dimen385
\tikz@lastysaved=\dimen386
\tikz@lastmovetox=\dimen387
\tikz@lastmovetoy=\dimen388
\tikzleveldistance=\dimen389
\tikzsiblingdistance=\dimen390
\tikz@figbox=\box106
\tikz@figbox@bg=\box107
\tikz@tempbox=\box108
\tikz@tempbox@bg=\box109
\tikztreelevel=\count408
\tikznumberofchildren=\count409
\tikznumberofcurrentchild=\count410
\tikz@fig@count=\count411

(c:/texlive/2025/texmf-dist/tex/generic/pgf/modules/pgfmodulematrix.code.tex
File: pgfmodulematrix.code.tex 2025-08-29 v3.1.11a (3.1.11a)
\pgfmatrixcurrentrow=\count412
\pgfmatrixcurrentcolumn=\count413
\pgf@matrix@numberofcolumns=\count414
)
\tikz@expandcount=\count415

(c:/texlive/2025/texmf-dist/tex/generic/pgf/frontendlayer/tikz/libraries/tikzli
brarytopaths.code.tex
File: tikzlibrarytopaths.code.tex 2025-08-29 v3.1.11a (3.1.11a)
)))
(c:/texlive/2025/texmf-dist/tex/latex/makecell/makecell.sty
Package: makecell 2009/08/03 V0.1e Managing of Tab Column Heads and Cells
\rotheadsize=\dimen391
\c@nlinenum=\count416
\TeXr@lab=\toks52
)
(c:/texlive/2025/texmf-dist/tex/latex/footmisc/footmisc.sty
Package: footmisc 2025/05/09 v7.0b a miscellany of footnote facilities
\FN@temptoken=\toks53
\footnotemargin=\dimen392

(c:/texlive/2025/texmf-dist/tex/latex/bigfoot/perpage.sty
Package: perpage 2014/10/25 2.0 Reset/sort counters per page
\c@abspage=\count417
)
\c@pp@a@footnote=\count418
Package footmisc Info: Declaring symbol style bringhurst on input line 549.
Package footmisc Info: Declaring symbol style chicago on input line 557.
Package footmisc Info: Declaring symbol style wiley on input line 566.
Package footmisc Info: Declaring symbol style lamport-robust on input line 577.

Package footmisc Info: Declaring symbol style lamport* on input line 597.
Package footmisc Info: Declaring symbol style lamport*-robust on input line 618
.
)
(c:/texlive/2025/texmf-dist/tex/latex/tools/hhline.sty
Package: hhline 2020/01/04 v2.04 Table rule package (DPC)
)
(c:/texlive/2025/texmf-dist/tex/generic/ulem/ulem.sty
\UL@box=\box110
\UL@hyphenbox=\box111
\UL@skip=\skip124
\UL@hook=\toks54
\UL@height=\dimen393
\UL@pe=\count419
\UL@pixel=\dimen394
\ULC@box=\box112
Package: ulem 2019/11/18
\ULdepth=\dimen395
)
(c:/texlive/2025/texmf-dist/tex/latex/placeins/placeins.sty
Package: placeins 2005/04/18  v 2.2
)
(c:/texlive/2025/texmf-dist/tex/latex/caption/subcaption.sty
Package: subcaption 2023/07/28 v1.6b Sub-captions (AR)
Package caption Info: New subtype `subfigure' on input line 238.
\c@subfigure=\count420
Package caption Info: New subtype `subtable' on input line 238.
\c@subtable=\count421
)) (./general.aux
Package babel Info: 'russian' activates 'russian' shorthands.
(babel)             Reported on input line 9.


LaTeX Warning: Label `pict_dz:on' multiply defined.


LaTeX Warning: Label `sec:sec2' multiply defined.


LaTeX Warning: Label `sec:bki' multiply defined.

)
\openout1 = general.aux

LaTeX Font Info:    Checking defaults for OML/cmm/m/it on input line 35.
LaTeX Font Info:    ... okay on input line 35.
LaTeX Font Info:    Checking defaults for OMS/cmsy/m/n on input line 35.
LaTeX Font Info:    ... okay on input line 35.
LaTeX Font Info:    Checking defaults for OT1/cmr/m/n on input line 35.
LaTeX Font Info:    ... okay on input line 35.
LaTeX Font Info:    Checking defaults for T1/cmr/m/n on input line 35.
LaTeX Font Info:    ... okay on input line 35.
LaTeX Font Info:    Checking defaults for TS1/cmr/m/n on input line 35.
LaTeX Font Info:    ... okay on input line 35.
LaTeX Font Info:    Checking defaults for TU/lmr/m/n on input line 35.
LaTeX Font Info:    ... okay on input line 35.
LaTeX Font Info:    Checking defaults for OMX/cmex/m/n on input line 35.
LaTeX Font Info:    ... okay on input line 35.
LaTeX Font Info:    Checking defaults for U/cmr/m/n on input line 35.
LaTeX Font Info:    ... okay on input line 35.
LaTeX Font Info:    Checking defaults for PD1/pdf/m/n on input line 35.
LaTeX Font Info:    ... okay on input line 35.
LaTeX Font Info:    Checking defaults for PU/pdf/m/n on input line 35.
LaTeX Font Info:    ... okay on input line 35.
LaTeX Info: Redefining \th on input line 35.
 (c:/texlive/2025/texmf-dist/tex/context/base/mkii/supp-pdf.mkii
[Loading MPS to PDF converter (version 2006.09.02).]
\scratchcounter=\count422
\scratchdimen=\dimen396
\scratchbox=\box113
\nofMPsegments=\count423
\nofMParguments=\count424
\everyMPshowfont=\toks55
\MPscratchCnt=\count425
\MPscratchDim=\dimen397
\MPnumerator=\count426
\makeMPintoPDFobject=\count427
\everyMPtoPDFconversion=\toks56
) (c:/texlive/2025/texmf-dist/tex/latex/epstopdf-pkg/epstopdf-base.sty
Package: epstopdf-base 2020-01-24 v2.11 Base part for package epstopdf
Package epstopdf-base Info: Redefining graphics rule for `.eps' on input line 4
85.

(c:/texlive/2025/texmf-dist/tex/latex/latexconfig/epstopdf-sys.cfg
File: epstopdf-sys.cfg 2010/07/13 v1.3 Configuration of (r)epstopdf for TeX Liv
e
))
LaTeX Font Info:    Overwriting math alphabet `\mathrm' in version `normal'
(Font)                  TU/StixTwoMath(1)/m/n --> TU/ArialNarrow(0)/m/n on inpu
t line 35.
LaTeX Font Info:    Overwriting math alphabet `\mathit' in version `normal'
(Font)                  OT1/cmr/m/it --> TU/ArialNarrow(0)/m/it on input line 3
5.
LaTeX Font Info:    Overwriting math alphabet `\mathbf' in version `normal'
(Font)                  OT1/cmr/bx/n --> TU/ArialNarrow(0)/b/n on input line 35
.
LaTeX Font Info:    Overwriting math alphabet `\mathtt' in version `normal'
(Font)                  OT1/cmtt/m/n --> TU/lmtt/m/n on input line 35.
LaTeX Font Info:    Overwriting math alphabet `\mathtt' in version `bold'
(Font)                  OT1/cmtt/m/n --> TU/lmtt/b/n on input line 35.

*geometry* driver: auto-detecting
*geometry* detected driver: luatex
*geometry* verbose mode - [ preamble ] result:
* driver: luatex
* paper: a4paper
* layout: <same size as paper>
* layoutoffset:(h,v)=(0.0pt,0.0pt)
* modes: includehead includefoot 
* h-part:(L,W,R)=(62.59605pt, 506.45908pt, 28.45274pt)
* v-part:(T,H,B)=(17.07164pt, 810.90356pt, 17.07164pt)
* \paperwidth=597.50787pt
* \paperheight=845.04684pt
* \textwidth=506.45908pt
* \textheight=767.95084pt
* \oddsidemargin=-9.67393pt
* \evensidemargin=-9.67393pt
* \topmargin=-55.19835pt
* \headheight=14.5pt
* \headsep=8.53581pt
* \topskip=22.0pt
* \footskip=19.91692pt
* \marginparwidth=0.0pt
* \marginparsep=0.0pt
* \columnsep=10.0pt
* \skip\footins=10.8pt plus 4.0pt minus 2.0pt
* \hoffset=0.0pt
* \voffset=0.0pt
* \mag=1000
* \@twocolumnfalse
* \@twosidefalse
* \@mparswitchfalse
* \@reversemarginfalse
* (1in=72.27pt=25.4mm, 1cm=28.453pt)

Package hyperref Info: Link coloring OFF on input line 35.
(./general.out) (./general.out)
\@outlinefile=\write4

\openout4 = general.out
Package caption Info: Begin \AtBeginDocument code.
Package caption Info: float package is loaded.
Package caption Info: End \AtBeginDocument code.
LaTeX Info: Redefining \microtypecontext on input line 35.
Package microtype Info: Applying patch `item' on input line 35.
Package microtype Info: Applying patch `toc' on input line 35.
Package microtype Info: Applying patch `eqnum' on input line 35.
Package microtype Info: Applying patch `footnote' on input line 35.
Package microtype Info: Applying patch `verbatim' on input line 35.
LaTeX Info: Redefining \microtypesetup on input line 35.
Package microtype Info: Generating PDF output.
Package microtype Info: Character protrusion enabled (level 2).
Package microtype Info: Using default protrusion set `alltext'.
Package microtype Info: Automatic font expansion enabled (level 2),
(microtype)             stretch: 20, shrink: 20, step: 1, non-selected.
Package microtype Info: Using default expansion set `alltext-nott'.
Package microtype Info: Patching command `\showhyphens'.
Package microtype Info: No adjustment of tracking.
Package microtype Info: No adjustment of spacing.
Package microtype Info: No adjustment of kerning.
Package microtype Info: Loading generic protrusion settings for font family
(microtype)             `ArialNarrow' (encoding: TU).
(microtype)             For optimal results, create family-specific settings.
(microtype)             See the microtype manual for details.
 (./title0.tex)
Package microtype Info: Loading generic protrusion settings for font family
(microtype)             `StixTwoMath' (encoding: TU).
(microtype)             For optimal results, create family-specific settings.
(microtype)             See the microtype manual for details.
<./images/uni.pdf, id=63, 845.04709pt x 321.52422pt>
File: ./images/uni.pdf Graphic file (type pdf)
<use ./images/uni.pdf>
Package luatex.def Info: ./images/uni.pdf  used on input line 46.
(luatex.def)             Requested size: 211.26125pt x 80.38084pt.


Package fancyhdr Warning: \headheight is too small (14.5pt): 
(fancyhdr)                Make it at least 84.73088pt, for example:
(fancyhdr)                \setlength{\headheight}{84.73088pt}.
(fancyhdr)                You might also make \topmargin smaller:
(fancyhdr)                \addtolength{\topmargin}{-70.23088pt}.

<./images/2.pdf, id=65, 48.35385pt x 57.13847pt>
File: ./images/2.pdf Graphic file (type pdf)
<use ./images/2.pdf>
Package luatex.def Info: ./images/2.pdf  used on input line 46.
(luatex.def)             Requested size: 388.37646pt x 459.02814pt.
[1{c:/texlive/2025/texmf-var/fonts/map/pdftex/updmap/pdftex.map}

<./images/2.pdf><./images/uni.pdf>] (./title1.tex
Overfull \hbox (1.05524pt too wide) in paragraph at lines 38--39
[]\TU/ArialNarrow(1)/m/n/12 СТО 34.01-6.2-002-2024 «Контроллеры 
при-со-еди-не-ния, пре-об-ра-зо-ва-те-ли дис-к
рет-ных сиг-на-лов. Типовые
 []

) [2

] (./section_format.tex) (./toc.tex (./general.toc [3


])
\tf@toc=\write5

\openout5 = general.toc
) [4]
(./toa_general.tex
Overfull \hbox (169.7279pt too wide) in alignment at lines 6--7
 [][][] 
 []


Overfull \hbox (169.7279pt too wide) in alignment at lines 7--7
 [][][] 
 []


Overfull \hbox (169.7279pt too wide) in alignment at lines 7--7
 [][][] 
 []


Overfull \hbox (169.7279pt too wide) in alignment at lines 7--7
 [][][] 
 []


Overfull \hbox (169.7279pt too wide) in alignment at lines 7--124
 [][][] 
 []

ignored error Infinite glue shrinkage found in box being split [5

]
ignored error Infinite glue shrinkage found in box being split [6]) [7]
(./section2.tex

LaTeX Warning: Reference `appA:tbl1' on page 8 undefined on input line 33.


LaTeX Warning: Reference `app:signals' on page 8 undefined on input line 33.

)
("//uni-eng.ru/unit/Ivanovo/Документация ЮНИТ М300/Разра
ботка/Схемы ФБ ЮНИТ-М300/Проект/БД500/desc/03.01 ЛВ 
уст//561.0021 ДЗ/dz.tex" [8]
LaTeX Font Info:    Font shape `TU/ArialNarrow(1)/m/sl' in size <12> not availa
ble
(Font)              Font shape `TU/ArialNarrow(1)/m/it' tried instead on input 
line 56.
 [9]
<//uni-eng.ru/unit/Ivanovo/Документация ЮНИТ М300/Разра
ботка/Схемы ФБ ЮНИТ-М300/Проект/БД500/desc/03.01 ЛВ 
уст//561.0021 ДЗ/img/_char1.pdf, id=221, 240.8272pt x 293.56897pt>
File: //uni-eng.ru/unit/Ivanovo/Документация ЮНИТ М300/Раз
работка/Схемы ФБ ЮНИТ-М300/Проект/БД500/desc/03.01 
ЛВ уст//561.0021 ДЗ/img/_char1.pdf Graphic file (type pdf)
<use //uni-eng.ru/unit/Ivanovo/Документация ЮНИТ М300/Раз
работка/Схемы ФБ ЮНИТ-М300/Проект/БД500/desc/03.01 
ЛВ уст//561.0021 ДЗ/img/_char1.pdf>
Package luatex.def Info: //uni-eng.ru/unit/Ivanovo/Документация Ю
НИТ М300/Разработка/Схемы ФБ ЮНИТ-М300/Проект/
БД500/desc/03.01 ЛВ уст//561.0021 ДЗ/img/_char1.pdf  used on input lin
e 110.
(luatex.def)             Requested size: 202.59111pt x 246.95908pt.
Inserting `luaotfload.letterspace' in `pre_linebreak_filter'.
Inserting `luaotfload.letterspace' in `hpack_filter'.
LaTeX Font Info:    Font shape `TU/ArialNarrow(1)/m/sl' in size <10.95> not ava
ilable
(Font)              Font shape `TU/ArialNarrow(1)/m/it' tried instead on input 
line 141.

ignored error Infinite glue shrinkage found in box being split [10<//uni-eng.ru/
unit/Ivanovo/Документация ЮНИТ М300/Разработка/Сх
емы ФБ ЮНИТ-М300/Проект/БД500/desc/03.01 ЛВ уст//561.0021
 ДЗ/img/_char1.pdf>]
<//uni-eng.ru/unit/Ivanovo/Документация ЮНИТ М300/Разра
ботка/Схемы ФБ ЮНИТ-М300/Проект/БД500/desc/03.01 ЛВ 
уст//561.0021 ДЗ/img/_on.pdf, id=290, 365.25456pt x 186.1779pt>
File: //uni-eng.ru/unit/Ivanovo/Документация ЮНИТ М300/Раз
работка/Схемы ФБ ЮНИТ-М300/Проект/БД500/desc/03.01 
ЛВ уст//561.0021 ДЗ/img/_on.pdf Graphic file (type pdf)
<use //uni-eng.ru/unit/Ivanovo/Документация ЮНИТ М300/Раз
работка/Схемы ФБ ЮНИТ-М300/Проект/БД500/desc/03.01 
ЛВ уст//561.0021 ДЗ/img/_on.pdf>
Package luatex.def Info: //uni-eng.ru/unit/Ivanovo/Документация Ю
НИТ М300/Разработка/Схемы ФБ ЮНИТ-М300/Проект/
БД500/desc/03.01 ЛВ уст//561.0021 ДЗ/img/_on.pdf  used on input line 1
61.
(luatex.def)             Requested size: 303.88016pt x 154.89407pt.
<//uni-eng.ru/unit/Ivanovo/Документация ЮНИТ М300/Разра
ботка/Схемы ФБ ЮНИТ-М300/Проект/БД500/desc/03.01 ЛВ 
уст//561.0021 ДЗ/img/on.pdf, id=292, 350.03183pt x 310.12682pt>
File: //uni-eng.ru/unit/Ivanovo/Документация ЮНИТ М300/Раз
работка/Схемы ФБ ЮНИТ-М300/Проект/БД500/desc/03.01 
ЛВ уст//561.0021 ДЗ/img/on.pdf Graphic file (type pdf)
<use //uni-eng.ru/unit/Ivanovo/Документация ЮНИТ М300/Раз
работка/Схемы ФБ ЮНИТ-М300/Проект/БД500/desc/03.01 
ЛВ уст//561.0021 ДЗ/img/on.pdf>
Package luatex.def Info: //uni-eng.ru/unit/Ivanovo/Документация Ю
НИТ М300/Разработка/Схемы ФБ ЮНИТ-М300/Проект/
БД500/desc/03.01 ЛВ уст//561.0021 ДЗ/img/on.pdf  used on input line 18
1.
(luatex.def)             Requested size: 354.5495pt x 314.12943pt.
 [11<//uni-eng.ru/unit/Ivanovo/Документация ЮНИТ М300/Раз
работка/Схемы ФБ ЮНИТ-М300/Проект/БД500/desc/03.01 
ЛВ уст//561.0021 ДЗ/img/_on.pdf>]
<//uni-eng.ru/unit/Ivanovo/Документация ЮНИТ М300/Разра
ботка/Схемы ФБ ЮНИТ-М300/Проект/БД500/desc/03.01 ЛВ 
уст//561.0021 ДЗ/img/_r.pdf, id=364, 292.50468pt x 159.07927pt>
File: //uni-eng.ru/unit/Ivanovo/Документация ЮНИТ М300/Раз
работка/Схемы ФБ ЮНИТ-М300/Проект/БД500/desc/03.01 
ЛВ уст//561.0021 ДЗ/img/_r.pdf Graphic file (type pdf)
<use //uni-eng.ru/unit/Ivanovo/Документация ЮНИТ М300/Раз
работка/Схемы ФБ ЮНИТ-М300/Проект/БД500/desc/03.01 
ЛВ уст//561.0021 ДЗ/img/_r.pdf>
Package luatex.def Info: //uni-eng.ru/unit/Ivanovo/Документация Ю
НИТ М300/Разработка/Схемы ФБ ЮНИТ-М300/Проект/
БД500/desc/03.01 ЛВ уст//561.0021 ДЗ/img/_r.pdf  used on input line 20
0.
(luatex.def)             Requested size: 253.23177pt x 137.7206pt.
<//uni-eng.ru/unit/Ivanovo/Документация ЮНИТ М300/Разра
ботка/Схемы ФБ ЮНИТ-М300/Проект/БД500/desc/03.01 ЛВ 
уст//561.0021 ДЗ/img/vyrez.pdf, id=367, 348.90273pt x 187.80736pt>
File: //uni-eng.ru/unit/Ivanovo/Документация ЮНИТ М300/Раз
работка/Схемы ФБ ЮНИТ-М300/Проект/БД500/desc/03.01 
ЛВ уст//561.0021 ДЗ/img/vyrez.pdf Graphic file (type pdf)
<use //uni-eng.ru/unit/Ivanovo/Документация ЮНИТ М300/Раз
работка/Схемы ФБ ЮНИТ-М300/Проект/БД500/desc/03.01 
ЛВ уст//561.0021 ДЗ/img/vyrez.pdf>
Package luatex.def Info: //uni-eng.ru/unit/Ivanovo/Документация Ю
НИТ М300/Разработка/Схемы ФБ ЮНИТ-М300/Проект/
БД500/desc/03.01 ЛВ уст//561.0021 ДЗ/img/vyrez.pdf  used on input line
 209.
(luatex.def)             Requested size: 354.54509pt x 190.84453pt.
 [12<//uni-eng.ru/unit/Ivanovo/Документация ЮНИТ М300/Раз
работка/Схемы ФБ ЮНИТ-М300/Проект/БД500/desc/03.01 
ЛВ уст//561.0021 ДЗ/img/on.pdf><//uni-eng.ru/unit/Ivanovo/Докуме
нтация ЮНИТ М300/Разработка/Схемы ФБ ЮНИТ-М300/
Проект/БД500/desc/03.01 ЛВ уст//561.0021 ДЗ/img/_r.pdf>]
<//uni-eng.ru/unit/Ivanovo/Документация ЮНИТ М300/Разра
ботка/Схемы ФБ ЮНИТ-М300/Проект/БД500/desc/03.01 ЛВ 
уст//561.0021 ДЗ/img/_rs.pdf, id=437, 388.83556pt x 279.01595pt>
File: //uni-eng.ru/unit/Ivanovo/Документация ЮНИТ М300/Раз
работка/Схемы ФБ ЮНИТ-М300/Проект/БД500/desc/03.01 
ЛВ уст//561.0021 ДЗ/img/_rs.pdf Graphic file (type pdf)
<use //uni-eng.ru/unit/Ivanovo/Документация ЮНИТ М300/Раз
работка/Схемы ФБ ЮНИТ-М300/Проект/БД500/desc/03.01 
ЛВ уст//561.0021 ДЗ/img/_rs.pdf>
Package luatex.def Info: //uni-eng.ru/unit/Ivanovo/Документация Ю
НИТ М300/Разработка/Схемы ФБ ЮНИТ-М300/Проект/
БД500/desc/03.01 ЛВ уст//561.0021 ДЗ/img/_rs.pdf  used on input line 2
19.
(luatex.def)             Requested size: 379.86368pt x 272.578pt.
<//uni-eng.ru/unit/Ivanovo/Документация ЮНИТ М300/Разра
ботка/Схемы ФБ ЮНИТ-М300/Проект/БД500/desc/03.01 ЛВ 
уст//561.0021 ДЗ/img/_nachalo.pdf, id=439, 202.19449pt x 210.26566pt>
File: //uni-eng.ru/unit/Ivanovo/Документация ЮНИТ М300/Раз
работка/Схемы ФБ ЮНИТ-М300/Проект/БД500/desc/03.01 
ЛВ уст//561.0021 ДЗ/img/_nachalo.pdf Graphic file (type pdf)
<use //uni-eng.ru/unit/Ivanovo/Документация ЮНИТ М300/Раз
работка/Схемы ФБ ЮНИТ-М300/Проект/БД500/desc/03.01 
ЛВ уст//561.0021 ДЗ/img/_nachalo.pdf>
Package luatex.def Info: //uni-eng.ru/unit/Ivanovo/Документация Ю
НИТ М300/Разработка/Схемы ФБ ЮНИТ-М300/Проект/
БД500/desc/03.01 ЛВ уст//561.0021 ДЗ/img/_nachalo.pdf  used on input l
ine 228.
(luatex.def)             Requested size: 177.26836pt x 184.34453pt.
 [13<//uni-eng.ru/unit/Ivanovo/Документация ЮНИТ М300/Раз
работка/Схемы ФБ ЮНИТ-М300/Проект/БД500/desc/03.01 
ЛВ уст//561.0021 ДЗ/img/vyrez.pdf><//uni-eng.ru/unit/Ivanovo/Докум
ентация ЮНИТ М300/Разработка/Схемы ФБ ЮНИТ-М30
0/Проект/БД500/desc/03.01 ЛВ уст//561.0021 ДЗ/img/_rs.pdf>]
<//uni-eng.ru/unit/Ivanovo/Документация ЮНИТ М300/Разра
ботка/Схемы ФБ ЮНИТ-М300/Проект/БД500/desc/03.01 ЛВ 
уст//561.0021 ДЗ/img/_torm.pdf, id=533, 375.79077pt x 189.18886pt>
File: //uni-eng.ru/unit/Ivanovo/Документация ЮНИТ М300/Раз
работка/Схемы ФБ ЮНИТ-М300/Проект/БД500/desc/03.01 
ЛВ уст//561.0021 ДЗ/img/_torm.pdf Graphic file (type pdf)
<use //uni-eng.ru/unit/Ivanovo/Документация ЮНИТ М300/Раз
работка/Схемы ФБ ЮНИТ-М300/Проект/БД500/desc/03.01 
ЛВ уст//561.0021 ДЗ/img/_torm.pdf>
Package luatex.def Info: //uni-eng.ru/unit/Ivanovo/Документация Ю
НИТ М300/Разработка/Схемы ФБ ЮНИТ-М300/Проект/
БД500/desc/03.01 ЛВ уст//561.0021 ДЗ/img/_torm.pdf  used on input line
 239.
(luatex.def)             Requested size: 329.2003pt x 165.73325pt.
 [14<//uni-eng.ru/unit/Ivanovo/Документация ЮНИТ М300/Раз
работка/Схемы ФБ ЮНИТ-М300/Проект/БД500/desc/03.01 
ЛВ уст//561.0021 ДЗ/img/_nachalo.pdf><//uni-eng.ru/unit/Ivanovo/Док
ументация ЮНИТ М300/Разработка/Схемы ФБ ЮНИ
Т-М300/Проект/БД500/desc/03.01 ЛВ уст//561.0021 ДЗ/img/_torm.pd
f>]
<//uni-eng.ru/unit/Ivanovo/Документация ЮНИТ М300/Разра
ботка/Схемы ФБ ЮНИТ-М300/Проект/БД500/desc/03.01 ЛВ 
уст//561.0021 ДЗ/img/DZ_FF_1.pdf, id=654, 595.04965pt x 426.76144pt>
File: //uni-eng.ru/unit/Ivanovo/Документация ЮНИТ М300/Раз
работка/Схемы ФБ ЮНИТ-М300/Проект/БД500/desc/03.01 
ЛВ уст//561.0021 ДЗ/img/DZ_FF_1.pdf Graphic file (type pdf)
<use //uni-eng.ru/unit/Ivanovo/Документация ЮНИТ М300/Раз
работка/Схемы ФБ ЮНИТ-М300/Проект/БД500/desc/03.01 
ЛВ уст//561.0021 ДЗ/img/DZ_FF_1.pdf>
Package luatex.def Info: //uni-eng.ru/unit/Ivanovo/Документация Ю
НИТ М300/Разработка/Схемы ФБ ЮНИТ-М300/Проект/
БД500/desc/03.01 ЛВ уст//561.0021 ДЗ/img/DZ_FF_1.pdf  used on input li
ne 276.
(luatex.def)             Requested size: 506.46648pt x 363.2308pt.
 [15<//uni-eng.ru/unit/Ivanovo/Документация ЮНИТ М300/Раз
работка/Схемы ФБ ЮНИТ-М300/Проект/БД500/desc/03.01 
ЛВ уст//561.0021 ДЗ/img/DZ_FF_1.pdf>]
<//uni-eng.ru/unit/Ivanovo/Документация ЮНИТ М300/Разра
ботка/Схемы ФБ ЮНИТ-М300/Проект/БД500/desc/03.01 ЛВ 
уст//561.0021 ДЗ/img/DZ_FF_2.pdf, id=681, 589.70691pt x 384.68633pt>
File: //uni-eng.ru/unit/Ivanovo/Документация ЮНИТ М300/Раз
работка/Схемы ФБ ЮНИТ-М300/Проект/БД500/desc/03.01 
ЛВ уст//561.0021 ДЗ/img/DZ_FF_2.pdf Graphic file (type pdf)
<use //uni-eng.ru/unit/Ivanovo/Документация ЮНИТ М300/Раз
работка/Схемы ФБ ЮНИТ-М300/Проект/БД500/desc/03.01 
ЛВ уст//561.0021 ДЗ/img/DZ_FF_2.pdf>
Package luatex.def Info: //uni-eng.ru/unit/Ivanovo/Документация Ю
НИТ М300/Разработка/Схемы ФБ ЮНИТ-М300/Проект/
БД500/desc/03.01 ЛВ уст//561.0021 ДЗ/img/DZ_FF_2.pdf  used on input li
ne 304.
(luatex.def)             Requested size: 506.47218pt x 330.38942pt.
<//uni-eng.ru/unit/Ivanovo/Документация ЮНИТ М300/Разра
ботка/Схемы ФБ ЮНИТ-М300/Проект/БД500/desc/03.01 ЛВ 
уст//561.0021 ДЗ/img/DZ_FF_3.pdf, id=684, 579.68927pt x 347.28632pt>
File: //uni-eng.ru/unit/Ivanovo/Документация ЮНИТ М300/Раз
работка/Схемы ФБ ЮНИТ-М300/Проект/БД500/desc/03.01 
ЛВ уст//561.0021 ДЗ/img/DZ_FF_3.pdf Graphic file (type pdf)
<use //uni-eng.ru/unit/Ivanovo/Документация ЮНИТ М300/Раз
работка/Схемы ФБ ЮНИТ-М300/Проект/БД500/desc/03.01 
ЛВ уст//561.0021 ДЗ/img/DZ_FF_3.pdf>
Package luatex.def Info: //uni-eng.ru/unit/Ivanovo/Документация Ю
НИТ М300/Разработка/Схемы ФБ ЮНИТ-М300/Проект/
БД500/desc/03.01 ЛВ уст//561.0021 ДЗ/img/DZ_FF_3.pdf  used on input li
ne 330.
(luatex.def)             Requested size: 506.45732pt x 303.41374pt.
 [16<//uni-eng.ru/unit/Ivanovo/Документация ЮНИТ М300/Раз
работка/Схемы ФБ ЮНИТ-М300/Проект/БД500/desc/03.01 
ЛВ уст//561.0021 ДЗ/img/DZ_FF_2.pdf>]
<//uni-eng.ru/unit/Ivanovo/Документация ЮНИТ М300/Разра
ботка/Схемы ФБ ЮНИТ-М300/Проект/БД500/desc/03.01 ЛВ 
уст//561.0021 ДЗ/img/DZ_FZ_1.pdf, id=710, 590.37471pt x 432.77217pt>
File: //uni-eng.ru/unit/Ivanovo/Документация ЮНИТ М300/Раз
работка/Схемы ФБ ЮНИТ-М300/Проект/БД500/desc/03.01 
ЛВ уст//561.0021 ДЗ/img/DZ_FZ_1.pdf Graphic file (type pdf)
<use //uni-eng.ru/unit/Ivanovo/Документация ЮНИТ М300/Раз
работка/Схемы ФБ ЮНИТ-М300/Проект/БД500/desc/03.01 
ЛВ уст//561.0021 ДЗ/img/DZ_FZ_1.pdf>
Package luatex.def Info: //uni-eng.ru/unit/Ivanovo/Документация Ю
НИТ М300/Разработка/Схемы ФБ ЮНИТ-М300/Проект/
БД500/desc/03.01 ЛВ уст//561.0021 ДЗ/img/DZ_FZ_1.pdf  used on input li
ne 361.
(luatex.def)             Requested size: 506.47821pt x 371.27211pt.
 [17<//uni-eng.ru/unit/Ivanovo/Документация ЮНИТ М300/Раз
работка/Схемы ФБ ЮНИТ-М300/Проект/БД500/desc/03.01 
ЛВ уст//561.0021 ДЗ/img/DZ_FF_3.pdf>]
<//uni-eng.ru/unit/Ivanovo/Документация ЮНИТ М300/Разра
ботка/Схемы ФБ ЮНИТ-М300/Проект/БД500/desc/03.01 ЛВ 
уст//561.0021 ДЗ/img/DZ_FZ_2.pdf, id=734, 589.70692pt x 347.95418pt>
File: //uni-eng.ru/unit/Ivanovo/Документация ЮНИТ М300/Раз
работка/Схемы ФБ ЮНИТ-М300/Проект/БД500/desc/03.01 
ЛВ уст//561.0021 ДЗ/img/DZ_FZ_2.pdf Graphic file (type pdf)
<use //uni-eng.ru/unit/Ivanovo/Документация ЮНИТ М300/Раз
работка/Схемы ФБ ЮНИТ-М300/Проект/БД500/desc/03.01 
ЛВ уст//561.0021 ДЗ/img/DZ_FZ_2.pdf>
Package luatex.def Info: //uni-eng.ru/unit/Ivanovo/Документация Ю
НИТ М300/Разработка/Схемы ФБ ЮНИТ-М300/Проект/
БД500/desc/03.01 ЛВ уст//561.0021 ДЗ/img/DZ_FZ_2.pdf  used on input li
ne 385.
(luatex.def)             Requested size: 506.4722pt x 298.84186pt.
 [18<//uni-eng.ru/unit/Ivanovo/Документация ЮНИТ М300/Раз
работка/Схемы ФБ ЮНИТ-М300/Проект/БД500/desc/03.01 
ЛВ уст//561.0021 ДЗ/img/DZ_FZ_1.pdf>] [19<//uni-eng.ru/unit/Ivanovo/Д
окументация ЮНИТ М300/Разработка/Схемы ФБ Ю
НИТ-М300/Проект/БД500/desc/03.01 ЛВ уст//561.0021 ДЗ/img/DZ_F
Z_2.pdf>]
<//uni-eng.ru/unit/Ivanovo/Документация ЮНИТ М300/Разра
ботка/Схемы ФБ ЮНИТ-М300/Проект/БД500/desc/03.01 ЛВ 
уст//561.0021 ДЗ/img/AU_DZ.pdf, id=788, 581.70444pt x 275.83055pt>
File: //uni-eng.ru/unit/Ivanovo/Документация ЮНИТ М300/Раз
работка/Схемы ФБ ЮНИТ-М300/Проект/БД500/desc/03.01 
ЛВ уст//561.0021 ДЗ/img/AU_DZ.pdf Graphic file (type pdf)
<use //uni-eng.ru/unit/Ivanovo/Документация ЮНИТ М300/Раз
работка/Схемы ФБ ЮНИТ-М300/Проект/БД500/desc/03.01 
ЛВ уст//561.0021 ДЗ/img/AU_DZ.pdf>
Package luatex.def Info: //uni-eng.ru/unit/Ivanovo/Документация Ю
НИТ М300/Разработка/Схемы ФБ ЮНИТ-М300/Проект/
БД500/desc/03.01 ЛВ уст//561.0021 ДЗ/img/AU_DZ.pdf  used on input line
 455.
(luatex.def)             Requested size: 506.46933pt x 240.15582pt.
<//uni-eng.ru/unit/Ivanovo/Документация ЮНИТ М300/Разра
ботка/Схемы ФБ ЮНИТ-М300/Проект/БД500/desc/03.01 ЛВ 
уст//561.0021 ДЗ/img/OU_DZ.pdf, id=791, 631.03719pt x 1023.50851pt>
File: //uni-eng.ru/unit/Ivanovo/Документация ЮНИТ М300/Раз
работка/Схемы ФБ ЮНИТ-М300/Проект/БД500/desc/03.01 
ЛВ уст//561.0021 ДЗ/img/OU_DZ.pdf Graphic file (type pdf)
<use //uni-eng.ru/unit/Ivanovo/Документация ЮНИТ М300/Раз
работка/Схемы ФБ ЮНИТ-М300/Проект/БД500/desc/03.01 
ЛВ уст//561.0021 ДЗ/img/OU_DZ.pdf>
Package luatex.def Info: //uni-eng.ru/unit/Ivanovo/Документация Ю
НИТ М300/Разработка/Схемы ФБ ЮНИТ-М300/Проект/
БД500/desc/03.01 ЛВ уст//561.0021 ДЗ/img/OU_DZ.pdf  used on input line
 489.
(luatex.def)             Requested size: 449.8016pt x 729.55414pt.
 [20<//uni-eng.ru/unit/Ivanovo/Документация ЮНИТ М300/Раз
работка/Схемы ФБ ЮНИТ-М300/Проект/БД500/desc/03.01 
ЛВ уст//561.0021 ДЗ/img/AU_DZ.pdf>]
[21<//uni-eng.ru/unit/Ivanovo/Документация ЮНИТ М300/Разр
аботка/Схемы ФБ ЮНИТ-М300/Проект/БД500/desc/03.01 Л
В уст//561.0021 ДЗ/img/OU_DZ.pdf>])
("//uni-eng.ru/unit/Ivanovo/Документация ЮНИТ М300/Разра
ботка/Схемы ФБ ЮНИТ-М300/Проект/БД500/desc/03.01 ЛВ 
уст//561.1471 БК/bk.tex"
<//uni-eng.ru/unit/Ivanovo/Документация ЮНИТ М300/Разра
ботка/Схемы ФБ ЮНИТ-М300/Проект/БД500/desc/03.01 ЛВ 
уст//561.1471 БК/img/BK_I_diagram.pdf, id=833, 486.3799pt x 200.83008pt>
File: //uni-eng.ru/unit/Ivanovo/Документация ЮНИТ М300/Раз
работка/Схемы ФБ ЮНИТ-М300/Проект/БД500/desc/03.01 
ЛВ уст//561.1471 БК/img/BK_I_diagram.pdf Graphic file (type pdf)
<use //uni-eng.ru/unit/Ivanovo/Документация ЮНИТ М300/Раз
работка/Схемы ФБ ЮНИТ-М300/Проект/БД500/desc/03.01 
ЛВ уст//561.1471 БК/img/BK_I_diagram.pdf>
Package luatex.def Info: //uni-eng.ru/unit/Ivanovo/Документация Ю
НИТ М300/Разработка/Схемы ФБ ЮНИТ-М300/Проект/
БД500/desc/03.01 ЛВ уст//561.1471 БК/img/BK_I_diagram.pdf  used on inp
ut line 43.
(luatex.def)             Requested size: 405.16466pt x 167.29565pt.
<//uni-eng.ru/unit/Ivanovo/Документация ЮНИТ М300/Разра
ботка/Схемы ФБ ЮНИТ-М300/Проект/БД500/desc/03.01 ЛВ 
уст//561.1471 БК/img/BK_I.pdf, id=836, 526.95404pt x 401.87534pt>
File: //uni-eng.ru/unit/Ivanovo/Документация ЮНИТ М300/Раз
работка/Схемы ФБ ЮНИТ-М300/Проект/БД500/desc/03.01 
ЛВ уст//561.1471 БК/img/BK_I.pdf Graphic file (type pdf)
<use //uni-eng.ru/unit/Ivanovo/Документация ЮНИТ М300/Раз
работка/Схемы ФБ ЮНИТ-М300/Проект/БД500/desc/03.01 
ЛВ уст//561.1471 БК/img/BK_I.pdf>
Package luatex.def Info: //uni-eng.ru/unit/Ivanovo/Документация Ю
НИТ М300/Разработка/Схемы ФБ ЮНИТ-М300/Проект/
БД500/desc/03.01 ЛВ уст//561.1471 БК/img/BK_I.pdf  used on input line 
52.
(luatex.def)             Requested size: 506.47319pt x 386.25584pt.
 [22<//uni-eng.ru/unit/Ivanovo/Документация ЮНИТ М300/Раз
работка/Схемы ФБ ЮНИТ-М300/Проект/БД500/desc/03.01 
ЛВ уст//561.1471 БК/img/BK_I_diagram.pdf>]
<//uni-eng.ru/unit/Ivanovo/Документация ЮНИТ М300/Разра
ботка/Схемы ФБ ЮНИТ-М300/Проект/БД500/desc/03.01 ЛВ 
уст//561.1471 БК/img/BK_Z.pdf, id=923, 524.6972pt x 345.43216pt>
File: //uni-eng.ru/unit/Ivanovo/Документация ЮНИТ М300/Раз
работка/Схемы ФБ ЮНИТ-М300/Проект/БД500/desc/03.01 
ЛВ уст//561.1471 БК/img/BK_Z.pdf Graphic file (type pdf)
<use //uni-eng.ru/unit/Ivanovo/Документация ЮНИТ М300/Раз
работка/Схемы ФБ ЮНИТ-М300/Проект/БД500/desc/03.01 
ЛВ уст//561.1471 БК/img/BK_Z.pdf>
Package luatex.def Info: //uni-eng.ru/unit/Ivanovo/Документация Ю
НИТ М300/Разработка/Схемы ФБ ЮНИТ-М300/Проект/
БД500/desc/03.01 ЛВ уст//561.1471 БК/img/BK_Z.pdf  used on input line 
78.
(luatex.def)             Requested size: 506.46574pt x 333.42955pt.

[23<//uni-eng.ru/unit/Ivanovo/Документация ЮНИТ М300/Разр
аботка/Схемы ФБ ЮНИТ-М300/Проект/БД500/desc/03.01 Л
В уст//561.1471 БК/img/BK_I.pdf>]
<//uni-eng.ru/unit/Ivanovo/Документация ЮНИТ М300/Разра
ботка/Схемы ФБ ЮНИТ-М300/Проект/БД500/desc/03.01 ЛВ 
уст//561.1471 БК/img/char_relay_res.pdf, id=941, 314.41464pt x 335.4891pt>

File: //uni-eng.ru/unit/Ivanovo/Документация ЮНИТ М300/Раз
работка/Схемы ФБ ЮНИТ-М300/Проект/БД500/desc/03.01 
ЛВ уст//561.1471 БК/img/char_relay_res.pdf Graphic file (type pdf)
<use //uni-eng.ru/unit/Ivanovo/Документация ЮНИТ М300/Раз
работка/Схемы ФБ ЮНИТ-М300/Проект/БД500/desc/03.01 
ЛВ уст//561.1471 БК/img/char_relay_res.pdf>
Package luatex.def Info: //uni-eng.ru/unit/Ivanovo/Документация Ю
НИТ М300/Разработка/Схемы ФБ ЮНИТ-М300/Проект/
БД500/desc/03.01 ЛВ уст//561.1471 БК/img/char_relay_res.pdf  used on i
nput line 88.
(luatex.def)             Requested size: 227.90878pt x 243.18497pt.
 [24<//uni-eng.ru/unit/Ivanovo/Документация ЮНИТ М300/Раз
работка/Схемы ФБ ЮНИТ-М300/Проект/БД500/desc/03.01 
ЛВ уст//561.1471 БК/img/BK_Z.pdf><//uni-eng.ru/unit/Ivanovo/Докум
ентация ЮНИТ М300/Разработка/Схемы ФБ ЮНИТ-М30
0/Проект/БД500/desc/03.01 ЛВ уст//561.1471 БК/img/char_relay_res.
pdf>])
("//uni-eng.ru/unit/Ivanovo/Документация ЮНИТ М300/Разра
ботка/Схемы ФБ ЮНИТ-М300/Проект/БД500/desc/03.01 ЛВ 
уст//561.0111 ТНЗНП/tnznp.tex"
<//uni-eng.ru/unit/Ivanovo/Документация ЮНИТ М300/Разра
ботка/Схемы ФБ ЮНИТ-М300/Проект/БД500/desc/03.01 ЛВ 
уст//561.0111 ТНЗНП/img/TNZNP.pdf, id=1015, 623.767pt x 496.88654pt>
File: //uni-eng.ru/unit/Ivanovo/Документация ЮНИТ М300/Раз
работка/Схемы ФБ ЮНИТ-М300/Проект/БД500/desc/03.01 
ЛВ уст//561.0111 ТНЗНП/img/TNZNP.pdf Graphic file (type pdf)
<use //uni-eng.ru/unit/Ivanovo/Документация ЮНИТ М300/Раз
работка/Схемы ФБ ЮНИТ-М300/Проект/БД500/desc/03.01 
ЛВ уст//561.0111 ТНЗНП/img/TNZNP.pdf>
Package luatex.def Info: //uni-eng.ru/unit/Ivanovo/Документация Ю
НИТ М300/Разработка/Схемы ФБ ЮНИТ-М300/Проект/
БД500/desc/03.01 ЛВ уст//561.0111 ТНЗНП/img/TNZNP.pdf  used on inpu
t line 27.
(luatex.def)             Requested size: 506.4668pt x 403.44637pt.
 [25<//uni-eng.ru/unit/Ivanovo/Документация ЮНИТ М300/Раз
работка/Схемы ФБ ЮНИТ-М300/Проект/БД500/desc/03.01 
ЛВ уст//561.0111 ТНЗНП/img/TNZNP.pdf>]
<//uni-eng.ru/unit/Ivanovo/Документация ЮНИТ М300/Разра
ботка/Схемы ФБ ЮНИТ-М300/Проект/БД500/desc/03.01 ЛВ 
уст//561.0111 ТНЗНП/img/bnt.pdf, id=1046, 408.02437pt x 147.04938pt>
File: //uni-eng.ru/unit/Ivanovo/Документация ЮНИТ М300/Раз
работка/Схемы ФБ ЮНИТ-М300/Проект/БД500/desc/03.01 
ЛВ уст//561.0111 ТНЗНП/img/bnt.pdf Graphic file (type pdf)
<use //uni-eng.ru/unit/Ivanovo/Документация ЮНИТ М300/Раз
работка/Схемы ФБ ЮНИТ-М300/Проект/БД500/desc/03.01 
ЛВ уст//561.0111 ТНЗНП/img/bnt.pdf>
Package luatex.def Info: //uni-eng.ru/unit/Ivanovo/Документация Ю
НИТ М300/Разработка/Схемы ФБ ЮНИТ-М300/Проект/
БД500/desc/03.01 ЛВ уст//561.0111 ТНЗНП/img/bnt.pdf  used on input 
line 62.
(luatex.def)             Requested size: 405.19057pt x 146.02806pt.
 [26<//uni-eng.ru/unit/Ivanovo/Документация ЮНИТ М300/Раз
работка/Схемы ФБ ЮНИТ-М300/Проект/БД500/desc/03.01 
ЛВ уст//561.0111 ТНЗНП/img/bnt.pdf>]
Overfull \hbox (0.46559pt too wide) in paragraph at lines 160--161
[]\TU/ArialNarrow(1)/m/n/12 На ри-сун-ке []1.22[] пред-став-
ле-ны ха-рак-те-ри-сти-ки сра-ба-ты-ва-ния ОН
МНП-Р и ОНМНП-Б. Аналогичные
 []

<//uni-eng.ru/unit/Ivanovo/Документация ЮНИТ М300/Разра
ботка/Схемы ФБ ЮНИТ-М300/Проект/БД500/desc/03.01 ЛВ 
уст//561.0111 ТНЗНП/img/char_triggering_ONMNP.pdf, id=1081, 539.35258pt
 x 196.21445pt>
File: //uni-eng.ru/unit/Ivanovo/Документация ЮНИТ М300/Раз
работка/Схемы ФБ ЮНИТ-М300/Проект/БД500/desc/03.01 
ЛВ уст//561.0111 ТНЗНП/img/char_triggering_ONMNP.pdf Graphic file (ty
pe pdf)
<use //uni-eng.ru/unit/Ivanovo/Документация ЮНИТ М300/Раз
работка/Схемы ФБ ЮНИТ-М300/Проект/БД500/desc/03.01 
ЛВ уст//561.0111 ТНЗНП/img/char_triggering_ONMNP.pdf>
Package luatex.def Info: //uni-eng.ru/unit/Ivanovo/Документация Ю
НИТ М300/Разработка/Схемы ФБ ЮНИТ-М300/Проект/
БД500/desc/03.01 ЛВ уст//561.0111 ТНЗНП/img/char_triggering_ONMNP.p
df  used on input line 165.
(luatex.def)             Requested size: 506.46478pt x 184.24998pt.
[27]
<//uni-eng.ru/unit/Ivanovo/Документация ЮНИТ М300/Разра
ботка/Схемы ФБ ЮНИТ-М300/Проект/БД500/desc/03.01 ЛВ 
уст//561.0111 ТНЗНП/img/onnp.pdf, id=1102, 410.72453pt x 270.49214pt>
File: //uni-eng.ru/unit/Ivanovo/Документация ЮНИТ М300/Раз
работка/Схемы ФБ ЮНИТ-М300/Проект/БД500/desc/03.01 
ЛВ уст//561.0111 ТНЗНП/img/onnp.pdf Graphic file (type pdf)
<use //uni-eng.ru/unit/Ivanovo/Документация ЮНИТ М300/Раз
работка/Схемы ФБ ЮНИТ-М300/Проект/БД500/desc/03.01 
ЛВ уст//561.0111 ТНЗНП/img/onnp.pdf>
Package luatex.def Info: //uni-eng.ru/unit/Ivanovo/Документация Ю
НИТ М300/Разработка/Схемы ФБ ЮНИТ-М300/Проект/
БД500/desc/03.01 ЛВ уст//561.0111 ТНЗНП/img/onnp.pdf  used on input
 line 206.
(luatex.def)             Requested size: 405.17082pt x 266.83461pt.
 [28<//uni-eng.ru/unit/Ivanovo/Документация ЮНИТ М300/Раз
работка/Схемы ФБ ЮНИТ-М300/Проект/БД500/desc/03.01 
ЛВ уст//561.0111 ТНЗНП/img/char_triggering_ONMNP.pdf>]
<//uni-eng.ru/unit/Ivanovo/Документация ЮНИТ М300/Разра
ботка/Схемы ФБ ЮНИТ-М300/Проект/БД500/desc/03.01 ЛВ 
уст//561.0111 ТНЗНП/img/onop.pdf, id=1190, 407.07257pt x 266.75278pt>
File: //uni-eng.ru/unit/Ivanovo/Документация ЮНИТ М300/Раз
работка/Схемы ФБ ЮНИТ-М300/Проект/БД500/desc/03.01 
ЛВ уст//561.0111 ТНЗНП/img/onop.pdf Graphic file (type pdf)
<use //uni-eng.ru/unit/Ivanovo/Документация ЮНИТ М300/Раз
работка/Схемы ФБ ЮНИТ-М300/Проект/БД500/desc/03.01 
ЛВ уст//561.0111 ТНЗНП/img/onop.pdf>
Package luatex.def Info: //uni-eng.ru/unit/Ivanovo/Документация Ю
НИТ М300/Разработка/Схемы ФБ ЮНИТ-М300/Проект/
БД500/desc/03.01 ЛВ уст//561.0111 ТНЗНП/img/onop.pdf  used on input
 line 213.
(luatex.def)             Requested size: 405.1771pt x 265.51067pt.
<//uni-eng.ru/unit/Ivanovo/Документация ЮНИТ М300/Разра
ботка/Схемы ФБ ЮНИТ-М300/Проект/БД500/desc/03.01 ЛВ 
уст//561.0111 ТНЗНП/img/AU_TNZNP.pdf, id=1192, 627.93881pt x 174.6525pt
>
File: //uni-eng.ru/unit/Ivanovo/Документация ЮНИТ М300/Раз
работка/Схемы ФБ ЮНИТ-М300/Проект/БД500/desc/03.01 
ЛВ уст//561.0111 ТНЗНП/img/AU_TNZNP.pdf Graphic file (type pdf)
<use //uni-eng.ru/unit/Ivanovo/Документация ЮНИТ М300/Раз
работка/Схемы ФБ ЮНИТ-М300/Проект/БД500/desc/03.01 
ЛВ уст//561.0111 ТНЗНП/img/AU_TNZNP.pdf>
Package luatex.def Info: //uni-eng.ru/unit/Ivanovo/Документация Ю
НИТ М300/Разработка/Схемы ФБ ЮНИТ-М300/Проект/
БД500/desc/03.01 ЛВ уст//561.0111 ТНЗНП/img/AU_TNZNP.pdf  used on i
nput line 233.
(luatex.def)             Requested size: 506.48138pt x 140.87079pt.
 [29<//uni-eng.ru/unit/Ivanovo/Документация ЮНИТ М300/Раз
работка/Схемы ФБ ЮНИТ-М300/Проект/БД500/desc/03.01 
ЛВ уст//561.0111 ТНЗНП/img/onnp.pdf><//uni-eng.ru/unit/Ivanovo/До
кументация ЮНИТ М300/Разработка/Схемы ФБ ЮН
ИТ-М300/Проект/БД500/desc/03.01 ЛВ уст//561.0111 ТНЗНП/img/
onop.pdf>]
<//uni-eng.ru/unit/Ivanovo/Документация ЮНИТ М300/Разра
ботка/Схемы ФБ ЮНИТ-М300/Проект/БД500/desc/03.01 ЛВ 
уст//561.0111 ТНЗНП/img/OU_TNZNP.pdf, id=1230, 627.93881pt x 617.30624p
t>
File: //uni-eng.ru/unit/Ivanovo/Документация ЮНИТ М300/Раз
работка/Схемы ФБ ЮНИТ-М300/Проект/БД500/desc/03.01 
ЛВ уст//561.0111 ТНЗНП/img/OU_TNZNP.pdf Graphic file (type pdf)
<use //uni-eng.ru/unit/Ivanovo/Документация ЮНИТ М300/Раз
работка/Схемы ФБ ЮНИТ-М300/Проект/БД500/desc/03.01 
ЛВ уст//561.0111 ТНЗНП/img/OU_TNZNP.pdf>
Package luatex.def Info: //uni-eng.ru/unit/Ivanovo/Документация Ю
НИТ М300/Разработка/Схемы ФБ ЮНИТ-М300/Проект/
БД500/desc/03.01 ЛВ уст//561.0111 ТНЗНП/img/OU_TNZNP.pdf  used on i
nput line 256.
(luatex.def)             Requested size: 506.48138pt x 497.9054pt.

[30<//uni-eng.ru/unit/Ivanovo/Документация ЮНИТ М300/Разр
аботка/Схемы ФБ ЮНИТ-М300/Проект/БД500/desc/03.01 Л
В уст//561.0111 ТНЗНП/img/AU_TNZNP.pdf>]

LaTeX Warning: Reference `pict_tnznp:PU_TNZNP' on page 31 undefined on input li
ne 282.

<//uni-eng.ru/unit/Ivanovo/Документация ЮНИТ М300/Разра
ботка/Схемы ФБ ЮНИТ-М300/Проект/БД500/desc/03.01 ЛВ 
уст//561.0111 ТНЗНП/img/PU_TNZNP.pdf, id=1251, 630.95056pt x 306.39468p
t>
File: //uni-eng.ru/unit/Ivanovo/Документация ЮНИТ М300/Раз
работка/Схемы ФБ ЮНИТ-М300/Проект/БД500/desc/03.01 
ЛВ уст//561.0111 ТНЗНП/img/PU_TNZNP.pdf Graphic file (type pdf)
<use //uni-eng.ru/unit/Ivanovo/Документация ЮНИТ М300/Раз
работка/Схемы ФБ ЮНИТ-М300/Проект/БД500/desc/03.01 
ЛВ уст//561.0111 ТНЗНП/img/PU_TNZNP.pdf>
Package luatex.def Info: //uni-eng.ru/unit/Ivanovo/Документация Ю
НИТ М300/Разработка/Схемы ФБ ЮНИТ-М300/Проект/
БД500/desc/03.01 ЛВ уст//561.0111 ТНЗНП/img/PU_TNZNP.pdf  used on i
nput line 287.
(luatex.def)             Requested size: 506.46521pt x 245.94359pt.
[31<//uni-eng.ru/unit/Ivanovo/Документация ЮНИТ М300/Разр
аботка/Схемы ФБ ЮНИТ-М300/Проект/БД500/desc/03.01 Л
В уст//561.0111 ТНЗНП/img/OU_TNZNP.pdf>])
("//uni-eng.ru/unit/Ivanovo/Документация ЮНИТ М300/Разра
ботка/Схемы ФБ ЮНИТ-М300/Проект/БД500/desc/03.01 ЛВ 
уст//561.0171 МФТО/mfto.tex" [32<//uni-eng.ru/unit/Ivanovo/Докуме
нтация ЮНИТ М300/Разработка/Схемы ФБ ЮНИТ-М300/
Проект/БД500/desc/03.01 ЛВ уст//561.0111 ТНЗНП/img/PU_TNZNP.pd
f>]
<//uni-eng.ru/unit/Ivanovo/Документация ЮНИТ М300/Разра
ботка/Схемы ФБ ЮНИТ-М300/Проект/БД500/desc/03.01 ЛВ 
уст//561.0171 МФТО/img/MFTO.pdf, id=1306, 533.53018pt x 171.64125pt>
File: //uni-eng.ru/unit/Ivanovo/Документация ЮНИТ М300/Раз
работка/Схемы ФБ ЮНИТ-М300/Проект/БД500/desc/03.01 
ЛВ уст//561.0171 МФТО/img/MFTO.pdf Graphic file (type pdf)
<use //uni-eng.ru/unit/Ivanovo/Документация ЮНИТ М300/Раз
работка/Схемы ФБ ЮНИТ-М300/Проект/БД500/desc/03.01 
ЛВ уст//561.0171 МФТО/img/MFTO.pdf>
Package luatex.def Info: //uni-eng.ru/unit/Ivanovo/Документация Ю
НИТ М300/Разработка/Схемы ФБ ЮНИТ-М300/Проект/
БД500/desc/03.01 ЛВ уст//561.0171 МФТО/img/MFTO.pdf  used on input l
ine 29.
(luatex.def)             Requested size: 506.48447pt x 162.94038pt.
)
("//uni-eng.ru/unit/Ivanovo/Документация ЮНИТ М300/Разра
ботка/Схемы ФБ ЮНИТ-М300/Проект/БД500/desc/03.01 ЛВ 
уст//561.0161 АМТЗ/amtz.tex"
<//uni-eng.ru/unit/Ivanovo/Документация ЮНИТ М300/Разра
ботка/Схемы ФБ ЮНИТ-М300/Проект/БД500/desc/03.01 ЛВ 
уст//561.0161 АМТЗ/img/common_logic.pdf, id=1308, 535.32913pt x 301.8778
pt>
File: //uni-eng.ru/unit/Ivanovo/Документация ЮНИТ М300/Раз
работка/Схемы ФБ ЮНИТ-М300/Проект/БД500/desc/03.01 
ЛВ уст//561.0161 АМТЗ/img/common_logic.pdf Graphic file (type pdf)
<use //uni-eng.ru/unit/Ivanovo/Документация ЮНИТ М300/Раз
работка/Схемы ФБ ЮНИТ-М300/Проект/БД500/desc/03.01 
ЛВ уст//561.0161 АМТЗ/img/common_logic.pdf>
Package luatex.def Info: //uni-eng.ru/unit/Ivanovo/Документация Ю
НИТ М300/Разработка/Схемы ФБ ЮНИТ-М300/Проект/
БД500/desc/03.01 ЛВ уст//561.0161 АМТЗ/img/common_logic.pdf  used on
 input line 26.
(luatex.def)             Requested size: 405.17982pt x 228.48521pt.
<//uni-eng.ru/unit/Ivanovo/Документация ЮНИТ М300/Разра
ботка/Схемы ФБ ЮНИТ-М300/Проект/БД500/desc/03.01 ЛВ 
уст//561.0161 АМТЗ/img/AMTZ.pdf, id=1311, 518.76485pt x 726.46407pt>
File: //uni-eng.ru/unit/Ivanovo/Документация ЮНИТ М300/Раз
работка/Схемы ФБ ЮНИТ-М300/Проект/БД500/desc/03.01 
ЛВ уст//561.0161 АМТЗ/img/AMTZ.pdf Graphic file (type pdf)
<use //uni-eng.ru/unit/Ivanovo/Документация ЮНИТ М300/Раз
работка/Схемы ФБ ЮНИТ-М300/Проект/БД500/desc/03.01 
ЛВ уст//561.0161 АМТЗ/img/AMTZ.pdf>
Package luatex.def Info: //uni-eng.ru/unit/Ivanovo/Документация Ю
НИТ М300/Разработка/Схемы ФБ ЮНИТ-М300/Проект/
БД500/desc/03.01 ЛВ уст//561.0161 АМТЗ/img/AMTZ.pdf  used on input l
ine 36.
(luatex.def)             Requested size: 455.8179pt x 638.31488pt.
 [33<//uni-eng.ru/unit/Ivanovo/Документация ЮНИТ М300/Раз
работка/Схемы ФБ ЮНИТ-М300/Проект/БД500/desc/03.01 
ЛВ уст//561.0171 МФТО/img/MFTO.pdf><//uni-eng.ru/unit/Ivanovo/Док
ументация ЮНИТ М300/Разработка/Схемы ФБ ЮНИ
Т-М300/Проект/БД500/desc/03.01 ЛВ уст//561.0161 АМТЗ/img/comm
on_logic.pdf>] [34<//uni-eng.ru/unit/Ivanovo/Документация ЮНИТ 
М300/Разработка/Схемы ФБ ЮНИТ-М300/Проект/БД500/d
esc/03.01 ЛВ уст//561.0161 АМТЗ/img/AMTZ.pdf>])
("//uni-eng.ru/unit/Ivanovo/Документация ЮНИТ М300/Разра
ботка/Схемы ФБ ЮНИТ-М300/Проект/БД500/desc/03.01 ЛВ 
уст//561.0181 ТЗО/tzo.tex"
Overfull \hbox (10.83575pt too wide) in paragraph at lines 25--26
[]\TU/ArialNarrow(1)/m/n/12 ТЗО-Ф и ТЗО-НП мо-гут кон-тро-
ли-ро-вать-ся бло-ки-ров-кой при сквоз-ных т
о-ках че-рез оши-нов-ку. Блокировка
 []

<//uni-eng.ru/unit/Ivanovo/Документация ЮНИТ М300/Разра
ботка/Схемы ФБ ЮНИТ-М300/Проект/БД500/desc/03.01 ЛВ 
уст//561.0181 ТЗО/img/TZO.pdf, id=1367, 524.03532pt x 496.10344pt>
File: //uni-eng.ru/unit/Ivanovo/Документация ЮНИТ М300/Раз
работка/Схемы ФБ ЮНИТ-М300/Проект/БД500/desc/03.01 
ЛВ уст//561.0181 ТЗО/img/TZO.pdf Graphic file (type pdf)
<use //uni-eng.ru/unit/Ivanovo/Документация ЮНИТ М300/Раз
работка/Схемы ФБ ЮНИТ-М300/Проект/БД500/desc/03.01 
ЛВ уст//561.0181 ТЗО/img/TZO.pdf>
Package luatex.def Info: //uni-eng.ru/unit/Ivanovo/Документация Ю
НИТ М300/Разработка/Схемы ФБ ЮНИТ-М300/Проект/
БД500/desc/03.01 ЛВ уст//561.0181 ТЗО/img/TZO.pdf  used on input line
 35.
(luatex.def)             Requested size: 506.45856pt x 479.46353pt.
[35])
("//uni-eng.ru/unit/Ivanovo/Документация ЮНИТ М300/Разра
ботка/Схемы ФБ ЮНИТ-М300/Проект/БД500/desc/03.01 ЛВ 
уст//561.1481 БСТО/bsto.tex" [36<//uni-eng.ru/unit/Ivanovo/Докуме
нтация ЮНИТ М300/Разработка/Схемы ФБ ЮНИТ-М300/
Проект/БД500/desc/03.01 ЛВ уст//561.0181 ТЗО/img/TZO.pdf>]
<//uni-eng.ru/unit/Ivanovo/Документация ЮНИТ М300/Разра
ботка/Схемы ФБ ЮНИТ-М300/Проект/БД500/desc/03.01 ЛВ 
уст//561.1481 БСТО/img/BSTO.pdf, id=1404, 667.09094pt x 432.86719pt>
File: //uni-eng.ru/unit/Ivanovo/Документация ЮНИТ М300/Раз
работка/Схемы ФБ ЮНИТ-М300/Проект/БД500/desc/03.01 
ЛВ уст//561.1481 БСТО/img/BSTO.pdf Graphic file (type pdf)
<use //uni-eng.ru/unit/Ivanovo/Документация ЮНИТ М300/Раз
работка/Схемы ФБ ЮНИТ-М300/Проект/БД500/desc/03.01 
ЛВ уст//561.1481 БСТО/img/BSTO.pdf>
Package luatex.def Info: //uni-eng.ru/unit/Ivanovo/Документация Ю
НИТ М300/Разработка/Схемы ФБ ЮНИТ-М300/Проект/
БД500/desc/03.01 ЛВ уст//561.1481 БСТО/img/BSTO.pdf  used on input l
ine 33.
(luatex.def)             Requested size: 506.47525pt x 328.64561pt.
)
("//uni-eng.ru/unit/Ivanovo/Документация ЮНИТ М300/Разра
ботка/Схемы ФБ ЮНИТ-М300/Проект/БД500/desc/03.01 ЛВ 
уст//761.3441 ЗНФ/znf.tex" [37<//uni-eng.ru/unit/Ivanovo/Докумен
тация ЮНИТ М300/Разработка/Схемы ФБ ЮНИТ-М300/
Проект/БД500/desc/03.01 ЛВ уст//561.1481 БСТО/img/BSTO.pdf>]
<//uni-eng.ru/unit/Ivanovo/Документация ЮНИТ М300/Разра
ботка/Схемы ФБ ЮНИТ-М300/Проект/БД500/desc/03.01 ЛВ 
уст//761.3441 ЗНФ/img/ZNF.pdf, id=1434, 525.54112pt x 85.82062pt>
File: //uni-eng.ru/unit/Ivanovo/Документация ЮНИТ М300/Раз
работка/Схемы ФБ ЮНИТ-М300/Проект/БД500/desc/03.01 
ЛВ уст//761.3441 ЗНФ/img/ZNF.pdf Graphic file (type pdf)
<use //uni-eng.ru/unit/Ivanovo/Документация ЮНИТ М300/Раз
работка/Схемы ФБ ЮНИТ-М300/Проект/БД500/desc/03.01 
ЛВ уст//761.3441 ЗНФ/img/ZNF.pdf>
Package luatex.def Info: //uni-eng.ru/unit/Ivanovo/Документация Ю
НИТ М300/Разработка/Схемы ФБ ЮНИТ-М300/Проект/
БД500/desc/03.01 ЛВ уст//761.3441 ЗНФ/img/ZNF.pdf  used on input line
 39.
(luatex.def)             Requested size: 506.46239pt x 82.70505pt.
)
("//uni-eng.ru/unit/Ivanovo/Документация ЮНИТ М300/Разра
ботка/Схемы ФБ ЮНИТ-М300/Проект/БД500/desc/03.01 ЛВ 
уст//561.0221 ЗНР/znr.tex"
<//uni-eng.ru/unit/Ivanovo/Документация ЮНИТ М300/Разра
ботка/Схемы ФБ ЮНИТ-М300/Проект/БД500/desc/03.01 ЛВ 
уст//561.0221 ЗНР/img/ZNR.pdf, id=1437, 525.54112pt x 224.33812pt>
File: //uni-eng.ru/unit/Ivanovo/Документация ЮНИТ М300/Раз
работка/Схемы ФБ ЮНИТ-М300/Проект/БД500/desc/03.01 
ЛВ уст//561.0221 ЗНР/img/ZNR.pdf Graphic file (type pdf)
<use //uni-eng.ru/unit/Ivanovo/Документация ЮНИТ М300/Раз
работка/Схемы ФБ ЮНИТ-М300/Проект/БД500/desc/03.01 
ЛВ уст//561.0221 ЗНР/img/ZNR.pdf>
Package luatex.def Info: //uni-eng.ru/unit/Ivanovo/Документация Ю
НИТ М300/Разработка/Схемы ФБ ЮНИТ-М300/Проект/
БД500/desc/03.01 ЛВ уст//561.0221 ЗНР/img/ZNR.pdf  used on input line
 38.
(luatex.def)             Requested size: 506.46239pt x 216.19395pt.
 [38<//uni-eng.ru/unit/Ivanovo/Документация ЮНИТ М300/Раз
работка/Схемы ФБ ЮНИТ-М300/Проект/БД500/desc/03.01 
ЛВ уст//761.3441 ЗНФ/img/ZNF.pdf><//uni-eng.ru/unit/Ivanovo/Докум
ентация ЮНИТ М300/Разработка/Схемы ФБ ЮНИТ-М30
0/Проект/БД500/desc/03.01 ЛВ уст//561.0221 ЗНР/img/ZNR.pdf>])
("//uni-eng.ru/unit/Ivanovo/Документация ЮНИТ М300/Разра
ботка/Схемы ФБ ЮНИТ-М300/Проект/БД500/desc/03.01 ЛВ 
уст//561.1461 БНН/bnn.tex" [39] [40]
<//uni-eng.ru/unit/Ivanovo/Документация ЮНИТ М300/Разра
ботка/Схемы ФБ ЮНИТ-М300/Проект/БД500/desc/03.01 ЛВ 
уст//561.1461 БНН/img/BNN.pdf, id=1520, 663.97879pt x 972.02426pt>
File: //uni-eng.ru/unit/Ivanovo/Документация ЮНИТ М300/Раз
работка/Схемы ФБ ЮНИТ-М300/Проект/БД500/desc/03.01 
ЛВ уст//561.1461 БНН/img/BNN.pdf Graphic file (type pdf)
<use //uni-eng.ru/unit/Ivanovo/Документация ЮНИТ М300/Раз
работка/Схемы ФБ ЮНИТ-М300/Проект/БД500/desc/03.01 
ЛВ уст//561.1461 БНН/img/BNN.pdf>
Package luatex.def Info: //uni-eng.ru/unit/Ivanovo/Документация Ю
НИТ М300/Разработка/Схемы ФБ ЮНИТ-М300/Проект/
БД500/desc/03.01 ЛВ уст//561.1461 БНН/img/BNN.pdf  used on input line
 166.
(luatex.def)             Requested size: 506.46292pt x 741.4307pt.
 [41])
("//uni-eng.ru/unit/Ivanovo/Документация ЮНИТ М300/Разра
ботка/Схемы ФБ ЮНИТ-М300/Проект/БД500/desc/03.01 ЛВ 
уст//561.1311 АУ/au.tex" [42<//uni-eng.ru/unit/Ivanovo/Документа
ция ЮНИТ М300/Разработка/Схемы ФБ ЮНИТ-М300/Пр
оект/БД500/desc/03.01 ЛВ уст//561.1461 БНН/img/BNN.pdf>]
<//uni-eng.ru/unit/Ivanovo/Документация ЮНИТ М300/Разра
ботка/Схемы ФБ ЮНИТ-М300/Проект/БД500/desc/03.01 ЛВ 
уст//561.1311 АУ/img/AU.pdf, id=1541, 668.09653pt x 490.13087pt>
File: //uni-eng.ru/unit/Ivanovo/Документация ЮНИТ М300/Раз
работка/Схемы ФБ ЮНИТ-М300/Проект/БД500/desc/03.01 
ЛВ уст//561.1311 АУ/img/AU.pdf Graphic file (type pdf)
<use //uni-eng.ru/unit/Ivanovo/Документация ЮНИТ М300/Раз
работка/Схемы ФБ ЮНИТ-М300/Проект/БД500/desc/03.01 
ЛВ уст//561.1311 АУ/img/AU.pdf>
Package luatex.def Info: //uni-eng.ru/unit/Ivanovo/Документация Ю
НИТ М300/Разработка/Схемы ФБ ЮНИТ-М300/Проект/
БД500/desc/03.01 ЛВ уст//561.1311 АУ/img/AU.pdf  used on input line 36
.
(luatex.def)             Requested size: 455.80838pt x 334.39143pt.
)
("//uni-eng.ru/unit/Ivanovo/Документация ЮНИТ М300/Разра
ботка/Схемы ФБ ЮНИТ-М300/Проект/БД500/desc/03.01 ЛВ 
уст//561.1711 Логика связи/ls.tex" [43<//uni-eng.ru/unit/Ivanovo/
Документация ЮНИТ М300/Разработка/Схемы ФБ 
ЮНИТ-М300/Проект/БД500/desc/03.01 ЛВ уст//561.1311 АУ/img/AU
.pdf>]
<//uni-eng.ru/unit/Ivanovo/Документация ЮНИТ М300/Разра
ботка/Схемы ФБ ЮНИТ-М300/Проект/БД500/desc/03.01 ЛВ 
уст//561.1711 Логика связи/img/logic_Totkl.pdf, id=1568, 556.9186
2pt x 684.74184pt>
File: //uni-eng.ru/unit/Ivanovo/Документация ЮНИТ М300/Раз
работка/Схемы ФБ ЮНИТ-М300/Проект/БД500/desc/03.01 
ЛВ уст//561.1711 Логика связи/img/logic_Totkl.pdf Graphic file 
(type pdf)
<use //uni-eng.ru/unit/Ivanovo/Документация ЮНИТ М300/Раз
работка/Схемы ФБ ЮНИТ-М300/Проект/БД500/desc/03.01 
ЛВ уст//561.1711 Логика связи/img/logic_Totkl.pdf>
Package luatex.def Info: //uni-eng.ru/unit/Ivanovo/Документация Ю
НИТ М300/Разработка/Схемы ФБ ЮНИТ-М300/Проект/
БД500/desc/03.01 ЛВ уст//561.1711 Логика связи/img/logic_Totk
l.pdf  used on input line 39.
(luatex.def)             Requested size: 455.81793pt x 560.43668pt.
 [44] [45<//uni-eng.ru/unit/Ivanovo/Документация ЮНИТ М300/Р
азработка/Схемы ФБ ЮНИТ-М300/Проект/БД500/desc/03.0
1 ЛВ уст//561.1711 Логика связи/img/logic_Totkl.pdf>]
<//uni-eng.ru/unit/Ivanovo/Документация ЮНИТ М300/Разра
ботка/Схемы ФБ ЮНИТ-М300/Проект/БД500/desc/03.01 ЛВ 
уст//561.1711 Логика связи/img/logic_TU_OTF.pdf, id=1602, 560.006
93pt x 331.55914pt>
File: //uni-eng.ru/unit/Ivanovo/Документация ЮНИТ М300/Раз
работка/Схемы ФБ ЮНИТ-М300/Проект/БД500/desc/03.01 
ЛВ уст//561.1711 Логика связи/img/logic_TU_OTF.pdf Graphic file
 (type pdf)
<use //uni-eng.ru/unit/Ivanovo/Документация ЮНИТ М300/Раз
работка/Схемы ФБ ЮНИТ-М300/Проект/БД500/desc/03.01 
ЛВ уст//561.1711 Логика связи/img/logic_TU_OTF.pdf>
Package luatex.def Info: //uni-eng.ru/unit/Ivanovo/Документация Ю
НИТ М300/Разработка/Схемы ФБ ЮНИТ-М300/Проект/
БД500/desc/03.01 ЛВ уст//561.1711 Логика связи/img/logic_TU_O
TF.pdf  used on input line 81.
(luatex.def)             Requested size: 455.80774pt x 269.8667pt.

[46<//uni-eng.ru/unit/Ivanovo/Документация ЮНИТ М300/Разр
аботка/Схемы ФБ ЮНИТ-М300/Проект/БД500/desc/03.01 Л
В уст//561.1711 Логика связи/img/logic_TU_OTF.pdf>]
<//uni-eng.ru/unit/Ivanovo/Документация ЮНИТ М300/Разра
ботка/Схемы ФБ ЮНИТ-М300/Проект/БД500/desc/03.01 ЛВ 
уст//561.1711 Логика связи/img/logic_TU_DZ.pdf, id=1631, 633.0960
1pt x 634.28703pt>
File: //uni-eng.ru/unit/Ivanovo/Документация ЮНИТ М300/Раз
работка/Схемы ФБ ЮНИТ-М300/Проект/БД500/desc/03.01 
ЛВ уст//561.1711 Логика связи/img/logic_TU_DZ.pdf Graphic file 
(type pdf)
<use //uni-eng.ru/unit/Ivanovo/Документация ЮНИТ М300/Раз
работка/Схемы ФБ ЮНИТ-М300/Проект/БД500/desc/03.01 
ЛВ уст//561.1711 Логика связи/img/logic_TU_DZ.pdf>
Package luatex.def Info: //uni-eng.ru/unit/Ivanovo/Документация Ю
НИТ М300/Разработка/Схемы ФБ ЮНИТ-М300/Проект/
БД500/desc/03.01 ЛВ уст//561.1711 Логика связи/img/logic_TU_D
Z.pdf  used on input line 118.
(luatex.def)             Requested size: 455.80946pt x 456.66695pt.
 [47<//uni-eng.ru/unit/Ivanovo/Документация ЮНИТ М300/Раз
работка/Схемы ФБ ЮНИТ-М300/Проект/БД500/desc/03.01 
ЛВ уст//561.1711 Логика связи/img/logic_TU_DZ.pdf>]
<//uni-eng.ru/unit/Ivanovo/Документация ЮНИТ М300/Разра
ботка/Схемы ФБ ЮНИТ-М300/Проект/БД500/desc/03.01 ЛВ 
уст//561.1711 Логика связи/img/logic_echo.pdf, id=1655, 327.63402
pt x 191.01361pt>
File: //uni-eng.ru/unit/Ivanovo/Документация ЮНИТ М300/Раз
работка/Схемы ФБ ЮНИТ-М300/Проект/БД500/desc/03.01 
ЛВ уст//561.1711 Логика связи/img/logic_echo.pdf Graphic file (
type pdf)
<use //uni-eng.ru/unit/Ivanovo/Документация ЮНИТ М300/Раз
работка/Схемы ФБ ЮНИТ-М300/Проект/БД500/desc/03.01 
ЛВ уст//561.1711 Логика связи/img/logic_echo.pdf>
Package luatex.def Info: //uni-eng.ru/unit/Ivanovo/Документация Ю
НИТ М300/Разработка/Схемы ФБ ЮНИТ-М300/Проект/
БД500/desc/03.01 ЛВ уст//561.1711 Логика связи/img/logic_echo
.pdf  used on input line 139.
(luatex.def)             Requested size: 278.56021pt x 162.40314pt.
<//uni-eng.ru/unit/Ivanovo/Документация ЮНИТ М300/Разра
ботка/Схемы ФБ ЮНИТ-М300/Проект/БД500/desc/03.01 ЛВ 
уст//561.1711 Логика связи/img/logic_LOSK.pdf, id=1658, 624.86066
pt x 183.28424pt>
File: //uni-eng.ru/unit/Ivanovo/Документация ЮНИТ М300/Раз
работка/Схемы ФБ ЮНИТ-М300/Проект/БД500/desc/03.01 
ЛВ уст//561.1711 Логика связи/img/logic_LOSK.pdf Graphic file (
type pdf)
<use //uni-eng.ru/unit/Ivanovo/Документация ЮНИТ М300/Раз
работка/Схемы ФБ ЮНИТ-М300/Проект/БД500/desc/03.01 
ЛВ уст//561.1711 Логика связи/img/logic_LOSK.pdf>
Package luatex.def Info: //uni-eng.ru/unit/Ivanovo/Документация Ю
НИТ М300/Разработка/Схемы ФБ ЮНИТ-М300/Проект/
БД500/desc/03.01 ЛВ уст//561.1711 Логика связи/img/logic_LOSK
.pdf  used on input line 152.
(luatex.def)             Requested size: 455.82031pt x 133.70128pt.

Overfull \hbox (5.64934pt too wide) in paragraph at lines 175--176
\TU/ArialNarrow(1)/m/n/12 зна-че-ние долж-но быть мень-
ше пол-но-го вре-ме-ни от-клю-че-ния по-вре-ж
де-ния на па-рал-лель-ной ли-нии. Срабатыван
ие
 []

[48<//uni-eng.ru/unit/Ivanovo/Документация ЮНИТ М300/Разр
аботка/Схемы ФБ ЮНИТ-М300/Проект/БД500/desc/03.01 Л
В уст//561.1711 Логика связи/img/logic_echo.pdf><//uni-eng.ru/uni
t/Ivanovo/Документация ЮНИТ М300/Разработка/Схе
мы ФБ ЮНИТ-М300/Проект/БД500/desc/03.01 ЛВ уст//561.1711 
Логика связи/img/logic_LOSK.pdf>]
<//uni-eng.ru/unit/Ivanovo/Документация ЮНИТ М300/Разра
ботка/Схемы ФБ ЮНИТ-М300/Проект/БД500/desc/03.01 ЛВ 
уст//561.1711 Логика связи/img/logic_TU_TNZNP.pdf, id=1688, 636.1
8434pt x 513.81367pt>
File: //uni-eng.ru/unit/Ivanovo/Документация ЮНИТ М300/Раз
работка/Схемы ФБ ЮНИТ-М300/Проект/БД500/desc/03.01 
ЛВ уст//561.1711 Логика связи/img/logic_TU_TNZNP.pdf Graphic fi
le (type pdf)
<use //uni-eng.ru/unit/Ivanovo/Документация ЮНИТ М300/Раз
работка/Схемы ФБ ЮНИТ-М300/Проект/БД500/desc/03.01 
ЛВ уст//561.1711 Логика связи/img/logic_TU_TNZNP.pdf>
Package luatex.def Info: //uni-eng.ru/unit/Ivanovo/Документация Ю
НИТ М300/Разработка/Схемы ФБ ЮНИТ-М300/Проект/
БД500/desc/03.01 ЛВ уст//561.1711 Логика связи/img/logic_TU_T
NZNP.pdf  used on input line 204.
(luatex.def)             Requested size: 455.81967pt x 368.14232pt.
)
("//uni-eng.ru/unit/Ivanovo/Документация ЮНИТ М300/Разра
ботка/Схемы ФБ ЮНИТ-М300/Проект/БД500/desc/03.01 ЛВ 
уст//761.3311 УРОВ/urov.tex" [49<//uni-eng.ru/unit/Ivanovo/Докуме
нтация ЮНИТ М300/Разработка/Схемы ФБ ЮНИТ-М300/
Проект/БД500/desc/03.01 ЛВ уст//561.1711 Логика связи/im
g/logic_TU_TNZNP.pdf>]
<//uni-eng.ru/unit/Ivanovo/Документация ЮНИТ М300/Разра
ботка/Схемы ФБ ЮНИТ-М300/Проект/БД500/desc/03.01 ЛВ 
уст//761.3311 УРОВ/img/UROV.pdf, id=1719, 642.36092pt x 285.22319pt>
File: //uni-eng.ru/unit/Ivanovo/Документация ЮНИТ М300/Раз
работка/Схемы ФБ ЮНИТ-М300/Проект/БД500/desc/03.01 
ЛВ уст//761.3311 УРОВ/img/UROV.pdf Graphic file (type pdf)
<use //uni-eng.ru/unit/Ivanovo/Документация ЮНИТ М300/Раз
работка/Схемы ФБ ЮНИТ-М300/Проект/БД500/desc/03.01 
ЛВ уст//761.3311 УРОВ/img/UROV.pdf>
Package luatex.def Info: //uni-eng.ru/unit/Ivanovo/Документация Ю
НИТ М300/Разработка/Схемы ФБ ЮНИТ-М300/Проект/
БД500/desc/03.01 ЛВ уст//761.3311 УРОВ/img/UROV.pdf  used on input l
ine 51.
(luatex.def)             Requested size: 506.4696pt x 224.88428pt.
 [50])
("//uni-eng.ru/unit/Ivanovo/Документация ЮНИТ М300/Разра
ботка/Схемы ФБ ЮНИТ-М300/Проект/БД500/desc/03.01 ЛВ 
уст//762.3351 КСН/ksn.tex"
ignored error Infinite glue shrinkage found in box being split [51<//uni-eng.ru/
unit/Ivanovo/Документация ЮНИТ М300/Разработка/Сх
емы ФБ ЮНИТ-М300/Проект/БД500/desc/03.01 ЛВ уст//761.3311
 УРОВ/img/UROV.pdf>]
<//uni-eng.ru/unit/Ivanovo/Документация ЮНИТ М300/Разра
ботка/Схемы ФБ ЮНИТ-М300/Проект/БД500/desc/03.01 ЛВ 
уст//762.3351 КСН/img/KSN.pdf, id=1769, 578.53658pt x 701.21666pt>
File: //uni-eng.ru/unit/Ivanovo/Документация ЮНИТ М300/Раз
работка/Схемы ФБ ЮНИТ-М300/Проект/БД500/desc/03.01 
ЛВ уст//762.3351 КСН/img/KSN.pdf Graphic file (type pdf)
<use //uni-eng.ru/unit/Ivanovo/Документация ЮНИТ М300/Раз
работка/Схемы ФБ ЮНИТ-М300/Проект/БД500/desc/03.01 
ЛВ уст//762.3351 КСН/img/KSN.pdf>
Package luatex.def Info: //uni-eng.ru/unit/Ivanovo/Документация Ю
НИТ М300/Разработка/Схемы ФБ ЮНИТ-М300/Проект/
БД500/desc/03.01 ЛВ уст//762.3351 КСН/img/KSN.pdf  used on input line
 112.
(luatex.def)             Requested size: 430.49385pt x 521.78111pt.
 [52])
("//uni-eng.ru/unit/Ivanovo/Документация ЮНИТ М300/Разра
ботка/Схемы ФБ ЮНИТ-М300/Проект/БД500/desc/03.01 ЛВ 
уст//761.3011 АПВ/apv.tex" [53<//uni-eng.ru/unit/Ivanovo/Докумен
тация ЮНИТ М300/Разработка/Схемы ФБ ЮНИТ-М300/
Проект/БД500/desc/03.01 ЛВ уст//762.3351 КСН/img/KSN.pdf>]
<//uni-eng.ru/unit/Ivanovo/Документация ЮНИТ М300/Разра
ботка/Схемы ФБ ЮНИТ-М300/Проект/БД500/desc/03.01 ЛВ 
уст//761.3011 АПВ/img/APV_LAP.pdf, id=1805, 691.18443pt x 579.66562pt>
File: //uni-eng.ru/unit/Ivanovo/Документация ЮНИТ М300/Раз
работка/Схемы ФБ ЮНИТ-М300/Проект/БД500/desc/03.01 
ЛВ уст//761.3011 АПВ/img/APV_LAP.pdf Graphic file (type pdf)
<use //uni-eng.ru/unit/Ivanovo/Документация ЮНИТ М300/Раз
работка/Схемы ФБ ЮНИТ-М300/Проект/БД500/desc/03.01 
ЛВ уст//761.3011 АПВ/img/APV_LAP.pdf>
Package luatex.def Info: //uni-eng.ru/unit/Ivanovo/Документация Ю
НИТ М300/Разработка/Схемы ФБ ЮНИТ-М300/Проект/
БД500/desc/03.01 ЛВ уст//761.3011 АПВ/img/APV_LAP.pdf  used on input 
line 88.
(luatex.def)             Requested size: 455.82454pt x 382.27975pt.

[54]
<//uni-eng.ru/unit/Ivanovo/Документация ЮНИТ М300/Разра
ботка/Схемы ФБ ЮНИТ-М300/Проект/БД500/desc/03.01 ЛВ 
уст//761.3011 АПВ/img/APV_CSH.pdf, id=1825, 700.21959pt x 408.02437pt>
File: //uni-eng.ru/unit/Ivanovo/Документация ЮНИТ М300/Раз
работка/Схемы ФБ ЮНИТ-М300/Проект/БД500/desc/03.01 
ЛВ уст//761.3011 АПВ/img/APV_CSH.pdf Graphic file (type pdf)
<use //uni-eng.ru/unit/Ivanovo/Документация ЮНИТ М300/Раз
работка/Схемы ФБ ЮНИТ-М300/Проект/БД500/desc/03.01 
ЛВ уст//761.3011 АПВ/img/APV_CSH.pdf>
Package luatex.def Info: //uni-eng.ru/unit/Ivanovo/Документация Ю
НИТ М300/Разработка/Схемы ФБ ЮНИТ-М300/Проект/
БД500/desc/03.01 ЛВ уст//761.3011 АПВ/img/APV_CSH.pdf  used on input 
line 105.
(luatex.def)             Requested size: 506.47626pt x 295.12836pt.
 [55<//uni-eng.ru/unit/Ivanovo/Документация ЮНИТ М300/Раз
работка/Схемы ФБ ЮНИТ-М300/Проект/БД500/desc/03.01 
ЛВ уст//761.3011 АПВ/img/APV_LAP.pdf>])
("//uni-eng.ru/unit/Ivanovo/Документация ЮНИТ М300/Разра
ботка/Схемы ФБ ЮНИТ-М300/Проект/БД500/desc/03.01 ЛВ 
уст//761.3061 ПАВ/pav.tex"
<//uni-eng.ru/unit/Ivanovo/Документация ЮНИТ М300/Разра
ботка/Схемы ФБ ЮНИТ-М300/Проект/БД500/desc/03.01 ЛВ 
уст//761.3061 ПАВ/img/PAV.pdf, id=1848, 591.7985pt x 112.92188pt>
File: //uni-eng.ru/unit/Ivanovo/Документация ЮНИТ М300/Раз
работка/Схемы ФБ ЮНИТ-М300/Проект/БД500/desc/03.01 
ЛВ уст//761.3061 ПАВ/img/PAV.pdf Graphic file (type pdf)
<use //uni-eng.ru/unit/Ivanovo/Документация ЮНИТ М300/Раз
работка/Схемы ФБ ЮНИТ-М300/Проект/БД500/desc/03.01 
ЛВ уст//761.3061 ПАВ/img/PAV.pdf>
Package luatex.def Info: //uni-eng.ru/unit/Ivanovo/Документация Ю
НИТ М300/Разработка/Схемы ФБ ЮНИТ-М300/Проект/
БД500/desc/03.01 ЛВ уст//761.3061 ПАВ/img/PAV.pdf  used on input line
 17.
(luatex.def)             Requested size: 506.47156pt x 96.6405pt.
)
("//uni-eng.ru/unit/Ivanovo/Документация ЮНИТ М300/Разра
ботка/Схемы ФБ ЮНИТ-М300/Проект/БД500/desc/03.01 ЛВ 
уст//761.3371 КСВ/ksv.tex" [56<//uni-eng.ru/unit/Ivanovo/Докумен
тация ЮНИТ М300/Разработка/Схемы ФБ ЮНИТ-М300/
Проект/БД500/desc/03.01 ЛВ уст//761.3011 АПВ/img/APV_CSH.pdf><//
uni-eng.ru/unit/Ivanovo/Документация ЮНИТ М300/Разрабо
тка/Схемы ФБ ЮНИТ-М300/Проект/БД500/desc/03.01 ЛВ у
ст//761.3061 ПАВ/img/PAV.pdf>]
<//uni-eng.ru/unit/Ivanovo/Документация ЮНИТ М300/Разра
ботка/Схемы ФБ ЮНИТ-М300/Проект/БД500/desc/03.01 ЛВ 
уст//761.3371 КСВ/img/KSV_control.pdf, id=1880, 641.7988pt x 836.82639pt>

File: //uni-eng.ru/unit/Ivanovo/Документация ЮНИТ М300/Раз
работка/Схемы ФБ ЮНИТ-М300/Проект/БД500/desc/03.01 
ЛВ уст//761.3371 КСВ/img/KSV_control.pdf Graphic file (type pdf)
<use //uni-eng.ru/unit/Ivanovo/Документация ЮНИТ М300/Раз
работка/Схемы ФБ ЮНИТ-М300/Проект/БД500/desc/03.01 
ЛВ уст//761.3371 КСВ/img/KSV_control.pdf>
Package luatex.def Info: //uni-eng.ru/unit/Ivanovo/Документация Ю
НИТ М300/Разработка/Схемы ФБ ЮНИТ-М300/Проект/
БД500/desc/03.01 ЛВ уст//761.3371 КСВ/img/KSV_control.pdf  used on in
put line 22.
(luatex.def)             Requested size: 506.46709pt x 660.37054pt.
 [57] [58<//uni-eng.ru/unit/Ivanovo/Документация ЮНИТ М300/Р
азработка/Схемы ФБ ЮНИТ-М300/Проект/БД500/desc/03.0
1 ЛВ уст//761.3371 КСВ/img/KSV_control.pdf>]
<//uni-eng.ru/unit/Ivanovo/Документация ЮНИТ М300/Разра
ботка/Схемы ФБ ЮНИТ-М300/Проект/БД500/desc/03.01 ЛВ 
уст//761.3371 КСВ/img/KSV_control_TT_B1.pdf, id=1907, 584.36415pt x 221.0
611pt>
File: //uni-eng.ru/unit/Ivanovo/Документация ЮНИТ М300/Раз
работка/Схемы ФБ ЮНИТ-М300/Проект/БД500/desc/03.01 
ЛВ уст//761.3371 КСВ/img/KSV_control_TT_B1.pdf Graphic file (type pdf)
<use //uni-eng.ru/unit/Ivanovo/Документация ЮНИТ М300/Раз
работка/Схемы ФБ ЮНИТ-М300/Проект/БД500/desc/03.01 
ЛВ уст//761.3371 КСВ/img/KSV_control_TT_B1.pdf>
Package luatex.def Info: //uni-eng.ru/unit/Ivanovo/Документация Ю
НИТ М300/Разработка/Схемы ФБ ЮНИТ-М300/Проект/
БД500/desc/03.01 ЛВ уст//761.3371 КСВ/img/KSV_control_TT_B1.pdf  used
 on input line 64.
(luatex.def)             Requested size: 506.4667pt x 191.593pt.
 [59<//uni-eng.ru/unit/Ivanovo/Документация ЮНИТ М300/Раз
работка/Схемы ФБ ЮНИТ-М300/Проект/БД500/desc/03.01 
ЛВ уст//761.3371 КСВ/img/KSV_control_TT_B1.pdf>]
<//uni-eng.ru/unit/Ivanovo/Документация ЮНИТ М300/Разра
ботка/Схемы ФБ ЮНИТ-М300/Проект/БД500/desc/03.01 ЛВ 
уст//761.3371 КСВ/img/KSV_EMU_protection.pdf, id=1935, 579.29572pt x 317.
38576pt>
File: //uni-eng.ru/unit/Ivanovo/Документация ЮНИТ М300/Раз
работка/Схемы ФБ ЮНИТ-М300/Проект/БД500/desc/03.01 
ЛВ уст//761.3371 КСВ/img/KSV_EMU_protection.pdf Graphic file (type pdf)

<use //uni-eng.ru/unit/Ivanovo/Документация ЮНИТ М300/Раз
работка/Схемы ФБ ЮНИТ-М300/Проект/БД500/desc/03.01 
ЛВ уст//761.3371 КСВ/img/KSV_EMU_protection.pdf>
Package luatex.def Info: //uni-eng.ru/unit/Ivanovo/Документация Ю
НИТ М300/Разработка/Схемы ФБ ЮНИТ-М300/Проект/
БД500/desc/03.01 ЛВ уст//761.3371 КСВ/img/KSV_EMU_protection.pdf  use
d on input line 87.
(luatex.def)             Requested size: 506.46706pt x 277.48424pt.

Overfull \hbox (7.48593pt too wide) in paragraph at lines 106--107
[]\TU/ArialNarrow(1)/m/n/12 Функциональная схе-ма ло-ги-
ки бло-ки-ров-ки управ-ле-ния В1 при-ве-де-на 
на ри-сун-ке []1.51[]. Функциональная
 []

<//uni-eng.ru/unit/Ivanovo/Документация ЮНИТ М300/Разра
ботка/Схемы ФБ ЮНИТ-М300/Проект/БД500/desc/03.01 ЛВ 
уст//761.3371 КСВ/img/KSV_control_block.pdf, id=1938, 636.3775pt x 175.15
437pt>
File: //uni-eng.ru/unit/Ivanovo/Документация ЮНИТ М300/Раз
работка/Схемы ФБ ЮНИТ-М300/Проект/БД500/desc/03.01 
ЛВ уст//761.3371 КСВ/img/KSV_control_block.pdf Graphic file (type pdf)
<use //uni-eng.ru/unit/Ivanovo/Документация ЮНИТ М300/Раз
работка/Схемы ФБ ЮНИТ-М300/Проект/БД500/desc/03.01 
ЛВ уст//761.3371 КСВ/img/KSV_control_block.pdf>
Package luatex.def Info: //uni-eng.ru/unit/Ivanovo/Документация Ю
НИТ М300/Разработка/Схемы ФБ ЮНИТ-М300/Проект/
БД500/desc/03.01 ЛВ уст//761.3371 КСВ/img/KSV_control_block.pdf  used
 on input line 111.
(luatex.def)             Requested size: 506.45177pt x 139.39406pt.
[60<//uni-eng.ru/unit/Ivanovo/Документация ЮНИТ М300/Разр
аботка/Схемы ФБ ЮНИТ-М300/Проект/БД500/desc/03.01 Л
В уст//761.3371 КСВ/img/KSV_EMU_protection.pdf>]
<//uni-eng.ru/unit/Ivanovo/Документация ЮНИТ М300/Разра
ботка/Схемы ФБ ЮНИТ-М300/Проект/БД500/desc/03.01 ЛВ 
уст//761.3371 КСВ/img/KSV_relay_fix_B1.pdf, id=1966, 578.69354pt x 193.92
451pt>
File: //uni-eng.ru/unit/Ivanovo/Документация ЮНИТ М300/Раз
работка/Схемы ФБ ЮНИТ-М300/Проект/БД500/desc/03.01 
ЛВ уст//761.3371 КСВ/img/KSV_relay_fix_B1.pdf Graphic file (type pdf)
<use //uni-eng.ru/unit/Ivanovo/Документация ЮНИТ М300/Раз
работка/Схемы ФБ ЮНИТ-М300/Проект/БД500/desc/03.01 
ЛВ уст//761.3371 КСВ/img/KSV_relay_fix_B1.pdf>
Package luatex.def Info: //uni-eng.ru/unit/Ivanovo/Документация Ю
НИТ М300/Разработка/Схемы ФБ ЮНИТ-М300/Проект/
БД500/desc/03.01 ЛВ уст//761.3371 КСВ/img/KSV_relay_fix_B1.pdf  used 
on input line 126.
(luatex.def)             Requested size: 506.46158pt x 169.71902pt.
)
("//uni-eng.ru/unit/Ivanovo/Документация ЮНИТ М300/Разра
ботка/Схемы ФБ ЮНИТ-М300/Проект/БД500/desc/03.01 ЛВ 
уст//761.4011 ЛО/lo.tex"
<//uni-eng.ru/unit/Ivanovo/Документация ЮНИТ М300/Разра
ботка/Схемы ФБ ЮНИТ-М300/Проект/БД500/desc/03.01 ЛВ 
уст//761.4011 ЛО/img/logic_otkl.pdf, id=1969, 581.17125pt x 592.2125pt>
File: //uni-eng.ru/unit/Ivanovo/Документация ЮНИТ М300/Раз
работка/Схемы ФБ ЮНИТ-М300/Проект/БД500/desc/03.01 
ЛВ уст//761.4011 ЛО/img/logic_otkl.pdf Graphic file (type pdf)
<use //uni-eng.ru/unit/Ivanovo/Документация ЮНИТ М300/Раз
работка/Схемы ФБ ЮНИТ-М300/Проект/БД500/desc/03.01 
ЛВ уст//761.4011 ЛО/img/logic_otkl.pdf>
Package luatex.def Info: //uni-eng.ru/unit/Ivanovo/Документация Ю
НИТ М300/Разработка/Схемы ФБ ЮНИТ-М300/Проект/
БД500/desc/03.01 ЛВ уст//761.4011 ЛО/img/logic_otkl.pdf  used on input
 line 17.
(luatex.def)             Requested size: 506.46623pt x 516.08821pt.
 [61<//uni-eng.ru/unit/Ivanovo/Документация ЮНИТ М300/Раз
работка/Схемы ФБ ЮНИТ-М300/Проект/БД500/desc/03.01 
ЛВ уст//761.3371 КСВ/img/KSV_control_block.pdf><//uni-eng.ru/unit/Ivanov
o/Документация ЮНИТ М300/Разработка/Схемы ФБ 
ЮНИТ-М300/Проект/БД500/desc/03.01 ЛВ уст//761.3371 КСВ/img/
KSV_relay_fix_B1.pdf>] [62<//uni-eng.ru/unit/Ivanovo/Документация 
ЮНИТ М300/Разработка/Схемы ФБ ЮНИТ-М300/Проек
т/БД500/desc/03.01 ЛВ уст//761.4011 ЛО/img/logic_otkl.pdf>]
<//uni-eng.ru/unit/Ivanovo/Документация ЮНИТ М300/Разра
ботка/Схемы ФБ ЮНИТ-М300/Проект/БД500/desc/03.01 ЛВ 
уст//761.4011 ЛО/img/zapv.pdf, id=2020, 580.59543pt x 984.38052pt>
File: //uni-eng.ru/unit/Ivanovo/Документация ЮНИТ М300/Раз
работка/Схемы ФБ ЮНИТ-М300/Проект/БД500/desc/03.01 
ЛВ уст//761.4011 ЛО/img/zapv.pdf Graphic file (type pdf)
<use //uni-eng.ru/unit/Ivanovo/Документация ЮНИТ М300/Раз
работка/Схемы ФБ ЮНИТ-М300/Проект/БД500/desc/03.01 
ЛВ уст//761.4011 ЛО/img/zapv.pdf>
Package luatex.def Info: //uni-eng.ru/unit/Ivanovo/Документация Ю
НИТ М300/Разработка/Схемы ФБ ЮНИТ-М300/Проект/
БД500/desc/03.01 ЛВ уст//761.4011 ЛО/img/zapv.pdf  used on input line 
46.
(luatex.def)             Requested size: 407.64545pt x 691.1495pt.
 [63<//uni-eng.ru/unit/Ivanovo/Документация ЮНИТ М300/Раз
работка/Схемы ФБ ЮНИТ-М300/Проект/БД500/desc/03.01 
ЛВ уст//761.4011 ЛО/img/zapv.pdf>])
("//uni-eng.ru/unit/Ivanovo/Документация ЮНИТ М300/Разра
ботка/Схемы ФБ ЮНИТ-М300/Проект/БД500/desc/03.01 ЛВ 
уст//761.9901 ЛОВ/lov.tex"
<//uni-eng.ru/unit/Ivanovo/Документация ЮНИТ М300/Разра
ботка/Схемы ФБ ЮНИТ-М300/Проект/БД500/desc/03.01 ЛВ 
уст//761.9901 ЛОВ/img/logic_otkl.pdf, id=2039, 584.26926pt x 465.23813pt>

File: //uni-eng.ru/unit/Ivanovo/Документация ЮНИТ М300/Раз
работка/Схемы ФБ ЮНИТ-М300/Проект/БД500/desc/03.01 
ЛВ уст//761.9901 ЛОВ/img/logic_otkl.pdf Graphic file (type pdf)
<use //uni-eng.ru/unit/Ivanovo/Документация ЮНИТ М300/Раз
работка/Схемы ФБ ЮНИТ-М300/Проект/БД500/desc/03.01 
ЛВ уст//761.9901 ЛОВ/img/logic_otkl.pdf>
Package luatex.def Info: //uni-eng.ru/unit/Ivanovo/Документация Ю
НИТ М300/Разработка/Схемы ФБ ЮНИТ-М300/Проект/
БД500/desc/03.01 ЛВ уст//761.9901 ЛОВ/img/logic_otkl.pdf  used on inp
ut line 20.
(luatex.def)             Requested size: 506.47362pt x 403.29152pt.
 [64<//uni-eng.ru/unit/Ivanovo/Документация ЮНИТ М300/Раз
работка/Схемы ФБ ЮНИТ-М300/Проект/БД500/desc/03.01 
ЛВ уст//761.9901 ЛОВ/img/logic_otkl.pdf>])
("//uni-eng.ru/unit/Ivanovo/Документация ЮНИТ М300/Разра
ботка/Схемы ФБ ЮНИТ-М300/Проект/БД500/desc/03.01 ЛВ 
уст//761.3391 УВ/uv.tex"
<//uni-eng.ru/unit/Ivanovo/Документация ЮНИТ М300/Разра
ботка/Схемы ФБ ЮНИТ-М300/Проект/БД500/desc/03.01 ЛВ 
уст//761.3391 УВ/img/switch_control.pdf, id=2064, 582.30658pt x 366.16798p
t>
File: //uni-eng.ru/unit/Ivanovo/Документация ЮНИТ М300/Раз
работка/Схемы ФБ ЮНИТ-М300/Проект/БД500/desc/03.01 
ЛВ уст//761.3391 УВ/img/switch_control.pdf Graphic file (type pdf)
<use //uni-eng.ru/unit/Ivanovo/Документация ЮНИТ М300/Раз
работка/Схемы ФБ ЮНИТ-М300/Проект/БД500/desc/03.01 
ЛВ уст//761.3391 УВ/img/switch_control.pdf>
Package luatex.def Info: //uni-eng.ru/unit/Ivanovo/Документация Ю
НИТ М300/Разработка/Схемы ФБ ЮНИТ-М300/Проект/
БД500/desc/03.01 ЛВ уст//761.3391 УВ/img/switch_control.pdf  used on i
nput line 20.
(luatex.def)             Requested size: 506.47823pt x 318.48535pt.
 [65])
("//uni-eng.ru/unit/Ivanovo/Документация ЮНИТ М300/Разра
ботка/Схемы ФБ ЮНИТ-М300/Проект/БД500/desc/03.01 ЛВ 
уст//761.3381 ФПВ12/fpv.tex" [66<//uni-eng.ru/unit/Ivanovo/Докуме
нтация ЮНИТ М300/Разработка/Схемы ФБ ЮНИТ-М300/
Проект/БД500/desc/03.01 ЛВ уст//761.3391 УВ/img/switch_control.pd
f>]
<//uni-eng.ru/unit/Ivanovo/Документация ЮНИТ М300/Разра
ботка/Схемы ФБ ЮНИТ-М300/Проект/БД500/desc/03.01 ЛВ 
уст//761.3381 ФПВ12/img/fpv1.pdf, id=2103, 743.08826pt x 505.80658pt>
File: //uni-eng.ru/unit/Ivanovo/Документация ЮНИТ М300/Раз
работка/Схемы ФБ ЮНИТ-М300/Проект/БД500/desc/03.01 
ЛВ уст//761.3381 ФПВ12/img/fpv1.pdf Graphic file (type pdf)
<use //uni-eng.ru/unit/Ivanovo/Документация ЮНИТ М300/Раз
работка/Схемы ФБ ЮНИТ-М300/Проект/БД500/desc/03.01 
ЛВ уст//761.3381 ФПВ12/img/fpv1.pdf>
Package luatex.def Info: //uni-eng.ru/unit/Ivanovo/Документация Ю
НИТ М300/Разработка/Схемы ФБ ЮНИТ-М300/Проект/
БД500/desc/03.01 ЛВ уст//761.3381 ФПВ12/img/fpv1.pdf  used on input l
ine 29.
(luatex.def)             Requested size: 506.47255pt x 344.7466pt.
<//uni-eng.ru/unit/Ivanovo/Документация ЮНИТ М300/Разра
ботка/Схемы ФБ ЮНИТ-М300/Проект/БД500/desc/03.01 ЛВ 
уст//761.3381 ФПВ12/img/fpv2.pdf, id=2106, 775.512pt x 646.0463pt>
File: //uni-eng.ru/unit/Ivanovo/Документация ЮНИТ М300/Раз
работка/Схемы ФБ ЮНИТ-М300/Проект/БД500/desc/03.01 
ЛВ уст//761.3381 ФПВ12/img/fpv2.pdf Graphic file (type pdf)
<use //uni-eng.ru/unit/Ivanovo/Документация ЮНИТ М300/Раз
работка/Схемы ФБ ЮНИТ-М300/Проект/БД500/desc/03.01 
ЛВ уст//761.3381 ФПВ12/img/fpv2.pdf>
Package luatex.def Info: //uni-eng.ru/unit/Ivanovo/Документация Ю
НИТ М300/Разработка/Схемы ФБ ЮНИТ-М300/Проект/
БД500/desc/03.01 ЛВ уст//761.3381 ФПВ12/img/fpv2.pdf  used on input l
ine 40.
(luatex.def)             Requested size: 506.45532pt x 421.90654pt.
 [67<//uni-eng.ru/unit/Ivanovo/Документация ЮНИТ М300/Раз
работка/Схемы ФБ ЮНИТ-М300/Проект/БД500/desc/03.01 
ЛВ уст//761.3381 ФПВ12/img/fpv1.pdf>])
("//uni-eng.ru/unit/Ivanovo/Документация ЮНИТ М300/Разра
ботка/Схемы ФБ ЮНИТ-М300/Проект/БД500/desc/03.01 ЛВ 
уст//761.3461 ФПВ34/fpv.tex"
<//uni-eng.ru/unit/Ivanovo/Документация ЮНИТ М300/Разра
ботка/Схемы ФБ ЮНИТ-М300/Проект/БД500/desc/03.01 ЛВ 
уст//761.3461 ФПВ34/img/fpv3.pdf, id=2134, 677.02937pt x 440.14438pt>
File: //uni-eng.ru/unit/Ivanovo/Документация ЮНИТ М300/Раз
работка/Схемы ФБ ЮНИТ-М300/Проект/БД500/desc/03.01 
ЛВ уст//761.3461 ФПВ34/img/fpv3.pdf Graphic file (type pdf)
<use //uni-eng.ru/unit/Ivanovo/Документация ЮНИТ М300/Раз
работка/Схемы ФБ ЮНИТ-М300/Проект/БД500/desc/03.01 
ЛВ уст//761.3461 ФПВ34/img/fpv3.pdf>
Package luatex.def Info: //uni-eng.ru/unit/Ivanovo/Документация Ю
НИТ М300/Разработка/Схемы ФБ ЮНИТ-М300/Проект/
БД500/desc/03.01 ЛВ уст//761.3461 ФПВ34/img/fpv3.pdf  used on input l
ine 29.
(luatex.def)             Requested size: 506.47945pt x 329.26796pt.
 [68<//uni-eng.ru/unit/Ivanovo/Документация ЮНИТ М300/Раз
работка/Схемы ФБ ЮНИТ-М300/Проект/БД500/desc/03.01 
ЛВ уст//761.3381 ФПВ12/img/fpv2.pdf>]
<//uni-eng.ru/unit/Ivanovo/Документация ЮНИТ М300/Разра
ботка/Схемы ФБ ЮНИТ-М300/Проект/БД500/desc/03.01 ЛВ 
уст//761.3461 ФПВ34/img/fpv4.pdf, id=2161, 690.07813pt x 436.63126pt>
File: //uni-eng.ru/unit/Ivanovo/Документация ЮНИТ М300/Раз
работка/Схемы ФБ ЮНИТ-М300/Проект/БД500/desc/03.01 
ЛВ уст//761.3461 ФПВ34/img/fpv4.pdf Graphic file (type pdf)
<use //uni-eng.ru/unit/Ivanovo/Документация ЮНИТ М300/Раз
работка/Схемы ФБ ЮНИТ-М300/Проект/БД500/desc/03.01 
ЛВ уст//761.3461 ФПВ34/img/fpv4.pdf>
Package luatex.def Info: //uni-eng.ru/unit/Ivanovo/Документация Ю
НИТ М300/Разработка/Схемы ФБ ЮНИТ-М300/Проект/
БД500/desc/03.01 ЛВ уст//761.3461 ФПВ34/img/fpv4.pdf  used on input l
ine 40.
(luatex.def)             Requested size: 506.45898pt x 320.45041pt.
)
("//uni-eng.ru/unit/Ivanovo/Документация ЮНИТ М300/Разра
ботка/Схемы ФБ ЮНИТ-М300/Проект/БД500/desc/03.01 ЛВ 
уст//1821. Комм В1/komm.tex" [69<//uni-eng.ru/unit/Ivanovo/Докум
ентация ЮНИТ М300/Разработка/Схемы ФБ ЮНИТ-М30
0/Проект/БД500/desc/03.01 ЛВ уст//761.3461 ФПВ34/img/fpv3.pdf></
/uni-eng.ru/unit/Ivanovo/Документация ЮНИТ М300/Разраб
отка/Схемы ФБ ЮНИТ-М300/Проект/БД500/desc/03.01 ЛВ 
уст//761.3461 ФПВ34/img/fpv4.pdf>]
<//uni-eng.ru/unit/Ivanovo/Документация ЮНИТ М300/Разра
ботка/Схемы ФБ ЮНИТ-М300/Проект/БД500/desc/03.01 ЛВ 
уст//1821. Комм В1/img/komm.pdf, id=2197, 336.51967pt x 152.06813pt>
File: //uni-eng.ru/unit/Ivanovo/Документация ЮНИТ М300/Раз
работка/Схемы ФБ ЮНИТ-М300/Проект/БД500/desc/03.01 
ЛВ уст//1821. Комм В1/img/komm.pdf Graphic file (type pdf)
<use //uni-eng.ru/unit/Ivanovo/Документация ЮНИТ М300/Раз
работка/Схемы ФБ ЮНИТ-М300/Проект/БД500/desc/03.01 
ЛВ уст//1821. Комм В1/img/komm.pdf>
Package luatex.def Info: //uni-eng.ru/unit/Ivanovo/Документация Ю
НИТ М300/Разработка/Схемы ФБ ЮНИТ-М300/Проект/
БД500/desc/03.01 ЛВ уст//1821. Комм В1/img/komm.pdf  used on input 
line 22.
(luatex.def)             Requested size: 379.86226pt x 171.65398pt.
)
("//uni-eng.ru/unit/Ivanovo/Документация ЮНИТ М300/Разра
ботка/Схемы ФБ ЮНИТ-М300/Проект/БД500/desc/03.01 ЛВ 
уст//761.1811 ФС ЛЭП/fs.tex"
<//uni-eng.ru/unit/Ivanovo/Документация ЮНИТ М300/Разра
ботка/Схемы ФБ ЮНИТ-М300/Проект/БД500/desc/03.01 ЛВ 
уст//761.1811 ФС ЛЭП/img/FSL.pdf, id=2200, 363.9754pt x 97.5073pt>
File: //uni-eng.ru/unit/Ivanovo/Документация ЮНИТ М300/Раз
работка/Схемы ФБ ЮНИТ-М300/Проект/БД500/desc/03.01 
ЛВ уст//761.1811 ФС ЛЭП/img/FSL.pdf Graphic file (type pdf)
<use //uni-eng.ru/unit/Ivanovo/Документация ЮНИТ М300/Раз
работка/Схемы ФБ ЮНИТ-М300/Проект/БД500/desc/03.01 
ЛВ уст//761.1811 ФС ЛЭП/img/FSL.pdf>
Package luatex.def Info: //uni-eng.ru/unit/Ivanovo/Документация Ю
НИТ М300/Разработка/Схемы ФБ ЮНИТ-М300/Проект/
БД500/desc/03.01 ЛВ уст//761.1811 ФС ЛЭП/img/FSL.pdf  used on input
 line 17.
(luatex.def)             Requested size: 379.8473pt x 101.75928pt.
)
("//uni-eng.ru/unit/Ivanovo/Документация ЮНИТ М300/Разра
ботка/Схемы ФБ ЮНИТ-М300/Проект/БД500/desc/03.01 ЛВ 
уст//3581. КПОВ/kpov.tex"
<//uni-eng.ru/unit/Ivanovo/Документация ЮНИТ М300/Разра
ботка/Схемы ФБ ЮНИТ-М300/Проект/БД500/desc/03.01 ЛВ 
уст//3581. КПОВ/img/kpov.pdf, id=2203, 333.4898pt x 106.14656pt>
File: //uni-eng.ru/unit/Ivanovo/Документация ЮНИТ М300/Раз
работка/Схемы ФБ ЮНИТ-М300/Проект/БД500/desc/03.01 
ЛВ уст//3581. КПОВ/img/kpov.pdf Graphic file (type pdf)
<use //uni-eng.ru/unit/Ivanovo/Документация ЮНИТ М300/Раз
работка/Схемы ФБ ЮНИТ-М300/Проект/БД500/desc/03.01 
ЛВ уст//3581. КПОВ/img/kpov.pdf>
Package luatex.def Info: //uni-eng.ru/unit/Ivanovo/Документация Ю
НИТ М300/Разработка/Схемы ФБ ЮНИТ-М300/Проект/
БД500/desc/03.01 ЛВ уст//3581. КПОВ/img/kpov.pdf  used on input line
 19.
(luatex.def)             Requested size: 379.86682pt x 120.90791pt.
 [70<//uni-eng.ru/unit/Ivanovo/Документация ЮНИТ М300/Раз
работка/Схемы ФБ ЮНИТ-М300/Проект/БД500/desc/03.01 
ЛВ уст//1821. Комм В1/img/komm.pdf><//uni-eng.ru/unit/Ivanovo/Док
ументация ЮНИТ М300/Разработка/Схемы ФБ ЮНИ
Т-М300/Проект/БД500/desc/03.01 ЛВ уст//761.1811 ФС ЛЭП/img/F
SL.pdf>]) [71<//uni-eng.ru/unit/Ivanovo/Документация ЮНИТ М300/
Разработка/Схемы ФБ ЮНИТ-М300/Проект/БД500/desc/03
.01 ЛВ уст//3581. КПОВ/img/kpov.pdf>] (./section3.tex) [72]
("//uni-eng.ru/unit/Ivanovo/Документация ЮНИТ М300/Разра
ботка/Схемы ФБ ЮНИТ-М300/Проект/РЭ500/99. Общие 
разделы РЭ//Тех обсл и ремонт/_latex/repair.tex")
("//uni-eng.ru/unit/Ivanovo/Документация ЮНИТ М300/Разра
ботка/Схемы ФБ ЮНИТ-М300/Проект/РЭ500/99. Общие 
разделы РЭ//Трансп и хранение/_latex/trans.tex")
("//uni-eng.ru/unit/Ivanovo/Документация ЮНИТ М300/Разра
ботка/Схемы ФБ ЮНИТ-М300/Проект/РЭ500/99. Общие 
разделы РЭ//Утилизация/_latex/util.tex")
("//uni-eng.ru/unit/Ivanovo/Документация ЮНИТ М300/Разра
ботка/Схемы ФБ ЮНИТ-М300/Проект/РЭ500/99. Общие 
разделы РЭ//Гарантия/_latex/garant.tex")
("//uni-eng.ru/unit/Ivanovo/Документация ЮНИТ М300/Разра
ботка/Схемы ФБ ЮНИТ-М300/Проект/РЭ500/99. Общие 
разделы РЭ//Тех поддержка/_latex/support.tex" [73])
(./startapp.tex) [74]
("//uni-eng.ru/unit/Ivanovo/Документация ЮНИТ М300/Разра
ботка/Схемы ФБ ЮНИТ-М300/Проект/РЭ500/30. РЭ ЮНИ
Т-М500-ЛВ Уст//Приложение. Уставки/settings.tex"
ignored error Infinite glue shrinkage found in box being split [75]
ignored error Infinite glue shrinkage found in box being split [76]
ignored error Infinite glue shrinkage found in box being split [77]
ignored error Infinite glue shrinkage found in box being split [78]
ignored error Infinite glue shrinkage found in box being split [79]
ignored error Infinite glue shrinkage found in box being split [80]
ignored error Infinite glue shrinkage found in box being split [81]
ignored error Infinite glue shrinkage found in box being split [82]
ignored error Infinite glue shrinkage found in box being split [83]
ignored error Infinite glue shrinkage found in box being split [84]
ignored error Infinite glue shrinkage found in box being split [85] [86]
ignored error Infinite glue shrinkage found in box being split [87] [88]
ignored error Infinite glue shrinkage found in box being split [89]
ignored error Infinite glue shrinkage found in box being split [90]
ignored error Infinite glue shrinkage found in box being split [91]
ignored error Infinite glue shrinkage found in box being split [92]
ignored error Infinite glue shrinkage found in box being split [93]
ignored error Infinite glue shrinkage found in box being split [94] [95])
[96]
("//uni-eng.ru/unit/Ivanovo/Документация ЮНИТ М300/Разра
ботка/Схемы ФБ ЮНИТ-М300/Проект/РЭ500/30. РЭ ЮНИ
Т-М500-ЛВ Уст//Приложение. Карта/_latex/apporder.tex"
<//uni-eng.ru/unit/Ivanovo/Документация ЮНИТ М300/Разра
ботка/Схемы ФБ ЮНИТ-М300/Проект/РЭ500/30. РЭ ЮНИ
Т-М500-ЛВ Уст//Приложение. Карта/ordercard.pdf, id=2495, 
597.55244pt x 845.0772pt>
File: //uni-eng.ru/unit/Ivanovo/Документация ЮНИТ М300/Раз
работка/Схемы ФБ ЮНИТ-М300/Проект/РЭ500/30. РЭ Ю
НИТ-М500-ЛВ Уст//Приложение. Карта/ordercard.pdf Graphi
c file (type pdf)
<use //uni-eng.ru/unit/Ivanovo/Документация ЮНИТ М300/Раз
работка/Схемы ФБ ЮНИТ-М300/Проект/РЭ500/30. РЭ Ю
НИТ-М500-ЛВ Уст//Приложение. Карта/ordercard.pdf>
Package luatex.def Info: //uni-eng.ru/unit/Ivanovo/Документация Ю
НИТ М300/Разработка/Схемы ФБ ЮНИТ-М300/Проект/
РЭ500/30. РЭ ЮНИТ-М500-ЛВ Уст//Приложение. Карта/o
rdercard.pdf  used on input line 6.
(luatex.def)             Requested size: 455.82227pt x 644.638pt.
<//uni-eng.ru/unit/Ivanovo/Документация ЮНИТ М300/Разра
ботка/Схемы ФБ ЮНИТ-М300/Проект/РЭ500/30. РЭ ЮНИ
Т-М500-ЛВ Уст//Приложение. Карта/ordercard2.pdf, id=2496,
 597.55244pt x 845.0772pt>
File: //uni-eng.ru/unit/Ivanovo/Документация ЮНИТ М300/Раз
работка/Схемы ФБ ЮНИТ-М300/Проект/РЭ500/30. РЭ Ю
НИТ-М500-ЛВ Уст//Приложение. Карта/ordercard2.pdf Graph
ic file (type pdf)
<use //uni-eng.ru/unit/Ivanovo/Документация ЮНИТ М300/Раз
работка/Схемы ФБ ЮНИТ-М300/Проект/РЭ500/30. РЭ Ю
НИТ-М500-ЛВ Уст//Приложение. Карта/ordercard2.pdf>
Package luatex.def Info: //uni-eng.ru/unit/Ivanovo/Документация Ю
НИТ М300/Разработка/Схемы ФБ ЮНИТ-М300/Проект/
РЭ500/30. РЭ ЮНИТ-М500-ЛВ Уст//Приложение. Карта/o
rdercard2.pdf  used on input line 12.
(luatex.def)             Requested size: 506.47223pt x 716.26874pt.

[97<//uni-eng.ru/unit/Ivanovo/Документация ЮНИТ М300/Разр
аботка/Схемы ФБ ЮНИТ-М300/Проект/РЭ500/30. РЭ ЮН
ИТ-М500-ЛВ Уст//Приложение. Карта/ordercard.pdf>]
<//uni-eng.ru/unit/Ivanovo/Документация ЮНИТ М300/Разра
ботка/Схемы ФБ ЮНИТ-М300/Проект/РЭ500/30. РЭ ЮНИ
Т-М500-ЛВ Уст//Приложение. Карта/ordercard3.pdf, id=2526,
 597.55244pt x 845.0772pt>
File: //uni-eng.ru/unit/Ivanovo/Документация ЮНИТ М300/Раз
работка/Схемы ФБ ЮНИТ-М300/Проект/РЭ500/30. РЭ Ю
НИТ-М500-ЛВ Уст//Приложение. Карта/ordercard3.pdf Graph
ic file (type pdf)
<use //uni-eng.ru/unit/Ivanovo/Документация ЮНИТ М300/Раз
работка/Схемы ФБ ЮНИТ-М300/Проект/РЭ500/30. РЭ Ю
НИТ-М500-ЛВ Уст//Приложение. Карта/ordercard3.pdf>
Package luatex.def Info: //uni-eng.ru/unit/Ivanovo/Документация Ю
НИТ М300/Разработка/Схемы ФБ ЮНИТ-М300/Проект/
РЭ500/30. РЭ ЮНИТ-М500-ЛВ Уст//Приложение. Карта/o
rdercard3.pdf  used on input line 18.
(luatex.def)             Requested size: 506.47223pt x 716.26874pt.

[98<//uni-eng.ru/unit/Ivanovo/Документация ЮНИТ М300/Разр
аботка/Схемы ФБ ЮНИТ-М300/Проект/РЭ500/30. РЭ ЮН
ИТ-М500-ЛВ Уст//Приложение. Карта/ordercard2.pdf>]
[99<//uni-eng.ru/unit/Ivanovo/Документация ЮНИТ М300/Разр
аботка/Схемы ФБ ЮНИТ-М300/Проект/РЭ500/30. РЭ ЮН
ИТ-М500-ЛВ Уст//Приложение. Карта/ordercard3.pdf>])
("//uni-eng.ru/unit/Ivanovo/Документация ЮНИТ М300/Разра
ботка/Схемы ФБ ЮНИТ-М300/Проект/РЭ500/30. РЭ ЮНИ
Т-М500-ЛВ Уст//Приложение. ФСУ/_latex/app2.tex"
Package typearea Info: These are the values describing the layout:
(typearea)             DIV  = areaset
(typearea)             BCOR = 0.0pt
(typearea)             \paperwidth      = 1195.01587pt
(typearea)              \textwidth      = 1109.65747pt
(typearea)              \evensidemargin = -29.5908pt
(typearea)              \oddsidemargin  = -29.5908pt
(typearea)             \paperheight     = 845.04694pt
(typearea)              \textheight     = 768.2244pt
(typearea)              \topmargin      = -85.41248pt
(typearea)              \headheight     = 17.0pt
(typearea)              \headsep        = 21.75pt
(typearea)              \topskip        = 22.0pt
(typearea)              \footskip       = 50.75pt
(typearea)              \baselineskip   = 14.5pt
(typearea)              on input line 4.
Package typearea Info: Using dirty hack to recalculate internal output
(typearea)             dimensions of LaTeX on input line 4.


Package typearea Warning: page content and margins higher than paper.
(typearea)                This may result in page footer out of paper.
(typearea)                You should decrease DIV, decrease foot height,
(typearea)                or decreate height of text area.

\c@filecounter=\count428
<//uni-eng.ru/unit/Ivanovo/Документация ЮНИТ М300/Разра
ботка/Схемы ФБ ЮНИТ-М300/Проект/РЭ500/30. РЭ ЮНИ
Т-М500-ЛВ Уст//Приложение. ФСУ/_latex/img/1.pdf, id=2585, 1
613.4925pt x 1161.323pt>
File: //uni-eng.ru/unit/Ivanovo/Документация ЮНИТ М300/Раз
работка/Схемы ФБ ЮНИТ-М300/Проект/РЭ500/30. РЭ Ю
НИТ-М500-ЛВ Уст//Приложение. ФСУ/_latex/img/1.pdf Graphic
 file (type pdf)
<use //uni-eng.ru/unit/Ivanovo/Документация ЮНИТ М300/Раз
работка/Схемы ФБ ЮНИТ-М300/Проект/РЭ500/30. РЭ Ю
НИТ-М500-ЛВ Уст//Приложение. ФСУ/_latex/img/1.pdf>
Package luatex.def Info: //uni-eng.ru/unit/Ivanovo/Документация Ю
НИТ М300/Разработка/Схемы ФБ ЮНИТ-М300/Проект/
РЭ500/30. РЭ ЮНИТ-М500-ЛВ Уст//Приложение. ФСУ/_late
x/img/1.pdf  used on input line 29.
(luatex.def)             Requested size: 1067.3211pt x 768.21214pt.

Package fancyhdr Warning: \footskip is too small (-22.76228pt): 
(fancyhdr)                Make it at least 15.49998pt, for example:
(fancyhdr)                \setlength{\footskip}{15.49998pt}.

[100

]

Package fancyhdr Warning: \footskip is too small (-22.76228pt): 
(fancyhdr)                Make it at least 15.49998pt, for example:
(fancyhdr)                \setlength{\footskip}{15.49998pt}.

[101<//uni-eng.ru/unit/Ivanovo/Документация ЮНИТ М300/Раз
работка/Схемы ФБ ЮНИТ-М300/Проект/РЭ500/30. РЭ Ю
НИТ-М500-ЛВ Уст//Приложение. ФСУ/_latex/img/1.pdf>]
<//uni-eng.ru/unit/Ivanovo/Документация ЮНИТ М300/Разра
ботка/Схемы ФБ ЮНИТ-М300/Проект/РЭ500/30. РЭ ЮНИ
Т-М500-ЛВ Уст//Приложение. ФСУ/_latex/img/2.pdf, id=2605, 1
613.4925pt x 1161.323pt>
File: //uni-eng.ru/unit/Ivanovo/Документация ЮНИТ М300/Раз
работка/Схемы ФБ ЮНИТ-М300/Проект/РЭ500/30. РЭ Ю
НИТ-М500-ЛВ Уст//Приложение. ФСУ/_latex/img/2.pdf Graphic
 file (type pdf)
<use //uni-eng.ru/unit/Ivanovo/Документация ЮНИТ М300/Раз
работка/Схемы ФБ ЮНИТ-М300/Проект/РЭ500/30. РЭ Ю
НИТ-М500-ЛВ Уст//Приложение. ФСУ/_latex/img/2.pdf>
Package luatex.def Info: //uni-eng.ru/unit/Ivanovo/Документация Ю
НИТ М300/Разработка/Схемы ФБ ЮНИТ-М300/Проект/
РЭ500/30. РЭ ЮНИТ-М500-ЛВ Уст//Приложение. ФСУ/_late
x/img/2.pdf  used on input line 29.
(luatex.def)             Requested size: 1067.3211pt x 768.21214pt.


Package fancyhdr Warning: \footskip is too small (-22.76228pt): 
(fancyhdr)                Make it at least 15.49998pt, for example:
(fancyhdr)                \setlength{\footskip}{15.49998pt}.

[102

<//uni-eng.ru/unit/Ivanovo/Документация ЮНИТ М300/Разра
ботка/Схемы ФБ ЮНИТ-М300/Проект/РЭ500/30. РЭ ЮНИ
Т-М500-ЛВ Уст//Приложение. ФСУ/_latex/img/2.pdf>]
<//uni-eng.ru/unit/Ivanovo/Документация ЮНИТ М300/Разра
ботка/Схемы ФБ ЮНИТ-М300/Проект/РЭ500/30. РЭ ЮНИ
Т-М500-ЛВ Уст//Приложение. ФСУ/_latex/img/3.pdf, id=2621, 1
613.4925pt x 1161.323pt>
File: //uni-eng.ru/unit/Ivanovo/Документация ЮНИТ М300/Раз
работка/Схемы ФБ ЮНИТ-М300/Проект/РЭ500/30. РЭ Ю
НИТ-М500-ЛВ Уст//Приложение. ФСУ/_latex/img/3.pdf Graphic
 file (type pdf)
<use //uni-eng.ru/unit/Ivanovo/Документация ЮНИТ М300/Раз
работка/Схемы ФБ ЮНИТ-М300/Проект/РЭ500/30. РЭ Ю
НИТ-М500-ЛВ Уст//Приложение. ФСУ/_latex/img/3.pdf>
Package luatex.def Info: //uni-eng.ru/unit/Ivanovo/Документация Ю
НИТ М300/Разработка/Схемы ФБ ЮНИТ-М300/Проект/
РЭ500/30. РЭ ЮНИТ-М500-ЛВ Уст//Приложение. ФСУ/_late
x/img/3.pdf  used on input line 29.
(luatex.def)             Requested size: 1067.3211pt x 768.21214pt.


Package fancyhdr Warning: \footskip is too small (-22.76228pt): 
(fancyhdr)                Make it at least 15.49998pt, for example:
(fancyhdr)                \setlength{\footskip}{15.49998pt}.

[103

<//uni-eng.ru/unit/Ivanovo/Документация ЮНИТ М300/Разра
ботка/Схемы ФБ ЮНИТ-М300/Проект/РЭ500/30. РЭ ЮНИ
Т-М500-ЛВ Уст//Приложение. ФСУ/_latex/img/3.pdf>]
<//uni-eng.ru/unit/Ivanovo/Документация ЮНИТ М300/Разра
ботка/Схемы ФБ ЮНИТ-М300/Проект/РЭ500/30. РЭ ЮНИ
Т-М500-ЛВ Уст//Приложение. ФСУ/_latex/img/4.pdf, id=2644, 1
613.4925pt x 1161.323pt>
File: //uni-eng.ru/unit/Ivanovo/Документация ЮНИТ М300/Раз
работка/Схемы ФБ ЮНИТ-М300/Проект/РЭ500/30. РЭ Ю
НИТ-М500-ЛВ Уст//Приложение. ФСУ/_latex/img/4.pdf Graphic
 file (type pdf)
<use //uni-eng.ru/unit/Ivanovo/Документация ЮНИТ М300/Раз
работка/Схемы ФБ ЮНИТ-М300/Проект/РЭ500/30. РЭ Ю
НИТ-М500-ЛВ Уст//Приложение. ФСУ/_latex/img/4.pdf>
Package luatex.def Info: //uni-eng.ru/unit/Ivanovo/Документация Ю
НИТ М300/Разработка/Схемы ФБ ЮНИТ-М300/Проект/
РЭ500/30. РЭ ЮНИТ-М500-ЛВ Уст//Приложение. ФСУ/_late
x/img/4.pdf  used on input line 29.
(luatex.def)             Requested size: 1067.3211pt x 768.21214pt.


Package fancyhdr Warning: \footskip is too small (-22.76228pt): 
(fancyhdr)                Make it at least 15.49998pt, for example:
(fancyhdr)                \setlength{\footskip}{15.49998pt}.

[104

<//uni-eng.ru/unit/Ivanovo/Документация ЮНИТ М300/Разра
ботка/Схемы ФБ ЮНИТ-М300/Проект/РЭ500/30. РЭ ЮНИ
Т-М500-ЛВ Уст//Приложение. ФСУ/_latex/img/4.pdf>]
<//uni-eng.ru/unit/Ivanovo/Документация ЮНИТ М300/Разра
ботка/Схемы ФБ ЮНИТ-М300/Проект/РЭ500/30. РЭ ЮНИ
Т-М500-ЛВ Уст//Приложение. ФСУ/_latex/img/5.pdf, id=2663, 1
613.4925pt x 1161.323pt>
File: //uni-eng.ru/unit/Ivanovo/Документация ЮНИТ М300/Раз
работка/Схемы ФБ ЮНИТ-М300/Проект/РЭ500/30. РЭ Ю
НИТ-М500-ЛВ Уст//Приложение. ФСУ/_latex/img/5.pdf Graphic
 file (type pdf)
<use //uni-eng.ru/unit/Ivanovo/Документация ЮНИТ М300/Раз
работка/Схемы ФБ ЮНИТ-М300/Проект/РЭ500/30. РЭ Ю
НИТ-М500-ЛВ Уст//Приложение. ФСУ/_latex/img/5.pdf>
Package luatex.def Info: //uni-eng.ru/unit/Ivanovo/Документация Ю
НИТ М300/Разработка/Схемы ФБ ЮНИТ-М300/Проект/
РЭ500/30. РЭ ЮНИТ-М500-ЛВ Уст//Приложение. ФСУ/_late
x/img/5.pdf  used on input line 29.
(luatex.def)             Requested size: 1067.3211pt x 768.21214pt.


Package fancyhdr Warning: \footskip is too small (-22.76228pt): 
(fancyhdr)                Make it at least 15.49998pt, for example:
(fancyhdr)                \setlength{\footskip}{15.49998pt}.

[105

<//uni-eng.ru/unit/Ivanovo/Документация ЮНИТ М300/Разра
ботка/Схемы ФБ ЮНИТ-М300/Проект/РЭ500/30. РЭ ЮНИ
Т-М500-ЛВ Уст//Приложение. ФСУ/_latex/img/5.pdf>]
<//uni-eng.ru/unit/Ivanovo/Документация ЮНИТ М300/Разра
ботка/Схемы ФБ ЮНИТ-М300/Проект/РЭ500/30. РЭ ЮНИ
Т-М500-ЛВ Уст//Приложение. ФСУ/_latex/img/6.pdf, id=2682, 1
613.4925pt x 1161.323pt>
File: //uni-eng.ru/unit/Ivanovo/Документация ЮНИТ М300/Раз
работка/Схемы ФБ ЮНИТ-М300/Проект/РЭ500/30. РЭ Ю
НИТ-М500-ЛВ Уст//Приложение. ФСУ/_latex/img/6.pdf Graphic
 file (type pdf)
<use //uni-eng.ru/unit/Ivanovo/Документация ЮНИТ М300/Раз
работка/Схемы ФБ ЮНИТ-М300/Проект/РЭ500/30. РЭ Ю
НИТ-М500-ЛВ Уст//Приложение. ФСУ/_latex/img/6.pdf>
Package luatex.def Info: //uni-eng.ru/unit/Ivanovo/Документация Ю
НИТ М300/Разработка/Схемы ФБ ЮНИТ-М300/Проект/
РЭ500/30. РЭ ЮНИТ-М500-ЛВ Уст//Приложение. ФСУ/_late
x/img/6.pdf  used on input line 29.
(luatex.def)             Requested size: 1067.3211pt x 768.21214pt.


Package fancyhdr Warning: \footskip is too small (-22.76228pt): 
(fancyhdr)                Make it at least 15.49998pt, for example:
(fancyhdr)                \setlength{\footskip}{15.49998pt}.

[106

<//uni-eng.ru/unit/Ivanovo/Документация ЮНИТ М300/Разра
ботка/Схемы ФБ ЮНИТ-М300/Проект/РЭ500/30. РЭ ЮНИ
Т-М500-ЛВ Уст//Приложение. ФСУ/_latex/img/6.pdf>]
<//uni-eng.ru/unit/Ivanovo/Документация ЮНИТ М300/Разра
ботка/Схемы ФБ ЮНИТ-М300/Проект/РЭ500/30. РЭ ЮНИ
Т-М500-ЛВ Уст//Приложение. ФСУ/_latex/img/7.pdf, id=2701, 1
613.4925pt x 1161.323pt>
File: //uni-eng.ru/unit/Ivanovo/Документация ЮНИТ М300/Раз
работка/Схемы ФБ ЮНИТ-М300/Проект/РЭ500/30. РЭ Ю
НИТ-М500-ЛВ Уст//Приложение. ФСУ/_latex/img/7.pdf Graphic
 file (type pdf)
<use //uni-eng.ru/unit/Ivanovo/Документация ЮНИТ М300/Раз
работка/Схемы ФБ ЮНИТ-М300/Проект/РЭ500/30. РЭ Ю
НИТ-М500-ЛВ Уст//Приложение. ФСУ/_latex/img/7.pdf>
Package luatex.def Info: //uni-eng.ru/unit/Ivanovo/Документация Ю
НИТ М300/Разработка/Схемы ФБ ЮНИТ-М300/Проект/
РЭ500/30. РЭ ЮНИТ-М500-ЛВ Уст//Приложение. ФСУ/_late
x/img/7.pdf  used on input line 29.
(luatex.def)             Requested size: 1067.3211pt x 768.21214pt.


Package fancyhdr Warning: \footskip is too small (-22.76228pt): 
(fancyhdr)                Make it at least 15.49998pt, for example:
(fancyhdr)                \setlength{\footskip}{15.49998pt}.

[107

<//uni-eng.ru/unit/Ivanovo/Документация ЮНИТ М300/Разра
ботка/Схемы ФБ ЮНИТ-М300/Проект/РЭ500/30. РЭ ЮНИ
Т-М500-ЛВ Уст//Приложение. ФСУ/_latex/img/7.pdf>]
<//uni-eng.ru/unit/Ivanovo/Документация ЮНИТ М300/Разра
ботка/Схемы ФБ ЮНИТ-М300/Проект/РЭ500/30. РЭ ЮНИ
Т-М500-ЛВ Уст//Приложение. ФСУ/_latex/img/8.pdf, id=2720, 1
613.4925pt x 1161.323pt>
File: //uni-eng.ru/unit/Ivanovo/Документация ЮНИТ М300/Раз
работка/Схемы ФБ ЮНИТ-М300/Проект/РЭ500/30. РЭ Ю
НИТ-М500-ЛВ Уст//Приложение. ФСУ/_latex/img/8.pdf Graphic
 file (type pdf)
<use //uni-eng.ru/unit/Ivanovo/Документация ЮНИТ М300/Раз
работка/Схемы ФБ ЮНИТ-М300/Проект/РЭ500/30. РЭ Ю
НИТ-М500-ЛВ Уст//Приложение. ФСУ/_latex/img/8.pdf>
Package luatex.def Info: //uni-eng.ru/unit/Ivanovo/Документация Ю
НИТ М300/Разработка/Схемы ФБ ЮНИТ-М300/Проект/
РЭ500/30. РЭ ЮНИТ-М500-ЛВ Уст//Приложение. ФСУ/_late
x/img/8.pdf  used on input line 29.
(luatex.def)             Requested size: 1067.3211pt x 768.21214pt.


Package fancyhdr Warning: \footskip is too small (-22.76228pt): 
(fancyhdr)                Make it at least 15.49998pt, for example:
(fancyhdr)                \setlength{\footskip}{15.49998pt}.

[108

<//uni-eng.ru/unit/Ivanovo/Документация ЮНИТ М300/Разра
ботка/Схемы ФБ ЮНИТ-М300/Проект/РЭ500/30. РЭ ЮНИ
Т-М500-ЛВ Уст//Приложение. ФСУ/_latex/img/8.pdf>]
<//uni-eng.ru/unit/Ivanovo/Документация ЮНИТ М300/Разра
ботка/Схемы ФБ ЮНИТ-М300/Проект/РЭ500/30. РЭ ЮНИ
Т-М500-ЛВ Уст//Приложение. ФСУ/_latex/img/9.pdf, id=2739, 1
613.4925pt x 1161.323pt>
File: //uni-eng.ru/unit/Ivanovo/Документация ЮНИТ М300/Раз
работка/Схемы ФБ ЮНИТ-М300/Проект/РЭ500/30. РЭ Ю
НИТ-М500-ЛВ Уст//Приложение. ФСУ/_latex/img/9.pdf Graphic
 file (type pdf)
<use //uni-eng.ru/unit/Ivanovo/Документация ЮНИТ М300/Раз
работка/Схемы ФБ ЮНИТ-М300/Проект/РЭ500/30. РЭ Ю
НИТ-М500-ЛВ Уст//Приложение. ФСУ/_latex/img/9.pdf>
Package luatex.def Info: //uni-eng.ru/unit/Ivanovo/Документация Ю
НИТ М300/Разработка/Схемы ФБ ЮНИТ-М300/Проект/
РЭ500/30. РЭ ЮНИТ-М500-ЛВ Уст//Приложение. ФСУ/_late
x/img/9.pdf  used on input line 29.
(luatex.def)             Requested size: 1067.3211pt x 768.21214pt.


Package fancyhdr Warning: \footskip is too small (-22.76228pt): 
(fancyhdr)                Make it at least 15.49998pt, for example:
(fancyhdr)                \setlength{\footskip}{15.49998pt}.

[109

<//uni-eng.ru/unit/Ivanovo/Документация ЮНИТ М300/Разра
ботка/Схемы ФБ ЮНИТ-М300/Проект/РЭ500/30. РЭ ЮНИ
Т-М500-ЛВ Уст//Приложение. ФСУ/_latex/img/9.pdf>]
<//uni-eng.ru/unit/Ivanovo/Документация ЮНИТ М300/Разра
ботка/Схемы ФБ ЮНИТ-М300/Проект/РЭ500/30. РЭ ЮНИ
Т-М500-ЛВ Уст//Приложение. ФСУ/_latex/img/10.pdf, id=2758, 
1613.4925pt x 1161.323pt>
File: //uni-eng.ru/unit/Ivanovo/Документация ЮНИТ М300/Раз
работка/Схемы ФБ ЮНИТ-М300/Проект/РЭ500/30. РЭ Ю
НИТ-М500-ЛВ Уст//Приложение. ФСУ/_latex/img/10.pdf Graphi
c file (type pdf)
<use //uni-eng.ru/unit/Ivanovo/Документация ЮНИТ М300/Раз
работка/Схемы ФБ ЮНИТ-М300/Проект/РЭ500/30. РЭ Ю
НИТ-М500-ЛВ Уст//Приложение. ФСУ/_latex/img/10.pdf>
Package luatex.def Info: //uni-eng.ru/unit/Ivanovo/Документация Ю
НИТ М300/Разработка/Схемы ФБ ЮНИТ-М300/Проект/
РЭ500/30. РЭ ЮНИТ-М500-ЛВ Уст//Приложение. ФСУ/_late
x/img/10.pdf  used on input line 29.
(luatex.def)             Requested size: 1067.3211pt x 768.21214pt.


Package fancyhdr Warning: \footskip is too small (-22.76228pt): 
(fancyhdr)                Make it at least 15.49998pt, for example:
(fancyhdr)                \setlength{\footskip}{15.49998pt}.

[110

<//uni-eng.ru/unit/Ivanovo/Документация ЮНИТ М300/Разра
ботка/Схемы ФБ ЮНИТ-М300/Проект/РЭ500/30. РЭ ЮНИ
Т-М500-ЛВ Уст//Приложение. ФСУ/_latex/img/10.pdf>]
<//uni-eng.ru/unit/Ivanovo/Документация ЮНИТ М300/Разра
ботка/Схемы ФБ ЮНИТ-М300/Проект/РЭ500/30. РЭ ЮНИ
Т-М500-ЛВ Уст//Приложение. ФСУ/_latex/img/11.pdf, id=2777, 
1613.4925pt x 1161.323pt>
File: //uni-eng.ru/unit/Ivanovo/Документация ЮНИТ М300/Раз
работка/Схемы ФБ ЮНИТ-М300/Проект/РЭ500/30. РЭ Ю
НИТ-М500-ЛВ Уст//Приложение. ФСУ/_latex/img/11.pdf Graphi
c file (type pdf)
<use //uni-eng.ru/unit/Ivanovo/Документация ЮНИТ М300/Раз
работка/Схемы ФБ ЮНИТ-М300/Проект/РЭ500/30. РЭ Ю
НИТ-М500-ЛВ Уст//Приложение. ФСУ/_latex/img/11.pdf>
Package luatex.def Info: //uni-eng.ru/unit/Ivanovo/Документация Ю
НИТ М300/Разработка/Схемы ФБ ЮНИТ-М300/Проект/
РЭ500/30. РЭ ЮНИТ-М500-ЛВ Уст//Приложение. ФСУ/_late
x/img/11.pdf  used on input line 29.
(luatex.def)             Requested size: 1067.3211pt x 768.21214pt.


Package fancyhdr Warning: \footskip is too small (-22.76228pt): 
(fancyhdr)                Make it at least 15.49998pt, for example:
(fancyhdr)                \setlength{\footskip}{15.49998pt}.

[111

<//uni-eng.ru/unit/Ivanovo/Документация ЮНИТ М300/Разра
ботка/Схемы ФБ ЮНИТ-М300/Проект/РЭ500/30. РЭ ЮНИ
Т-М500-ЛВ Уст//Приложение. ФСУ/_latex/img/11.pdf>]
<//uni-eng.ru/unit/Ivanovo/Документация ЮНИТ М300/Разра
ботка/Схемы ФБ ЮНИТ-М300/Проект/РЭ500/30. РЭ ЮНИ
Т-М500-ЛВ Уст//Приложение. ФСУ/_latex/img/12.pdf, id=2798, 
1613.4925pt x 1161.323pt>
File: //uni-eng.ru/unit/Ivanovo/Документация ЮНИТ М300/Раз
работка/Схемы ФБ ЮНИТ-М300/Проект/РЭ500/30. РЭ Ю
НИТ-М500-ЛВ Уст//Приложение. ФСУ/_latex/img/12.pdf Graphi
c file (type pdf)
<use //uni-eng.ru/unit/Ivanovo/Документация ЮНИТ М300/Раз
работка/Схемы ФБ ЮНИТ-М300/Проект/РЭ500/30. РЭ Ю
НИТ-М500-ЛВ Уст//Приложение. ФСУ/_latex/img/12.pdf>
Package luatex.def Info: //uni-eng.ru/unit/Ivanovo/Документация Ю
НИТ М300/Разработка/Схемы ФБ ЮНИТ-М300/Проект/
РЭ500/30. РЭ ЮНИТ-М500-ЛВ Уст//Приложение. ФСУ/_late
x/img/12.pdf  used on input line 29.
(luatex.def)             Requested size: 1067.3211pt x 768.21214pt.


Package fancyhdr Warning: \footskip is too small (-22.76228pt): 
(fancyhdr)                Make it at least 15.49998pt, for example:
(fancyhdr)                \setlength{\footskip}{15.49998pt}.

[112

<//uni-eng.ru/unit/Ivanovo/Документация ЮНИТ М300/Разра
ботка/Схемы ФБ ЮНИТ-М300/Проект/РЭ500/30. РЭ ЮНИ
Т-М500-ЛВ Уст//Приложение. ФСУ/_latex/img/12.pdf>]
<//uni-eng.ru/unit/Ivanovo/Документация ЮНИТ М300/Разра
ботка/Схемы ФБ ЮНИТ-М300/Проект/РЭ500/30. РЭ ЮНИ
Т-М500-ЛВ Уст//Приложение. ФСУ/_latex/img/13.pdf, id=2817, 
1613.4925pt x 1161.323pt>
File: //uni-eng.ru/unit/Ivanovo/Документация ЮНИТ М300/Раз
работка/Схемы ФБ ЮНИТ-М300/Проект/РЭ500/30. РЭ Ю
НИТ-М500-ЛВ Уст//Приложение. ФСУ/_latex/img/13.pdf Graphi
c file (type pdf)
<use //uni-eng.ru/unit/Ivanovo/Документация ЮНИТ М300/Раз
работка/Схемы ФБ ЮНИТ-М300/Проект/РЭ500/30. РЭ Ю
НИТ-М500-ЛВ Уст//Приложение. ФСУ/_latex/img/13.pdf>
Package luatex.def Info: //uni-eng.ru/unit/Ivanovo/Документация Ю
НИТ М300/Разработка/Схемы ФБ ЮНИТ-М300/Проект/
РЭ500/30. РЭ ЮНИТ-М500-ЛВ Уст//Приложение. ФСУ/_late
x/img/13.pdf  used on input line 29.
(luatex.def)             Requested size: 1067.3211pt x 768.21214pt.


Package fancyhdr Warning: \footskip is too small (-22.76228pt): 
(fancyhdr)                Make it at least 15.49998pt, for example:
(fancyhdr)                \setlength{\footskip}{15.49998pt}.

[113

<//uni-eng.ru/unit/Ivanovo/Документация ЮНИТ М300/Разра
ботка/Схемы ФБ ЮНИТ-М300/Проект/РЭ500/30. РЭ ЮНИ
Т-М500-ЛВ Уст//Приложение. ФСУ/_latex/img/13.pdf>]
<//uni-eng.ru/unit/Ivanovo/Документация ЮНИТ М300/Разра
ботка/Схемы ФБ ЮНИТ-М300/Проект/РЭ500/30. РЭ ЮНИ
Т-М500-ЛВ Уст//Приложение. ФСУ/_latex/img/14.pdf, id=2836, 
1613.4925pt x 1161.323pt>
File: //uni-eng.ru/unit/Ivanovo/Документация ЮНИТ М300/Раз
работка/Схемы ФБ ЮНИТ-М300/Проект/РЭ500/30. РЭ Ю
НИТ-М500-ЛВ Уст//Приложение. ФСУ/_latex/img/14.pdf Graphi
c file (type pdf)
<use //uni-eng.ru/unit/Ivanovo/Документация ЮНИТ М300/Раз
работка/Схемы ФБ ЮНИТ-М300/Проект/РЭ500/30. РЭ Ю
НИТ-М500-ЛВ Уст//Приложение. ФСУ/_latex/img/14.pdf>
Package luatex.def Info: //uni-eng.ru/unit/Ivanovo/Документация Ю
НИТ М300/Разработка/Схемы ФБ ЮНИТ-М300/Проект/
РЭ500/30. РЭ ЮНИТ-М500-ЛВ Уст//Приложение. ФСУ/_late
x/img/14.pdf  used on input line 29.
(luatex.def)             Requested size: 1067.3211pt x 768.21214pt.


Package fancyhdr Warning: \footskip is too small (-22.76228pt): 
(fancyhdr)                Make it at least 15.49998pt, for example:
(fancyhdr)                \setlength{\footskip}{15.49998pt}.

[114

<//uni-eng.ru/unit/Ivanovo/Документация ЮНИТ М300/Разра
ботка/Схемы ФБ ЮНИТ-М300/Проект/РЭ500/30. РЭ ЮНИ
Т-М500-ЛВ Уст//Приложение. ФСУ/_latex/img/14.pdf>]
<//uni-eng.ru/unit/Ivanovo/Документация ЮНИТ М300/Разра
ботка/Схемы ФБ ЮНИТ-М300/Проект/РЭ500/30. РЭ ЮНИ
Т-М500-ЛВ Уст//Приложение. ФСУ/_latex/img/15.pdf, id=2855, 
1613.4925pt x 1161.323pt>
File: //uni-eng.ru/unit/Ivanovo/Документация ЮНИТ М300/Раз
работка/Схемы ФБ ЮНИТ-М300/Проект/РЭ500/30. РЭ Ю
НИТ-М500-ЛВ Уст//Приложение. ФСУ/_latex/img/15.pdf Graphi
c file (type pdf)
<use //uni-eng.ru/unit/Ivanovo/Документация ЮНИТ М300/Раз
работка/Схемы ФБ ЮНИТ-М300/Проект/РЭ500/30. РЭ Ю
НИТ-М500-ЛВ Уст//Приложение. ФСУ/_latex/img/15.pdf>
Package luatex.def Info: //uni-eng.ru/unit/Ivanovo/Документация Ю
НИТ М300/Разработка/Схемы ФБ ЮНИТ-М300/Проект/
РЭ500/30. РЭ ЮНИТ-М500-ЛВ Уст//Приложение. ФСУ/_late
x/img/15.pdf  used on input line 29.
(luatex.def)             Requested size: 1067.3211pt x 768.21214pt.


Package fancyhdr Warning: \footskip is too small (-22.76228pt): 
(fancyhdr)                Make it at least 15.49998pt, for example:
(fancyhdr)                \setlength{\footskip}{15.49998pt}.

[115

<//uni-eng.ru/unit/Ivanovo/Документация ЮНИТ М300/Разра
ботка/Схемы ФБ ЮНИТ-М300/Проект/РЭ500/30. РЭ ЮНИ
Т-М500-ЛВ Уст//Приложение. ФСУ/_latex/img/15.pdf>]
<//uni-eng.ru/unit/Ivanovo/Документация ЮНИТ М300/Разра
ботка/Схемы ФБ ЮНИТ-М300/Проект/РЭ500/30. РЭ ЮНИ
Т-М500-ЛВ Уст//Приложение. ФСУ/_latex/img/16.pdf, id=2874, 
1613.4925pt x 1161.323pt>
File: //uni-eng.ru/unit/Ivanovo/Документация ЮНИТ М300/Раз
работка/Схемы ФБ ЮНИТ-М300/Проект/РЭ500/30. РЭ Ю
НИТ-М500-ЛВ Уст//Приложение. ФСУ/_latex/img/16.pdf Graphi
c file (type pdf)
<use //uni-eng.ru/unit/Ivanovo/Документация ЮНИТ М300/Раз
работка/Схемы ФБ ЮНИТ-М300/Проект/РЭ500/30. РЭ Ю
НИТ-М500-ЛВ Уст//Приложение. ФСУ/_latex/img/16.pdf>
Package luatex.def Info: //uni-eng.ru/unit/Ivanovo/Документация Ю
НИТ М300/Разработка/Схемы ФБ ЮНИТ-М300/Проект/
РЭ500/30. РЭ ЮНИТ-М500-ЛВ Уст//Приложение. ФСУ/_late
x/img/16.pdf  used on input line 29.
(luatex.def)             Requested size: 1067.3211pt x 768.21214pt.


Package fancyhdr Warning: \footskip is too small (-22.76228pt): 
(fancyhdr)                Make it at least 15.49998pt, for example:
(fancyhdr)                \setlength{\footskip}{15.49998pt}.

[116

<//uni-eng.ru/unit/Ivanovo/Документация ЮНИТ М300/Разра
ботка/Схемы ФБ ЮНИТ-М300/Проект/РЭ500/30. РЭ ЮНИ
Т-М500-ЛВ Уст//Приложение. ФСУ/_latex/img/16.pdf>]
<//uni-eng.ru/unit/Ivanovo/Документация ЮНИТ М300/Разра
ботка/Схемы ФБ ЮНИТ-М300/Проект/РЭ500/30. РЭ ЮНИ
Т-М500-ЛВ Уст//Приложение. ФСУ/_latex/img/17.pdf, id=2893, 
1613.4925pt x 1161.323pt>
File: //uni-eng.ru/unit/Ivanovo/Документация ЮНИТ М300/Раз
работка/Схемы ФБ ЮНИТ-М300/Проект/РЭ500/30. РЭ Ю
НИТ-М500-ЛВ Уст//Приложение. ФСУ/_latex/img/17.pdf Graphi
c file (type pdf)
<use //uni-eng.ru/unit/Ivanovo/Документация ЮНИТ М300/Раз
работка/Схемы ФБ ЮНИТ-М300/Проект/РЭ500/30. РЭ Ю
НИТ-М500-ЛВ Уст//Приложение. ФСУ/_latex/img/17.pdf>
Package luatex.def Info: //uni-eng.ru/unit/Ivanovo/Документация Ю
НИТ М300/Разработка/Схемы ФБ ЮНИТ-М300/Проект/
РЭ500/30. РЭ ЮНИТ-М500-ЛВ Уст//Приложение. ФСУ/_late
x/img/17.pdf  used on input line 29.
(luatex.def)             Requested size: 1067.3211pt x 768.21214pt.


Package fancyhdr Warning: \footskip is too small (-22.76228pt): 
(fancyhdr)                Make it at least 15.49998pt, for example:
(fancyhdr)                \setlength{\footskip}{15.49998pt}.

[117

<//uni-eng.ru/unit/Ivanovo/Документация ЮНИТ М300/Разра
ботка/Схемы ФБ ЮНИТ-М300/Проект/РЭ500/30. РЭ ЮНИ
Т-М500-ЛВ Уст//Приложение. ФСУ/_latex/img/17.pdf>]
<//uni-eng.ru/unit/Ivanovo/Документация ЮНИТ М300/Разра
ботка/Схемы ФБ ЮНИТ-М300/Проект/РЭ500/30. РЭ ЮНИ
Т-М500-ЛВ Уст//Приложение. ФСУ/_latex/img/18.pdf, id=2912, 
1613.4925pt x 1161.323pt>
File: //uni-eng.ru/unit/Ivanovo/Документация ЮНИТ М300/Раз
работка/Схемы ФБ ЮНИТ-М300/Проект/РЭ500/30. РЭ Ю
НИТ-М500-ЛВ Уст//Приложение. ФСУ/_latex/img/18.pdf Graphi
c file (type pdf)
<use //uni-eng.ru/unit/Ivanovo/Документация ЮНИТ М300/Раз
работка/Схемы ФБ ЮНИТ-М300/Проект/РЭ500/30. РЭ Ю
НИТ-М500-ЛВ Уст//Приложение. ФСУ/_latex/img/18.pdf>
Package luatex.def Info: //uni-eng.ru/unit/Ivanovo/Документация Ю
НИТ М300/Разработка/Схемы ФБ ЮНИТ-М300/Проект/
РЭ500/30. РЭ ЮНИТ-М500-ЛВ Уст//Приложение. ФСУ/_late
x/img/18.pdf  used on input line 29.
(luatex.def)             Requested size: 1067.3211pt x 768.21214pt.


Package fancyhdr Warning: \footskip is too small (-22.76228pt): 
(fancyhdr)                Make it at least 15.49998pt, for example:
(fancyhdr)                \setlength{\footskip}{15.49998pt}.

[118

<//uni-eng.ru/unit/Ivanovo/Документация ЮНИТ М300/Разра
ботка/Схемы ФБ ЮНИТ-М300/Проект/РЭ500/30. РЭ ЮНИ
Т-М500-ЛВ Уст//Приложение. ФСУ/_latex/img/18.pdf>]
<//uni-eng.ru/unit/Ivanovo/Документация ЮНИТ М300/Разра
ботка/Схемы ФБ ЮНИТ-М300/Проект/РЭ500/30. РЭ ЮНИ
Т-М500-ЛВ Уст//Приложение. ФСУ/_latex/img/19.pdf, id=2931, 
1613.4925pt x 1161.323pt>
File: //uni-eng.ru/unit/Ivanovo/Документация ЮНИТ М300/Раз
работка/Схемы ФБ ЮНИТ-М300/Проект/РЭ500/30. РЭ Ю
НИТ-М500-ЛВ Уст//Приложение. ФСУ/_latex/img/19.pdf Graphi
c file (type pdf)
<use //uni-eng.ru/unit/Ivanovo/Документация ЮНИТ М300/Раз
работка/Схемы ФБ ЮНИТ-М300/Проект/РЭ500/30. РЭ Ю
НИТ-М500-ЛВ Уст//Приложение. ФСУ/_latex/img/19.pdf>
Package luatex.def Info: //uni-eng.ru/unit/Ivanovo/Документация Ю
НИТ М300/Разработка/Схемы ФБ ЮНИТ-М300/Проект/
РЭ500/30. РЭ ЮНИТ-М500-ЛВ Уст//Приложение. ФСУ/_late
x/img/19.pdf  used on input line 29.
(luatex.def)             Requested size: 1067.3211pt x 768.21214pt.


Package fancyhdr Warning: \footskip is too small (-22.76228pt): 
(fancyhdr)                Make it at least 15.49998pt, for example:
(fancyhdr)                \setlength{\footskip}{15.49998pt}.

[119

<//uni-eng.ru/unit/Ivanovo/Документация ЮНИТ М300/Разра
ботка/Схемы ФБ ЮНИТ-М300/Проект/РЭ500/30. РЭ ЮНИ
Т-М500-ЛВ Уст//Приложение. ФСУ/_latex/img/19.pdf>]
<//uni-eng.ru/unit/Ivanovo/Документация ЮНИТ М300/Разра
ботка/Схемы ФБ ЮНИТ-М300/Проект/РЭ500/30. РЭ ЮНИ
Т-М500-ЛВ Уст//Приложение. ФСУ/_latex/img/20.pdf, id=2950, 
1613.4925pt x 1161.323pt>
File: //uni-eng.ru/unit/Ivanovo/Документация ЮНИТ М300/Раз
работка/Схемы ФБ ЮНИТ-М300/Проект/РЭ500/30. РЭ Ю
НИТ-М500-ЛВ Уст//Приложение. ФСУ/_latex/img/20.pdf Graphi
c file (type pdf)
<use //uni-eng.ru/unit/Ivanovo/Документация ЮНИТ М300/Раз
работка/Схемы ФБ ЮНИТ-М300/Проект/РЭ500/30. РЭ Ю
НИТ-М500-ЛВ Уст//Приложение. ФСУ/_latex/img/20.pdf>
Package luatex.def Info: //uni-eng.ru/unit/Ivanovo/Документация Ю
НИТ М300/Разработка/Схемы ФБ ЮНИТ-М300/Проект/
РЭ500/30. РЭ ЮНИТ-М500-ЛВ Уст//Приложение. ФСУ/_late
x/img/20.pdf  used on input line 29.
(luatex.def)             Requested size: 1067.3211pt x 768.21214pt.


Package fancyhdr Warning: \footskip is too small (-22.76228pt): 
(fancyhdr)                Make it at least 15.49998pt, for example:
(fancyhdr)                \setlength{\footskip}{15.49998pt}.

[120

<//uni-eng.ru/unit/Ivanovo/Документация ЮНИТ М300/Разра
ботка/Схемы ФБ ЮНИТ-М300/Проект/РЭ500/30. РЭ ЮНИ
Т-М500-ЛВ Уст//Приложение. ФСУ/_latex/img/20.pdf>]
<//uni-eng.ru/unit/Ivanovo/Документация ЮНИТ М300/Разра
ботка/Схемы ФБ ЮНИТ-М300/Проект/РЭ500/30. РЭ ЮНИ
Т-М500-ЛВ Уст//Приложение. ФСУ/_latex/img/21.pdf, id=2970, 
1613.4925pt x 1161.323pt>
File: //uni-eng.ru/unit/Ivanovo/Документация ЮНИТ М300/Раз
работка/Схемы ФБ ЮНИТ-М300/Проект/РЭ500/30. РЭ Ю
НИТ-М500-ЛВ Уст//Приложение. ФСУ/_latex/img/21.pdf Graphi
c file (type pdf)
<use //uni-eng.ru/unit/Ivanovo/Документация ЮНИТ М300/Раз
работка/Схемы ФБ ЮНИТ-М300/Проект/РЭ500/30. РЭ Ю
НИТ-М500-ЛВ Уст//Приложение. ФСУ/_latex/img/21.pdf>
Package luatex.def Info: //uni-eng.ru/unit/Ivanovo/Документация Ю
НИТ М300/Разработка/Схемы ФБ ЮНИТ-М300/Проект/
РЭ500/30. РЭ ЮНИТ-М500-ЛВ Уст//Приложение. ФСУ/_late
x/img/21.pdf  used on input line 29.
(luatex.def)             Requested size: 1067.3211pt x 768.21214pt.


Package fancyhdr Warning: \footskip is too small (-22.76228pt): 
(fancyhdr)                Make it at least 15.49998pt, for example:
(fancyhdr)                \setlength{\footskip}{15.49998pt}.

[121

<//uni-eng.ru/unit/Ivanovo/Документация ЮНИТ М300/Разра
ботка/Схемы ФБ ЮНИТ-М300/Проект/РЭ500/30. РЭ ЮНИ
Т-М500-ЛВ Уст//Приложение. ФСУ/_latex/img/21.pdf>]
<//uni-eng.ru/unit/Ivanovo/Документация ЮНИТ М300/Разра
ботка/Схемы ФБ ЮНИТ-М300/Проект/РЭ500/30. РЭ ЮНИ
Т-М500-ЛВ Уст//Приложение. ФСУ/_latex/img/22.pdf, id=2990, 
1613.4925pt x 1161.323pt>
File: //uni-eng.ru/unit/Ivanovo/Документация ЮНИТ М300/Раз
работка/Схемы ФБ ЮНИТ-М300/Проект/РЭ500/30. РЭ Ю
НИТ-М500-ЛВ Уст//Приложение. ФСУ/_latex/img/22.pdf Graphi
c file (type pdf)
<use //uni-eng.ru/unit/Ivanovo/Документация ЮНИТ М300/Раз
работка/Схемы ФБ ЮНИТ-М300/Проект/РЭ500/30. РЭ Ю
НИТ-М500-ЛВ Уст//Приложение. ФСУ/_latex/img/22.pdf>
Package luatex.def Info: //uni-eng.ru/unit/Ivanovo/Документация Ю
НИТ М300/Разработка/Схемы ФБ ЮНИТ-М300/Проект/
РЭ500/30. РЭ ЮНИТ-М500-ЛВ Уст//Приложение. ФСУ/_late
x/img/22.pdf  used on input line 29.
(luatex.def)             Requested size: 1067.3211pt x 768.21214pt.


Package fancyhdr Warning: \footskip is too small (-22.76228pt): 
(fancyhdr)                Make it at least 15.49998pt, for example:
(fancyhdr)                \setlength{\footskip}{15.49998pt}.

[122

<//uni-eng.ru/unit/Ivanovo/Документация ЮНИТ М300/Разра
ботка/Схемы ФБ ЮНИТ-М300/Проект/РЭ500/30. РЭ ЮНИ
Т-М500-ЛВ Уст//Приложение. ФСУ/_latex/img/22.pdf>])
("//uni-eng.ru/unit/Ivanovo/Документация ЮНИТ М300/Разра
ботка/Схемы ФБ ЮНИТ-М300/Проект/РЭ500/30. РЭ ЮНИ
Т-М500-ЛВ Уст//Приложение. БНН/bnn.tex"
Package typearea Info: These are the values describing the layout:
(typearea)             DIV  = areaset
(typearea)             BCOR = 0.0pt
(typearea)             \paperwidth      = 597.50793pt
(typearea)              \textwidth      = 759.68857pt
(typearea)              \evensidemargin = -153.3603pt
(typearea)              \oddsidemargin  = -153.3603pt
(typearea)             \paperheight     = 845.04694pt
(typearea)              \textheight     = 512.1496pt
(typearea)              \topmargin      = -0.05421pt
(typearea)              \headheight     = 17.0pt
(typearea)              \headsep        = 21.75pt
(typearea)              \topskip        = 22.0pt
(typearea)              \footskip       = 50.75pt
(typearea)              \baselineskip   = 14.5pt
(typearea)              on input line 2.
Package typearea Info: Using dirty hack to recalculate internal output
(typearea)             dimensions of LaTeX on input line 2.
*geometry* verbose mode - [ newgeometry ] result:
* driver: luatex
* paper: a4paper
* layout: <same size as paper>
* layoutoffset:(h,v)=(0.0pt,0.0pt)
* modes: 
* h-part:(L,W,R)=(62.59605pt, 506.45908pt, 28.45274pt)
* v-part:(T,H,B)=(39.83385pt, 773.91498pt, 31.29802pt)
* \paperwidth=597.50787pt
* \paperheight=845.04684pt
* \textwidth=506.45908pt
* \textheight=773.91498pt
* \oddsidemargin=-9.67393pt
* \evensidemargin=-9.67393pt
* \topmargin=-55.47195pt
* \headheight=14.5pt
* \headsep=8.53581pt
* \topskip=22.0pt
* \footskip=19.91692pt
* \marginparwidth=0.0pt
* \marginparsep=0.0pt
* \columnsep=10.0pt
* \skip\footins=10.8pt plus 4.0pt minus 2.0pt
* \hoffset=0.0pt
* \voffset=0.0pt
* \mag=1000
* \@twocolumnfalse
* \@twosidefalse
* \@mparswitchfalse
* \@reversemarginfalse
* (1in=72.27pt=25.4mm, 1cm=28.453pt)


Overfull \hbox (2.39368pt too wide) in paragraph at lines 37--37
 []|\TU/ArialNarrow(1)/m/n/10.95 Особая 
 []


Overfull \hbox (7.87033pt too wide) in alignment at lines 32--39
 [][][][][][][] 
 []


Overfull \hbox (2.39368pt too wide) in paragraph at lines 44--44
 []|\TU/ArialNarrow(1)/m/n/10.95 Особая 
 []


Overfull \hbox (7.87033pt too wide) in alignment at lines 39--46
 [][][][][][][] 
 []


Overfull \hbox (7.87033pt too wide) in alignment at lines 46--49
 [][][][][][][] 
 []


Overfull \hbox (7.87033pt too wide) in alignment at lines 49--50
 [][][][][][][] 
 []

<//uni-eng.ru/unit/Ivanovo/Документация ЮНИТ М300/Разра
ботка/Схемы ФБ ЮНИТ-М300/Проект/РЭ500/30. РЭ ЮНИ
Т-М500-ЛВ Уст//Приложение. БНН/img/111.pdf, id=3011, 137.64
34pt x 99.21962pt>
File: //uni-eng.ru/unit/Ivanovo/Документация ЮНИТ М300/Раз
работка/Схемы ФБ ЮНИТ-М300/Проект/РЭ500/30. РЭ Ю
НИТ-М500-ЛВ Уст//Приложение. БНН/img/111.pdf Graphic file
 (type pdf)
<use //uni-eng.ru/unit/Ivanovo/Документация ЮНИТ М300/Раз
работка/Схемы ФБ ЮНИТ-М300/Проект/РЭ500/30. РЭ Ю
НИТ-М500-ЛВ Уст//Приложение. БНН/img/111.pdf>
Package luatex.def Info: //uni-eng.ru/unit/Ivanovo/Документация Ю
НИТ М300/Разработка/Схемы ФБ ЮНИТ-М300/Проект/
РЭ500/30. РЭ ЮНИТ-М500-ЛВ Уст//Приложение. БНН/img/1
11.pdf  used on input line 52.
(luatex.def)             Requested size: 126.61664pt x 91.27104pt.
<//uni-eng.ru/unit/Ivanovo/Документация ЮНИТ М300/Разра
ботка/Схемы ФБ ЮНИТ-М300/Проект/РЭ500/30. РЭ ЮНИ
Т-М500-ЛВ Уст//Приложение. БНН/img/112.pdf, id=3012, 138.53
72pt x 103.68898pt>
File: //uni-eng.ru/unit/Ivanovo/Документация ЮНИТ М300/Раз
работка/Схемы ФБ ЮНИТ-М300/Проект/РЭ500/30. РЭ Ю
НИТ-М500-ЛВ Уст//Приложение. БНН/img/112.pdf Graphic file
 (type pdf)
<use //uni-eng.ru/unit/Ivanovo/Документация ЮНИТ М300/Раз
работка/Схемы ФБ ЮНИТ-М300/Проект/РЭ500/30. РЭ Ю
НИТ-М500-ЛВ Уст//Приложение. БНН/img/112.pdf>
Package luatex.def Info: //uni-eng.ru/unit/Ivanovo/Документация Ю
НИТ М300/Разработка/Схемы ФБ ЮНИТ-М300/Проект/
РЭ500/30. РЭ ЮНИТ-М500-ЛВ Уст//Приложение. БНН/img/1
12.pdf  used on input line 52.
(luatex.def)             Requested size: 126.61476pt x 94.76846pt.
LaTeX Font Info:    Font shape `TU/ArialNarrow(1)/m/sl' in size <10> not availa
ble
(Font)              Font shape `TU/ArialNarrow(1)/m/it' tried instead on input 
line 52.
<//uni-eng.ru/unit/Ivanovo/Документация ЮНИТ М300/Разра
ботка/Схемы ФБ ЮНИТ-М300/Проект/РЭ500/30. РЭ ЮНИ
Т-М500-ЛВ Уст//Приложение. БНН/img/121.pdf, id=3013, 135.40
897pt x 86.2585pt>
File: //uni-eng.ru/unit/Ivanovo/Документация ЮНИТ М300/Раз
работка/Схемы ФБ ЮНИТ-М300/Проект/РЭ500/30. РЭ Ю
НИТ-М500-ЛВ Уст//Приложение. БНН/img/121.pdf Graphic file
 (type pdf)
<use //uni-eng.ru/unit/Ivanovo/Документация ЮНИТ М300/Раз
работка/Схемы ФБ ЮНИТ-М300/Проект/РЭ500/30. РЭ Ю
НИТ-М500-ЛВ Уст//Приложение. БНН/img/121.pdf>
Package luatex.def Info: //uni-eng.ru/unit/Ivanovo/Документация Ю
НИТ М300/Разработка/Схемы ФБ ЮНИТ-М300/Проект/
РЭ500/30. РЭ ЮНИТ-М500-ЛВ Уст//Приложение. БНН/img/1
21.pdf  used on input line 55.
(luatex.def)             Requested size: 126.61497pt x 80.65652pt.
<//uni-eng.ru/unit/Ivanovo/Документация ЮНИТ М300/Разра
ботка/Схемы ФБ ЮНИТ-М300/Проект/РЭ500/30. РЭ ЮНИ
Т-М500-ЛВ Уст//Приложение. БНН/img/122.pdf, id=3014, 137.58
383pt x 87.89198pt>
File: //uni-eng.ru/unit/Ivanovo/Документация ЮНИТ М300/Раз
работка/Схемы ФБ ЮНИТ-М300/Проект/РЭ500/30. РЭ Ю
НИТ-М500-ЛВ Уст//Приложение. БНН/img/122.pdf Graphic file
 (type pdf)
<use //uni-eng.ru/unit/Ivanovo/Документация ЮНИТ М300/Раз
работка/Схемы ФБ ЮНИТ-М300/Проект/РЭ500/30. РЭ Ю
НИТ-М500-ЛВ Уст//Приложение. БНН/img/122.pdf>
Package luatex.def Info: //uni-eng.ru/unit/Ivanovo/Документация Ю
НИТ М300/Разработка/Схемы ФБ ЮНИТ-М300/Проект/
РЭ500/30. РЭ ЮНИТ-М500-ЛВ Уст//Приложение. БНН/img/1
22.pdf  used on input line 55.
(luatex.def)             Requested size: 126.61476pt x 80.88707pt.
<//uni-eng.ru/unit/Ivanovo/Документация ЮНИТ М300/Разра
ботка/Схемы ФБ ЮНИТ-М300/Проект/РЭ500/30. РЭ ЮНИ
Т-М500-ЛВ Уст//Приложение. БНН/img/131.pdf, id=3015, 135.51
347pt x 76.76369pt>
File: //uni-eng.ru/unit/Ivanovo/Документация ЮНИТ М300/Раз
работка/Схемы ФБ ЮНИТ-М300/Проект/РЭ500/30. РЭ Ю
НИТ-М500-ЛВ Уст//Приложение. БНН/img/131.pdf Graphic file
 (type pdf)
<use //uni-eng.ru/unit/Ivanovo/Документация ЮНИТ М300/Раз
работка/Схемы ФБ ЮНИТ-М300/Проект/РЭ500/30. РЭ Ю
НИТ-М500-ЛВ Уст//Приложение. БНН/img/131.pdf>
Package luatex.def Info: //uni-eng.ru/unit/Ivanovo/Документация Ю
НИТ М300/Разработка/Схемы ФБ ЮНИТ-М300/Проект/
РЭ500/30. РЭ ЮНИТ-М500-ЛВ Уст//Приложение. БНН/img/1
31.pdf  used on input line 58.
(luatex.def)             Requested size: 126.61966pt x 71.72563pt.
<//uni-eng.ru/unit/Ivanovo/Документация ЮНИТ М300/Разра
ботка/Схемы ФБ ЮНИТ-М300/Проект/РЭ500/30. РЭ ЮНИ
Т-М500-ЛВ Уст//Приложение. БНН/img/132.pdf, id=3016, 133.98
792pt x 73.2516pt>
File: //uni-eng.ru/unit/Ivanovo/Документация ЮНИТ М300/Раз
работка/Схемы ФБ ЮНИТ-М300/Проект/РЭ500/30. РЭ Ю
НИТ-М500-ЛВ Уст//Приложение. БНН/img/132.pdf Graphic file
 (type pdf)
<use //uni-eng.ru/unit/Ivanovo/Документация ЮНИТ М300/Раз
работка/Схемы ФБ ЮНИТ-М300/Проект/РЭ500/30. РЭ Ю
НИТ-М500-ЛВ Уст//Приложение. БНН/img/132.pdf>
Package luatex.def Info: //uni-eng.ru/unit/Ivanovo/Документация Ю
НИТ М300/Разработка/Схемы ФБ ЮНИТ-М300/Проект/
РЭ500/30. РЭ ЮНИТ-М500-ЛВ Уст//Приложение. БНН/img/1
32.pdf  used on input line 58.
(luatex.def)             Requested size: 126.61476pt x 69.222pt.
<//uni-eng.ru/unit/Ivanovo/Документация ЮНИТ М300/Разра
ботка/Схемы ФБ ЮНИТ-М300/Проект/РЭ500/30. РЭ ЮНИ
Т-М500-ЛВ Уст//Приложение. БНН/img/141.pdf, id=3017, 129.97
322pt x 83.7878pt>
File: //uni-eng.ru/unit/Ivanovo/Документация ЮНИТ М300/Раз
работка/Схемы ФБ ЮНИТ-М300/Проект/РЭ500/30. РЭ Ю
НИТ-М500-ЛВ Уст//Приложение. БНН/img/141.pdf Graphic file
 (type pdf)
<use //uni-eng.ru/unit/Ivanovo/Документация ЮНИТ М300/Раз
работка/Схемы ФБ ЮНИТ-М300/Проект/РЭ500/30. РЭ Ю
НИТ-М500-ЛВ Уст//Приложение. БНН/img/141.pdf>
Package luatex.def Info: //uni-eng.ru/unit/Ivanovo/Документация Ю
НИТ М300/Разработка/Схемы ФБ ЮНИТ-М300/Проект/
РЭ500/30. РЭ ЮНИТ-М500-ЛВ Уст//Приложение. БНН/img/1
41.pdf  used on input line 61.
(luatex.def)             Requested size: 126.61725pt x 81.62434pt.
<//uni-eng.ru/unit/Ivanovo/Документация ЮНИТ М300/Разра
ботка/Схемы ФБ ЮНИТ-М300/Проект/РЭ500/30. РЭ ЮНИ
Т-М500-ЛВ Уст//Приложение. БНН/img/142.pdf, id=3018, 132.48
232pt x 81.27919pt>
File: //uni-eng.ru/unit/Ivanovo/Документация ЮНИТ М300/Раз
работка/Схемы ФБ ЮНИТ-М300/Проект/РЭ500/30. РЭ Ю
НИТ-М500-ЛВ Уст//Приложение. БНН/img/142.pdf Graphic file
 (type pdf)
<use //uni-eng.ru/unit/Ivanovo/Документация ЮНИТ М300/Раз
работка/Схемы ФБ ЮНИТ-М300/Проект/РЭ500/30. РЭ Ю
НИТ-М500-ЛВ Уст//Приложение. БНН/img/142.pdf>
Package luatex.def Info: //uni-eng.ru/unit/Ivanovo/Документация Ю
НИТ М300/Разработка/Схемы ФБ ЮНИТ-М300/Проект/
РЭ500/30. РЭ ЮНИТ-М500-ЛВ Уст//Приложение. БНН/img/1
42.pdf  used on input line 61.
(luatex.def)             Requested size: 126.61476pt x 77.68233pt.
<//uni-eng.ru/unit/Ivanovo/Документация ЮНИТ М300/Разра
ботка/Схемы ФБ ЮНИТ-М300/Проект/РЭ500/30. РЭ ЮНИ
Т-М500-ЛВ Уст//Приложение. БНН/img/151.pdf, id=3019, 105.00
732pt x 76.82222pt>
File: //uni-eng.ru/unit/Ivanovo/Документация ЮНИТ М300/Раз
работка/Схемы ФБ ЮНИТ-М300/Проект/РЭ500/30. РЭ Ю
НИТ-М500-ЛВ Уст//Приложение. БНН/img/151.pdf Graphic file
 (type pdf)
<use //uni-eng.ru/unit/Ivanovo/Документация ЮНИТ М300/Раз
работка/Схемы ФБ ЮНИТ-М300/Проект/РЭ500/30. РЭ Ю
НИТ-М500-ЛВ Уст//Приложение. БНН/img/151.pdf>
Package luatex.def Info: //uni-eng.ru/unit/Ivanovo/Документация Ю
НИТ М300/Разработка/Схемы ФБ ЮНИТ-М300/Проект/
РЭ500/30. РЭ ЮНИТ-М500-ЛВ Уст//Приложение. БНН/img/1
51.pdf  used on input line 65.
(luatex.def)             Requested size: 101.29617pt x 74.10718pt.
<//uni-eng.ru/unit/Ivanovo/Документация ЮНИТ М300/Разра
ботка/Схемы ФБ ЮНИТ-М300/Проект/РЭ500/30. РЭ ЮНИ
Т-М500-ЛВ Уст//Приложение. БНН/img/152.pdf, id=3020, 122.94
765pt x 80.77747pt>
File: //uni-eng.ru/unit/Ivanovo/Документация ЮНИТ М300/Раз
работка/Схемы ФБ ЮНИТ-М300/Проект/РЭ500/30. РЭ Ю
НИТ-М500-ЛВ Уст//Приложение. БНН/img/152.pdf Graphic file
 (type pdf)
<use //uni-eng.ru/unit/Ivanovo/Документация ЮНИТ М300/Раз
работка/Схемы ФБ ЮНИТ-М300/Проект/РЭ500/30. РЭ Ю
НИТ-М500-ЛВ Уст//Приложение. БНН/img/152.pdf>
Package luatex.def Info: //uni-eng.ru/unit/Ivanovo/Документация Ю
НИТ М300/Разработка/Схемы ФБ ЮНИТ-М300/Проект/
РЭ500/30. РЭ ЮНИТ-М500-ЛВ Уст//Приложение. БНН/img/1
52.pdf  used on input line 65.
(luatex.def)             Requested size: 141.80792pt x 93.1756pt.
<//uni-eng.ru/unit/Ivanovo/Документация ЮНИТ М300/Разра
ботка/Схемы ФБ ЮНИТ-М300/Проект/РЭ500/30. РЭ ЮНИ
Т-М500-ЛВ Уст//Приложение. БНН/img/161.pdf, id=3021, 100.59
68pt x 77.00032pt>
File: //uni-eng.ru/unit/Ivanovo/Документация ЮНИТ М300/Раз
работка/Схемы ФБ ЮНИТ-М300/Проект/РЭ500/30. РЭ Ю
НИТ-М500-ЛВ Уст//Приложение. БНН/img/161.pdf Graphic file
 (type pdf)
<use //uni-eng.ru/unit/Ivanovo/Документация ЮНИТ М300/Раз
работка/Схемы ФБ ЮНИТ-М300/Проект/РЭ500/30. РЭ Ю
НИТ-М500-ЛВ Уст//Приложение. БНН/img/161.pdf>
Package luatex.def Info: //uni-eng.ru/unit/Ivanovo/Документация Ю
НИТ М300/Разработка/Схемы ФБ ЮНИТ-М300/Проект/
РЭ500/30. РЭ ЮНИТ-М500-ЛВ Уст//Приложение. БНН/img/1
61.pdf  used on input line 68.
(luatex.def)             Requested size: 101.29189pt x 77.53235pt.
<//uni-eng.ru/unit/Ivanovo/Документация ЮНИТ М300/Разра
ботка/Схемы ФБ ЮНИТ-М300/Проект/РЭ500/30. РЭ ЮНИ
Т-М500-ЛВ Уст//Приложение. БНН/img/162.pdf, id=3022, 115.92
207pt x 82.78435pt>
File: //uni-eng.ru/unit/Ivanovo/Документация ЮНИТ М300/Раз
работка/Схемы ФБ ЮНИТ-М300/Проект/РЭ500/30. РЭ Ю
НИТ-М500-ЛВ Уст//Приложение. БНН/img/162.pdf Graphic file
 (type pdf)
<use //uni-eng.ru/unit/Ivanovo/Документация ЮНИТ М300/Раз
работка/Схемы ФБ ЮНИТ-М300/Проект/РЭ500/30. РЭ Ю
НИТ-М500-ЛВ Уст//Приложение. БНН/img/162.pdf>
Package luatex.def Info: //uni-eng.ru/unit/Ivanovo/Документация Ю
НИТ М300/Разработка/Схемы ФБ ЮНИТ-М300/Проект/
РЭ500/30. РЭ ЮНИТ-М500-ЛВ Уст//Приложение. БНН/img/1
62.pdf  used on input line 68.
(luatex.def)             Requested size: 141.80792pt x 101.28348pt.
<//uni-eng.ru/unit/Ivanovo/Документация ЮНИТ М300/Разра
ботка/Схемы ФБ ЮНИТ-М300/Проект/РЭ500/30. РЭ ЮНИ
Т-М500-ЛВ Уст//Приложение. БНН/img/171.pdf, id=3023, 97.668
14pt x 76.76366pt>
File: //uni-eng.ru/unit/Ivanovo/Документация ЮНИТ М300/Раз
работка/Схемы ФБ ЮНИТ-М300/Проект/РЭ500/30. РЭ Ю
НИТ-М500-ЛВ Уст//Приложение. БНН/img/171.pdf Graphic file
 (type pdf)
<use //uni-eng.ru/unit/Ivanovo/Документация ЮНИТ М300/Раз
работка/Схемы ФБ ЮНИТ-М300/Проект/РЭ500/30. РЭ Ю
НИТ-М500-ЛВ Уст//Приложение. БНН/img/171.pdf>
Package luatex.def Info: //uni-eng.ru/unit/Ivanovo/Документация Ю
НИТ М300/Разработка/Схемы ФБ ЮНИТ-М300/Проект/
РЭ500/30. РЭ ЮНИТ-М500-ЛВ Уст//Приложение. БНН/img/1
71.pdf  used on input line 71.
(luatex.def)             Requested size: 101.29376pt x 79.61325pt.
<//uni-eng.ru/unit/Ivanovo/Документация ЮНИТ М300/Разра
ботка/Схемы ФБ ЮНИТ-М300/Проект/РЭ500/30. РЭ ЮНИ
Т-М500-ЛВ Уст//Приложение. БНН/img/172.pdf, id=3024, 122.94
768pt x 93.32053pt>
File: //uni-eng.ru/unit/Ivanovo/Документация ЮНИТ М300/Раз
работка/Схемы ФБ ЮНИТ-М300/Проект/РЭ500/30. РЭ Ю
НИТ-М500-ЛВ Уст//Приложение. БНН/img/172.pdf Graphic file
 (type pdf)
<use //uni-eng.ru/unit/Ivanovo/Документация ЮНИТ М300/Раз
работка/Схемы ФБ ЮНИТ-М300/Проект/РЭ500/30. РЭ Ю
НИТ-М500-ЛВ Уст//Приложение. БНН/img/172.pdf>
Package luatex.def Info: //uni-eng.ru/unit/Ivanovo/Документация Ю
НИТ М300/Разработка/Схемы ФБ ЮНИТ-М300/Проект/
РЭ500/30. РЭ ЮНИТ-М500-ЛВ Уст//Приложение. БНН/img/1
72.pdf  used on input line 71.
(luatex.def)             Requested size: 141.80792pt x 107.64383pt.
<//uni-eng.ru/unit/Ivanovo/Документация ЮНИТ М300/Разра
ботка/Схемы ФБ ЮНИТ-М300/Проект/РЭ500/30. РЭ ЮНИ
Т-М500-ЛВ Уст//Приложение. БНН/img/181.pdf, id=3025, 93.465
29pt x 73.12619pt>
File: //uni-eng.ru/unit/Ivanovo/Документация ЮНИТ М300/Раз
работка/Схемы ФБ ЮНИТ-М300/Проект/РЭ500/30. РЭ Ю
НИТ-М500-ЛВ Уст//Приложение. БНН/img/181.pdf Graphic file
 (type pdf)
<use //uni-eng.ru/unit/Ivanovo/Документация ЮНИТ М300/Раз
работка/Схемы ФБ ЮНИТ-М300/Проект/РЭ500/30. РЭ Ю
НИТ-М500-ЛВ Уст//Приложение. БНН/img/181.pdf>
Package luatex.def Info: //uni-eng.ru/unit/Ivanovo/Документация Ю
НИТ М300/Разработка/Схемы ФБ ЮНИТ-М300/Проект/
РЭ500/30. РЭ ЮНИТ-М500-ЛВ Уст//Приложение. БНН/img/1
81.pdf  used on input line 74.
(luatex.def)             Requested size: 101.2947pt x 79.25182pt.
<//uni-eng.ru/unit/Ivanovo/Документация ЮНИТ М300/Разра
ботка/Схемы ФБ ЮНИТ-М300/Проект/РЭ500/30. РЭ ЮНИ
Т-М500-ЛВ Уст//Приложение. БНН/img/182.pdf, id=3026, 123.95
126pt x 86.29642pt>
File: //uni-eng.ru/unit/Ivanovo/Документация ЮНИТ М300/Раз
работка/Схемы ФБ ЮНИТ-М300/Проект/РЭ500/30. РЭ Ю
НИТ-М500-ЛВ Уст//Приложение. БНН/img/182.pdf Graphic file
 (type pdf)
<use //uni-eng.ru/unit/Ivanovo/Документация ЮНИТ М300/Раз
работка/Схемы ФБ ЮНИТ-М300/Проект/РЭ500/30. РЭ Ю
НИТ-М500-ЛВ Уст//Приложение. БНН/img/182.pdf>
Package luatex.def Info: //uni-eng.ru/unit/Ivanovo/Документация Ю
НИТ М300/Разработка/Схемы ФБ ЮНИТ-М300/Проект/
РЭ500/30. РЭ ЮНИТ-М500-ЛВ Уст//Приложение. БНН/img/1
82.pdf  used on input line 74.
(luatex.def)             Requested size: 126.61476pt x 88.15414pt.
<//uni-eng.ru/unit/Ivanovo/Документация ЮНИТ М300/Разра
ботка/Схемы ФБ ЮНИТ-М300/Проект/РЭ500/30. РЭ ЮНИ
Т-М500-ЛВ Уст//Приложение. БНН/img/191.pdf, id=3027, 91.458
02pt x 72.1227pt>
File: //uni-eng.ru/unit/Ivanovo/Документация ЮНИТ М300/Раз
работка/Схемы ФБ ЮНИТ-М300/Проект/РЭ500/30. РЭ Ю
НИТ-М500-ЛВ Уст//Приложение. БНН/img/191.pdf Graphic file
 (type pdf)
<use //uni-eng.ru/unit/Ivanovo/Документация ЮНИТ М300/Раз
работка/Схемы ФБ ЮНИТ-М300/Проект/РЭ500/30. РЭ Ю
НИТ-М500-ЛВ Уст//Приложение. БНН/img/191.pdf>
Package luatex.def Info: //uni-eng.ru/unit/Ivanovo/Документация Ю
НИТ М300/Разработка/Схемы ФБ ЮНИТ-М300/Проект/
РЭ500/30. РЭ ЮНИТ-М500-ЛВ Уст//Приложение. БНН/img/1
91.pdf  used on input line 78.
(luatex.def)             Requested size: 101.29489pt x 79.87993pt.
<//uni-eng.ru/unit/Ivanovo/Документация ЮНИТ М300/Разра
ботка/Схемы ФБ ЮНИТ-М300/Проект/РЭ500/30. РЭ ЮНИ
Т-М500-ЛВ Уст//Приложение. БНН/img/192.pdf, id=3028, 102.37
273pt x 72.74988pt>
File: //uni-eng.ru/unit/Ivanovo/Документация ЮНИТ М300/Раз
работка/Схемы ФБ ЮНИТ-М300/Проект/РЭ500/30. РЭ Ю
НИТ-М500-ЛВ Уст//Приложение. БНН/img/192.pdf Graphic file
 (type pdf)
<use //uni-eng.ru/unit/Ivanovo/Документация ЮНИТ М300/Раз
работка/Схемы ФБ ЮНИТ-М300/Проект/РЭ500/30. РЭ Ю
НИТ-М500-ЛВ Уст//Приложение. БНН/img/192.pdf>
Package luatex.def Info: //uni-eng.ru/unit/Ivanovo/Документация Ю
НИТ М300/Разработка/Схемы ФБ ЮНИТ-М300/Проект/
РЭ500/30. РЭ ЮНИТ-М500-ЛВ Уст//Приложение. БНН/img/1
92.pdf  used on input line 78.
(luatex.def)             Requested size: 111.4216pt x 79.18367pt.
<//uni-eng.ru/unit/Ivanovo/Документация ЮНИТ М300/Разра
ботка/Схемы ФБ ЮНИТ-М300/Проект/РЭ500/30. РЭ ЮНИ
Т-М500-ЛВ Уст//Приложение. БНН/img/1101.pdf, id=3029, 95.34
718pt x 73.12619pt>
File: //uni-eng.ru/unit/Ivanovo/Документация ЮНИТ М300/Раз
работка/Схемы ФБ ЮНИТ-М300/Проект/РЭ500/30. РЭ Ю
НИТ-М500-ЛВ Уст//Приложение. БНН/img/1101.pdf Graphic fil
e (type pdf)
<use //uni-eng.ru/unit/Ivanovo/Документация ЮНИТ М300/Раз
работка/Схемы ФБ ЮНИТ-М300/Проект/РЭ500/30. РЭ Ю
НИТ-М500-ЛВ Уст//Приложение. БНН/img/1101.pdf>
Package luatex.def Info: //uni-eng.ru/unit/Ivanovo/Документация Ю
НИТ М300/Разработка/Схемы ФБ ЮНИТ-М300/Проект/
РЭ500/30. РЭ ЮНИТ-М500-ЛВ Уст//Приложение. БНН/img/1
101.pdf  used on input line 81.
(luatex.def)             Requested size: 101.293pt x 77.68633pt.
<//uni-eng.ru/unit/Ivanovo/Документация ЮНИТ М300/Разра
ботка/Схемы ФБ ЮНИТ-М300/Проект/РЭ500/30. РЭ ЮНИ
Т-М500-ЛВ Уст//Приложение. БНН/img/1102.pdf, id=3030, 100.8
6725pt x 74.75677pt>
File: //uni-eng.ru/unit/Ivanovo/Документация ЮНИТ М300/Раз
работка/Схемы ФБ ЮНИТ-М300/Проект/РЭ500/30. РЭ Ю
НИТ-М500-ЛВ Уст//Приложение. БНН/img/1102.pdf Graphic fil
e (type pdf)
<use //uni-eng.ru/unit/Ivanovo/Документация ЮНИТ М300/Раз
работка/Схемы ФБ ЮНИТ-М300/Проект/РЭ500/30. РЭ Ю
НИТ-М500-ЛВ Уст//Приложение. БНН/img/1102.pdf>
Package luatex.def Info: //uni-eng.ru/unit/Ivanovo/Документация Ю
НИТ М300/Разработка/Схемы ФБ ЮНИТ-М300/Проект/
РЭ500/30. РЭ ЮНИТ-М500-ЛВ Уст//Приложение. БНН/img/1
102.pdf  used on input line 81.
(luatex.def)             Requested size: 111.4216pt x 82.58516pt.
<//uni-eng.ru/unit/Ivanovo/Документация ЮНИТ М300/Разра
ботка/Схемы ФБ ЮНИТ-М300/Проект/РЭ500/30. РЭ ЮНИ
Т-М500-ЛВ Уст//Приложение. БНН/img/1111.pdf, id=3031, 98.85
999pt x 74.25507pt>
File: //uni-eng.ru/unit/Ivanovo/Документация ЮНИТ М300/Раз
работка/Схемы ФБ ЮНИТ-М300/Проект/РЭ500/30. РЭ Ю
НИТ-М500-ЛВ Уст//Приложение. БНН/img/1111.pdf Graphic fil
e (type pdf)
<use //uni-eng.ru/unit/Ivanovo/Документация ЮНИТ М300/Раз
работка/Схемы ФБ ЮНИТ-М300/Проект/РЭ500/30. РЭ Ю
НИТ-М500-ЛВ Уст//Приложение. БНН/img/1111.pdf>
Package luatex.def Info: //uni-eng.ru/unit/Ivanovo/Документация Ю
НИТ М300/Разработка/Схемы ФБ ЮНИТ-М300/Проект/
РЭ500/30. РЭ ЮНИТ-М500-ЛВ Уст//Приложение. БНН/img/1
111.pdf  used on input line 84.
(luatex.def)             Requested size: 101.2899pt x 76.08018pt.
<//uni-eng.ru/unit/Ivanovo/Документация ЮНИТ М300/Разра
ботка/Схемы ФБ ЮНИТ-М300/Проект/РЭ500/30. РЭ ЮНИ
Т-М500-ЛВ Уст//Приложение. БНН/img/1112.pdf, id=3032, 83.80
513pt x 69.73953pt>
File: //uni-eng.ru/unit/Ivanovo/Документация ЮНИТ М300/Раз
работка/Схемы ФБ ЮНИТ-М300/Проект/РЭ500/30. РЭ Ю
НИТ-М500-ЛВ Уст//Приложение. БНН/img/1112.pdf Graphic fil
e (type pdf)
<use //uni-eng.ru/unit/Ivanovo/Документация ЮНИТ М300/Раз
работка/Схемы ФБ ЮНИТ-М300/Проект/РЭ500/30. РЭ Ю
НИТ-М500-ЛВ Уст//Приложение. БНН/img/1112.pdf>
Package luatex.def Info: //uni-eng.ru/unit/Ivanovo/Документация Ю
НИТ М300/Разработка/Схемы ФБ ЮНИТ-М300/Проект/
РЭ500/30. РЭ ЮНИТ-М500-ЛВ Уст//Приложение. БНН/img/1
112.pdf  used on input line 84.
(luatex.def)             Requested size: 101.29027pt x 84.2893pt.
<//uni-eng.ru/unit/Ivanovo/Документация ЮНИТ М300/Разра
ботка/Схемы ФБ ЮНИТ-М300/Проект/РЭ500/30. РЭ ЮНИ
Т-М500-ЛВ Уст//Приложение. БНН/img/1121.pdf, id=3033, 97.35
446pt x 69.73953pt>
File: //uni-eng.ru/unit/Ivanovo/Документация ЮНИТ М300/Раз
работка/Схемы ФБ ЮНИТ-М300/Проект/РЭ500/30. РЭ Ю
НИТ-М500-ЛВ Уст//Приложение. БНН/img/1121.pdf Graphic fil
e (type pdf)
<use //uni-eng.ru/unit/Ivanovo/Документация ЮНИТ М300/Раз
работка/Схемы ФБ ЮНИТ-М300/Проект/РЭ500/30. РЭ Ю
НИТ-М500-ЛВ Уст//Приложение. БНН/img/1121.pdf>
Package luatex.def Info: //uni-eng.ru/unit/Ivanovo/Документация Ю
НИТ М300/Разработка/Схемы ФБ ЮНИТ-М300/Проект/
РЭ500/30. РЭ ЮНИТ-М500-ЛВ Уст//Приложение. БНН/img/1
121.pdf  used on input line 87.
(luatex.def)             Requested size: 101.2923pt x 72.56038pt.
<//uni-eng.ru/unit/Ivanovo/Документация ЮНИТ М300/Разра
ботка/Схемы ФБ ЮНИТ-М300/Проект/РЭ500/30. РЭ ЮНИ
Т-М500-ЛВ Уст//Приложение. БНН/img/1122.pdf, id=3034, 89.32
524pt x 89.80847pt>
File: //uni-eng.ru/unit/Ivanovo/Документация ЮНИТ М300/Раз
работка/Схемы ФБ ЮНИТ-М300/Проект/РЭ500/30. РЭ Ю
НИТ-М500-ЛВ Уст//Приложение. БНН/img/1122.pdf Graphic fil
e (type pdf)
<use //uni-eng.ru/unit/Ivanovo/Документация ЮНИТ М300/Раз
работка/Схемы ФБ ЮНИТ-М300/Проект/РЭ500/30. РЭ Ю
НИТ-М500-ЛВ Уст//Приложение. БНН/img/1122.pdf>
Package luatex.def Info: //uni-eng.ru/unit/Ivanovo/Документация Ю
НИТ М300/Разработка/Схемы ФБ ЮНИТ-М300/Проект/
РЭ500/30. РЭ ЮНИТ-М500-ЛВ Уст//Приложение. БНН/img/1
122.pdf  used on input line 87.
(luatex.def)             Requested size: 101.29027pt x 101.84276pt.

Overfull \hbox (7.87033pt too wide) in alignment at lines 50--91
 [][][][][][][] 
 []

[123




<//uni-eng.ru/unit/Ivanovo/Документация ЮНИТ М300/Разра
ботка/Схемы ФБ ЮНИТ-М300/Проект/РЭ500/30. РЭ ЮНИ
Т-М500-ЛВ Уст//Приложение. БНН/img/111.pdf><//uni-eng.ru/uni
t/Ivanovo/Документация ЮНИТ М300/Разработка/Схе
мы ФБ ЮНИТ-М300/Проект/РЭ500/30. РЭ ЮНИТ-М500-ЛВ У
ст//Приложение. БНН/img/112.pdf><//uni-eng.ru/unit/Ivanovo/До
кументация ЮНИТ М300/Разработка/Схемы ФБ ЮН
ИТ-М300/Проект/РЭ500/30. РЭ ЮНИТ-М500-ЛВ Уст//Прил
ожение. БНН/img/121.pdf><//uni-eng.ru/unit/Ivanovo/Документа
ция ЮНИТ М300/Разработка/Схемы ФБ ЮНИТ-М300/Пр
оект/РЭ500/30. РЭ ЮНИТ-М500-ЛВ Уст//Приложение. Б
НН/img/122.pdf><//uni-eng.ru/unit/Ivanovo/Документация ЮНИТ 
М300/Разработка/Схемы ФБ ЮНИТ-М300/Проект/РЭ500/3
0. РЭ ЮНИТ-М500-ЛВ Уст//Приложение. БНН/img/131.pdf><//
uni-eng.ru/unit/Ivanovo/Документация ЮНИТ М300/Разрабо
тка/Схемы ФБ ЮНИТ-М300/Проект/РЭ500/30. РЭ ЮНИТ-
М500-ЛВ Уст//Приложение. БНН/img/132.pdf><//uni-eng.ru/unit/I
vanovo/Документация ЮНИТ М300/Разработка/Схемы 
ФБ ЮНИТ-М300/Проект/РЭ500/30. РЭ ЮНИТ-М500-ЛВ Уст//
Приложение. БНН/img/141.pdf><//uni-eng.ru/unit/Ivanovo/Докум
ентация ЮНИТ М300/Разработка/Схемы ФБ ЮНИТ-М30
0/Проект/РЭ500/30. РЭ ЮНИТ-М500-ЛВ Уст//Приложени
е. БНН/img/142.pdf>] [124<//uni-eng.ru/unit/Ivanovo/Документаци
я ЮНИТ М300/Разработка/Схемы ФБ ЮНИТ-М300/Прое
кт/РЭ500/30. РЭ ЮНИТ-М500-ЛВ Уст//Приложение. БНН/i
mg/151.pdf><//uni-eng.ru/unit/Ivanovo/Документация ЮНИТ М300/
Разработка/Схемы ФБ ЮНИТ-М300/Проект/РЭ500/30. 
РЭ ЮНИТ-М500-ЛВ Уст//Приложение. БНН/img/152.pdf><//uni
-eng.ru/unit/Ivanovo/Документация ЮНИТ М300/Разработ
ка/Схемы ФБ ЮНИТ-М300/Проект/РЭ500/30. РЭ ЮНИТ-М500
-ЛВ Уст//Приложение. БНН/img/161.pdf><//uni-eng.ru/unit/Ivanov
o/Документация ЮНИТ М300/Разработка/Схемы ФБ 
ЮНИТ-М300/Проект/РЭ500/30. РЭ ЮНИТ-М500-ЛВ Уст//Пр
иложение. БНН/img/162.pdf><//uni-eng.ru/unit/Ivanovo/Докумен
тация ЮНИТ М300/Разработка/Схемы ФБ ЮНИТ-М300/
Проект/РЭ500/30. РЭ ЮНИТ-М500-ЛВ Уст//Приложение. 
БНН/img/171.pdf><//uni-eng.ru/unit/Ivanovo/Документация ЮНИ
Т М300/Разработка/Схемы ФБ ЮНИТ-М300/Проект/РЭ50
0/30. РЭ ЮНИТ-М500-ЛВ Уст//Приложение. БНН/img/172.pdf>
<//uni-eng.ru/unit/Ivanovo/Документация ЮНИТ М300/Разра
ботка/Схемы ФБ ЮНИТ-М300/Проект/РЭ500/30. РЭ ЮНИ
Т-М500-ЛВ Уст//Приложение. БНН/img/181.pdf><//uni-eng.ru/uni
t/Ivanovo/Документация ЮНИТ М300/Разработка/Схе
мы ФБ ЮНИТ-М300/Проект/РЭ500/30. РЭ ЮНИТ-М500-ЛВ У
ст//Приложение. БНН/img/182.pdf>]
Overfull \hbox (0.90613pt too wide) in paragraph at lines 118--118
 []|\TU/ArialNarrow(1)/m/n/10.95 №| 
 []


Overfull \hbox (2.39368pt too wide) in paragraph at lines 118--118
 []|\TU/ArialNarrow(1)/m/n/10.95 Особая 
 []


Overfull \hbox (7.75105pt too wide) in alignment at lines 113--120
 [][][][][][][][] 
 []


Overfull \hbox (0.90613pt too wide) in paragraph at lines 125--125
 []|\TU/ArialNarrow(1)/m/n/10.95 №| 
 []


Overfull \hbox (2.39368pt too wide) in paragraph at lines 125--125
 []|\TU/ArialNarrow(1)/m/n/10.95 Особая 
 []


Overfull \hbox (7.75105pt too wide) in alignment at lines 120--127
 [][][][][][][][] 
 []


Overfull \hbox (7.75105pt too wide) in alignment at lines 127--130
 [][][][][][][][] 
 []


Overfull \hbox (7.75105pt too wide) in alignment at lines 130--131
 [][][][][][][][] 
 []

<//uni-eng.ru/unit/Ivanovo/Документация ЮНИТ М300/Разра
ботка/Схемы ФБ ЮНИТ-М300/Проект/РЭ500/30. РЭ ЮНИ
Т-М500-ЛВ Уст//Приложение. БНН/img/211.pdf, id=3334, 98.859
92pt x 83.7878pt>
File: //uni-eng.ru/unit/Ivanovo/Документация ЮНИТ М300/Раз
работка/Схемы ФБ ЮНИТ-М300/Проект/РЭ500/30. РЭ Ю
НИТ-М500-ЛВ Уст//Приложение. БНН/img/211.pdf Graphic file
 (type pdf)
<use //uni-eng.ru/unit/Ivanovo/Документация ЮНИТ М300/Раз
работка/Схемы ФБ ЮНИТ-М300/Проект/РЭ500/30. РЭ Ю
НИТ-М500-ЛВ Уст//Приложение. БНН/img/211.pdf>
Package luatex.def Info: //uni-eng.ru/unit/Ivanovo/Документация Ю
НИТ М300/Разработка/Схемы ФБ ЮНИТ-М300/Проект/
РЭ500/30. РЭ ЮНИТ-М500-ЛВ Уст//Приложение. БНН/img/2
11.pdf  used on input line 133.
(luatex.def)             Requested size: 101.28981pt x 85.84721pt.
<//uni-eng.ru/unit/Ivanovo/Документация ЮНИТ М300/Разра
ботка/Схемы ФБ ЮНИТ-М300/Проект/РЭ500/30. РЭ ЮНИ
Т-М500-ЛВ Уст//Приложение. БНН/img/212.pdf, id=3335, 107.39
102pt x 106.36534pt>
File: //uni-eng.ru/unit/Ivanovo/Документация ЮНИТ М300/Раз
работка/Схемы ФБ ЮНИТ-М300/Проект/РЭ500/30. РЭ Ю
НИТ-М500-ЛВ Уст//Приложение. БНН/img/212.pdf Graphic file
 (type pdf)
<use //uni-eng.ru/unit/Ivanovo/Документация ЮНИТ М300/Раз
работка/Схемы ФБ ЮНИТ-М300/Проект/РЭ500/30. РЭ Ю
НИТ-М500-ЛВ Уст//Приложение. БНН/img/212.pdf>
Package luatex.def Info: //uni-eng.ru/unit/Ivanovo/Документация Ю
НИТ М300/Разработка/Схемы ФБ ЮНИТ-М300/Проект/
РЭ500/30. РЭ ЮНИТ-М500-ЛВ Уст//Приложение. БНН/img/2
12.pdf  used on input line 133.
(luatex.def)             Requested size: 101.29027pt x 100.32262pt.
<//uni-eng.ru/unit/Ivanovo/Документация ЮНИТ М300/Разра
ботка/Схемы ФБ ЮНИТ-М300/Проект/РЭ500/30. РЭ ЮНИ
Т-М500-ЛВ Уст//Приложение. БНН/img/221.pdf, id=3336, 93.841
7pt x 73.75333pt>
File: //uni-eng.ru/unit/Ivanovo/Документация ЮНИТ М300/Раз
работка/Схемы ФБ ЮНИТ-М300/Проект/РЭ500/30. РЭ Ю
НИТ-М500-ЛВ Уст//Приложение. БНН/img/221.pdf Graphic file
 (type pdf)
<use //uni-eng.ru/unit/Ivanovo/Документация ЮНИТ М300/Раз
работка/Схемы ФБ ЮНИТ-М300/Проект/РЭ500/30. РЭ Ю
НИТ-М500-ЛВ Уст//Приложение. БНН/img/221.pdf>
Package luatex.def Info: //uni-eng.ru/unit/Ivanovo/Документация Ю
НИТ М300/Разработка/Схемы ФБ ЮНИТ-М300/Проект/
РЭ500/30. РЭ ЮНИТ-М500-ЛВ Уст//Приложение. БНН/img/2
21.pdf  used on input line 136.
(luatex.def)             Requested size: 101.29596pt x 79.61186pt.
<//uni-eng.ru/unit/Ivanovo/Документация ЮНИТ М300/Разра
ботка/Схемы ФБ ЮНИТ-М300/Проект/РЭ500/30. РЭ ЮНИ
Т-М500-ЛВ Уст//Приложение. БНН/img/222.pdf, id=3337, 89.827
04pt x 88.80502pt>
File: //uni-eng.ru/unit/Ivanovo/Документация ЮНИТ М300/Раз
работка/Схемы ФБ ЮНИТ-М300/Проект/РЭ500/30. РЭ Ю
НИТ-М500-ЛВ Уст//Приложение. БНН/img/222.pdf Graphic file
 (type pdf)
<use //uni-eng.ru/unit/Ivanovo/Документация ЮНИТ М300/Раз
работка/Схемы ФБ ЮНИТ-М300/Проект/РЭ500/30. РЭ Ю
НИТ-М500-ЛВ Уст//Приложение. БНН/img/222.pdf>
Package luatex.def Info: //uni-eng.ru/unit/Ivanovo/Документация Ю
НИТ М300/Разработка/Схемы ФБ ЮНИТ-М300/Проект/
РЭ500/30. РЭ ЮНИТ-М500-ЛВ Уст//Приложение. БНН/img/2
22.pdf  used on input line 136.
(luatex.def)             Requested size: 101.29027pt x 100.14388pt.
<//uni-eng.ru/unit/Ivanovo/Документация ЮНИТ М300/Разра
ботка/Схемы ФБ ЮНИТ-М300/Проект/РЭ500/30. РЭ ЮНИ
Т-М500-ЛВ Уст//Приложение. БНН/img/231.pdf, id=3338, 89.325
27pt x 71.74643pt>
File: //uni-eng.ru/unit/Ivanovo/Документация ЮНИТ М300/Раз
работка/Схемы ФБ ЮНИТ-М300/Проект/РЭ500/30. РЭ Ю
НИТ-М500-ЛВ Уст//Приложение. БНН/img/231.pdf Graphic file
 (type pdf)
<use //uni-eng.ru/unit/Ivanovo/Документация ЮНИТ М300/Раз
работка/Схемы ФБ ЮНИТ-М300/Проект/РЭ500/30. РЭ Ю
НИТ-М500-ЛВ Уст//Приложение. БНН/img/231.pdf>
Package luatex.def Info: //uni-eng.ru/unit/Ivanovo/Документация Ю
НИТ М300/Разработка/Схемы ФБ ЮНИТ-М300/Проект/
РЭ500/30. РЭ ЮНИТ-М500-ЛВ Уст//Приложение. БНН/img/2
31.pdf  used on input line 139.
(luatex.def)             Requested size: 101.29483pt x 81.36043pt.
<//uni-eng.ru/unit/Ivanovo/Документация ЮНИТ М300/Разра
ботка/Схемы ФБ ЮНИТ-М300/Проект/РЭ500/30. РЭ ЮНИ
Т-М500-ЛВ Уст//Приложение. БНН/img/232.pdf, id=3339, 101.87
091pt x 67.73265pt>
File: //uni-eng.ru/unit/Ivanovo/Документация ЮНИТ М300/Раз
работка/Схемы ФБ ЮНИТ-М300/Проект/РЭ500/30. РЭ Ю
НИТ-М500-ЛВ Уст//Приложение. БНН/img/232.pdf Graphic file
 (type pdf)
<use //uni-eng.ru/unit/Ivanovo/Документация ЮНИТ М300/Раз
работка/Схемы ФБ ЮНИТ-М300/Проект/РЭ500/30. РЭ Ю
НИТ-М500-ЛВ Уст//Приложение. БНН/img/232.pdf>
Package luatex.def Info: //uni-eng.ru/unit/Ivanovo/Документация Ю
НИТ М300/Разработка/Схемы ФБ ЮНИТ-М300/Проект/
РЭ500/30. РЭ ЮНИТ-М500-ЛВ Уст//Приложение. БНН/img/2
32.pdf  used on input line 139.
(luatex.def)             Requested size: 101.29027pt x 67.34799pt.
<//uni-eng.ru/unit/Ivanovo/Документация ЮНИТ М300/Разра
ботка/Схемы ФБ ЮНИТ-М300/Проект/РЭ500/30. РЭ ЮНИ
Т-М500-ЛВ Уст//Приложение. БНН/img/241.pdf, id=3340, 99.361
77pt x 82.28262pt>
File: //uni-eng.ru/unit/Ivanovo/Документация ЮНИТ М300/Раз
работка/Схемы ФБ ЮНИТ-М300/Проект/РЭ500/30. РЭ Ю
НИТ-М500-ЛВ Уст//Приложение. БНН/img/241.pdf Graphic file
 (type pdf)
<use //uni-eng.ru/unit/Ivanovo/Документация ЮНИТ М300/Раз
работка/Схемы ФБ ЮНИТ-М300/Проект/РЭ500/30. РЭ Ю
НИТ-М500-ЛВ Уст//Приложение. БНН/img/241.pdf>
Package luatex.def Info: //uni-eng.ru/unit/Ivanovo/Документация Ю
НИТ М300/Разработка/Схемы ФБ ЮНИТ-М300/Проект/
РЭ500/30. РЭ ЮНИТ-М500-ЛВ Уст//Приложение. БНН/img/2
41.pdf  used on input line 142.
(luatex.def)             Requested size: 101.29155pt x 83.88069pt.
<//uni-eng.ru/unit/Ivanovo/Документация ЮНИТ М300/Разра
ботка/Схемы ФБ ЮНИТ-М300/Проект/РЭ500/30. РЭ ЮНИ
Т-М500-ЛВ Уст//Приложение. БНН/img/242.pdf, id=3341, 67.746
66pt x 69.23781pt>
File: //uni-eng.ru/unit/Ivanovo/Документация ЮНИТ М300/Раз
работка/Схемы ФБ ЮНИТ-М300/Проект/РЭ500/30. РЭ Ю
НИТ-М500-ЛВ Уст//Приложение. БНН/img/242.pdf Graphic file
 (type pdf)
<use //uni-eng.ru/unit/Ivanovo/Документация ЮНИТ М300/Раз
работка/Схемы ФБ ЮНИТ-М300/Проект/РЭ500/30. РЭ Ю
НИТ-М500-ЛВ Уст//Приложение. БНН/img/242.pdf>
Package luatex.def Info: //uni-eng.ru/unit/Ivanovo/Документация Ю
НИТ М300/Разработка/Схемы ФБ ЮНИТ-М300/Проект/
РЭ500/30. РЭ ЮНИТ-М500-ЛВ Уст//Приложение. БНН/img/2
42.pdf  used on input line 142.
(luatex.def)             Requested size: 81.0353pt x 82.82397pt.
<//uni-eng.ru/unit/Ivanovo/Документация ЮНИТ М300/Разра
ботка/Схемы ФБ ЮНИТ-М300/Проект/РЭ500/30. РЭ ЮНИ
Т-М500-ЛВ Уст//Приложение. БНН/img/251.pdf, id=3342, 105.88
554pt x 76.76369pt>
File: //uni-eng.ru/unit/Ivanovo/Документация ЮНИТ М300/Раз
работка/Схемы ФБ ЮНИТ-М300/Проект/РЭ500/30. РЭ Ю
НИТ-М500-ЛВ Уст//Приложение. БНН/img/251.pdf Graphic file
 (type pdf)
<use //uni-eng.ru/unit/Ivanovo/Документация ЮНИТ М300/Раз
работка/Схемы ФБ ЮНИТ-М300/Проект/РЭ500/30. РЭ Ю
НИТ-М500-ЛВ Уст//Приложение. БНН/img/251.pdf>
Package luatex.def Info: //uni-eng.ru/unit/Ivanovo/Документация Ю
НИТ М300/Разработка/Схемы ФБ ЮНИТ-М300/Проект/
РЭ500/30. РЭ ЮНИТ-М500-ЛВ Уст//Приложение. БНН/img/2
51.pdf  used on input line 146.
(luatex.def)             Requested size: 111.42383pt x 80.77875pt.
<//uni-eng.ru/unit/Ivanovo/Документация ЮНИТ М300/Разра
ботка/Схемы ФБ ЮНИТ-М300/Проект/РЭ500/30. РЭ ЮНИ
Т-М500-ЛВ Уст//Приложение. БНН/img/252.pdf, id=3343, 77.312
7pt x 74.6382pt>
File: //uni-eng.ru/unit/Ivanovo/Документация ЮНИТ М300/Раз
работка/Схемы ФБ ЮНИТ-М300/Проект/РЭ500/30. РЭ Ю
НИТ-М500-ЛВ Уст//Приложение. БНН/img/252.pdf Graphic file
 (type pdf)
<use //uni-eng.ru/unit/Ivanovo/Документация ЮНИТ М300/Раз
работка/Схемы ФБ ЮНИТ-М300/Проект/РЭ500/30. РЭ Ю
НИТ-М500-ЛВ Уст//Приложение. БНН/img/252.pdf>
Package luatex.def Info: //uni-eng.ru/unit/Ivanovo/Документация Ю
НИТ М300/Разработка/Схемы ФБ ЮНИТ-М300/Проект/
РЭ500/30. РЭ ЮНИТ-М500-ЛВ Уст//Приложение. БНН/img/2
52.pdf  used on input line 146.
(luatex.def)             Requested size: 86.0971pt x 83.11813pt.
<//uni-eng.ru/unit/Ivanovo/Документация ЮНИТ М300/Разра
ботка/Схемы ФБ ЮНИТ-М300/Проект/РЭ500/30. РЭ ЮНИ
Т-М500-ЛВ Уст//Приложение. БНН/img/261.pdf, id=3344, 100.55
12pt x 76.42593pt>
File: //uni-eng.ru/unit/Ivanovo/Документация ЮНИТ М300/Раз
работка/Схемы ФБ ЮНИТ-М300/Проект/РЭ500/30. РЭ Ю
НИТ-М500-ЛВ Уст//Приложение. БНН/img/261.pdf Graphic file
 (type pdf)
<use //uni-eng.ru/unit/Ivanovo/Документация ЮНИТ М300/Раз
работка/Схемы ФБ ЮНИТ-М300/Проект/РЭ500/30. РЭ Ю
НИТ-М500-ЛВ Уст//Приложение. БНН/img/261.pdf>
Package luatex.def Info: //uni-eng.ru/unit/Ivanovo/Документация Ю
НИТ М300/Разработка/Схемы ФБ ЮНИТ-М300/Проект/
РЭ500/30. РЭ ЮНИТ-М500-ЛВ Уст//Приложение. БНН/img/2
61.pdf  used on input line 149.
(luatex.def)             Requested size: 111.42595pt x 84.6915pt.
<//uni-eng.ru/unit/Ivanovo/Документация ЮНИТ М300/Разра
ботка/Схемы ФБ ЮНИТ-М300/Проект/РЭ500/30. РЭ ЮНИ
Т-М500-ЛВ Уст//Приложение. БНН/img/262.pdf, id=3345, 88.321
58pt x 72.74988pt>
File: //uni-eng.ru/unit/Ivanovo/Документация ЮНИТ М300/Раз
работка/Схемы ФБ ЮНИТ-М300/Проект/РЭ500/30. РЭ Ю
НИТ-М500-ЛВ Уст//Приложение. БНН/img/262.pdf Graphic file
 (type pdf)
<use //uni-eng.ru/unit/Ivanovo/Документация ЮНИТ М300/Раз
работка/Схемы ФБ ЮНИТ-М300/Проект/РЭ500/30. РЭ Ю
НИТ-М500-ЛВ Уст//Приложение. БНН/img/262.pdf>
Package luatex.def Info: //uni-eng.ru/unit/Ivanovo/Документация Ю
НИТ М300/Разработка/Схемы ФБ ЮНИТ-М300/Проект/
РЭ500/30. РЭ ЮНИТ-М500-ЛВ Уст//Приложение. БНН/img/2
62.pdf  used on input line 149.
(luatex.def)             Requested size: 91.15892pt x 75.0875pt.
<//uni-eng.ru/unit/Ivanovo/Документация ЮНИТ М300/Разра
ботка/Схемы ФБ ЮНИТ-М300/Проект/РЭ500/30. РЭ ЮНИ
Т-М500-ЛВ Уст//Приложение. БНН/img/271.pdf, id=3346, 99.361
79pt x 73.2516pt>
File: //uni-eng.ru/unit/Ivanovo/Документация ЮНИТ М300/Раз
работка/Схемы ФБ ЮНИТ-М300/Проект/РЭ500/30. РЭ Ю
НИТ-М500-ЛВ Уст//Приложение. БНН/img/271.pdf Graphic file
 (type pdf)
<use //uni-eng.ru/unit/Ivanovo/Документация ЮНИТ М300/Раз
работка/Схемы ФБ ЮНИТ-М300/Проект/РЭ500/30. РЭ Ю
НИТ-М500-ЛВ Уст//Приложение. БНН/img/271.pdf>
Package luatex.def Info: //uni-eng.ru/unit/Ivanovo/Документация Ю
НИТ М300/Разработка/Схемы ФБ ЮНИТ-М300/Проект/
РЭ500/30. РЭ ЮНИТ-М500-ЛВ Уст//Приложение. БНН/img/2
71.pdf  used on input line 152.
(luatex.def)             Requested size: 111.4239pt x 82.14406pt.
<//uni-eng.ru/unit/Ivanovo/Документация ЮНИТ М300/Разра
ботка/Схемы ФБ ЮНИТ-М300/Проект/РЭ500/30. РЭ ЮНИ
Т-М500-ЛВ Уст//Приложение. БНН/img/272.pdf, id=3347, 98.358
12pt x 91.31364pt>
File: //uni-eng.ru/unit/Ivanovo/Документация ЮНИТ М300/Раз
работка/Схемы ФБ ЮНИТ-М300/Проект/РЭ500/30. РЭ Ю
НИТ-М500-ЛВ Уст//Приложение. БНН/img/272.pdf Graphic file
 (type pdf)
<use //uni-eng.ru/unit/Ivanovo/Документация ЮНИТ М300/Раз
работка/Схемы ФБ ЮНИТ-М300/Проект/РЭ500/30. РЭ Ю
НИТ-М500-ЛВ Уст//Приложение. БНН/img/272.pdf>
Package luatex.def Info: //uni-eng.ru/unit/Ivanovo/Документация Ю
НИТ М300/Разработка/Схемы ФБ ЮНИТ-М300/Проект/
РЭ500/30. РЭ ЮНИТ-М500-ЛВ Уст//Приложение. БНН/img/2
72.pdf  used on input line 152.
(luatex.def)             Requested size: 101.29027pt x 94.04155pt.
<//uni-eng.ru/unit/Ivanovo/Документация ЮНИТ М300/Разра
ботка/Схемы ФБ ЮНИТ-М300/Проект/РЭ500/30. РЭ ЮНИ
Т-М500-ЛВ Уст//Приложение. БНН/img/281.pdf, id=3348, 96.350
85pt x 73.75333pt>
File: //uni-eng.ru/unit/Ivanovo/Документация ЮНИТ М300/Раз
работка/Схемы ФБ ЮНИТ-М300/Проект/РЭ500/30. РЭ Ю
НИТ-М500-ЛВ Уст//Приложение. БНН/img/281.pdf Graphic file
 (type pdf)
<use //uni-eng.ru/unit/Ivanovo/Документация ЮНИТ М300/Раз
работка/Схемы ФБ ЮНИТ-М300/Проект/РЭ500/30. РЭ Ю
НИТ-М500-ЛВ Уст//Приложение. БНН/img/281.pdf>
Package luatex.def Info: //uni-eng.ru/unit/Ivanovo/Документация Ю
НИТ М300/Разработка/Схемы ФБ ЮНИТ-М300/Проект/
РЭ500/30. РЭ ЮНИТ-М500-ЛВ Уст//Приложение. БНН/img/2
81.pdf  used on input line 155.
(luatex.def)             Requested size: 111.4289pt x 85.29506pt.
<//uni-eng.ru/unit/Ivanovo/Документация ЮНИТ М300/Разра
ботка/Схемы ФБ ЮНИТ-М300/Проект/РЭ500/30. РЭ ЮНИ
Т-М500-ЛВ Уст//Приложение. БНН/img/282.pdf, id=3349, 112.91
112pt x 80.77745pt>
File: //uni-eng.ru/unit/Ivanovo/Документация ЮНИТ М300/Раз
работка/Схемы ФБ ЮНИТ-М300/Проект/РЭ500/30. РЭ Ю
НИТ-М500-ЛВ Уст//Приложение. БНН/img/282.pdf Graphic file
 (type pdf)
<use //uni-eng.ru/unit/Ivanovo/Документация ЮНИТ М300/Раз
работка/Схемы ФБ ЮНИТ-М300/Проект/РЭ500/30. РЭ Ю
НИТ-М500-ЛВ Уст//Приложение. БНН/img/282.pdf>
Package luatex.def Info: //uni-eng.ru/unit/Ivanovo/Документация Ю
НИТ М300/Разработка/Схемы ФБ ЮНИТ-М300/Проект/
РЭ500/30. РЭ ЮНИТ-М500-ЛВ Уст//Приложение. БНН/img/2
82.pdf  used on input line 155.
(luatex.def)             Requested size: 101.29027pt x 72.46606pt.
<//uni-eng.ru/unit/Ivanovo/Документация ЮНИТ М300/Разра
ботка/Схемы ФБ ЮНИТ-М300/Проект/РЭ500/30. РЭ ЮНИ
Т-М500-ЛВ Уст//Приложение. БНН/img/291.pdf, id=3350, 104.38
007pt x 74.75677pt>
File: //uni-eng.ru/unit/Ivanovo/Документация ЮНИТ М300/Раз
работка/Схемы ФБ ЮНИТ-М300/Проект/РЭ500/30. РЭ Ю
НИТ-М500-ЛВ Уст//Приложение. БНН/img/291.pdf Graphic file
 (type pdf)
<use //uni-eng.ru/unit/Ivanovo/Документация ЮНИТ М300/Раз
работка/Схемы ФБ ЮНИТ-М300/Проект/РЭ500/30. РЭ Ю
НИТ-М500-ЛВ Уст//Приложение. БНН/img/291.pdf>
Package luatex.def Info: //uni-eng.ru/unit/Ivanovo/Документация Ю
НИТ М300/Разработка/Схемы ФБ ЮНИТ-М300/Проект/
РЭ500/30. РЭ ЮНИТ-М500-ЛВ Уст//Приложение. БНН/img/2
91.pdf  used on input line 159.
(luatex.def)             Requested size: 111.42593pt x 79.80301pt.
<//uni-eng.ru/unit/Ivanovo/Документация ЮНИТ М300/Разра
ботка/Схемы ФБ ЮНИТ-М300/Проект/РЭ500/30. РЭ ЮНИ
Т-М500-ЛВ Уст//Приложение. БНН/img/292.pdf, id=3351, 105.38
37pt x 70.24127pt>
File: //uni-eng.ru/unit/Ivanovo/Документация ЮНИТ М300/Раз
работка/Схемы ФБ ЮНИТ-М300/Проект/РЭ500/30. РЭ Ю
НИТ-М500-ЛВ Уст//Приложение. БНН/img/292.pdf Graphic file
 (type pdf)
<use //uni-eng.ru/unit/Ivanovo/Документация ЮНИТ М300/Раз
работка/Схемы ФБ ЮНИТ-М300/Проект/РЭ500/30. РЭ Ю
НИТ-М500-ЛВ Уст//Приложение. БНН/img/292.pdf>
Package luatex.def Info: //uni-eng.ru/unit/Ivanovo/Документация Ю
НИТ М300/Разработка/Схемы ФБ ЮНИТ-М300/Проект/
РЭ500/30. РЭ ЮНИТ-М500-ЛВ Уст//Приложение. БНН/img/2
92.pdf  used on input line 159.
(luatex.def)             Requested size: 101.29027pt x 67.51228pt.

Overfull \hbox (1.25197pt too wide) in paragraph at lines 162--162
 []|\TU/ArialNarrow(1)/m/n/10.95 10| 
 []

<//uni-eng.ru/unit/Ivanovo/Документация ЮНИТ М300/Разра
ботка/Схемы ФБ ЮНИТ-М300/Проект/РЭ500/30. РЭ ЮНИ
Т-М500-ЛВ Уст//Приложение. БНН/img/2101.pdf, id=3352, 104.3
8007pt x 76.26193pt>
File: //uni-eng.ru/unit/Ivanovo/Документация ЮНИТ М300/Раз
работка/Схемы ФБ ЮНИТ-М300/Проект/РЭ500/30. РЭ Ю
НИТ-М500-ЛВ Уст//Приложение. БНН/img/2101.pdf Graphic fil
e (type pdf)
<use //uni-eng.ru/unit/Ivanovo/Документация ЮНИТ М300/Раз
работка/Схемы ФБ ЮНИТ-М300/Проект/РЭ500/30. РЭ Ю
НИТ-М500-ЛВ Уст//Приложение. БНН/img/2101.pdf>
Package luatex.def Info: //uni-eng.ru/unit/Ivanovo/Документация Ю
НИТ М300/Разработка/Схемы ФБ ЮНИТ-М300/Проект/
РЭ500/30. РЭ ЮНИТ-М500-ЛВ Уст//Приложение. БНН/img/2
101.pdf  used on input line 162.
(luatex.def)             Requested size: 111.42593pt x 81.40976pt.
<//uni-eng.ru/unit/Ivanovo/Документация ЮНИТ М300/Разра
ботка/Схемы ФБ ЮНИТ-М300/Проект/РЭ500/30. РЭ ЮНИ
Т-М500-ЛВ Уст//Приложение. БНН/img/2102.pdf, id=3353, 101.8
7091pt x 80.27574pt>
File: //uni-eng.ru/unit/Ivanovo/Документация ЮНИТ М300/Раз
работка/Схемы ФБ ЮНИТ-М300/Проект/РЭ500/30. РЭ Ю
НИТ-М500-ЛВ Уст//Приложение. БНН/img/2102.pdf Graphic fil
e (type pdf)
<use //uni-eng.ru/unit/Ivanovo/Документация ЮНИТ М300/Раз
работка/Схемы ФБ ЮНИТ-М300/Проект/РЭ500/30. РЭ Ю
НИТ-М500-ЛВ Уст//Приложение. БНН/img/2102.pdf>
Package luatex.def Info: //uni-eng.ru/unit/Ivanovo/Документация Ю
НИТ М300/Разработка/Схемы ФБ ЮНИТ-М300/Проект/
РЭ500/30. РЭ ЮНИТ-М500-ЛВ Уст//Приложение. БНН/img/2
102.pdf  used on input line 162.
(luatex.def)             Requested size: 101.29027pt x 79.81985pt.

Overfull \hbox (1.25197pt too wide) in paragraph at lines 165--165
 []|\TU/ArialNarrow(1)/m/n/10.95 11| 
 []

<//uni-eng.ru/unit/Ivanovo/Документация ЮНИТ М300/Разра
ботка/Схемы ФБ ЮНИТ-М300/Проект/РЭ500/30. РЭ ЮНИ
Т-М500-ЛВ Уст//Приложение. БНН/img/2111.pdf, id=3354, 109.3
9832pt x 77.76712pt>
File: //uni-eng.ru/unit/Ivanovo/Документация ЮНИТ М300/Раз
работка/Схемы ФБ ЮНИТ-М300/Проект/РЭ500/30. РЭ Ю
НИТ-М500-ЛВ Уст//Приложение. БНН/img/2111.pdf Graphic fil
e (type pdf)
<use //uni-eng.ru/unit/Ivanovo/Документация ЮНИТ М300/Раз
работка/Схемы ФБ ЮНИТ-М300/Проект/РЭ500/30. РЭ Ю
НИТ-М500-ЛВ Уст//Приложение. БНН/img/2111.pdf>
Package luatex.def Info: //uni-eng.ru/unit/Ivanovo/Документация Ю
НИТ М300/Разработка/Схемы ФБ ЮНИТ-М300/Проект/
РЭ500/30. РЭ ЮНИТ-М500-ЛВ Уст//Приложение. БНН/img/2
111.pdf  used on input line 165.
(luatex.def)             Requested size: 111.42789pt x 79.20985pt.
<//uni-eng.ru/unit/Ivanovo/Документация ЮНИТ М300/Разра
ботка/Схемы ФБ ЮНИТ-М300/Проект/РЭ500/30. РЭ ЮНИ
Т-М500-ЛВ Уст//Приложение. БНН/img/2112.pdf, id=3355, 85.31
061pt x 77.76712pt>
File: //uni-eng.ru/unit/Ivanovo/Документация ЮНИТ М300/Раз
работка/Схемы ФБ ЮНИТ-М300/Проект/РЭ500/30. РЭ Ю
НИТ-М500-ЛВ Уст//Приложение. БНН/img/2112.pdf Graphic fil
e (type pdf)
<use //uni-eng.ru/unit/Ivanovo/Документация ЮНИТ М300/Раз
работка/Схемы ФБ ЮНИТ-М300/Проект/РЭ500/30. РЭ Ю
НИТ-М500-ЛВ Уст//Приложение. БНН/img/2112.pdf>
Package luatex.def Info: //uni-eng.ru/unit/Ivanovo/Документация Ю
НИТ М300/Разработка/Схемы ФБ ЮНИТ-М300/Проект/
РЭ500/30. РЭ ЮНИТ-М500-ЛВ Уст//Приложение. БНН/img/2
112.pdf  used on input line 165.
(luatex.def)             Requested size: 101.29027pt x 92.3399pt.

Overfull \hbox (1.25197pt too wide) in paragraph at lines 168--168
 []|\TU/ArialNarrow(1)/m/n/10.95 12| 
 []

<//uni-eng.ru/unit/Ivanovo/Документация ЮНИТ М300/Разра
ботка/Схемы ФБ ЮНИТ-М300/Проект/РЭ500/30. РЭ ЮНИ
Т-М500-ЛВ Уст//Приложение. БНН/img/2121.pdf, id=3356, 97.85
628pt x 78.26884pt>
File: //uni-eng.ru/unit/Ivanovo/Документация ЮНИТ М300/Раз
работка/Схемы ФБ ЮНИТ-М300/Проект/РЭ500/30. РЭ Ю
НИТ-М500-ЛВ Уст//Приложение. БНН/img/2121.pdf Graphic fil
e (type pdf)
<use //uni-eng.ru/unit/Ivanovo/Документация ЮНИТ М300/Раз
работка/Схемы ФБ ЮНИТ-М300/Проект/РЭ500/30. РЭ Ю
НИТ-М500-ЛВ Уст//Приложение. БНН/img/2121.pdf>
Package luatex.def Info: //uni-eng.ru/unit/Ivanovo/Документация Ю
НИТ М300/Разработка/Схемы ФБ ЮНИТ-М300/Проект/
РЭ500/30. РЭ ЮНИТ-М500-ЛВ Уст//Приложение. БНН/img/2
121.pdf  used on input line 168.
(luatex.def)             Requested size: 111.4259pt x 89.1223pt.
<//uni-eng.ru/unit/Ivanovo/Документация ЮНИТ М300/Разра
ботка/Схемы ФБ ЮНИТ-М300/Проект/РЭ500/30. РЭ ЮНИ
Т-М500-ЛВ Уст//Приложение. БНН/img/2122.pdf, id=3357, 99.86
36pt x 94.32399pt>
File: //uni-eng.ru/unit/Ivanovo/Документация ЮНИТ М300/Раз
работка/Схемы ФБ ЮНИТ-М300/Проект/РЭ500/30. РЭ Ю
НИТ-М500-ЛВ Уст//Приложение. БНН/img/2122.pdf Graphic fil
e (type pdf)
<use //uni-eng.ru/unit/Ivanovo/Документация ЮНИТ М300/Раз
работка/Схемы ФБ ЮНИТ-М300/Проект/РЭ500/30. РЭ Ю
НИТ-М500-ЛВ Уст//Приложение. БНН/img/2122.pdf>
Package luatex.def Info: //uni-eng.ru/unit/Ivanovo/Документация Ю
НИТ М300/Разработка/Схемы ФБ ЮНИТ-М300/Проект/
РЭ500/30. РЭ ЮНИТ-М500-ЛВ Уст//Приложение. БНН/img/2
122.pdf  used on input line 168.
(luatex.def)             Requested size: 101.29027pt x 95.6752pt.

Overfull \hbox (7.75105pt too wide) in alignment at lines 131--171
 [][][][][][][][] 
 []

[125<//uni-eng.ru/unit/Ivanovo/Документация ЮНИТ М300/Раз
работка/Схемы ФБ ЮНИТ-М300/Проект/РЭ500/30. РЭ Ю
НИТ-М500-ЛВ Уст//Приложение. БНН/img/191.pdf><//uni-eng.ru
/unit/Ivanovo/Документация ЮНИТ М300/Разработка/С
хемы ФБ ЮНИТ-М300/Проект/РЭ500/30. РЭ ЮНИТ-М500-ЛВ 
Уст//Приложение. БНН/img/192.pdf><//uni-eng.ru/unit/Ivanovo/Д
окументация ЮНИТ М300/Разработка/Схемы ФБ Ю
НИТ-М300/Проект/РЭ500/30. РЭ ЮНИТ-М500-ЛВ Уст//При
ложение. БНН/img/1101.pdf><//uni-eng.ru/unit/Ivanovo/Докумен
тация ЮНИТ М300/Разработка/Схемы ФБ ЮНИТ-М300/
Проект/РЭ500/30. РЭ ЮНИТ-М500-ЛВ Уст//Приложение. 
БНН/img/1102.pdf><//uni-eng.ru/unit/Ivanovo/Документация ЮНИ
Т М300/Разработка/Схемы ФБ ЮНИТ-М300/Проект/РЭ50
0/30. РЭ ЮНИТ-М500-ЛВ Уст//Приложение. БНН/img/1111.pdf
><//uni-eng.ru/unit/Ivanovo/Документация ЮНИТ М300/Разра
ботка/Схемы ФБ ЮНИТ-М300/Проект/РЭ500/30. РЭ ЮНИ
Т-М500-ЛВ Уст//Приложение. БНН/img/1112.pdf><//uni-eng.ru/un
it/Ivanovo/Документация ЮНИТ М300/Разработка/Схе
мы ФБ ЮНИТ-М300/Проект/РЭ500/30. РЭ ЮНИТ-М500-ЛВ У
ст//Приложение. БНН/img/1121.pdf><//uni-eng.ru/unit/Ivanovo/Д
окументация ЮНИТ М300/Разработка/Схемы ФБ Ю
НИТ-М300/Проект/РЭ500/30. РЭ ЮНИТ-М500-ЛВ Уст//При
ложение. БНН/img/1122.pdf>] [126<//uni-eng.ru/unit/Ivanovo/Доку
ментация ЮНИТ М300/Разработка/Схемы ФБ ЮНИТ-
М300/Проект/РЭ500/30. РЭ ЮНИТ-М500-ЛВ Уст//Приложе
ние. БНН/img/211.pdf><//uni-eng.ru/unit/Ivanovo/Документация 
ЮНИТ М300/Разработка/Схемы ФБ ЮНИТ-М300/Проек
т/РЭ500/30. РЭ ЮНИТ-М500-ЛВ Уст//Приложение. БНН/img
/212.pdf><//uni-eng.ru/unit/Ivanovo/Документация ЮНИТ М300/Р
азработка/Схемы ФБ ЮНИТ-М300/Проект/РЭ500/30. Р
Э ЮНИТ-М500-ЛВ Уст//Приложение. БНН/img/221.pdf><//uni-e
ng.ru/unit/Ivanovo/Документация ЮНИТ М300/Разработк
а/Схемы ФБ ЮНИТ-М300/Проект/РЭ500/30. РЭ ЮНИТ-М500-
ЛВ Уст//Приложение. БНН/img/222.pdf><//uni-eng.ru/unit/Ivanovo
/Документация ЮНИТ М300/Разработка/Схемы ФБ 
ЮНИТ-М300/Проект/РЭ500/30. РЭ ЮНИТ-М500-ЛВ Уст//Пр
иложение. БНН/img/231.pdf><//uni-eng.ru/unit/Ivanovo/Докумен
тация ЮНИТ М300/Разработка/Схемы ФБ ЮНИТ-М300/
Проект/РЭ500/30. РЭ ЮНИТ-М500-ЛВ Уст//Приложение. 
БНН/img/232.pdf><//uni-eng.ru/unit/Ivanovo/Документация ЮНИ
Т М300/Разработка/Схемы ФБ ЮНИТ-М300/Проект/РЭ50
0/30. РЭ ЮНИТ-М500-ЛВ Уст//Приложение. БНН/img/241.pdf>
<//uni-eng.ru/unit/Ivanovo/Документация ЮНИТ М300/Разра
ботка/Схемы ФБ ЮНИТ-М300/Проект/РЭ500/30. РЭ ЮНИ
Т-М500-ЛВ Уст//Приложение. БНН/img/242.pdf>]
[127<//uni-eng.ru/unit/Ivanovo/Документация ЮНИТ М300/Раз
работка/Схемы ФБ ЮНИТ-М300/Проект/РЭ500/30. РЭ Ю
НИТ-М500-ЛВ Уст//Приложение. БНН/img/251.pdf><//uni-eng.ru
/unit/Ivanovo/Документация ЮНИТ М300/Разработка/С
хемы ФБ ЮНИТ-М300/Проект/РЭ500/30. РЭ ЮНИТ-М500-ЛВ 
Уст//Приложение. БНН/img/252.pdf><//uni-eng.ru/unit/Ivanovo/Д
окументация ЮНИТ М300/Разработка/Схемы ФБ Ю
НИТ-М300/Проект/РЭ500/30. РЭ ЮНИТ-М500-ЛВ Уст//При
ложение. БНН/img/261.pdf><//uni-eng.ru/unit/Ivanovo/Документ
ация ЮНИТ М300/Разработка/Схемы ФБ ЮНИТ-М300/П
роект/РЭ500/30. РЭ ЮНИТ-М500-ЛВ Уст//Приложение. 
БНН/img/262.pdf><//uni-eng.ru/unit/Ivanovo/Документация ЮНИ
Т М300/Разработка/Схемы ФБ ЮНИТ-М300/Проект/РЭ50
0/30. РЭ ЮНИТ-М500-ЛВ Уст//Приложение. БНН/img/271.pdf>
<//uni-eng.ru/unit/Ivanovo/Документация ЮНИТ М300/Разра
ботка/Схемы ФБ ЮНИТ-М300/Проект/РЭ500/30. РЭ ЮНИ
Т-М500-ЛВ Уст//Приложение. БНН/img/272.pdf><//uni-eng.ru/uni
t/Ivanovo/Документация ЮНИТ М300/Разработка/Схе
мы ФБ ЮНИТ-М300/Проект/РЭ500/30. РЭ ЮНИТ-М500-ЛВ У
ст//Приложение. БНН/img/281.pdf><//uni-eng.ru/unit/Ivanovo/До
кументация ЮНИТ М300/Разработка/Схемы ФБ ЮН
ИТ-М300/Проект/РЭ500/30. РЭ ЮНИТ-М500-ЛВ Уст//Прил
ожение. БНН/img/282.pdf>]
Overfull \hbox (0.90613pt too wide) in paragraph at lines 199--199
 []|\TU/ArialNarrow(1)/m/n/10.95 №| 
 []


Overfull \hbox (2.39368pt too wide) in paragraph at lines 199--199
 []|\TU/ArialNarrow(1)/m/n/10.95 Особая 
 []


Overfull \hbox (7.75061pt too wide) in alignment at lines 194--201
 [][][][][][][][] 
 []


Overfull \hbox (0.90613pt too wide) in paragraph at lines 206--206
 []|\TU/ArialNarrow(1)/m/n/10.95 №| 
 []


Overfull \hbox (2.39368pt too wide) in paragraph at lines 206--206
 []|\TU/ArialNarrow(1)/m/n/10.95 Особая 
 []


Overfull \hbox (7.75061pt too wide) in alignment at lines 201--208
 [][][][][][][][] 
 []


Overfull \hbox (7.75061pt too wide) in alignment at lines 208--211
 [][][][][][][][] 
 []


Overfull \hbox (7.75061pt too wide) in alignment at lines 211--212
 [][][][][][][][] 
 []

<//uni-eng.ru/unit/Ivanovo/Документация ЮНИТ М300/Разра
ботка/Схемы ФБ ЮНИТ-М300/Проект/РЭ500/30. РЭ ЮНИ
Т-М500-ЛВ Уст//Приложение. БНН/img/311.pdf, id=3795, 103.87
822pt x 86.2964pt>
File: //uni-eng.ru/unit/Ivanovo/Документация ЮНИТ М300/Раз
работка/Схемы ФБ ЮНИТ-М300/Проект/РЭ500/30. РЭ Ю
НИТ-М500-ЛВ Уст//Приложение. БНН/img/311.pdf Graphic file
 (type pdf)
<use //uni-eng.ru/unit/Ivanovo/Документация ЮНИТ М300/Раз
работка/Схемы ФБ ЮНИТ-М300/Проект/РЭ500/30. РЭ Ю
НИТ-М500-ЛВ Уст//Приложение. БНН/img/311.pdf>
Package luatex.def Info: //uni-eng.ru/unit/Ivanovo/Документация Ю
НИТ М300/Разработка/Схемы ФБ ЮНИТ-М300/Проект/
РЭ500/30. РЭ ЮНИТ-М500-ЛВ Уст//Приложение. БНН/img/3
11.pdf  used on input line 214.
(luatex.def)             Requested size: 101.29272pt x 84.1485pt.
<//uni-eng.ru/unit/Ivanovo/Документация ЮНИТ М300/Разра
ботка/Схемы ФБ ЮНИТ-М300/Проект/РЭ500/30. РЭ ЮНИ
Т-М500-ЛВ Уст//Приложение. БНН/img/312.pdf, id=3796, 111.90
747pt x 111.38258pt>
File: //uni-eng.ru/unit/Ivanovo/Документация ЮНИТ М300/Раз
работка/Схемы ФБ ЮНИТ-М300/Проект/РЭ500/30. РЭ Ю
НИТ-М500-ЛВ Уст//Приложение. БНН/img/312.pdf Graphic file
 (type pdf)
<use //uni-eng.ru/unit/Ivanovo/Документация ЮНИТ М300/Раз
работка/Схемы ФБ ЮНИТ-М300/Проект/РЭ500/30. РЭ Ю
НИТ-М500-ЛВ Уст//Приложение. БНН/img/312.pdf>
Package luatex.def Info: //uni-eng.ru/unit/Ivanovo/Документация Ю
НИТ М300/Разработка/Схемы ФБ ЮНИТ-М300/Проект/
РЭ500/30. РЭ ЮНИТ-М500-ЛВ Уст//Приложение. БНН/img/3
12.pdf  used on input line 214.
(luatex.def)             Requested size: 101.29027pt x 100.81444pt.

Overfull \hbox (0.9228pt too wide) in paragraph at lines 214--214
 []|[]| 
 []

<//uni-eng.ru/unit/Ivanovo/Документация ЮНИТ М300/Разра
ботка/Схемы ФБ ЮНИТ-М300/Проект/РЭ500/30. РЭ ЮНИ
Т-М500-ЛВ Уст//Приложение. БНН/img/321.pdf, id=3797, 98.859
97pt x 81.78087pt>
File: //uni-eng.ru/unit/Ivanovo/Документация ЮНИТ М300/Раз
работка/Схемы ФБ ЮНИТ-М300/Проект/РЭ500/30. РЭ Ю
НИТ-М500-ЛВ Уст//Приложение. БНН/img/321.pdf Graphic file
 (type pdf)
<use //uni-eng.ru/unit/Ivanovo/Документация ЮНИТ М300/Раз
работка/Схемы ФБ ЮНИТ-М300/Проект/РЭ500/30. РЭ Ю
НИТ-М500-ЛВ Уст//Приложение. БНН/img/321.pdf>
Package luatex.def Info: //uni-eng.ru/unit/Ivanovo/Документация Ю
НИТ М300/Разработка/Схемы ФБ ЮНИТ-М300/Проект/
РЭ500/30. РЭ ЮНИТ-М500-ЛВ Уст//Приложение. БНН/img/3
21.pdf  used on input line 217.
(luatex.def)             Requested size: 106.35986pt x 87.98508pt.
<//uni-eng.ru/unit/Ivanovo/Документация ЮНИТ М300/Разра
ботка/Схемы ФБ ЮНИТ-М300/Проект/РЭ500/30. РЭ ЮНИ
Т-М500-ЛВ Уст//Приложение. БНН/img/322.pdf, id=3798, 90.830
7pt x 95.82915pt>
File: //uni-eng.ru/unit/Ivanovo/Документация ЮНИТ М300/Раз
работка/Схемы ФБ ЮНИТ-М300/Проект/РЭ500/30. РЭ Ю
НИТ-М500-ЛВ Уст//Приложение. БНН/img/322.pdf Graphic file
 (type pdf)
<use //uni-eng.ru/unit/Ivanovo/Документация ЮНИТ М300/Раз
работка/Схемы ФБ ЮНИТ-М300/Проект/РЭ500/30. РЭ Ю
НИТ-М500-ЛВ Уст//Приложение. БНН/img/322.pdf>
Package luatex.def Info: //uni-eng.ru/unit/Ivanovo/Документация Ю
НИТ М300/Разработка/Схемы ФБ ЮНИТ-М300/Проект/
РЭ500/30. РЭ ЮНИТ-М500-ЛВ Уст//Приложение. БНН/img/3
22.pdf  used on input line 217.
(luatex.def)             Requested size: 91.15892pt x 96.1769pt.
<//uni-eng.ru/unit/Ivanovo/Документация ЮНИТ М300/Разра
ботка/Схемы ФБ ЮНИТ-М300/Проект/РЭ500/30. РЭ ЮНИ
Т-М500-ЛВ Уст//Приложение. БНН/img/331.pdf, id=3799, 93.339
84pt x 73.25162pt>
File: //uni-eng.ru/unit/Ivanovo/Документация ЮНИТ М300/Раз
работка/Схемы ФБ ЮНИТ-М300/Проект/РЭ500/30. РЭ Ю
НИТ-М500-ЛВ Уст//Приложение. БНН/img/331.pdf Graphic file
 (type pdf)
<use //uni-eng.ru/unit/Ivanovo/Документация ЮНИТ М300/Раз
работка/Схемы ФБ ЮНИТ-М300/Проект/РЭ500/30. РЭ Ю
НИТ-М500-ЛВ Уст//Приложение. БНН/img/331.pdf>
Package luatex.def Info: //uni-eng.ru/unit/Ivanovo/Документация Ю
НИТ М300/Разработка/Схемы ФБ ЮНИТ-М300/Проект/
РЭ500/30. РЭ ЮНИТ-М500-ЛВ Уст//Приложение. БНН/img/3
31.pdf  used on input line 220.
(luatex.def)             Requested size: 101.29402pt x 79.49394pt.
<//uni-eng.ru/unit/Ivanovo/Документация ЮНИТ М300/Разра
ботка/Схемы ФБ ЮНИТ-М300/Проект/РЭ500/30. РЭ ЮНИ
Т-М500-ЛВ Уст//Приложение. БНН/img/332.pdf, id=3800, 99.863
6pt x 74.25507pt>
File: //uni-eng.ru/unit/Ivanovo/Документация ЮНИТ М300/Раз
работка/Схемы ФБ ЮНИТ-М300/Проект/РЭ500/30. РЭ Ю
НИТ-М500-ЛВ Уст//Приложение. БНН/img/332.pdf Graphic file
 (type pdf)
<use //uni-eng.ru/unit/Ivanovo/Документация ЮНИТ М300/Раз
работка/Схемы ФБ ЮНИТ-М300/Проект/РЭ500/30. РЭ Ю
НИТ-М500-ЛВ Уст//Приложение. БНН/img/332.pdf>
Package luatex.def Info: //uni-eng.ru/unit/Ivanovo/Документация Ю
НИТ М300/Разработка/Схемы ФБ ЮНИТ-М300/Проект/
РЭ500/30. РЭ ЮНИТ-М500-ЛВ Уст//Приложение. БНН/img/3
32.pdf  used on input line 220.
(luatex.def)             Requested size: 101.29027pt x 75.31879pt.

Overfull \hbox (0.9228pt too wide) in paragraph at lines 220--220
 []|[]| 
 []

<//uni-eng.ru/unit/Ivanovo/Документация ЮНИТ М300/Разра
ботка/Схемы ФБ ЮНИТ-М300/Проект/РЭ500/30. РЭ ЮНИ
Т-М500-ЛВ Уст//Приложение. БНН/img/341.pdf, id=3801, 103.87
823pt x 89.30675pt>
File: //uni-eng.ru/unit/Ivanovo/Документация ЮНИТ М300/Раз
работка/Схемы ФБ ЮНИТ-М300/Проект/РЭ500/30. РЭ Ю
НИТ-М500-ЛВ Уст//Приложение. БНН/img/341.pdf Graphic file
 (type pdf)
<use //uni-eng.ru/unit/Ivanovo/Документация ЮНИТ М300/Раз
работка/Схемы ФБ ЮНИТ-М300/Проект/РЭ500/30. РЭ Ю
НИТ-М500-ЛВ Уст//Приложение. БНН/img/341.pdf>
Package luatex.def Info: //uni-eng.ru/unit/Ivanovo/Документация Ю
НИТ М300/Разработка/Схемы ФБ ЮНИТ-М300/Проект/
РЭ500/30. РЭ ЮНИТ-М500-ЛВ Уст//Приложение. БНН/img/3
41.pdf  used on input line 223.
(luatex.def)             Requested size: 101.29274pt x 87.08392pt.
<//uni-eng.ru/unit/Ivanovo/Документация ЮНИТ М300/Разра
ботка/Схемы ФБ ЮНИТ-М300/Проект/РЭ500/30. РЭ ЮНИ
Т-М500-ЛВ Уст//Приложение. БНН/img/342.pdf, id=3802, 88.321
58pt x 78.26886pt>
File: //uni-eng.ru/unit/Ivanovo/Документация ЮНИТ М300/Раз
работка/Схемы ФБ ЮНИТ-М300/Проект/РЭ500/30. РЭ Ю
НИТ-М500-ЛВ Уст//Приложение. БНН/img/342.pdf Graphic file
 (type pdf)
<use //uni-eng.ru/unit/Ivanovo/Документация ЮНИТ М300/Раз
работка/Схемы ФБ ЮНИТ-М300/Проект/РЭ500/30. РЭ Ю
НИТ-М500-ЛВ Уст//Приложение. БНН/img/342.pdf>
Package luatex.def Info: //uni-eng.ru/unit/Ivanovo/Документация Ю
НИТ М300/Разработка/Схемы ФБ ЮНИТ-М300/Проект/
РЭ500/30. РЭ ЮНИТ-М500-ЛВ Уст//Приложение. БНН/img/3
42.pdf  used on input line 223.
(luatex.def)             Requested size: 101.29027pt x 89.76245pt.
<//uni-eng.ru/unit/Ivanovo/Документация ЮНИТ М300/Разра
ботка/Схемы ФБ ЮНИТ-М300/Проект/РЭ500/30. РЭ ЮНИ
Т-М500-ЛВ Уст//Приложение. БНН/img/351.pdf, id=3803, 103.87
822pt x 81.27916pt>
File: //uni-eng.ru/unit/Ivanovo/Документация ЮНИТ М300/Раз
работка/Схемы ФБ ЮНИТ-М300/Проект/РЭ500/30. РЭ Ю
НИТ-М500-ЛВ Уст//Приложение. БНН/img/351.pdf Graphic file
 (type pdf)
<use //uni-eng.ru/unit/Ivanovo/Документация ЮНИТ М300/Раз
работка/Схемы ФБ ЮНИТ-М300/Проект/РЭ500/30. РЭ Ю
НИТ-М500-ЛВ Уст//Приложение. БНН/img/351.pdf>
Package luatex.def Info: //uni-eng.ru/unit/Ivanovo/Документация Ю
НИТ М300/Разработка/Схемы ФБ ЮНИТ-М300/Проект/
РЭ500/30. РЭ ЮНИТ-М500-ЛВ Уст//Приложение. БНН/img/3
51.pdf  used on input line 227.
(luatex.def)             Requested size: 101.29272pt x 79.25615pt.
<//uni-eng.ru/unit/Ivanovo/Документация ЮНИТ М300/Разра
ботка/Схемы ФБ ЮНИТ-М300/Проект/РЭ500/30. РЭ ЮНИ
Т-М500-ЛВ Уст//Приложение. БНН/img/352.pdf, id=3804, 88.321
58pt x 81.27919pt>
File: //uni-eng.ru/unit/Ivanovo/Документация ЮНИТ М300/Раз
работка/Схемы ФБ ЮНИТ-М300/Проект/РЭ500/30. РЭ Ю
НИТ-М500-ЛВ Уст//Приложение. БНН/img/352.pdf Graphic file
 (type pdf)
<use //uni-eng.ru/unit/Ivanovo/Документация ЮНИТ М300/Раз
работка/Схемы ФБ ЮНИТ-М300/Проект/РЭ500/30. РЭ Ю
НИТ-М500-ЛВ Уст//Приложение. БНН/img/352.pdf>
Package luatex.def Info: //uni-eng.ru/unit/Ivanovo/Документация Ю
НИТ М300/Разработка/Схемы ФБ ЮНИТ-М300/Проект/
РЭ500/30. РЭ ЮНИТ-М500-ЛВ Уст//Приложение. БНН/img/3
52.pdf  used on input line 227.
(luatex.def)             Requested size: 101.29027pt x 93.21483pt.
<//uni-eng.ru/unit/Ivanovo/Документация ЮНИТ М300/Разра
ботка/Схемы ФБ ЮНИТ-М300/Проект/РЭ500/30. РЭ ЮНИ
Т-М500-ЛВ Уст//Приложение. БНН/img/361.pdf, id=3805, 100.36
54pt x 77.76714pt>
File: //uni-eng.ru/unit/Ivanovo/Документация ЮНИТ М300/Раз
работка/Схемы ФБ ЮНИТ-М300/Проект/РЭ500/30. РЭ Ю
НИТ-М500-ЛВ Уст//Приложение. БНН/img/361.pdf Graphic file
 (type pdf)
<use //uni-eng.ru/unit/Ivanovo/Документация ЮНИТ М300/Раз
работка/Схемы ФБ ЮНИТ-М300/Проект/РЭ500/30. РЭ Ю
НИТ-М500-ЛВ Уст//Приложение. БНН/img/361.pdf>
Package luatex.def Info: //uni-eng.ru/unit/Ivanovo/Документация Ю
НИТ М300/Разработка/Схемы ФБ ЮНИТ-М300/Проект/
РЭ500/30. РЭ ЮНИТ-М500-ЛВ Уст//Приложение. БНН/img/3
61.pdf  used on input line 230.
(luatex.def)             Requested size: 101.29472pt x 78.48721pt.
<//uni-eng.ru/unit/Ivanovo/Документация ЮНИТ М300/Разра
ботка/Схемы ФБ ЮНИТ-М300/Проект/РЭ500/30. РЭ ЮНИ
Т-М500-ЛВ Уст//Приложение. БНН/img/362.pdf, id=3806, 82.801
47pt x 76.26196pt>
File: //uni-eng.ru/unit/Ivanovo/Документация ЮНИТ М300/Раз
работка/Схемы ФБ ЮНИТ-М300/Проект/РЭ500/30. РЭ Ю
НИТ-М500-ЛВ Уст//Приложение. БНН/img/362.pdf Graphic file
 (type pdf)
<use //uni-eng.ru/unit/Ivanovo/Документация ЮНИТ М300/Раз
работка/Схемы ФБ ЮНИТ-М300/Проект/РЭ500/30. РЭ Ю
НИТ-М500-ЛВ Уст//Приложение. БНН/img/362.pdf>
Package luatex.def Info: //uni-eng.ru/unit/Ivanovo/Документация Ю
НИТ М300/Разработка/Схемы ФБ ЮНИТ-М300/Проект/
РЭ500/30. РЭ ЮНИТ-М500-ЛВ Уст//Приложение. БНН/img/3
62.pdf  used on input line 230.
(luatex.def)             Requested size: 91.15892pt x 83.96288pt.
<//uni-eng.ru/unit/Ivanovo/Документация ЮНИТ М300/Разра
ботка/Схемы ФБ ЮНИТ-М300/Проект/РЭ500/30. РЭ ЮНИ
Т-М500-ЛВ Уст//Приложение. БНН/img/371.pdf, id=3807, 100.86
728pt x 78.26883pt>
File: //uni-eng.ru/unit/Ivanovo/Документация ЮНИТ М300/Раз
работка/Схемы ФБ ЮНИТ-М300/Проект/РЭ500/30. РЭ Ю
НИТ-М500-ЛВ Уст//Приложение. БНН/img/371.pdf Graphic file
 (type pdf)
<use //uni-eng.ru/unit/Ivanovo/Документация ЮНИТ М300/Раз
работка/Схемы ФБ ЮНИТ-М300/Проект/РЭ500/30. РЭ Ю
НИТ-М500-ЛВ Уст//Приложение. БНН/img/371.pdf>
Package luatex.def Info: //uni-eng.ru/unit/Ivanovo/Документация Ю
НИТ М300/Разработка/Схемы ФБ ЮНИТ-М300/Проект/
РЭ500/30. РЭ ЮНИТ-М500-ЛВ Уст//Приложение. БНН/img/3
71.pdf  used on input line 233.
(luatex.def)             Requested size: 101.29642pt x 78.60182pt.
<//uni-eng.ru/unit/Ivanovo/Документация ЮНИТ М300/Разра
ботка/Схемы ФБ ЮНИТ-М300/Проект/РЭ500/30. РЭ ЮНИ
Т-М500-ЛВ Уст//Приложение. БНН/img/372.pdf, id=3808, 104.88
188pt x 92.31711pt>
File: //uni-eng.ru/unit/Ivanovo/Документация ЮНИТ М300/Раз
работка/Схемы ФБ ЮНИТ-М300/Проект/РЭ500/30. РЭ Ю
НИТ-М500-ЛВ Уст//Приложение. БНН/img/372.pdf Graphic file
 (type pdf)
<use //uni-eng.ru/unit/Ivanovo/Документация ЮНИТ М300/Раз
работка/Схемы ФБ ЮНИТ-М300/Проект/РЭ500/30. РЭ Ю
НИТ-М500-ЛВ Уст//Приложение. БНН/img/372.pdf>
Package luatex.def Info: //uni-eng.ru/unit/Ivanovo/Документация Ю
НИТ М300/Разработка/Схемы ФБ ЮНИТ-М300/Проект/
РЭ500/30. РЭ ЮНИТ-М500-ЛВ Уст//Приложение. БНН/img/3
72.pdf  used on input line 233.
(luatex.def)             Requested size: 116.48341pt x 102.53517pt.
<//uni-eng.ru/unit/Ivanovo/Документация ЮНИТ М300/Разра
ботка/Схемы ФБ ЮНИТ-М300/Проект/РЭ500/30. РЭ ЮНИ
Т-М500-ЛВ Уст//Приложение. БНН/img/381.pdf, id=3809, 98.358
15pt x 82.28264pt>
File: //uni-eng.ru/unit/Ivanovo/Документация ЮНИТ М300/Раз
работка/Схемы ФБ ЮНИТ-М300/Проект/РЭ500/30. РЭ Ю
НИТ-М500-ЛВ Уст//Приложение. БНН/img/381.pdf Graphic file
 (type pdf)
<use //uni-eng.ru/unit/Ivanovo/Документация ЮНИТ М300/Раз
работка/Схемы ФБ ЮНИТ-М300/Проект/РЭ500/30. РЭ Ю
НИТ-М500-ЛВ Уст//Приложение. БНН/img/381.pdf>
Package luatex.def Info: //uni-eng.ru/unit/Ivanovo/Документация Ю
НИТ М300/Разработка/Схемы ФБ ЮНИТ-М300/Проект/
РЭ500/30. РЭ ЮНИТ-М500-ЛВ Уст//Приложение. БНН/img/3
81.pdf  used on input line 236.
(luatex.def)             Requested size: 101.29651pt x 84.74074pt.
<//uni-eng.ru/unit/Ivanovo/Документация ЮНИТ М300/Разра
ботка/Схемы ФБ ЮНИТ-М300/Проект/РЭ500/30. РЭ ЮНИ
Т-М500-ЛВ Уст//Приложение. БНН/img/382.pdf, id=3810, 112.91
112pt x 89.80849pt>
File: //uni-eng.ru/unit/Ivanovo/Документация ЮНИТ М300/Раз
работка/Схемы ФБ ЮНИТ-М300/Проект/РЭ500/30. РЭ Ю
НИТ-М500-ЛВ Уст//Приложение. БНН/img/382.pdf Graphic file
 (type pdf)
<use //uni-eng.ru/unit/Ivanovo/Документация ЮНИТ М300/Раз
работка/Схемы ФБ ЮНИТ-М300/Проект/РЭ500/30. РЭ Ю
НИТ-М500-ЛВ Уст//Приложение. БНН/img/382.pdf>
Package luatex.def Info: //uni-eng.ru/unit/Ivanovo/Документация Ю
НИТ М300/Разработка/Схемы ФБ ЮНИТ-М300/Проект/
РЭ500/30. РЭ ЮНИТ-М500-ЛВ Уст//Приложение. БНН/img/3
82.pdf  used on input line 236.
(luatex.def)             Requested size: 116.48341pt x 92.6531pt.
<//uni-eng.ru/unit/Ivanovo/Документация ЮНИТ М300/Разра
ботка/Схемы ФБ ЮНИТ-М300/Проект/РЭ500/30. РЭ ЮНИ
Т-М500-ЛВ Уст//Приложение. БНН/img/391.pdf, id=3811, 104.88
187pt x 72.74988pt>
File: //uni-eng.ru/unit/Ivanovo/Документация ЮНИТ М300/Раз
работка/Схемы ФБ ЮНИТ-М300/Проект/РЭ500/30. РЭ Ю
НИТ-М500-ЛВ Уст//Приложение. БНН/img/391.pdf Graphic file
 (type pdf)
<use //uni-eng.ru/unit/Ivanovo/Документация ЮНИТ М300/Раз
работка/Схемы ФБ ЮНИТ-М300/Проект/РЭ500/30. РЭ Ю
НИТ-М500-ЛВ Уст//Приложение. БНН/img/391.pdf>
Package luatex.def Info: //uni-eng.ru/unit/Ivanovo/Документация Ю
НИТ М300/Разработка/Схемы ФБ ЮНИТ-М300/Проект/
РЭ500/30. РЭ ЮНИТ-М500-ЛВ Уст//Приложение. БНН/img/3
91.pdf  used on input line 240.
(luatex.def)             Requested size: 101.29517pt x 70.26201pt.
<//uni-eng.ru/unit/Ivanovo/Документация ЮНИТ М300/Разра
ботка/Схемы ФБ ЮНИТ-М300/Проект/РЭ500/30. РЭ ЮНИ
Т-М500-ЛВ Уст//Приложение. БНН/img/392.pdf, id=3812, 105.38
37pt x 75.25848pt>
File: //uni-eng.ru/unit/Ivanovo/Документация ЮНИТ М300/Раз
работка/Схемы ФБ ЮНИТ-М300/Проект/РЭ500/30. РЭ Ю
НИТ-М500-ЛВ Уст//Приложение. БНН/img/392.pdf Graphic file
 (type pdf)
<use //uni-eng.ru/unit/Ivanovo/Документация ЮНИТ М300/Раз
работка/Схемы ФБ ЮНИТ-М300/Проект/РЭ500/30. РЭ Ю
НИТ-М500-ЛВ Уст//Приложение. БНН/img/392.pdf>
Package luatex.def Info: //uni-eng.ru/unit/Ivanovo/Документация Ю
НИТ М300/Разработка/Схемы ФБ ЮНИТ-М300/Проект/
РЭ500/30. РЭ ЮНИТ-М500-ЛВ Уст//Приложение. БНН/img/3
92.pdf  used on input line 240.
(luatex.def)             Requested size: 111.4216pt x 79.57033pt.

Overfull \hbox (1.25197pt too wide) in paragraph at lines 243--243
 []|\TU/ArialNarrow(1)/m/n/10.95 10| 
 []

<//uni-eng.ru/unit/Ivanovo/Документация ЮНИТ М300/Разра
ботка/Схемы ФБ ЮНИТ-М300/Проект/РЭ500/30. РЭ ЮНИ
Т-М500-ЛВ Уст//Приложение. БНН/img/3101.pdf, id=3813, 108.8
965pt x 78.77057pt>
File: //uni-eng.ru/unit/Ivanovo/Документация ЮНИТ М300/Раз
работка/Схемы ФБ ЮНИТ-М300/Проект/РЭ500/30. РЭ Ю
НИТ-М500-ЛВ Уст//Приложение. БНН/img/3101.pdf Graphic fil
e (type pdf)
<use //uni-eng.ru/unit/Ivanovo/Документация ЮНИТ М300/Раз
работка/Схемы ФБ ЮНИТ-М300/Проект/РЭ500/30. РЭ Ю
НИТ-М500-ЛВ Уст//Приложение. БНН/img/3101.pdf>
Package luatex.def Info: //uni-eng.ru/unit/Ivanovo/Документация Ю
НИТ М300/Разработка/Схемы ФБ ЮНИТ-М300/Проект/
РЭ500/30. РЭ ЮНИТ-М500-ЛВ Уст//Приложение. БНН/img/3
101.pdf  used on input line 243.
(luatex.def)             Requested size: 101.29428pt x 73.27148pt.
<//uni-eng.ru/unit/Ivanovo/Документация ЮНИТ М300/Разра
ботка/Схемы ФБ ЮНИТ-М300/Проект/РЭ500/30. РЭ ЮНИ
Т-М500-ЛВ Уст//Приложение. БНН/img/3102.pdf, id=3814, 103.8
7823pt x 78.77054pt>
File: //uni-eng.ru/unit/Ivanovo/Документация ЮНИТ М300/Раз
работка/Схемы ФБ ЮНИТ-М300/Проект/РЭ500/30. РЭ Ю
НИТ-М500-ЛВ Уст//Приложение. БНН/img/3102.pdf Graphic fil
e (type pdf)
<use //uni-eng.ru/unit/Ivanovo/Документация ЮНИТ М300/Раз
работка/Схемы ФБ ЮНИТ-М300/Проект/РЭ500/30. РЭ Ю
НИТ-М500-ЛВ Уст//Приложение. БНН/img/3102.pdf>
Package luatex.def Info: //uni-eng.ru/unit/Ivanovo/Документация Ю
НИТ М300/Разработка/Схемы ФБ ЮНИТ-М300/Проект/
РЭ500/30. РЭ ЮНИТ-М500-ЛВ Уст//Приложение. БНН/img/3
102.pdf  used on input line 243.
(luatex.def)             Requested size: 111.4216pt x 84.49277pt.

Overfull \hbox (1.25197pt too wide) in paragraph at lines 246--246
 []|\TU/ArialNarrow(1)/m/n/10.95 11| 
 []

<//uni-eng.ru/unit/Ivanovo/Документация ЮНИТ М300/Разра
ботка/Схемы ФБ ЮНИТ-М300/Проект/РЭ500/30. РЭ ЮНИ
Т-М500-ЛВ Уст//Приложение. БНН/img/3111.pdf, id=3815, 104.3
8005pt x 79.2723pt>
File: //uni-eng.ru/unit/Ivanovo/Документация ЮНИТ М300/Раз
работка/Схемы ФБ ЮНИТ-М300/Проект/РЭ500/30. РЭ Ю
НИТ-М500-ЛВ Уст//Приложение. БНН/img/3111.pdf Graphic fil
e (type pdf)
<use //uni-eng.ru/unit/Ivanovo/Документация ЮНИТ М300/Раз
работка/Схемы ФБ ЮНИТ-М300/Проект/РЭ500/30. РЭ Ю
НИТ-М500-ЛВ Уст//Приложение. БНН/img/3111.pdf>
Package luatex.def Info: //uni-eng.ru/unit/Ivanovo/Документация Ю
НИТ М300/Разработка/Схемы ФБ ЮНИТ-М300/Проект/
РЭ500/30. РЭ ЮНИТ-М500-ЛВ Уст//Приложение. БНН/img/3
111.pdf  used on input line 246.
(luatex.def)             Requested size: 101.2947pt x 76.9291pt.
<//uni-eng.ru/unit/Ivanovo/Документация ЮНИТ М300/Разра
ботка/Схемы ФБ ЮНИТ-М300/Проект/РЭ500/30. РЭ ЮНИ
Т-М500-ЛВ Уст//Приложение. БНН/img/3112.pdf, id=3816, 89.82
704pt x 80.27574pt>
File: //uni-eng.ru/unit/Ivanovo/Документация ЮНИТ М300/Раз
работка/Схемы ФБ ЮНИТ-М300/Проект/РЭ500/30. РЭ Ю
НИТ-М500-ЛВ Уст//Приложение. БНН/img/3112.pdf Graphic fil
e (type pdf)
<use //uni-eng.ru/unit/Ivanovo/Документация ЮНИТ М300/Раз
работка/Схемы ФБ ЮНИТ-М300/Проект/РЭ500/30. РЭ Ю
НИТ-М500-ЛВ Уст//Приложение. БНН/img/3112.pdf>
Package luatex.def Info: //uni-eng.ru/unit/Ivanovo/Документация Ю
НИТ М300/Разработка/Схемы ФБ ЮНИТ-М300/Проект/
РЭ500/30. РЭ ЮНИТ-М500-ЛВ Уст//Приложение. БНН/img/3
112.pdf  used on input line 246.
(luatex.def)             Requested size: 101.29027pt x 90.52554pt.

Overfull \hbox (1.25197pt too wide) in paragraph at lines 249--249
 []|\TU/ArialNarrow(1)/m/n/10.95 12| 
 []

<//uni-eng.ru/unit/Ivanovo/Документация ЮНИТ М300/Разра
ботка/Схемы ФБ ЮНИТ-М300/Проект/РЭ500/30. РЭ ЮНИ
Т-М500-ЛВ Уст//Приложение. БНН/img/3121.pdf, id=3817, 103.8
7825pt x 80.27574pt>
File: //uni-eng.ru/unit/Ivanovo/Документация ЮНИТ М300/Раз
работка/Схемы ФБ ЮНИТ-М300/Проект/РЭ500/30. РЭ Ю
НИТ-М500-ЛВ Уст//Приложение. БНН/img/3121.pdf Graphic fil
e (type pdf)
<use //uni-eng.ru/unit/Ivanovo/Документация ЮНИТ М300/Раз
работка/Схемы ФБ ЮНИТ-М300/Проект/РЭ500/30. РЭ Ю
НИТ-М500-ЛВ Уст//Приложение. БНН/img/3121.pdf>
Package luatex.def Info: //uni-eng.ru/unit/Ivanovo/Документация Ю
НИТ М300/Разработка/Схемы ФБ ЮНИТ-М300/Проект/
РЭ500/30. РЭ ЮНИТ-М500-ЛВ Уст//Приложение. БНН/img/3
121.pdf  used on input line 249.
(luatex.def)             Requested size: 101.29276pt x 78.2777pt.
<//uni-eng.ru/unit/Ivanovo/Документация ЮНИТ М300/Разра
ботка/Схемы ФБ ЮНИТ-М300/Проект/РЭ500/30. РЭ ЮНИ
Т-М500-ЛВ Уст//Приложение. БНН/img/3122.pdf, id=3818, 94.34
349pt x 87.29987pt>
File: //uni-eng.ru/unit/Ivanovo/Документация ЮНИТ М300/Раз
работка/Схемы ФБ ЮНИТ-М300/Проект/РЭ500/30. РЭ Ю
НИТ-М500-ЛВ Уст//Приложение. БНН/img/3122.pdf Graphic fil
e (type pdf)
<use //uni-eng.ru/unit/Ivanovo/Документация ЮНИТ М300/Раз
работка/Схемы ФБ ЮНИТ-М300/Проект/РЭ500/30. РЭ Ю
НИТ-М500-ЛВ Уст//Приложение. БНН/img/3122.pdf>
Package luatex.def Info: //uni-eng.ru/unit/Ivanovo/Документация Ю
НИТ М300/Разработка/Схемы ФБ ЮНИТ-М300/Проект/
РЭ500/30. РЭ ЮНИТ-М500-ЛВ Уст//Приложение. БНН/img/3
122.pdf  used on input line 249.
(luatex.def)             Requested size: 101.29027pt x 93.73494pt.

Overfull \hbox (7.75061pt too wide) in alignment at lines 212--253
 [][][][][][][][] 
 []

[128<//uni-eng.ru/unit/Ivanovo/Документация ЮНИТ М300/Раз
работка/Схемы ФБ ЮНИТ-М300/Проект/РЭ500/30. РЭ Ю
НИТ-М500-ЛВ Уст//Приложение. БНН/img/291.pdf><//uni-eng.ru
/unit/Ivanovo/Документация ЮНИТ М300/Разработка/С
хемы ФБ ЮНИТ-М300/Проект/РЭ500/30. РЭ ЮНИТ-М500-ЛВ 
Уст//Приложение. БНН/img/292.pdf><//uni-eng.ru/unit/Ivanovo/Д
окументация ЮНИТ М300/Разработка/Схемы ФБ Ю
НИТ-М300/Проект/РЭ500/30. РЭ ЮНИТ-М500-ЛВ Уст//При
ложение. БНН/img/2101.pdf><//uni-eng.ru/unit/Ivanovo/Докумен
тация ЮНИТ М300/Разработка/Схемы ФБ ЮНИТ-М300/
Проект/РЭ500/30. РЭ ЮНИТ-М500-ЛВ Уст//Приложение. 
БНН/img/2102.pdf><//uni-eng.ru/unit/Ivanovo/Документация ЮНИ
Т М300/Разработка/Схемы ФБ ЮНИТ-М300/Проект/РЭ50
0/30. РЭ ЮНИТ-М500-ЛВ Уст//Приложение. БНН/img/2111.pdf
><//uni-eng.ru/unit/Ivanovo/Документация ЮНИТ М300/Разра
ботка/Схемы ФБ ЮНИТ-М300/Проект/РЭ500/30. РЭ ЮНИ
Т-М500-ЛВ Уст//Приложение. БНН/img/2112.pdf><//uni-eng.ru/un
it/Ivanovo/Документация ЮНИТ М300/Разработка/Схе
мы ФБ ЮНИТ-М300/Проект/РЭ500/30. РЭ ЮНИТ-М500-ЛВ У
ст//Приложение. БНН/img/2121.pdf><//uni-eng.ru/unit/Ivanovo/Д
окументация ЮНИТ М300/Разработка/Схемы ФБ Ю
НИТ-М300/Проект/РЭ500/30. РЭ ЮНИТ-М500-ЛВ Уст//При
ложение. БНН/img/2122.pdf>] [129<//uni-eng.ru/unit/Ivanovo/Доку
ментация ЮНИТ М300/Разработка/Схемы ФБ ЮНИТ-
М300/Проект/РЭ500/30. РЭ ЮНИТ-М500-ЛВ Уст//Приложе
ние. БНН/img/311.pdf><//uni-eng.ru/unit/Ivanovo/Документация 
ЮНИТ М300/Разработка/Схемы ФБ ЮНИТ-М300/Проек
т/РЭ500/30. РЭ ЮНИТ-М500-ЛВ Уст//Приложение. БНН/img
/312.pdf><//uni-eng.ru/unit/Ivanovo/Документация ЮНИТ М300/Р
азработка/Схемы ФБ ЮНИТ-М300/Проект/РЭ500/30. Р
Э ЮНИТ-М500-ЛВ Уст//Приложение. БНН/img/321.pdf><//uni-e
ng.ru/unit/Ivanovo/Документация ЮНИТ М300/Разработк
а/Схемы ФБ ЮНИТ-М300/Проект/РЭ500/30. РЭ ЮНИТ-М500-
ЛВ Уст//Приложение. БНН/img/322.pdf><//uni-eng.ru/unit/Ivanovo
/Документация ЮНИТ М300/Разработка/Схемы ФБ 
ЮНИТ-М300/Проект/РЭ500/30. РЭ ЮНИТ-М500-ЛВ Уст//Пр
иложение. БНН/img/331.pdf><//uni-eng.ru/unit/Ivanovo/Докумен
тация ЮНИТ М300/Разработка/Схемы ФБ ЮНИТ-М300/
Проект/РЭ500/30. РЭ ЮНИТ-М500-ЛВ Уст//Приложение. 
БНН/img/332.pdf><//uni-eng.ru/unit/Ivanovo/Документация ЮНИ
Т М300/Разработка/Схемы ФБ ЮНИТ-М300/Проект/РЭ50
0/30. РЭ ЮНИТ-М500-ЛВ Уст//Приложение. БНН/img/341.pdf>
<//uni-eng.ru/unit/Ivanovo/Документация ЮНИТ М300/Разра
ботка/Схемы ФБ ЮНИТ-М300/Проект/РЭ500/30. РЭ ЮНИ
Т-М500-ЛВ Уст//Приложение. БНН/img/342.pdf>]
[130<//uni-eng.ru/unit/Ivanovo/Документация ЮНИТ М300/Раз
работка/Схемы ФБ ЮНИТ-М300/Проект/РЭ500/30. РЭ Ю
НИТ-М500-ЛВ Уст//Приложение. БНН/img/351.pdf><//uni-eng.ru
/unit/Ivanovo/Документация ЮНИТ М300/Разработка/С
хемы ФБ ЮНИТ-М300/Проект/РЭ500/30. РЭ ЮНИТ-М500-ЛВ 
Уст//Приложение. БНН/img/352.pdf><//uni-eng.ru/unit/Ivanovo/Д
окументация ЮНИТ М300/Разработка/Схемы ФБ Ю
НИТ-М300/Проект/РЭ500/30. РЭ ЮНИТ-М500-ЛВ Уст//При
ложение. БНН/img/361.pdf><//uni-eng.ru/unit/Ivanovo/Документ
ация ЮНИТ М300/Разработка/Схемы ФБ ЮНИТ-М300/П
роект/РЭ500/30. РЭ ЮНИТ-М500-ЛВ Уст//Приложение. 
БНН/img/362.pdf><//uni-eng.ru/unit/Ivanovo/Документация ЮНИ
Т М300/Разработка/Схемы ФБ ЮНИТ-М300/Проект/РЭ50
0/30. РЭ ЮНИТ-М500-ЛВ Уст//Приложение. БНН/img/371.pdf>
<//uni-eng.ru/unit/Ivanovo/Документация ЮНИТ М300/Разра
ботка/Схемы ФБ ЮНИТ-М300/Проект/РЭ500/30. РЭ ЮНИ
Т-М500-ЛВ Уст//Приложение. БНН/img/372.pdf><//uni-eng.ru/uni
t/Ivanovo/Документация ЮНИТ М300/Разработка/Схе
мы ФБ ЮНИТ-М300/Проект/РЭ500/30. РЭ ЮНИТ-М500-ЛВ У
ст//Приложение. БНН/img/381.pdf><//uni-eng.ru/unit/Ivanovo/До
кументация ЮНИТ М300/Разработка/Схемы ФБ ЮН
ИТ-М300/Проект/РЭ500/30. РЭ ЮНИТ-М500-ЛВ Уст//Прил
ожение. БНН/img/382.pdf>] [131<//uni-eng.ru/unit/Ivanovo/Докуме
нтация ЮНИТ М300/Разработка/Схемы ФБ ЮНИТ-М300/
Проект/РЭ500/30. РЭ ЮНИТ-М500-ЛВ Уст//Приложение. 
БНН/img/391.pdf><//uni-eng.ru/unit/Ivanovo/Документация ЮНИ
Т М300/Разработка/Схемы ФБ ЮНИТ-М300/Проект/РЭ50
0/30. РЭ ЮНИТ-М500-ЛВ Уст//Приложение. БНН/img/392.pdf>
<//uni-eng.ru/unit/Ivanovo/Документация ЮНИТ М300/Разра
ботка/Схемы ФБ ЮНИТ-М300/Проект/РЭ500/30. РЭ ЮНИ
Т-М500-ЛВ Уст//Приложение. БНН/img/3101.pdf><//uni-eng.ru/un
it/Ivanovo/Документация ЮНИТ М300/Разработка/Схе
мы ФБ ЮНИТ-М300/Проект/РЭ500/30. РЭ ЮНИТ-М500-ЛВ У
ст//Приложение. БНН/img/3102.pdf><//uni-eng.ru/unit/Ivanovo/Д
окументация ЮНИТ М300/Разработка/Схемы ФБ Ю
НИТ-М300/Проект/РЭ500/30. РЭ ЮНИТ-М500-ЛВ Уст//При
ложение. БНН/img/3111.pdf><//uni-eng.ru/unit/Ivanovo/Докумен
тация ЮНИТ М300/Разработка/Схемы ФБ ЮНИТ-М300/
Проект/РЭ500/30. РЭ ЮНИТ-М500-ЛВ Уст//Приложение. 
БНН/img/3112.pdf><//uni-eng.ru/unit/Ivanovo/Документация ЮНИ
Т М300/Разработка/Схемы ФБ ЮНИТ-М300/Проект/РЭ50
0/30. РЭ ЮНИТ-М500-ЛВ Уст//Приложение. БНН/img/3121.pdf
><//uni-eng.ru/unit/Ivanovo/Документация ЮНИТ М300/Разра
ботка/Схемы ФБ ЮНИТ-М300/Проект/РЭ500/30. РЭ ЮНИ
Т-М500-ЛВ Уст//Приложение. БНН/img/3122.pdf>])
("//uni-eng.ru/unit/Ivanovo/Документация ЮНИТ М300/Разра
ботка/Схемы ФБ ЮНИТ-М300/Проект/РЭ500/99. Общие 
разделы РЭ//Элементы ФС/_latex/appElmtFSU.tex"
Package typearea Info: These are the values describing the layout:
(typearea)             DIV  = areaset
(typearea)             BCOR = 0.0pt
(typearea)             \paperwidth      = 597.50793pt
(typearea)              \textwidth      = 512.1496pt
(typearea)              \evensidemargin = -29.59084pt
(typearea)              \oddsidemargin  = -29.59084pt
(typearea)             \paperheight     = 845.04694pt
(typearea)              \textheight     = 759.68857pt
(typearea)              \topmargin      = -82.5672pt
(typearea)              \headheight     = 17.0pt
(typearea)              \headsep        = 21.75pt
(typearea)              \topskip        = 22.0pt
(typearea)              \footskip       = 50.75pt
(typearea)              \baselineskip   = 14.5pt
(typearea)              on input line 2.
Package typearea Info: Using dirty hack to recalculate internal output
(typearea)             dimensions of LaTeX on input line 2.


Package typearea Warning: page content and margins higher than paper.
(typearea)                This may result in page footer out of paper.
(typearea)                You should decrease DIV, decrease foot height,
(typearea)                or decreate height of text area.

*geometry* verbose mode - [ newgeometry ] result:
* driver: luatex
* paper: a4paper
* layout: <same size as paper>
* layoutoffset:(h,v)=(0.0pt,0.0pt)
* modes: includehead includefoot 
* h-part:(L,W,R)=(62.59605pt, 506.45908pt, 28.45274pt)
* v-part:(T,H,B)=(17.07164pt, 810.90356pt, 17.07164pt)
* \paperwidth=597.50787pt
* \paperheight=845.04684pt
* \textwidth=506.45908pt
* \textheight=767.95084pt
* \oddsidemargin=-9.67393pt
* \evensidemargin=-9.67393pt
* \topmargin=-55.19835pt
* \headheight=14.5pt
* \headsep=8.53581pt
* \topskip=22.0pt
* \footskip=19.91692pt
* \marginparwidth=0.0pt
* \marginparsep=0.0pt
* \columnsep=10.0pt
* \skip\footins=10.8pt plus 4.0pt minus 2.0pt
* \hoffset=0.0pt
* \voffset=0.0pt
* \mag=1000
* \@twocolumnfalse
* \@twosidefalse
* \@mparswitchfalse
* \@reversemarginfalse
* (1in=72.27pt=25.4mm, 1cm=28.453pt)


Overfull \hbox (0.61133pt too wide) in alignment at lines 37--46
 [][][] 
 []


Overfull \hbox (0.61133pt too wide) in alignment at lines 46--53
 [][][] 
 []


Overfull \hbox (0.61133pt too wide) in alignment at lines 53--56
 [][][] 
 []


Overfull \hbox (0.61133pt too wide) in alignment at lines 56--59
 [][][] 
 []

<//uni-eng.ru/unit/Ivanovo/Документация ЮНИТ М300/Разра
ботка/Схемы ФБ ЮНИТ-М300/Проект/РЭ500/99. Общие 
разделы РЭ//Элементы ФС/_latex/img/1_analog_canal.pdf, id=44
13, 114.4275pt x 41.41081pt>
File: //uni-eng.ru/unit/Ivanovo/Документация ЮНИТ М300/Раз
работка/Схемы ФБ ЮНИТ-М300/Проект/РЭ500/99. Общ
ие разделы РЭ//Элементы ФС/_latex/img/1_analog_canal.pdf G
raphic file (type pdf)
<use //uni-eng.ru/unit/Ivanovo/Документация ЮНИТ М300/Раз
работка/Схемы ФБ ЮНИТ-М300/Проект/РЭ500/99. Общ
ие разделы РЭ//Элементы ФС/_latex/img/1_analog_canal.pdf>
Package luatex.def Info: //uni-eng.ru/unit/Ivanovo/Документация Ю
НИТ М300/Разработка/Схемы ФБ ЮНИТ-М300/Проект/
РЭ500/99. Общие разделы РЭ//Элементы ФС/_latex/img/1_
analog_canal.pdf  used on input line 61.
(luatex.def)             Requested size: 101.29364pt x 36.65771pt.
<//uni-eng.ru/unit/Ivanovo/Документация ЮНИТ М300/Разра
ботка/Схемы ФБ ЮНИТ-М300/Проект/РЭ500/99. Общие 
разделы РЭ//Элементы ФС/_latex/img/2_po.pdf, id=4414, 114.42
75pt x 40.64888pt>
File: //uni-eng.ru/unit/Ivanovo/Документация ЮНИТ М300/Раз
работка/Схемы ФБ ЮНИТ-М300/Проект/РЭ500/99. Общ
ие разделы РЭ//Элементы ФС/_latex/img/2_po.pdf Graphic fil
e (type pdf)
<use //uni-eng.ru/unit/Ivanovo/Документация ЮНИТ М300/Раз
работка/Схемы ФБ ЮНИТ-М300/Проект/РЭ500/99. Общ
ие разделы РЭ//Элементы ФС/_latex/img/2_po.pdf>
Package luatex.def Info: //uni-eng.ru/unit/Ivanovo/Документация Ю
НИТ М300/Разработка/Схемы ФБ ЮНИТ-М300/Проект/
РЭ500/99. Общие разделы РЭ//Элементы ФС/_latex/img/2_
po.pdf  used on input line 64.
(luatex.def)             Requested size: 101.29364pt x 35.98323pt.
<//uni-eng.ru/unit/Ivanovo/Документация ЮНИТ М300/Разра
ботка/Схемы ФБ ЮНИТ-М300/Проект/РЭ500/99. Общие 
разделы РЭ//Элементы ФС/_latex/img/3_out_sig.pdf, id=4415, 1
14.80391pt x 41.02827pt>
File: //uni-eng.ru/unit/Ivanovo/Документация ЮНИТ М300/Раз
работка/Схемы ФБ ЮНИТ-М300/Проект/РЭ500/99. Общ
ие разделы РЭ//Элементы ФС/_latex/img/3_out_sig.pdf Graphi
c file (type pdf)
<use //uni-eng.ru/unit/Ivanovo/Документация ЮНИТ М300/Раз
работка/Схемы ФБ ЮНИТ-М300/Проект/РЭ500/99. Общ
ие разделы РЭ//Элементы ФС/_latex/img/3_out_sig.pdf>
Package luatex.def Info: //uni-eng.ru/unit/Ivanovo/Документация Ю
НИТ М300/Разработка/Схемы ФБ ЮНИТ-М300/Проект/
РЭ500/99. Общие разделы РЭ//Элементы ФС/_latex/img/3_
out_sig.pdf  used on input line 67.
(luatex.def)             Requested size: 101.29576pt x 36.20076pt.
<//uni-eng.ru/unit/Ivanovo/Документация ЮНИТ М300/Разра
ботка/Схемы ФБ ЮНИТ-М300/Проект/РЭ500/99. Общие 
разделы РЭ//Элементы ФС/_latex/img/4_inner.pdf, id=4416, 114
.4275pt x 40.27246pt>
File: //uni-eng.ru/unit/Ivanovo/Документация ЮНИТ М300/Раз
работка/Схемы ФБ ЮНИТ-М300/Проект/РЭ500/99. Общ
ие разделы РЭ//Элементы ФС/_latex/img/4_inner.pdf Graphic 
file (type pdf)
<use //uni-eng.ru/unit/Ivanovo/Документация ЮНИТ М300/Раз
работка/Схемы ФБ ЮНИТ-М300/Проект/РЭ500/99. Общ
ие разделы РЭ//Элементы ФС/_latex/img/4_inner.pdf>
Package luatex.def Info: //uni-eng.ru/unit/Ivanovo/Документация Ю
НИТ М300/Разработка/Схемы ФБ ЮНИТ-М300/Проект/
РЭ500/99. Общие разделы РЭ//Элементы ФС/_latex/img/4_
inner.pdf  used on input line 70.
(luatex.def)             Requested size: 101.29364pt x 35.65002pt.
<//uni-eng.ru/unit/Ivanovo/Документация ЮНИТ М300/Разра
ботка/Схемы ФБ ЮНИТ-М300/Проект/РЭ500/99. Общие 
разделы РЭ//Элементы ФС/_latex/img/5_out_inner.pdf, id=4417,
 113.86288pt x 40.27246pt>
File: //uni-eng.ru/unit/Ivanovo/Документация ЮНИТ М300/Раз
работка/Схемы ФБ ЮНИТ-М300/Проект/РЭ500/99. Общ
ие разделы РЭ//Элементы ФС/_latex/img/5_out_inner.pdf Grap
hic file (type pdf)
<use //uni-eng.ru/unit/Ivanovo/Документация ЮНИТ М300/Раз
работка/Схемы ФБ ЮНИТ-М300/Проект/РЭ500/99. Общ
ие разделы РЭ//Элементы ФС/_latex/img/5_out_inner.pdf>
Package luatex.def Info: //uni-eng.ru/unit/Ivanovo/Документация Ю
НИТ М300/Разработка/Схемы ФБ ЮНИТ-М300/Проект/
РЭ500/99. Общие разделы РЭ//Элементы ФС/_latex/img/5_
out_inner.pdf  used on input line 73.
(luatex.def)             Requested size: 101.29247pt x 35.82639pt.
<//uni-eng.ru/unit/Ivanovo/Документация ЮНИТ М300/Разра
ботка/Схемы ФБ ЮНИТ-М300/Проект/РЭ500/99. Общие 
разделы РЭ//Элементы ФС/_latex/img/6_virt_key.pdf, id=4418, 
114.4275pt x 40.83705pt>
File: //uni-eng.ru/unit/Ivanovo/Документация ЮНИТ М300/Раз
работка/Схемы ФБ ЮНИТ-М300/Проект/РЭ500/99. Общ
ие разделы РЭ//Элементы ФС/_latex/img/6_virt_key.pdf Graph
ic file (type pdf)
<use //uni-eng.ru/unit/Ivanovo/Документация ЮНИТ М300/Раз
работка/Схемы ФБ ЮНИТ-М300/Проект/РЭ500/99. Общ
ие разделы РЭ//Элементы ФС/_latex/img/6_virt_key.pdf>
Package luatex.def Info: //uni-eng.ru/unit/Ivanovo/Документация Ю
НИТ М300/Разработка/Схемы ФБ ЮНИТ-М300/Проект/
РЭ500/99. Общие разделы РЭ//Элементы ФС/_latex/img/6_
virt_key.pdf  used on input line 76.
(luatex.def)             Requested size: 101.29364pt x 36.1498pt.
<//uni-eng.ru/unit/Ivanovo/Документация ЮНИТ М300/Разра
ботка/Схемы ФБ ЮНИТ-М300/Проект/РЭ500/99. Общие 
разделы РЭ//Элементы ФС/_latex/img/7_virt_but.pdf, id=4419, 
115.18031pt x 40.83705pt>
File: //uni-eng.ru/unit/Ivanovo/Документация ЮНИТ М300/Раз
работка/Схемы ФБ ЮНИТ-М300/Проект/РЭ500/99. Общ
ие разделы РЭ//Элементы ФС/_latex/img/7_virt_but.pdf Graph
ic file (type pdf)
<use //uni-eng.ru/unit/Ivanovo/Документация ЮНИТ М300/Раз
работка/Схемы ФБ ЮНИТ-М300/Проект/РЭ500/99. Общ
ие разделы РЭ//Элементы ФС/_latex/img/7_virt_but.pdf>
Package luatex.def Info: //uni-eng.ru/unit/Ivanovo/Документация Ю
НИТ М300/Разработка/Схемы ФБ ЮНИТ-М300/Проект/
РЭ500/99. Общие разделы РЭ//Элементы ФС/_latex/img/7_
virt_but.pdf  used on input line 79.
(luatex.def)             Requested size: 101.29042pt x 35.91238pt.
<//uni-eng.ru/unit/Ivanovo/Документация ЮНИТ М300/Разра
ботка/Схемы ФБ ЮНИТ-М300/Проект/РЭ500/99. Общие 
разделы РЭ//Элементы ФС/_latex/img/8_switch.pdf, id=4420, 11
4.80391pt x 40.46068pt>
File: //uni-eng.ru/unit/Ivanovo/Документация ЮНИТ М300/Раз
работка/Схемы ФБ ЮНИТ-М300/Проект/РЭ500/99. Общ
ие разделы РЭ//Элементы ФС/_latex/img/8_switch.pdf Graphic
 file (type pdf)
<use //uni-eng.ru/unit/Ivanovo/Документация ЮНИТ М300/Раз
работка/Схемы ФБ ЮНИТ-М300/Проект/РЭ500/99. Общ
ие разделы РЭ//Элементы ФС/_latex/img/8_switch.pdf>
Package luatex.def Info: //uni-eng.ru/unit/Ivanovo/Документация Ю
НИТ М300/Разработка/Схемы ФБ ЮНИТ-М300/Проект/
РЭ500/99. Общие разделы РЭ//Элементы ФС/_latex/img/8_
switch.pdf  used on input line 82.
(luatex.def)             Requested size: 101.29576pt x 35.69995pt.
<//uni-eng.ru/unit/Ivanovo/Документация ЮНИТ М300/Разра
ботка/Схемы ФБ ЮНИТ-М300/Проект/РЭ500/99. Общие 
разделы РЭ//Элементы ФС/_latex/img/9_1_and.pdf, id=4421, 114
.4275pt x 40.65187pt>
File: //uni-eng.ru/unit/Ivanovo/Документация ЮНИТ М300/Раз
работка/Схемы ФБ ЮНИТ-М300/Проект/РЭ500/99. Общ
ие разделы РЭ//Элементы ФС/_latex/img/9_1_and.pdf Graphic 
file (type pdf)
<use //uni-eng.ru/unit/Ivanovo/Документация ЮНИТ М300/Раз
работка/Схемы ФБ ЮНИТ-М300/Проект/РЭ500/99. Общ
ие разделы РЭ//Элементы ФС/_latex/img/9_1_and.pdf>
Package luatex.def Info: //uni-eng.ru/unit/Ivanovo/Документация Ю
НИТ М300/Разработка/Схемы ФБ ЮНИТ-М300/Проект/
РЭ500/99. Общие разделы РЭ//Элементы ФС/_latex/img/9_
1_and.pdf  used on input line 85.
(luatex.def)             Requested size: 101.29364pt x 35.98589pt.
<//uni-eng.ru/unit/Ivanovo/Документация ЮНИТ М300/Разра
ботка/Схемы ФБ ЮНИТ-М300/Проект/РЭ500/99. Общие 
разделы РЭ//Элементы ФС/_latex/img/9_2_and.pdf, id=4422, 44.
91782pt x 28.105pt>
File: //uni-eng.ru/unit/Ivanovo/Документация ЮНИТ М300/Раз
работка/Схемы ФБ ЮНИТ-М300/Проект/РЭ500/99. Общ
ие разделы РЭ//Элементы ФС/_latex/img/9_2_and.pdf Graphic 
file (type pdf)
<use //uni-eng.ru/unit/Ivanovo/Документация ЮНИТ М300/Раз
работка/Схемы ФБ ЮНИТ-М300/Проект/РЭ500/99. Общ
ие разделы РЭ//Элементы ФС/_latex/img/9_2_and.pdf>
Package luatex.def Info: //uni-eng.ru/unit/Ivanovo/Документация Ю
НИТ М300/Разработка/Схемы ФБ ЮНИТ-М300/Проект/
РЭ500/99. Общие разделы РЭ//Элементы ФС/_latex/img/9_
2_and.pdf  used on input line 86.
(luatex.def)             Requested size: 50.65303pt x 31.6935pt.
<//uni-eng.ru/unit/Ivanovo/Документация ЮНИТ М300/Разра
ботка/Схемы ФБ ЮНИТ-М300/Проект/РЭ500/99. Общие 
разделы РЭ//Элементы ФС/_latex/img/10_1_or.pdf, id=4423, 114
.80391pt x 40.77734pt>
File: //uni-eng.ru/unit/Ivanovo/Документация ЮНИТ М300/Раз
работка/Схемы ФБ ЮНИТ-М300/Проект/РЭ500/99. Общ
ие разделы РЭ//Элементы ФС/_latex/img/10_1_or.pdf Graphic 
file (type pdf)
<use //uni-eng.ru/unit/Ivanovo/Документация ЮНИТ М300/Раз
работка/Схемы ФБ ЮНИТ-М300/Проект/РЭ500/99. Общ
ие разделы РЭ//Элементы ФС/_latex/img/10_1_or.pdf>
Package luatex.def Info: //uni-eng.ru/unit/Ivanovo/Документация Ю
НИТ М300/Разработка/Схемы ФБ ЮНИТ-М300/Проект/
РЭ500/99. Общие разделы РЭ//Элементы ФС/_latex/img/10
_1_or.pdf  used on input line 89.
(luatex.def)             Requested size: 101.29576pt x 35.97934pt.
<//uni-eng.ru/unit/Ivanovo/Документация ЮНИТ М300/Разра
ботка/Схемы ФБ ЮНИТ-М300/Проект/РЭ500/99. Общие 
разделы РЭ//Элементы ФС/_latex/img/10_2_or.pdf, id=4424, 44.
98055pt x 27.6638pt>
File: //uni-eng.ru/unit/Ivanovo/Документация ЮНИТ М300/Раз
работка/Схемы ФБ ЮНИТ-М300/Проект/РЭ500/99. Общ
ие разделы РЭ//Элементы ФС/_latex/img/10_2_or.pdf Graphic 
file (type pdf)
<use //uni-eng.ru/unit/Ivanovo/Документация ЮНИТ М300/Раз
работка/Схемы ФБ ЮНИТ-М300/Проект/РЭ500/99. Общ
ие разделы РЭ//Элементы ФС/_latex/img/10_2_or.pdf>
Package luatex.def Info: //uni-eng.ru/unit/Ivanovo/Документация Ю
НИТ М300/Разработка/Схемы ФБ ЮНИТ-М300/Проект/
РЭ500/99. Общие разделы РЭ//Элементы ФС/_latex/img/10
_2_or.pdf  used on input line 90.
(luatex.def)             Requested size: 50.65308pt x 31.1525pt.
<//uni-eng.ru/unit/Ivanovo/Документация ЮНИТ М300/Разра
ботка/Схемы ФБ ЮНИТ-М300/Проект/РЭ500/99. Общие 
разделы РЭ//Элементы ФС/_latex/img/11_1_xor.pdf, id=4425, 11
4.80391pt x 41.21342pt>
File: //uni-eng.ru/unit/Ivanovo/Документация ЮНИТ М300/Раз
работка/Схемы ФБ ЮНИТ-М300/Проект/РЭ500/99. Общ
ие разделы РЭ//Элементы ФС/_latex/img/11_1_xor.pdf Graphic
 file (type pdf)
<use //uni-eng.ru/unit/Ivanovo/Документация ЮНИТ М300/Раз
работка/Схемы ФБ ЮНИТ-М300/Проект/РЭ500/99. Общ
ие разделы РЭ//Элементы ФС/_latex/img/11_1_xor.pdf>
Package luatex.def Info: //uni-eng.ru/unit/Ivanovo/Документация Ю
НИТ М300/Разработка/Схемы ФБ ЮНИТ-М300/Проект/
РЭ500/99. Общие разделы РЭ//Элементы ФС/_latex/img/11
_1_xor.pdf  used on input line 93.
(luatex.def)             Requested size: 101.29576pt x 36.36412pt.
<//uni-eng.ru/unit/Ivanovo/Документация ЮНИТ М300/Разра
ботка/Схемы ФБ ЮНИТ-М300/Проект/РЭ500/99. Общие 
разделы РЭ//Элементы ФС/_latex/img/11_2_xor.pdf, id=4426, 44
.165pt x 27.35219pt>
File: //uni-eng.ru/unit/Ivanovo/Документация ЮНИТ М300/Раз
работка/Схемы ФБ ЮНИТ-М300/Проект/РЭ500/99. Общ
ие разделы РЭ//Элементы ФС/_latex/img/11_2_xor.pdf Graphic
 file (type pdf)
<use //uni-eng.ru/unit/Ivanovo/Документация ЮНИТ М300/Раз
работка/Схемы ФБ ЮНИТ-М300/Проект/РЭ500/99. Общ
ие разделы РЭ//Элементы ФС/_latex/img/11_2_xor.pdf>
Package luatex.def Info: //uni-eng.ru/unit/Ivanovo/Документация Ю
НИТ М300/Разработка/Схемы ФБ ЮНИТ-М300/Проект/
РЭ500/99. Общие разделы РЭ//Элементы ФС/_latex/img/11
_2_xor.pdf  used on input line 94.
(luatex.def)             Requested size: 50.64983pt x 31.36835pt.
<//uni-eng.ru/unit/Ivanovo/Документация ЮНИТ М300/Разра
ботка/Схемы ФБ ЮНИТ-М300/Проект/РЭ500/99. Общие 
разделы РЭ//Элементы ФС/_latex/img/12_1_sr_mem.pdf, id=4427,
 114.2393pt x 40.64883pt>
File: //uni-eng.ru/unit/Ivanovo/Документация ЮНИТ М300/Раз
работка/Схемы ФБ ЮНИТ-М300/Проект/РЭ500/99. Общ
ие разделы РЭ//Элементы ФС/_latex/img/12_1_sr_mem.pdf Grap
hic file (type pdf)
<use //uni-eng.ru/unit/Ivanovo/Документация ЮНИТ М300/Раз
работка/Схемы ФБ ЮНИТ-М300/Проект/РЭ500/99. Общ
ие разделы РЭ//Элементы ФС/_latex/img/12_1_sr_mem.pdf>
Package luatex.def Info: //uni-eng.ru/unit/Ivanovo/Документация Ю
НИТ М300/Разработка/Схемы ФБ ЮНИТ-М300/Проект/
РЭ500/99. Общие разделы РЭ//Элементы ФС/_latex/img/12
_1_sr_mem.pdf  used on input line 97.
(luatex.def)             Requested size: 101.29263pt x 36.04211pt.
<//uni-eng.ru/unit/Ivanovo/Документация ЮНИТ М300/Разра
ботка/Схемы ФБ ЮНИТ-М300/Проект/РЭ500/99. Общие 
разделы РЭ//Элементы ФС/_latex/img/12_2.pdf, id=4428, 44.604
14pt x 27.38458pt>
File: //uni-eng.ru/unit/Ivanovo/Документация ЮНИТ М300/Раз
работка/Схемы ФБ ЮНИТ-М300/Проект/РЭ500/99. Общ
ие разделы РЭ//Элементы ФС/_latex/img/12_2.pdf Graphic fil
e (type pdf)
<use //uni-eng.ru/unit/Ivanovo/Документация ЮНИТ М300/Раз
работка/Схемы ФБ ЮНИТ-М300/Проект/РЭ500/99. Общ
ие разделы РЭ//Элементы ФС/_latex/img/12_2.pdf>
Package luatex.def Info: //uni-eng.ru/unit/Ivanovo/Документация Ю
НИТ М300/Разработка/Схемы ФБ ЮНИТ-М300/Проект/
РЭ500/99. Общие разделы РЭ//Элементы ФС/_latex/img/12
_2.pdf  used on input line 98.
(luatex.def)             Requested size: 50.65115pt x 31.09712pt.

Overfull \vbox (6.44719pt too high) detected at line 98
 []

<//uni-eng.ru/unit/Ivanovo/Документация ЮНИТ М300/Разра
ботка/Схемы ФБ ЮНИТ-М300/Проект/РЭ500/99. Общие 
разделы РЭ//Элементы ФС/_latex/img/13_1_sr.pdf, id=4429, 114
.6157pt x 40.46065pt>
File: //uni-eng.ru/unit/Ivanovo/Документация ЮНИТ М300/Раз
работка/Схемы ФБ ЮНИТ-М300/Проект/РЭ500/99. Общ
ие разделы РЭ//Элементы ФС/_latex/img/13_1_sr.pdf Graphic 
file (type pdf)
<use //uni-eng.ru/unit/Ivanovo/Документация ЮНИТ М300/Раз
работка/Схемы ФБ ЮНИТ-М300/Проект/РЭ500/99. Общ
ие разделы РЭ//Элементы ФС/_latex/img/13_1_sr.pdf>
Package luatex.def Info: //uni-eng.ru/unit/Ivanovo/Документация Ю
НИТ М300/Разработка/Схемы ФБ ЮНИТ-М300/Проект/
РЭ500/99. Общие разделы РЭ//Элементы ФС/_latex/img/13
_1_sr.pdf  used on input line 101.
(luatex.def)             Requested size: 101.2941pt x 35.75797pt.
<//uni-eng.ru/unit/Ivanovo/Документация ЮНИТ М300/Разра
ботка/Схемы ФБ ЮНИТ-М300/Проект/РЭ500/99. Общие 
разделы РЭ//Элементы ФС/_latex/img/14_1_rs_mem.pdf, id=4430,
 114.67844pt x 40.65187pt>
File: //uni-eng.ru/unit/Ivanovo/Документация ЮНИТ М300/Раз
работка/Схемы ФБ ЮНИТ-М300/Проект/РЭ500/99. Общ
ие разделы РЭ//Элементы ФС/_latex/img/14_1_rs_mem.pdf Grap
hic file (type pdf)
<use //uni-eng.ru/unit/Ivanovo/Документация ЮНИТ М300/Раз
работка/Схемы ФБ ЮНИТ-М300/Проект/РЭ500/99. Общ
ие разделы РЭ//Элементы ФС/_latex/img/14_1_rs_mem.pdf>
Package luatex.def Info: //uni-eng.ru/unit/Ivanovo/Документация Ю
НИТ М300/Разработка/Схемы ФБ ЮНИТ-М300/Проект/
РЭ500/99. Общие разделы РЭ//Элементы ФС/_latex/img/14
_1_rs_mem.pdf  used on input line 104.
(luatex.def)             Requested size: 101.29529pt x 35.90773pt.
<//uni-eng.ru/unit/Ivanovo/Документация ЮНИТ М300/Разра
ботка/Схемы ФБ ЮНИТ-М300/Проект/РЭ500/99. Общие 
разделы РЭ//Элементы ФС/_latex/img/14_2.pdf, id=4431, 44.165
pt x 27.47766pt>
File: //uni-eng.ru/unit/Ivanovo/Документация ЮНИТ М300/Раз
работка/Схемы ФБ ЮНИТ-М300/Проект/РЭ500/99. Общ
ие разделы РЭ//Элементы ФС/_latex/img/14_2.pdf Graphic fil
e (type pdf)
<use //uni-eng.ru/unit/Ivanovo/Документация ЮНИТ М300/Раз
работка/Схемы ФБ ЮНИТ-М300/Проект/РЭ500/99. Общ
ие разделы РЭ//Элементы ФС/_latex/img/14_2.pdf>
Package luatex.def Info: //uni-eng.ru/unit/Ivanovo/Документация Ю
НИТ М300/Разработка/Схемы ФБ ЮНИТ-М300/Проект/
РЭ500/99. Общие разделы РЭ//Элементы ФС/_latex/img/14
_2.pdf  used on input line 105.
(luatex.def)             Requested size: 50.64983pt x 31.51224pt.

Overfull \vbox (6.8623pt too high) detected at line 105
 []

<//uni-eng.ru/unit/Ivanovo/Документация ЮНИТ М300/Разра
ботка/Схемы ФБ ЮНИТ-М300/Проект/РЭ500/99. Общие 
разделы РЭ//Элементы ФС/_latex/img/15_1_rs.pdf, id=4432, 114
.99211pt x 40.83707pt>
File: //uni-eng.ru/unit/Ivanovo/Документация ЮНИТ М300/Раз
работка/Схемы ФБ ЮНИТ-М300/Проект/РЭ500/99. Общ
ие разделы РЭ//Элементы ФС/_latex/img/15_1_rs.pdf Graphic 
file (type pdf)
<use //uni-eng.ru/unit/Ivanovo/Документация ЮНИТ М300/Раз
работка/Схемы ФБ ЮНИТ-М300/Проект/РЭ500/99. Общ
ие разделы РЭ//Элементы ФС/_latex/img/15_1_rs.pdf>
Package luatex.def Info: //uni-eng.ru/unit/Ivanovo/Документация Ю
НИТ М300/Разработка/Схемы ФБ ЮНИТ-М300/Проект/
РЭ500/99. Общие разделы РЭ//Элементы ФС/_latex/img/15
_1_rs.pdf  used on input line 108.
(luatex.def)             Requested size: 101.2951pt x 35.97284pt.
<//uni-eng.ru/unit/Ivanovo/Документация ЮНИТ М300/Разра
ботка/Схемы ФБ ЮНИТ-М300/Проект/РЭ500/99. Общие 
разделы РЭ//Элементы ФС/_latex/img/16_not.pdf, id=4433, 115.
05484pt x 40.77734pt>
File: //uni-eng.ru/unit/Ivanovo/Документация ЮНИТ М300/Раз
работка/Схемы ФБ ЮНИТ-М300/Проект/РЭ500/99. Общ
ие разделы РЭ//Элементы ФС/_latex/img/16_not.pdf Graphic f
ile (type pdf)
<use //uni-eng.ru/unit/Ivanovo/Документация ЮНИТ М300/Раз
работка/Схемы ФБ ЮНИТ-М300/Проект/РЭ500/99. Общ
ие разделы РЭ//Элементы ФС/_latex/img/16_not.pdf>
Package luatex.def Info: //uni-eng.ru/unit/Ivanovo/Документация Ю
НИТ М300/Разработка/Схемы ФБ ЮНИТ-М300/Проект/
РЭ500/99. Общие разделы РЭ//Элементы ФС/_latex/img/16
_not.pdf  used on input line 111.
(luatex.def)             Requested size: 101.29596pt x 35.90094pt.
<//uni-eng.ru/unit/Ivanovo/Документация ЮНИТ М300/Разра
ботка/Схемы ФБ ЮНИТ-М300/Проект/РЭ500/99. Общие 
разделы РЭ//Элементы ФС/_latex/img/17_1_ton.pdf, id=4434, 11
4.92938pt x 41.65562pt>
File: //uni-eng.ru/unit/Ivanovo/Документация ЮНИТ М300/Раз
работка/Схемы ФБ ЮНИТ-М300/Проект/РЭ500/99. Общ
ие разделы РЭ//Элементы ФС/_latex/img/17_1_ton.pdf Graphic
 file (type pdf)
<use //uni-eng.ru/unit/Ivanovo/Документация ЮНИТ М300/Раз
работка/Схемы ФБ ЮНИТ-М300/Проект/РЭ500/99. Общ
ие разделы РЭ//Элементы ФС/_latex/img/17_1_ton.pdf>
Package luatex.def Info: //uni-eng.ru/unit/Ivanovo/Документация Ю
НИТ М300/Разработка/Схемы ФБ ЮНИТ-М300/Проект/
РЭ500/99. Общие разделы РЭ//Элементы ФС/_latex/img/17
_1_ton.pdf  used on input line 114.
(luatex.def)             Requested size: 101.29599pt x 36.71426pt.
<//uni-eng.ru/unit/Ivanovo/Документация ЮНИТ М300/Разра
ботка/Схемы ФБ ЮНИТ-М300/Проект/РЭ500/99. Общие 
разделы РЭ//Элементы ФС/_latex/img/17_2_ton.pdf, id=4435, 83
.81313pt x 36.51141pt>
File: //uni-eng.ru/unit/Ivanovo/Документация ЮНИТ М300/Раз
работка/Схемы ФБ ЮНИТ-М300/Проект/РЭ500/99. Общ
ие разделы РЭ//Элементы ФС/_latex/img/17_2_ton.pdf Graphic
 file (type pdf)
<use //uni-eng.ru/unit/Ivanovo/Документация ЮНИТ М300/Раз
работка/Схемы ФБ ЮНИТ-М300/Проект/РЭ500/99. Общ
ие разделы РЭ//Элементы ФС/_latex/img/17_2_ton.pdf>
Package luatex.def Info: //uni-eng.ru/unit/Ivanovo/Документация Ю
НИТ М300/Разработка/Схемы ФБ ЮНИТ-М300/Проект/
РЭ500/99. Общие разделы РЭ//Элементы ФС/_latex/img/17
_2_ton.pdf  used on input line 115.
(luatex.def)             Requested size: 116.48325pt x 50.74344pt.

Overfull \vbox (26.0935pt too high) detected at line 115
 []

<//uni-eng.ru/unit/Ivanovo/Документация ЮНИТ М300/Разра
ботка/Схемы ФБ ЮНИТ-М300/Проект/РЭ500/99. Общие 
разделы РЭ//Элементы ФС/_latex/img/18.pdf, id=4436, 114.9293
8pt x 40.90282pt>
File: //uni-eng.ru/unit/Ivanovo/Документация ЮНИТ М300/Раз
работка/Схемы ФБ ЮНИТ-М300/Проект/РЭ500/99. Общ
ие разделы РЭ//Элементы ФС/_latex/img/18.pdf Graphic file 
(type pdf)
<use //uni-eng.ru/unit/Ivanovo/Документация ЮНИТ М300/Раз
работка/Схемы ФБ ЮНИТ-М300/Проект/РЭ500/99. Общ
ие разделы РЭ//Элементы ФС/_latex/img/18.pdf>
Package luatex.def Info: //uni-eng.ru/unit/Ivanovo/Документация Ю
НИТ М300/Разработка/Схемы ФБ ЮНИТ-М300/Проект/
РЭ500/99. Общие разделы РЭ//Элементы ФС/_latex/img/18
.pdf  used on input line 118.
(luatex.def)             Requested size: 101.29599pt x 36.05074pt.
<//uni-eng.ru/unit/Ivanovo/Документация ЮНИТ М300/Разра
ботка/Схемы ФБ ЮНИТ-М300/Проект/РЭ500/99. Общие 
разделы РЭ//Элементы ФС/_latex/img/19_1_tof.pdf, id=4437, 11
4.80391pt x 41.21349pt>
File: //uni-eng.ru/unit/Ivanovo/Документация ЮНИТ М300/Раз
работка/Схемы ФБ ЮНИТ-М300/Проект/РЭ500/99. Общ
ие разделы РЭ//Элементы ФС/_latex/img/19_1_tof.pdf Graphic
 file (type pdf)
<use //uni-eng.ru/unit/Ivanovo/Документация ЮНИТ М300/Раз
работка/Схемы ФБ ЮНИТ-М300/Проект/РЭ500/99. Общ
ие разделы РЭ//Элементы ФС/_latex/img/19_1_tof.pdf>
Package luatex.def Info: //uni-eng.ru/unit/Ivanovo/Документация Ю
НИТ М300/Разработка/Схемы ФБ ЮНИТ-М300/Проект/
РЭ500/99. Общие разделы РЭ//Элементы ФС/_latex/img/19
_1_tof.pdf  used on input line 121.
(luatex.def)             Requested size: 101.29576pt x 36.36417pt.
<//uni-eng.ru/unit/Ivanovo/Документация ЮНИТ М300/Разра
ботка/Схемы ФБ ЮНИТ-М300/Проект/РЭ500/99. Общие 
разделы РЭ//Элементы ФС/_latex/img/20.pdf, id=4438, 84.6914p
t x 38.57883pt>
File: //uni-eng.ru/unit/Ivanovo/Документация ЮНИТ М300/Раз
работка/Схемы ФБ ЮНИТ-М300/Проект/РЭ500/99. Общ
ие разделы РЭ//Элементы ФС/_latex/img/20.pdf Graphic file 
(type pdf)
<use //uni-eng.ru/unit/Ivanovo/Документация ЮНИТ М300/Раз
работка/Схемы ФБ ЮНИТ-М300/Проект/РЭ500/99. Общ
ие разделы РЭ//Элементы ФС/_latex/img/20.pdf>
Package luatex.def Info: //uni-eng.ru/unit/Ivanovo/Документация Ю
НИТ М300/Разработка/Схемы ФБ ЮНИТ-М300/Проект/
РЭ500/99. Общие разделы РЭ//Элементы ФС/_latex/img/20
.pdf  used on input line 122.
(luatex.def)             Requested size: 116.48784pt x 53.0628pt.

Overfull \vbox (28.41287pt too high) detected at line 122
 []

<//uni-eng.ru/unit/Ivanovo/Документация ЮНИТ М300/Разра
ботка/Схемы ФБ ЮНИТ-М300/Проект/РЭ500/99. Общие 
разделы РЭ//Элементы ФС/_latex/img/19_2_tof.pdf, id=4439, 11
5.05484pt x 41.65562pt>
File: //uni-eng.ru/unit/Ivanovo/Документация ЮНИТ М300/Раз
работка/Схемы ФБ ЮНИТ-М300/Проект/РЭ500/99. Общ
ие разделы РЭ//Элементы ФС/_latex/img/19_2_tof.pdf Graphic
 file (type pdf)
<use //uni-eng.ru/unit/Ivanovo/Документация ЮНИТ М300/Раз
работка/Схемы ФБ ЮНИТ-М300/Проект/РЭ500/99. Общ
ие разделы РЭ//Элементы ФС/_latex/img/19_2_tof.pdf>
Package luatex.def Info: //uni-eng.ru/unit/Ivanovo/Документация Ю
НИТ М300/Разработка/Схемы ФБ ЮНИТ-М300/Проект/
РЭ500/99. Общие разделы РЭ//Элементы ФС/_latex/img/19
_2_tof.pdf  used on input line 125.
(luatex.def)             Requested size: 101.29596pt x 36.67421pt.
<//uni-eng.ru/unit/Ivanovo/Документация ЮНИТ М300/Разра
ботка/Схемы ФБ ЮНИТ-М300/Проект/РЭ500/99. Общие 
разделы РЭ//Элементы ФС/_latex/img/21_1_pls.pdf, id=4440, 11
4.80391pt x 41.02525pt>
File: //uni-eng.ru/unit/Ivanovo/Документация ЮНИТ М300/Раз
работка/Схемы ФБ ЮНИТ-М300/Проект/РЭ500/99. Общ
ие разделы РЭ//Элементы ФС/_latex/img/21_1_pls.pdf Graphic
 file (type pdf)
<use //uni-eng.ru/unit/Ivanovo/Документация ЮНИТ М300/Раз
работка/Схемы ФБ ЮНИТ-М300/Проект/РЭ500/99. Общ
ие разделы РЭ//Элементы ФС/_latex/img/21_1_pls.pdf>
Package luatex.def Info: //uni-eng.ru/unit/Ivanovo/Документация Ю
НИТ М300/Разработка/Схемы ФБ ЮНИТ-М300/Проект/
РЭ500/99. Общие разделы РЭ//Элементы ФС/_latex/img/21
_1_pls.pdf  used on input line 128.
(luatex.def)             Requested size: 101.29576pt x 36.19809pt.
<//uni-eng.ru/unit/Ivanovo/Документация ЮНИТ М300/Разра
ботка/Схемы ФБ ЮНИТ-М300/Проект/РЭ500/99. Общие 
разделы РЭ//Элементы ФС/_latex/img/21_2_pls.pdf, id=4441, 84
.06406pt x 36.63687pt>
File: //uni-eng.ru/unit/Ivanovo/Документация ЮНИТ М300/Раз
работка/Схемы ФБ ЮНИТ-М300/Проект/РЭ500/99. Общ
ие разделы РЭ//Элементы ФС/_latex/img/21_2_pls.pdf Graphic
 file (type pdf)
<use //uni-eng.ru/unit/Ivanovo/Документация ЮНИТ М300/Раз
работка/Схемы ФБ ЮНИТ-М300/Проект/РЭ500/99. Общ
ие разделы РЭ//Элементы ФС/_latex/img/21_2_pls.pdf>
Package luatex.def Info: //uni-eng.ru/unit/Ivanovo/Документация Ю
НИТ М300/Разработка/Схемы ФБ ЮНИТ-М300/Проект/
РЭ500/99. Общие разделы РЭ//Элементы ФС/_latex/img/21
_2_pls.pdf  used on input line 129.
(luatex.def)             Requested size: 116.48439pt x 50.76631pt.

Overfull \vbox (26.11638pt too high) detected at line 129
 []

<//uni-eng.ru/unit/Ivanovo/Документация ЮНИТ М300/Разра
ботка/Схемы ФБ ЮНИТ-М300/Проект/РЭ500/99. Общие 
разделы РЭ//Элементы ФС/_latex/img/22.pdf, id=4442, 115.0548
4pt x 41.02827pt>
File: //uni-eng.ru/unit/Ivanovo/Документация ЮНИТ М300/Раз
работка/Схемы ФБ ЮНИТ-М300/Проект/РЭ500/99. Общ
ие разделы РЭ//Элементы ФС/_latex/img/22.pdf Graphic file 
(type pdf)
<use //uni-eng.ru/unit/Ivanovo/Документация ЮНИТ М300/Раз
работка/Схемы ФБ ЮНИТ-М300/Проект/РЭ500/99. Общ
ие разделы РЭ//Элементы ФС/_latex/img/22.pdf>
Package luatex.def Info: //uni-eng.ru/unit/Ivanovo/Документация Ю
НИТ М300/Разработка/Схемы ФБ ЮНИТ-М300/Проект/
РЭ500/99. Общие разделы РЭ//Элементы ФС/_latex/img/22
.pdf  used on input line 132.
(luatex.def)             Requested size: 101.29596pt x 36.12189pt.
<//uni-eng.ru/unit/Ivanovo/Документация ЮНИТ М300/Разра
ботка/Схемы ФБ ЮНИТ-М300/Проект/РЭ500/99. Общие 
разделы РЭ//Элементы ФС/_latex/img/23_1.pdf, id=4443, 114.99
211pt x 49.11737pt>
File: //uni-eng.ru/unit/Ivanovo/Документация ЮНИТ М300/Раз
работка/Схемы ФБ ЮНИТ-М300/Проект/РЭ500/99. Общ
ие разделы РЭ//Элементы ФС/_latex/img/23_1.pdf Graphic fil
e (type pdf)
<use //uni-eng.ru/unit/Ivanovo/Документация ЮНИТ М300/Раз
работка/Схемы ФБ ЮНИТ-М300/Проект/РЭ500/99. Общ
ие разделы РЭ//Элементы ФС/_latex/img/23_1.pdf>
Package luatex.def Info: //uni-eng.ru/unit/Ivanovo/Документация Ю
НИТ М300/Разработка/Схемы ФБ ЮНИТ-М300/Проект/
РЭ500/99. Общие разделы РЭ//Элементы ФС/_latex/img/23
_1.pdf  used on input line 135.
(luatex.def)             Requested size: 101.2951pt x 43.26686pt.
<//uni-eng.ru/unit/Ivanovo/Документация ЮНИТ М300/Разра
ботка/Схемы ФБ ЮНИТ-М300/Проект/РЭ500/99. Общие 
разделы РЭ//Элементы ФС/_latex/img/23_2.pdf, id=4444, 84.503
2pt x 47.80003pt>
File: //uni-eng.ru/unit/Ivanovo/Документация ЮНИТ М300/Раз
работка/Схемы ФБ ЮНИТ-М300/Проект/РЭ500/99. Общ
ие разделы РЭ//Элементы ФС/_latex/img/23_2.pdf Graphic fil
e (type pdf)
<use //uni-eng.ru/unit/Ivanovo/Документация ЮНИТ М300/Раз
работка/Схемы ФБ ЮНИТ-М300/Проект/РЭ500/99. Общ
ие разделы РЭ//Элементы ФС/_latex/img/23_2.pdf>
Package luatex.def Info: //uni-eng.ru/unit/Ivanovo/Документация Ю
НИТ М300/Разработка/Схемы ФБ ЮНИТ-М300/Проект/
РЭ500/99. Общие разделы РЭ//Элементы ФС/_latex/img/23
_2.pdf  used on input line 136.
(luatex.def)             Requested size: 101.2937pt x 57.29773pt.
<//uni-eng.ru/unit/Ivanovo/Документация ЮНИТ М300/Разра
ботка/Схемы ФБ ЮНИТ-М300/Проект/РЭ500/99. Общие 
разделы РЭ//Элементы ФС/_latex/img/24_1.pdf, id=4445, 114.61
57pt x 41.21342pt>
File: //uni-eng.ru/unit/Ivanovo/Документация ЮНИТ М300/Раз
работка/Схемы ФБ ЮНИТ-М300/Проект/РЭ500/99. Общ
ие разделы РЭ//Элементы ФС/_latex/img/24_1.pdf Graphic fil
e (type pdf)
<use //uni-eng.ru/unit/Ivanovo/Документация ЮНИТ М300/Раз
работка/Схемы ФБ ЮНИТ-М300/Проект/РЭ500/99. Общ
ие разделы РЭ//Элементы ФС/_latex/img/24_1.pdf>
Package luatex.def Info: //uni-eng.ru/unit/Ivanovo/Документация Ю
НИТ М300/Разработка/Схемы ФБ ЮНИТ-М300/Проект/
РЭ500/99. Общие разделы РЭ//Элементы ФС/_latex/img/24
_1.pdf  used on input line 139.
(luatex.def)             Requested size: 101.2941pt x 36.42323pt.
<//uni-eng.ru/unit/Ivanovo/Документация ЮНИТ М300/Разра
ботка/Схемы ФБ ЮНИТ-М300/Проект/РЭ500/99. Общие 
разделы РЭ//Элементы ФС/_latex/img/24_2.pdf, id=4446, 83.562
2pt x 36.38594pt>
File: //uni-eng.ru/unit/Ivanovo/Документация ЮНИТ М300/Раз
работка/Схемы ФБ ЮНИТ-М300/Проект/РЭ500/99. Общ
ие разделы РЭ//Элементы ФС/_latex/img/24_2.pdf Graphic fil
e (type pdf)
<use //uni-eng.ru/unit/Ivanovo/Документация ЮНИТ М300/Раз
работка/Схемы ФБ ЮНИТ-М300/Проект/РЭ500/99. Общ
ие разделы РЭ//Элементы ФС/_latex/img/24_2.pdf>
Package luatex.def Info: //uni-eng.ru/unit/Ivanovo/Документация Ю
НИТ М300/Разработка/Схемы ФБ ЮНИТ-М300/Проект/
РЭ500/99. Общие разделы РЭ//Элементы ФС/_latex/img/24
_2.pdf  used on input line 140.
(luatex.def)             Requested size: 101.29799pt x 44.1087pt.
<//uni-eng.ru/unit/Ivanovo/Документация ЮНИТ М300/Разра
ботка/Схемы ФБ ЮНИТ-М300/Проект/РЭ500/99. Общие 
разделы РЭ//Элементы ФС/_latex/img/25.pdf, id=4447, 114.4275
pt x 51.9402pt>
File: //uni-eng.ru/unit/Ivanovo/Документация ЮНИТ М300/Раз
работка/Схемы ФБ ЮНИТ-М300/Проект/РЭ500/99. Общ
ие разделы РЭ//Элементы ФС/_latex/img/25.pdf Graphic file 
(type pdf)
<use //uni-eng.ru/unit/Ivanovo/Документация ЮНИТ М300/Раз
работка/Схемы ФБ ЮНИТ-М300/Проект/РЭ500/99. Общ
ие разделы РЭ//Элементы ФС/_latex/img/25.pdf>
Package luatex.def Info: //uni-eng.ru/unit/Ivanovo/Документация Ю
НИТ М300/Разработка/Схемы ФБ ЮНИТ-М300/Проект/
РЭ500/99. Общие разделы РЭ//Элементы ФС/_latex/img/25
.pdf  used on input line 143.
(luatex.def)             Requested size: 101.29364pt x 45.97855pt.
<//uni-eng.ru/unit/Ivanovo/Документация ЮНИТ М300/Разра
ботка/Схемы ФБ ЮНИТ-М300/Проект/РЭ500/99. Общие 
разделы РЭ//Элементы ФС/_latex/img/26.pdf, id=4448, 114.6157
pt x 51.56381pt>
File: //uni-eng.ru/unit/Ivanovo/Документация ЮНИТ М300/Раз
работка/Схемы ФБ ЮНИТ-М300/Проект/РЭ500/99. Общ
ие разделы РЭ//Элементы ФС/_latex/img/26.pdf Graphic file 
(type pdf)
<use //uni-eng.ru/unit/Ivanovo/Документация ЮНИТ М300/Раз
работка/Схемы ФБ ЮНИТ-М300/Проект/РЭ500/99. Общ
ие разделы РЭ//Элементы ФС/_latex/img/26.pdf>
Package luatex.def Info: //uni-eng.ru/unit/Ivanovo/Документация Ю
НИТ М300/Разработка/Схемы ФБ ЮНИТ-М300/Проект/
РЭ500/99. Общие разделы РЭ//Элементы ФС/_latex/img/26
.pdf  used on input line 146.
(luatex.def)             Requested size: 101.2941pt x 45.5706pt.
<//uni-eng.ru/unit/Ivanovo/Документация ЮНИТ М300/Разра
ботка/Схемы ФБ ЮНИТ-М300/Проект/РЭ500/99. Общие 
разделы РЭ//Элементы ФС/_latex/img/27.pdf, id=4449, 113.6746
8pt x 42.65938pt>
File: //uni-eng.ru/unit/Ivanovo/Документация ЮНИТ М300/Раз
работка/Схемы ФБ ЮНИТ-М300/Проект/РЭ500/99. Общ
ие разделы РЭ//Элементы ФС/_latex/img/27.pdf Graphic file 
(type pdf)
<use //uni-eng.ru/unit/Ivanovo/Документация ЮНИТ М300/Раз
работка/Схемы ФБ ЮНИТ-М300/Проект/РЭ500/99. Общ
ие разделы РЭ//Элементы ФС/_latex/img/27.pdf>
Package luatex.def Info: //uni-eng.ru/unit/Ivanovo/Документация Ю
НИТ М300/Разработка/Схемы ФБ ЮНИТ-М300/Проект/
РЭ500/99. Общие разделы РЭ//Элементы ФС/_latex/img/27
.pdf  used on input line 149.
(luatex.def)             Requested size: 101.29155pt x 38.01227pt.

Overfull \hbox (0.61133pt too wide) in alignment at lines 59--152
 [][][] 
 []

ignored error Infinite glue shrinkage found in box being split [132




<//uni-eng.ru/unit/Ivanovo/Документация ЮНИТ М300/Разра
ботка/Схемы ФБ ЮНИТ-М300/Проект/РЭ500/99. Общие 
разделы РЭ//Элементы ФС/_latex/img/1_analog_canal.pdf><//uni-
eng.ru/unit/Ivanovo/Документация ЮНИТ М300/Разработк
а/Схемы ФБ ЮНИТ-М300/Проект/РЭ500/99. Общие разд
елы РЭ//Элементы ФС/_latex/img/2_po.pdf><//uni-eng.ru/unit/Ivanov
o/Документация ЮНИТ М300/Разработка/Схемы ФБ 
ЮНИТ-М300/Проект/РЭ500/99. Общие разделы РЭ//Эле
менты ФС/_latex/img/3_out_sig.pdf><//uni-eng.ru/unit/Ivanovo/Докум
ентация ЮНИТ М300/Разработка/Схемы ФБ ЮНИТ-М30
0/Проект/РЭ500/99. Общие разделы РЭ//Элементы Ф
С/_latex/img/4_inner.pdf><//uni-eng.ru/unit/Ivanovo/Документация 
ЮНИТ М300/Разработка/Схемы ФБ ЮНИТ-М300/Проек
т/РЭ500/99. Общие разделы РЭ//Элементы ФС/_latex/img/
5_out_inner.pdf><//uni-eng.ru/unit/Ivanovo/Документация ЮНИТ 
М300/Разработка/Схемы ФБ ЮНИТ-М300/Проект/РЭ500/9
9. Общие разделы РЭ//Элементы ФС/_latex/img/6_virt_key.p
df><//uni-eng.ru/unit/Ivanovo/Документация ЮНИТ М300/Разр
аботка/Схемы ФБ ЮНИТ-М300/Проект/РЭ500/99. Общи
е разделы РЭ//Элементы ФС/_latex/img/7_virt_but.pdf><//uni-e
ng.ru/unit/Ivanovo/Документация ЮНИТ М300/Разработк
а/Схемы ФБ ЮНИТ-М300/Проект/РЭ500/99. Общие разд
елы РЭ//Элементы ФС/_latex/img/8_switch.pdf><//uni-eng.ru/unit/Iv
anovo/Документация ЮНИТ М300/Разработка/Схемы 
ФБ ЮНИТ-М300/Проект/РЭ500/99. Общие разделы РЭ//
Элементы ФС/_latex/img/9_1_and.pdf><//uni-eng.ru/unit/Ivanovo/Док
ументация ЮНИТ М300/Разработка/Схемы ФБ ЮНИ
Т-М300/Проект/РЭ500/99. Общие разделы РЭ//Элемен
ты ФС/_latex/img/9_2_and.pdf><//uni-eng.ru/unit/Ivanovo/Документа
ция ЮНИТ М300/Разработка/Схемы ФБ ЮНИТ-М300/Пр
оект/РЭ500/99. Общие разделы РЭ//Элементы ФС/_late
x/img/10_1_or.pdf><//uni-eng.ru/unit/Ivanovo/Документация ЮНИТ 
М300/Разработка/Схемы ФБ ЮНИТ-М300/Проект/РЭ500/9
9. Общие разделы РЭ//Элементы ФС/_latex/img/10_2_or.pdf>
<//uni-eng.ru/unit/Ivanovo/Документация ЮНИТ М300/Разра
ботка/Схемы ФБ ЮНИТ-М300/Проект/РЭ500/99. Общие 
разделы РЭ//Элементы ФС/_latex/img/11_1_xor.pdf><//uni-eng.ru
/unit/Ivanovo/Документация ЮНИТ М300/Разработка/С
хемы ФБ ЮНИТ-М300/Проект/РЭ500/99. Общие раздел
ы РЭ//Элементы ФС/_latex/img/11_2_xor.pdf><//uni-eng.ru/unit/Ivanov
o/Документация ЮНИТ М300/Разработка/Схемы ФБ 
ЮНИТ-М300/Проект/РЭ500/99. Общие разделы РЭ//Эле
менты ФС/_latex/img/12_1_sr_mem.pdf><//uni-eng.ru/unit/Ivanovo/Доку
ментация ЮНИТ М300/Разработка/Схемы ФБ ЮНИТ-
М300/Проект/РЭ500/99. Общие разделы РЭ//Элемент
ы ФС/_latex/img/12_2.pdf><//uni-eng.ru/unit/Ivanovo/Документаци
я ЮНИТ М300/Разработка/Схемы ФБ ЮНИТ-М300/Прое
кт/РЭ500/99. Общие разделы РЭ//Элементы ФС/_latex/im
g/13_1_sr.pdf><//uni-eng.ru/unit/Ivanovo/Документация ЮНИТ М300
/Разработка/Схемы ФБ ЮНИТ-М300/Проект/РЭ500/99. 
Общие разделы РЭ//Элементы ФС/_latex/img/14_1_rs_mem.pdf
><//uni-eng.ru/unit/Ivanovo/Документация ЮНИТ М300/Разра
ботка/Схемы ФБ ЮНИТ-М300/Проект/РЭ500/99. Общие 
разделы РЭ//Элементы ФС/_latex/img/14_2.pdf><//uni-eng.ru/uni
t/Ivanovo/Документация ЮНИТ М300/Разработка/Схе
мы ФБ ЮНИТ-М300/Проект/РЭ500/99. Общие разделы Р
Э//Элементы ФС/_latex/img/15_1_rs.pdf>] [133<//uni-eng.ru/unit/Ivanov
o/Документация ЮНИТ М300/Разработка/Схемы ФБ 
ЮНИТ-М300/Проект/РЭ500/99. Общие разделы РЭ//Эле
менты ФС/_latex/img/16_not.pdf><//uni-eng.ru/unit/Ivanovo/Докуме
нтация ЮНИТ М300/Разработка/Схемы ФБ ЮНИТ-М300/
Проект/РЭ500/99. Общие разделы РЭ//Элементы ФС/_
latex/img/17_1_ton.pdf><//uni-eng.ru/unit/Ivanovo/Документация Ю
НИТ М300/Разработка/Схемы ФБ ЮНИТ-М300/Проект/
РЭ500/99. Общие разделы РЭ//Элементы ФС/_latex/img/17_
2_ton.pdf><//uni-eng.ru/unit/Ivanovo/Документация ЮНИТ М300/
Разработка/Схемы ФБ ЮНИТ-М300/Проект/РЭ500/99. 
Общие разделы РЭ//Элементы ФС/_latex/img/18.pdf><//uni-e
ng.ru/unit/Ivanovo/Документация ЮНИТ М300/Разработк
а/Схемы ФБ ЮНИТ-М300/Проект/РЭ500/99. Общие разд
елы РЭ//Элементы ФС/_latex/img/19_1_tof.pdf><//uni-eng.ru/unit/Iv
anovo/Документация ЮНИТ М300/Разработка/Схемы 
ФБ ЮНИТ-М300/Проект/РЭ500/99. Общие разделы РЭ//
Элементы ФС/_latex/img/20.pdf><//uni-eng.ru/unit/Ivanovo/Докум
ентация ЮНИТ М300/Разработка/Схемы ФБ ЮНИТ-М30
0/Проект/РЭ500/99. Общие разделы РЭ//Элементы Ф
С/_latex/img/19_2_tof.pdf><//uni-eng.ru/unit/Ivanovo/Документация 
ЮНИТ М300/Разработка/Схемы ФБ ЮНИТ-М300/Проек
т/РЭ500/99. Общие разделы РЭ//Элементы ФС/_latex/img/
21_1_pls.pdf><//uni-eng.ru/unit/Ivanovo/Документация ЮНИТ М300/
Разработка/Схемы ФБ ЮНИТ-М300/Проект/РЭ500/99. 
Общие разделы РЭ//Элементы ФС/_latex/img/21_2_pls.pdf></
/uni-eng.ru/unit/Ivanovo/Документация ЮНИТ М300/Разраб
отка/Схемы ФБ ЮНИТ-М300/Проект/РЭ500/99. Общие р
азделы РЭ//Элементы ФС/_latex/img/22.pdf><//uni-eng.ru/unit/Iv
anovo/Документация ЮНИТ М300/Разработка/Схемы 
ФБ ЮНИТ-М300/Проект/РЭ500/99. Общие разделы РЭ//
Элементы ФС/_latex/img/23_1.pdf><//uni-eng.ru/unit/Ivanovo/Доку
ментация ЮНИТ М300/Разработка/Схемы ФБ ЮНИТ-
М300/Проект/РЭ500/99. Общие разделы РЭ//Элемент
ы ФС/_latex/img/23_2.pdf><//uni-eng.ru/unit/Ivanovo/Документаци
я ЮНИТ М300/Разработка/Схемы ФБ ЮНИТ-М300/Прое
кт/РЭ500/99. Общие разделы РЭ//Элементы ФС/_latex/im
g/24_1.pdf><//uni-eng.ru/unit/Ivanovo/Документация ЮНИТ М300/
Разработка/Схемы ФБ ЮНИТ-М300/Проект/РЭ500/99. 
Общие разделы РЭ//Элементы ФС/_latex/img/24_2.pdf><//uni
-eng.ru/unit/Ivanovo/Документация ЮНИТ М300/Разработ
ка/Схемы ФБ ЮНИТ-М300/Проект/РЭ500/99. Общие раз
делы РЭ//Элементы ФС/_latex/img/25.pdf><//uni-eng.ru/unit/Ivanov
o/Документация ЮНИТ М300/Разработка/Схемы ФБ 
ЮНИТ-М300/Проект/РЭ500/99. Общие разделы РЭ//Эле
менты ФС/_latex/img/26.pdf><//uni-eng.ru/unit/Ivanovo/Документ
ация ЮНИТ М300/Разработка/Схемы ФБ ЮНИТ-М300/П
роект/РЭ500/99. Общие разделы РЭ//Элементы ФС/_la
tex/img/27.pdf>]) (./endapp.tex)
("//uni-eng.ru/unit/Ivanovo/Документация ЮНИТ М300/Разра
ботка/Схемы ФБ ЮНИТ-М300/Проект/РЭ500/99. Общие 
разделы РЭ//Лист рег изм/_latex/izm.tex"
\rowgap=\skip125

Overfull \hbox (1.78079pt too wide) in paragraph at lines 16--16
 []|\TU/ArialNarrow(1)/m/n/10.95 Изм.| 
 []


Overfull \hbox (1.0348pt too wide) in paragraph at lines 12--47
 [] 
 []

[134

])

Package caption Warning: Unused \captionsetup[subfigure] on input line 298.
See the caption package documentation for explanation.

(./general.aux)
 ***********
LaTeX2e <2025-11-01>
L3 programming layer <2025-11-14>
 ***********


LaTeX Warning: There were undefined references.


LaTeX Warning: There were multiply-defined labels.

Package rerunfilecheck Info: File `general.out' has not changed.
(rerunfilecheck)             Checksum: 87B5D9CB1E62BD5B65DF3FDC8E42FBED;4644.
)

Here is how much of LuaTeX's memory you used:
 43339 strings out of 476081
 477237,1648299 words of node,token memory allocated
 874 words of node memory still in use:
   6 hlist, 3 vlist, 4 rule, 3 glue, 4 kern, 1 glyph, 37 attribute, 104 glue_spe
c, 20 attribute_list, 3 write nodes
   avail lists: 1:13,2:19750,3:3820,4:625,5:483,6:1607,7:33790,8:62,9:16339,10:2
1,11:1537
 63306 multiletter control sequences out of 65536+600000
 99 fonts using 39521279 bytes
 113i,19n,107p,2099b,1037s stack positions out of 10000i,1000n,20000p,200000b,200000s
<c:/texlive/2025/texmf-dist/fonts/opentype/public/stix2-otf/STIXTwoMath-Regular.
otf><c:/Windows/Fonts/ARIALNI.TTF><c:/texlive/2025/texmf-dist/fonts/opentype/pub
lic/stix2-otf/STIXTwoMath-Regular.otf><c:/texlive/2025/texmf-dist/fonts/opentype
/public/stix2-otf/STIXTwoMath-Regular.otf><c:/Windows/Fonts/ARIALNB.TTF><c:/Wind
ows/Fonts/ARIALN.TTF>
Output written on general.pdf (134 pages, 10747268 bytes).

PDF statistics: 4795 PDF objects out of 5155 (max. 8388607)
 3469 compressed objects within 35 object streams
 749 named destinations out of 1000 (max. 131072)
 128 words of extra memory for PDF output out of 10000 (max. 100000000)

